mode,var,ctu,year,value_old,value_new,diff
PLDV,TotSales,Afton,2015,61.04565804,667.88427,-606.838612
PLDV,TotSales,Afton,2018,68.21300374,691.91372,-623.7007163
PLDV,TotSales,Afton,2020,72.9912342,707.93335,-634.9421158
PLDV,TotSales,Afton,2025,99.6194131,716.42331,-616.8038969
PLDV,TotSales,Afton,2030,115.5630406,731.76485,-616.2018094
PLDV,TotSales,Afton,2035,125.6179583,737.45191,-611.8339517
PLDV,TotSales,Afton,2040,107.3083708,743.96881,-636.6604392
PLDV,TotSales,Afton,2045,116.5609134,759.18572,-642.6248066
PLDV,TotSales,Afton,2050,125.8134559,774.40262,-648.5891641
PLDV,SISales,Afton,2015,58.38230243,657.3064,-598.9240976
PLDV,SISales,Afton,2018,65.15164284,678.44069,-613.2890472
PLDV,SISales,Afton,2020,69.66453645,692.53022,-622.8656836
PLDV,SISales,Afton,2025,92.02175712,665.4025,-573.3807429
PLDV,SISales,Afton,2030,96.37460985,658.08873,-561.7141202
PLDV,SISales,Afton,2035,84.90943059,643.42341,-558.5139794
PLDV,SISales,Afton,2040,44.02892913,596.0298,-552.0008709
PLDV,SISales,Afton,2045,41.15825448,583.77448,-542.6162255
PLDV,SISales,Afton,2050,38.28757982,571.51916,-533.2315802
PLDV,CISales,Afton,2015,1.08224689,9.51499,-8.43274311
PLDV,CISales,Afton,2018,1.13989689,9.61575,-8.47585311
PLDV,CISales,Afton,2020,1.17833022,9.68292,-8.50458978
PLDV,CISales,Afton,2025,1.44070201,9.26144,-7.82073799
PLDV,CISales,Afton,2030,1.72715419,9.87846,-8.15130581
PLDV,CISales,Afton,2035,1.90094566,10.63683,-8.73588434
PLDV,CISales,Afton,2040,1.5135856,11.10801,-9.5944244
PLDV,CISales,Afton,2045,1.59985334,11.42662,-9.82676666
PLDV,CISales,Afton,2050,1.68612109,11.74522,-10.05909891
PLDV,HEVSales,Afton,2015,1.43751889,0.96876,0.46875889
PLDV,HEVSales,Afton,2018,1.54501666,2.3668,-0.82178334
PLDV,HEVSales,Afton,2020,1.61668184,3.29884,-1.68215816
PLDV,HEVSales,Afton,2025,3.53735136,7.90012,-4.36276864
PLDV,HEVSales,Afton,2030,7.43734772,17.88633,-10.44898228
PLDV,HEVSales,Afton,2035,9.62948114,31.88102,-22.25153886
PLDV,HEVSales,Afton,2040,9.02133801,46.03247,-37.01113199
PLDV,HEVSales,Afton,2045,10.53810183,55.04521,-44.50710817
PLDV,HEVSales,Afton,2050,12.05486565,64.05796,-52.00309435
PLDV,PHEVSales,Afton,2015,0.09491628,0.05432,0.04059628
PLDV,PHEVSales,Afton,2018,0.33868217,0.67674,-0.33805783
PLDV,PHEVSales,Afton,2020,0.50119277,1.09168,-0.59048723
PLDV,PHEVSales,Afton,2025,1.72989687,13.15477,-11.42487313
PLDV,PHEVSales,Afton,2030,4.74828301,21.85903,-17.11074699
PLDV,PHEVSales,Afton,2035,9.90841114,25.81691,-15.90849886
PLDV,PHEVSales,Afton,2040,19.95637228,33.79838,-13.84200772
PLDV,PHEVSales,Afton,2045,23.92866348,40.5472,-16.61853652
PLDV,PHEVSales,Afton,2050,27.90095468,47.29601,-19.39505532
PLDV,BEVSales,Afton,2015,0.04867354,0.03981,0.00886354
PLDV,BEVSales,Afton,2018,0.03776517,0.81374,-0.77597483
PLDV,BEVSales,Afton,2020,0.03049291,1.3297,-1.29920709
PLDV,BEVSales,Afton,2025,0.88970576,20.70447,-19.81476424
PLDV,BEVSales,Afton,2030,5.27564578,24.0523,-18.77665422
PLDV,BEVSales,Afton,2035,19.2696898,25.69373,-6.4240402
PLDV,BEVSales,Afton,2040,32.78814581,57.00014,-24.21199419
PLDV,BEVSales,Afton,2045,39.33604027,68.39221,-29.05616973
PLDV,BEVSales,Afton,2050,45.88393472,79.78428,-33.90034528
PLDV,TotSales,Andover,2015,738.3970478,7021.94282,-6283.545772
PLDV,TotSales,Andover,2018,821.3963104,7375.21147,-6553.81516
PLDV,TotSales,Andover,2020,876.7291521,7610.72391,-6733.994758
PLDV,TotSales,Andover,2025,1282.586132,8202.79682,-6920.210688
PLDV,TotSales,Andover,2030,1469.75666,8876.10268,-7406.34602
PLDV,TotSales,Andover,2035,1476.388218,9417.42576,-7941.037542
PLDV,TotSales,Andover,2040,1096.633951,9961.77941,-8865.145459
PLDV,TotSales,Andover,2045,1168.281332,10549.74672,-9381.465388
PLDV,TotSales,Andover,2050,1239.928713,11137.71404,-9897.785327
PLDV,SISales,Andover,2015,702.9142545,6908.47581,-6205.561556
PLDV,SISales,Andover,2018,782.9367691,7229.84961,-6446.912841
PLDV,SISales,Andover,2020,836.2851121,7444.09882,-6607.813708
PLDV,SISales,Andover,2025,1195.37867,7767.67045,-6572.29178
PLDV,SISales,Andover,2030,1273.316284,8181.35738,-6908.041096
PLDV,SISales,Andover,2035,1139.091864,8455.38773,-7316.295866
PLDV,SISales,Andover,2040,621.2110349,8514.43119,-7893.220155
PLDV,SISales,Andover,2045,604.870391,8835.62226,-8230.751869
PLDV,SISales,Andover,2050,588.5297471,9156.81334,-8568.283593
PLDV,CISales,Andover,2015,14.71073238,101.11249,-86.40175762
PLDV,CISales,Andover,2018,14.78462093,106.20845,-91.42382907
PLDV,CISales,Andover,2020,14.83387997,109.60575,-94.77187003
PLDV,CISales,Andover,2025,18.91483115,118.68536,-99.77052885
PLDV,CISales,Andover,2030,23.40897923,133.2627,-109.8537208
PLDV,CISales,Andover,2035,26.48307342,148.67657,-122.1934966
PLDV,CISales,Andover,2040,22.03399659,166.35552,-144.3215234
PLDV,CISales,Andover,2045,23.49864943,179.40413,-155.9054806
PLDV,CISales,Andover,2050,24.96330227,192.45274,-167.4894377
PLDV,HEVSales,Andover,2015,20.30383747,11.74714,8.55669747
PLDV,HEVSales,Andover,2018,21.12840273,30.2436,-9.11519727
PLDV,HEVSales,Andover,2020,21.67811291,42.57457,-20.89645709
PLDV,HEVSales,Andover,2025,49.73180791,111.83405,-62.10224209
PLDV,HEVSales,Andover,2030,107.2881894,259.54311,-152.2549206
PLDV,HEVSales,Andover,2035,135.2222855,468.41849,-333.1962045
PLDV,HEVSales,Andover,2040,129.9236582,707.11655,-577.1928918
PLDV,HEVSales,Andover,2045,151.8476224,846.19043,-694.3428076
PLDV,HEVSales,Andover,2050,173.7715865,985.26431,-811.4927235
PLDV,PHEVSales,Andover,2015,0.38208433,0.43387,-0.05178567
PLDV,PHEVSales,Andover,2018,2.42980653,5.22763,-2.79782347
PLDV,PHEVSales,Andover,2020,3.79495467,8.42346,-4.62850533
PLDV,PHEVSales,Andover,2025,14.1738552,109.15463,-94.9807748
PLDV,PHEVSales,Andover,2030,38.2353442,183.21961,-144.9842658
PLDV,PHEVSales,Andover,2035,75.81609555,211.15656,-135.3404645
PLDV,PHEVSales,Andover,2040,152.3874161,271.46909,-119.0816739
PLDV,PHEVSales,Andover,2045,182.7884825,325.67613,-142.8876475
PLDV,PHEVSales,Andover,2050,213.1895488,379.88317,-166.6936212
PLDV,BEVSales,Andover,2015,0.08613912,0.1735,-0.08736088
PLDV,BEVSales,Andover,2018,0.11671112,3.68219,-3.56547888
PLDV,BEVSales,Andover,2020,0.13709245,6.02131,-5.88421755
PLDV,BEVSales,Andover,2025,4.38696788,95.45233,-91.06536212
PLDV,BEVSales,Andover,2030,27.50786308,118.71988,-91.21201692
PLDV,BEVSales,Andover,2035,99.77489956,133.78642,-34.01152044
PLDV,BEVSales,Andover,2040,171.0778454,302.40706,-131.3292146
PLDV,BEVSales,Andover,2045,205.2761866,362.85377,-157.5775834
PLDV,BEVSales,Andover,2050,239.4745279,423.30048,-183.8259521
PLDV,TotSales,Anoka,2015,596.3499567,3822.17245,-3225.822493
PLDV,TotSales,Anoka,2018,632.5164886,3982.47755,-3349.961061
PLDV,TotSales,Anoka,2020,656.6275098,4089.34761,-3432.7201
PLDV,TotSales,Anoka,2025,802.9692852,4144.2347,-3341.265415
PLDV,TotSales,Anoka,2030,802.4761331,4262.83907,-3460.362937
PLDV,TotSales,Anoka,2035,733.7588659,4350.98,-3617.221134
PLDV,TotSales,Anoka,2040,511.7696022,4443.13571,-3931.366108
PLDV,TotSales,Anoka,2045,494.8535313,4567.32836,-4072.474829
PLDV,TotSales,Anoka,2050,477.9374604,4691.52101,-4213.58355
PLDV,SISales,Anoka,2015,572.6550116,3759.61681,-3186.961798
PLDV,SISales,Anoka,2018,607.2995882,3899.51185,-3292.212262
PLDV,SISales,Anoka,2020,630.3959726,3992.77522,-3362.379247
PLDV,SISales,Anoka,2025,753.7440993,3907.88038,-3154.136281
PLDV,SISales,Anoka,2030,707.9717185,3932.61679,-3224.645072
PLDV,SISales,Anoka,2035,582.1732574,3932.86009,-3350.686833
PLDV,SISales,Anoka,2040,305.5755862,3840.90457,-3535.328984
PLDV,SISales,Anoka,2045,252.1597012,3857.16212,-3605.002419
PLDV,SISales,Anoka,2050,198.7438161,3873.41967,-3674.675854
PLDV,CISales,Anoka,2015,10.01280589,55.10374,-45.09093411
PLDV,CISales,Anoka,2018,10.10295631,58.98881,-48.88585369
PLDV,CISales,Anoka,2020,10.16305659,61.57886,-51.41580341
PLDV,CISales,Anoka,2025,11.71823512,65.62564,-53.90740488
PLDV,CISales,Anoka,2030,12.29589609,67.39464,-55.09874391
PLDV,CISales,Anoka,2035,12.39060457,68.62137,-56.23076543
PLDV,CISales,Anoka,2040,9.95521792,71.8441,-61.88888208
PLDV,CISales,Anoka,2045,9.94370032,75.19217,-65.24846968
PLDV,CISales,Anoka,2050,9.93218273,78.54025,-68.60806727
PLDV,HEVSales,Anoka,2015,13.32028968,7.03903,6.28125968
PLDV,HEVSales,Anoka,2018,13.57114417,18.33977,-4.76862583
PLDV,HEVSales,Anoka,2020,13.7383805,25.87361,-12.1352295
PLDV,HEVSales,Anoka,2025,27.9150743,59.29383,-31.3787557
PLDV,HEVSales,Anoka,2030,52.03692026,123.31041,-71.27348974
PLDV,HEVSales,Anoka,2035,62.83282345,205.45928,-142.6264566
PLDV,HEVSales,Anoka,2040,59.31770112,297.01152,-237.6938189
PLDV,HEVSales,Anoka,2045,68.51718341,355.00602,-286.4888366
PLDV,HEVSales,Anoka,2050,77.71666569,413.00052,-335.2838543
PLDV,PHEVSales,Anoka,2015,0.2662093,0.26434,0.0018693
PLDV,PHEVSales,Anoka,2018,1.44450223,3.01198,-1.56747777
PLDV,PHEVSales,Anoka,2020,2.23003085,4.84375,-2.61371915
PLDV,PHEVSales,Anoka,2025,7.20062991,53.92909,-46.72846009
PLDV,PHEVSales,Anoka,2030,17.45690987,79.55705,-62.10014013
PLDV,PHEVSales,Anoka,2035,33.15535594,85.7767,-52.62134406
PLDV,PHEVSales,Anoka,2040,65.98719059,110.39078,-44.40358941
PLDV,PHEVSales,Anoka,2045,79.13138685,132.41607,-53.28468315
PLDV,PHEVSales,Anoka,2050,92.27558311,154.44136,-62.16577689
PLDV,BEVSales,Anoka,2015,0.09564017,0.14855,-0.05290983
PLDV,BEVSales,Anoka,2018,0.09829763,2.62513,-2.52683237
PLDV,BEVSales,Anoka,2020,0.10006926,4.27618,-4.17611074
PLDV,BEVSales,Anoka,2025,2.39124654,57.50575,-55.11450346
PLDV,BEVSales,Anoka,2030,12.7146883,59.96018,-47.2454917
PLDV,BEVSales,Anoka,2035,43.2068246,58.26256,-15.0557354
PLDV,BEVSales,Anoka,2040,70.93390629,122.98474,-52.05083371
PLDV,BEVSales,Anoka,2045,85.10155951,147.55197,-62.45041049
PLDV,BEVSales,Anoka,2050,99.26921273,172.11921,-72.84999727
PLDV,TotSales,Apple Valley,2015,2015.051289,11270.60453,-9255.553241
PLDV,TotSales,Apple Valley,2018,2122.983015,11850.00137,-9727.018355
PLDV,TotSales,Apple Valley,2020,2194.937499,12236.26594,-10041.32844
PLDV,TotSales,Apple Valley,2025,2516.143438,12437.43762,-9921.294182
PLDV,TotSales,Apple Valley,2030,2508.744963,12851.90657,-10343.16161
PLDV,TotSales,Apple Valley,2035,2409.820565,13176.73593,-10766.91537
PLDV,TotSales,Apple Valley,2040,1858.082039,13512.78916,-11654.70712
PLDV,TotSales,Apple Valley,2045,1826.68819,13961.22608,-12134.53789
PLDV,TotSales,Apple Valley,2050,1795.29434,14409.66301,-12614.36867
PLDV,SISales,Apple Valley,2015,1946.933622,11087.53455,-9140.600928
PLDV,SISales,Apple Valley,2018,2046.164271,11591.04997,-9544.885699
PLDV,SISales,Apple Valley,2020,2112.318037,11926.72692,-9814.408883
PLDV,SISales,Apple Valley,2025,2354.107022,11443.6023,-9089.495278
PLDV,SISales,Apple Valley,2030,2176.112667,11583.4578,-9407.345133
PLDV,SISales,Apple Valley,2035,1775.647821,11680.94568,-9905.297859
PLDV,SISales,Apple Valley,2040,911.0453226,11251.09487,-10340.04955
PLDV,SISales,Apple Valley,2045,703.8676627,11283.80693,-10579.93927
PLDV,SISales,Apple Valley,2050,496.6900028,11316.51899,-10819.82899
PLDV,CISales,Apple Valley,2015,28.8378397,161.08477,-132.2469303
PLDV,CISales,Apple Valley,2018,30.80900793,174.0495,-143.2404921
PLDV,CISales,Apple Valley,2020,32.12312009,182.69265,-150.5695299
PLDV,CISales,Apple Valley,2025,36.20540767,193.09288,-156.8874723
PLDV,CISales,Apple Valley,2030,36.81156498,197.37648,-160.564915
PLDV,CISales,Apple Valley,2035,36.32685049,199.47598,-163.1491295
PLDV,CISales,Apple Valley,2040,28.99082521,204.52936,-175.5385348
PLDV,CISales,Apple Valley,2045,29.02142231,213.21827,-184.1968477
PLDV,CISales,Apple Valley,2050,29.05201941,221.90719,-192.8551706
PLDV,HEVSales,Apple Valley,2015,36.11643612,19.7263,16.39013612
PLDV,HEVSales,Apple Valley,2018,38.12984332,51.68919,-13.55934668
PLDV,HEVSales,Apple Valley,2020,39.47211478,72.99778,-33.52566522
PLDV,HEVSales,Apple Valley,2025,78.7316434,158.10803,-79.3763866
PLDV,HEVSales,Apple Valley,2030,142.5749987,330.81943,-188.2444313
PLDV,HEVSales,Apple Valley,2035,180.0597162,558.6706,-378.6108838
PLDV,HEVSales,Apple Valley,2040,170.5128334,809.2462,-638.7333666
PLDV,HEVSales,Apple Valley,2045,197.3921129,967.15017,-769.7580571
PLDV,HEVSales,Apple Valley,2050,224.2713923,1125.05415,-900.7827577
PLDV,PHEVSales,Apple Valley,2015,1.83063826,1.12553,0.70510826
PLDV,PHEVSales,Apple Valley,2018,6.89225047,13.25219,-6.35993953
PLDV,PHEVSales,Apple Valley,2020,10.26665861,21.33663,-11.06997139
PLDV,PHEVSales,Apple Valley,2025,31.99881118,229.00711,-197.0082988
PLDV,PHEVSales,Apple Valley,2030,78.14941822,336.02065,-257.8712318
PLDV,PHEVSales,Apple Valley,2035,156.6435908,375.64035,-218.9967592
PLDV,PHEVSales,Apple Valley,2040,319.9493303,510.7998,-190.8504697
PLDV,PHEVSales,Apple Valley,2045,383.5730687,612.73465,-229.1615813
PLDV,PHEVSales,Apple Valley,2050,447.1968071,714.66951,-267.4727029
PLDV,BEVSales,Apple Valley,2015,1.33275251,1.13337,0.19938251
PLDV,BEVSales,Apple Valley,2018,0.98764216,19.96052,-18.97287784
PLDV,BEVSales,Apple Valley,2020,0.75756859,32.51196,-31.75439141
PLDV,BEVSales,Apple Valley,2025,15.10055436,413.6273,-398.5267456
PLDV,BEVSales,Apple Valley,2030,75.09631353,404.2322,-329.1358865
PLDV,BEVSales,Apple Valley,2035,261.1425859,362.00332,-100.8607341
PLDV,BEVSales,Apple Valley,2040,427.5837279,737.11894,-309.5352121
PLDV,BEVSales,Apple Valley,2045,512.8339229,884.31605,-371.4821271
PLDV,BEVSales,Apple Valley,2050,598.084118,1031.51317,-433.429052
PLDV,TotSales,Arden Hills,2015,223.6168981,1815.20123,-1591.584332
PLDV,TotSales,Arden Hills,2018,242.5118534,1869.8434,-1627.331547
PLDV,TotSales,Arden Hills,2020,255.1084903,1906.27151,-1651.16302
PLDV,TotSales,Arden Hills,2025,359.1818805,2141.54648,-1782.3646
PLDV,TotSales,Arden Hills,2030,416.9012721,2400.48898,-1983.587708
PLDV,TotSales,Arden Hills,2035,411.0226684,2524.54456,-2113.521892
PLDV,TotSales,Arden Hills,2040,301.6015605,2649.7525,-2348.15094
PLDV,TotSales,Arden Hills,2045,317.198493,2816.66275,-2499.464257
PLDV,TotSales,Arden Hills,2050,332.7954255,2983.573,-2650.777575
PLDV,SISales,Arden Hills,2015,216.1540291,1786.62452,-1570.470491
PLDV,SISales,Arden Hills,2018,234.0309074,1835.12507,-1601.094163
PLDV,SISales,Arden Hills,2020,245.9488262,1867.45878,-1621.509954
PLDV,SISales,Arden Hills,2025,338.8014116,2041.92256,-1703.121148
PLDV,SISales,Arden Hills,2030,372.1269818,2243.16682,-1871.039838
PLDV,SISales,Arden Hills,2035,331.0868828,2309.94602,-1978.859137
PLDV,SISales,Arden Hills,2040,184.4045948,2317.72539,-2133.320795
PLDV,SISales,Arden Hills,2045,178.0547079,2423.94556,-2245.890852
PLDV,SISales,Arden Hills,2050,171.7048211,2530.16573,-2358.460909
PLDV,CISales,Arden Hills,2015,3.26042374,25.75745,-22.49702626
PLDV,CISales,Arden Hills,2018,3.55008783,26.19243,-22.64234217
PLDV,CISales,Arden Hills,2020,3.74319722,26.48242,-22.73922278
PLDV,CISales,Arden Hills,2025,5.21150881,30.00668,-24.79517119
PLDV,CISales,Arden Hills,2030,6.28329341,34.6391,-28.35580659
PLDV,CISales,Arden Hills,2035,6.75073411,37.45727,-30.70653589
PLDV,CISales,Arden Hills,2040,5.81742709,41.06604,-35.24861291
PLDV,CISales,Arden Hills,2045,6.32882777,44.12776,-37.79893223
PLDV,CISales,Arden Hills,2050,6.84022844,47.18948,-40.34925156
PLDV,HEVSales,Arden Hills,2015,4.12708368,2.68588,1.44120368
PLDV,HEVSales,Arden Hills,2018,4.45102019,6.57838,-2.12735981
PLDV,HEVSales,Arden Hills,2020,4.66697785,9.17338,-4.50640215
PLDV,HEVSales,Arden Hills,2025,11.45028531,23.75256,-12.30227469
PLDV,HEVSales,Arden Hills,2030,24.65568433,57.83787,-33.18218567
PLDV,HEVSales,Arden Hills,2035,33.70271265,105.3002,-71.59748735
PLDV,HEVSales,Arden Hills,2040,34.56267973,163.66483,-129.1021503
PLDV,HEVSales,Arden Hills,2045,40.64979894,195.86062,-155.2108211
PLDV,HEVSales,Arden Hills,2050,46.73691814,228.05641,-181.3194919
PLDV,PHEVSales,Arden Hills,2015,0.0508558,0.07598,-0.0251242
PLDV,PHEVSales,Arden Hills,2018,0.44657227,0.92621,-0.47963773
PLDV,PHEVSales,Arden Hills,2020,0.71038325,1.49302,-0.78263675
PLDV,PHEVSales,Arden Hills,2025,2.73142836,19.73709,-17.00566164
PLDV,PHEVSales,Arden Hills,2030,7.92135571,34.25353,-26.33217429
PLDV,PHEVSales,Arden Hills,2035,17.15580804,41.37304,-24.21723196
PLDV,PHEVSales,Arden Hills,2040,37.54133376,59.93029,-22.38895624
PLDV,PHEVSales,Arden Hills,2045,45.03942936,71.90115,-26.86172064
PLDV,PHEVSales,Arden Hills,2050,52.53752495,83.87202,-31.33449505
PLDV,BEVSales,Arden Hills,2015,0.02450583,0.0574,-0.03289417
PLDV,BEVSales,Arden Hills,2018,0.03326578,1.02131,-0.98804422
PLDV,BEVSales,Arden Hills,2020,0.03910575,1.66391,-1.62480425
PLDV,BEVSales,Arden Hills,2025,0.98724648,26.12759,-25.14034352
PLDV,BEVSales,Arden Hills,2030,5.9139569,30.59165,-24.6776931
PLDV,BEVSales,Arden Hills,2035,22.32653082,30.46803,-8.14149918
PLDV,BEVSales,Arden Hills,2040,39.27552518,67.36594,-28.09041482
PLDV,BEVSales,Arden Hills,2045,47.12572905,80.82765,-33.70192095
PLDV,BEVSales,Arden Hills,2050,54.97593292,94.28936,-39.31342708
PLDV,TotSales,Bayport,2015,41.07432739,449.56965,-408.4953226
PLDV,TotSales,Bayport,2018,47.9461078,485.50148,-437.5553722
PLDV,TotSales,Bayport,2020,52.52729474,509.45602,-456.9287253
PLDV,TotSales,Bayport,2025,73.84968746,531.09766,-457.2479725
PLDV,TotSales,Bayport,2030,88.05895823,557.60431,-469.5453518
PLDV,TotSales,Bayport,2035,97.19619426,570.5993,-473.4031057
PLDV,TotSales,Bayport,2040,84.24891308,584.09762,-499.8487069
PLDV,TotSales,Bayport,2045,92.88383022,611.00321,-518.1193798
PLDV,TotSales,Bayport,2050,101.5187474,637.9088,-536.3900526
PLDV,SISales,Bayport,2015,39.29859189,442.44942,-403.1508281
PLDV,SISales,Bayport,2018,45.79940194,476.00257,-430.2031681
PLDV,SISales,Bayport,2020,50.13327531,498.37133,-448.2380547
PLDV,SISales,Bayport,2025,68.21740653,493.27501,-425.0576035
PLDV,SISales,Bayport,2030,73.4373871,501.46316,-428.0257729
PLDV,SISales,Bayport,2035,65.69819809,497.84527,-432.1470719
PLDV,SISales,Bayport,2040,34.56756817,467.94917,-433.3816018
PLDV,SISales,Bayport,2045,33.62136342,473.04912,-439.4277566
PLDV,SISales,Bayport,2050,32.67515868,478.14907,-445.4739113
PLDV,CISales,Bayport,2015,0.72848752,6.40478,-5.67629248
PLDV,CISales,Bayport,2018,0.80017801,6.74283,-5.94265199
PLDV,CISales,Bayport,2020,0.84797167,6.9682,-6.12022833
PLDV,CISales,Bayport,2025,1.06801867,6.86567,-5.79765133
PLDV,CISales,Bayport,2030,1.31609032,7.52738,-6.21128968
PLDV,CISales,Bayport,2035,1.4708461,8.23019,-6.7593439
PLDV,CISales,Bayport,2040,1.18833173,8.72102,-7.53268827
PLDV,CISales,Bayport,2045,1.28030057,9.18426,-7.90395943
PLDV,CISales,Bayport,2050,1.37226941,9.64751,-8.27524059
PLDV,HEVSales,Bayport,2015,0.96763002,0.65209,0.31554002
PLDV,HEVSales,Bayport,2018,1.0851078,1.68522,-0.6001122
PLDV,HEVSales,Bayport,2020,1.16342633,2.37397,-1.21054367
PLDV,HEVSales,Bayport,2025,2.62230306,5.85651,-3.23420694
PLDV,HEVSales,Bayport,2030,5.6672539,13.62937,-7.9621161
PLDV,HEVSales,Bayport,2035,7.4507573,24.66776,-17.2170027
PLDV,HEVSales,Bayport,2040,7.08274588,36.14057,-29.05782412
PLDV,HEVSales,Bayport,2045,8.30576905,43.23826,-34.93249095
PLDV,HEVSales,Bayport,2050,9.52879223,50.33596,-40.80716777
PLDV,PHEVSales,Bayport,2015,0.05358296,0.03657,0.01701296
PLDV,PHEVSales,Bayport,2018,0.23783972,0.48599,-0.24815028
PLDV,PHEVSales,Bayport,2020,0.36067756,0.78561,-0.42493244
PLDV,PHEVSales,Bayport,2025,1.28240409,9.75187,-8.46946591
PLDV,PHEVSales,Bayport,2030,3.61818842,16.65656,-13.03837158
PLDV,PHEVSales,Bayport,2035,7.66657783,19.97569,-12.30911217
PLDV,PHEVSales,Bayport,2040,15.66795452,26.53546,-10.86750548
PLDV,PHEVSales,Bayport,2045,18.79082883,31.83524,-13.04441117
PLDV,PHEVSales,Bayport,2050,21.91370314,37.13502,-15.22131686
PLDV,BEVSales,Bayport,2015,0.026035,0.02679,-0.000755
PLDV,BEVSales,Bayport,2018,0.02358032,0.58486,-0.56127968
PLDV,BEVSales,Bayport,2020,0.02194387,0.9569,-0.93495613
PLDV,BEVSales,Bayport,2025,0.6595551,15.3486,-14.6890449
PLDV,BEVSales,Bayport,2030,4.02003849,18.32784,-14.30780151
PLDV,BEVSales,Bayport,2035,14.90981495,19.88038,-4.97056505
PLDV,BEVSales,Bayport,2040,25.74231279,44.7514,-19.00908721
PLDV,BEVSales,Bayport,2045,30.88556835,53.69632,-22.81075165
PLDV,BEVSales,Bayport,2050,36.0288239,62.64124,-26.6124161
PLDV,TotSales,Baytown Twp.,2015,39.07688511,427.55322,-388.4763349
PLDV,TotSales,Baytown Twp.,2018,44.06977423,446.84798,-402.7782058
PLDV,TotSales,Baytown Twp.,2020,47.39836697,459.71116,-412.312793
PLDV,TotSales,Baytown Twp.,2025,65.52160822,471.20542,-405.6838118
PLDV,TotSales,Baytown Twp.,2030,76.92838284,487.12362,-410.1952372
PLDV,TotSales,Baytown Twp.,2035,84.53457182,496.26807,-411.7334982
PLDV,TotSales,Baytown Twp.,2040,72.96771959,505.88511,-432.9173904
PLDV,TotSales,Baytown Twp.,2045,79.74588649,521.55149,-441.8056035
PLDV,TotSales,Baytown Twp.,2050,86.52405338,537.21787,-450.6938166
PLDV,SISales,Baytown Twp.,2015,37.37405158,420.78168,-383.4076284
PLDV,SISales,Baytown Twp.,2018,42.09248484,438.13796,-396.0454752
PLDV,SISales,Baytown Twp.,2020,45.23810701,449.70881,-404.470703
PLDV,SISales,Baytown Twp.,2025,60.52448343,437.64805,-377.1235666
PLDV,SISales,Baytown Twp.,2030,64.15496552,438.07866,-373.9236945
PLDV,SISales,Baytown Twp.,2035,57.13977885,432.99161,-375.8518312
PLDV,SISales,Baytown Twp.,2040,29.93886246,405.28931,-375.3504475
PLDV,SISales,Baytown Twp.,2045,28.45182463,402.19083,-373.7390054
PLDV,SISales,Baytown Twp.,2050,26.96478681,399.09236,-372.1275732
PLDV,CISales,Baytown Twp.,2015,0.69281185,6.09112,-5.39830815
PLDV,CISales,Baytown Twp.,2018,0.7362286,6.20913,-5.4729014
PLDV,CISales,Baytown Twp.,2020,0.76517309,6.28781,-5.52263691
PLDV,CISales,Baytown Twp.,2025,0.94757748,6.09143,-5.14385252
PLDV,CISales,Baytown Twp.,2030,1.14973765,6.57592,-5.42618235
PLDV,CISales,Baytown Twp.,2035,1.27924088,7.15805,-5.87880912
PLDV,CISales,Baytown Twp.,2040,1.02921039,7.55324,-6.52402961
PLDV,CISales,Baytown Twp.,2045,1.09649009,7.84567,-6.74917991
PLDV,CISales,Baytown Twp.,2050,1.1637698,8.13809,-6.9743202
PLDV,HEVSales,Baytown Twp.,2015,0.920243,0.62016,0.300083
PLDV,HEVSales,Baytown Twp.,2018,0.99799267,1.53336,-0.53536733
PLDV,HEVSales,Baytown Twp.,2020,1.04982578,2.14217,-1.09234422
PLDV,HEVSales,Baytown Twp.,2025,2.32658417,5.19606,-2.86947583
PLDV,HEVSales,Baytown Twp.,2030,4.95091796,11.90663,-6.95571204
PLDV,HEVSales,Baytown Twp.,2035,6.48015679,21.45433,-14.97417321
PLDV,HEVSales,Baytown Twp.,2040,6.13434401,31.30123,-25.16688599
PLDV,HEVSales,Baytown Twp.,2045,7.17716421,37.43745,-30.26028579
PLDV,HEVSales,Baytown Twp.,2050,8.21998441,43.57366,-35.35367559
PLDV,PHEVSales,Baytown Twp.,2015,0.05948978,0.03478,0.02470978
PLDV,PHEVSales,Baytown Twp.,2018,0.21907184,0.43925,-0.22017816
PLDV,PHEVSales,Baytown Twp.,2020,0.32545989,0.7089,-0.38344011
PLDV,PHEVSales,Baytown Twp.,2025,1.13778652,8.65215,-7.51436348
PLDV,PHEVSales,Baytown Twp.,2030,3.16085257,14.55119,-11.39033743
PLDV,PHEVSales,Baytown Twp.,2035,6.66786266,17.37348,-10.70561734
PLDV,PHEVSales,Baytown Twp.,2040,13.5699663,22.98228,-9.4123137
PLDV,PHEVSales,Baytown Twp.,2045,16.27206161,27.57178,-11.29971839
PLDV,PHEVSales,Baytown Twp.,2050,18.97415692,32.16128,-13.18712308
PLDV,BEVSales,Baytown Twp.,2015,0.0302889,0.02548,0.0048089
PLDV,BEVSales,Baytown Twp.,2018,0.02399628,0.52827,-0.50427372
PLDV,BEVSales,Baytown Twp.,2020,0.0198012,0.86347,-0.8436688
PLDV,BEVSales,Baytown Twp.,2025,0.58517663,13.61773,-13.03255337
PLDV,BEVSales,Baytown Twp.,2030,3.51190914,16.01121,-12.49930086
PLDV,BEVSales,Baytown Twp.,2035,12.96753265,17.29059,-4.32305735
PLDV,BEVSales,Baytown Twp.,2040,22.29533643,38.75905,-16.46371357
PLDV,BEVSales,Baytown Twp.,2045,26.74834594,46.50576,-19.75741406
PLDV,BEVSales,Baytown Twp.,2050,31.20135545,54.25247,-23.05111455
PLDV,TotSales,Belle Plaine,2015,148.4175093,1792.99807,-1644.580561
PLDV,TotSales,Belle Plaine,2018,172.8372554,1910.54575,-1737.708495
PLDV,TotSales,Belle Plaine,2020,189.1170861,1988.91087,-1799.793784
PLDV,TotSales,Belle Plaine,2025,300.2964977,2291.95671,-1991.660212
PLDV,TotSales,Belle Plaine,2030,388.1105137,2611.52383,-2223.413316
PLDV,TotSales,Belle Plaine,2035,439.6902687,2936.69983,-2497.009561
PLDV,TotSales,Belle Plaine,2040,356.0641293,3260.29643,-2904.232301
PLDV,TotSales,Belle Plaine,2045,397.5934533,3553.7561,-3156.162647
PLDV,TotSales,Belle Plaine,2050,439.1227773,3847.21578,-3408.093003
PLDV,SISales,Belle Plaine,2015,142.5033238,1765.03295,-1622.529626
PLDV,SISales,Belle Plaine,2018,165.9144236,1876.93626,-1711.021836
PLDV,SISales,Belle Plaine,2020,181.5218235,1951.53847,-1770.016647
PLDV,SISales,Belle Plaine,2025,282.6712778,2206.60059,-1923.929312
PLDV,SISales,Belle Plaine,2030,344.1941645,2462.38486,-2118.190696
PLDV,SISales,Belle Plaine,2035,351.6542963,2696.70001,-2345.045714
PLDV,SISales,Belle Plaine,2040,216.3052216,2846.74984,-2630.444618
PLDV,SISales,Belle Plaine,2045,231.0656011,3063.09322,-2832.027619
PLDV,SISales,Belle Plaine,2050,245.8259807,3279.4366,-3033.610619
PLDV,CISales,Belle Plaine,2015,2.54167623,25.44863,-22.90695377
PLDV,CISales,Belle Plaine,2018,2.83532536,26.20785,-23.37252464
PLDV,CISales,Belle Plaine,2020,3.03109144,26.71399,-23.68289856
PLDV,CISales,Belle Plaine,2025,4.40124106,29.2078,-24.80655894
PLDV,CISales,Belle Plaine,2030,6.08853932,35.22043,-29.13189068
PLDV,CISales,Belle Plaine,2035,7.72608419,43.02602,-35.29993581
PLDV,CISales,Belle Plaine,2040,7.24261135,51.68274,-44.44012865
PLDV,CISales,Belle Plaine,2045,8.18279837,56.92956,-48.74676163
PLDV,CISales,Belle Plaine,2050,9.12298539,62.17638,-53.05339461
PLDV,HEVSales,Belle Plaine,2015,3.32174805,2.44042,0.88132805
PLDV,HEVSales,Belle Plaine,2018,3.78767782,6.18277,-2.39509218
PLDV,HEVSales,Belle Plaine,2020,4.09829767,8.67766,-4.57936233
PLDV,HEVSales,Belle Plaine,2025,10.5822713,24.15301,-13.5707387
PLDV,HEVSales,Belle Plaine,2030,25.86984585,62.46271,-36.59286415
PLDV,HEVSales,Belle Plaine,2035,39.65447919,127.85904,-88.20456081
PLDV,HEVSales,Belle Plaine,2040,44.7591001,216.10293,-171.3438299
PLDV,HEVSales,Belle Plaine,2045,53.04657051,258.83543,-205.7888595
PLDV,HEVSales,Belle Plaine,2050,61.33404092,301.56793,-240.2338891
PLDV,PHEVSales,Belle Plaine,2015,0.03400185,0.04392,-0.00991815
PLDV,PHEVSales,Belle Plaine,2018,0.27884673,0.6005,-0.32165327
PLDV,PHEVSales,Belle Plaine,2020,0.44207666,0.97155,-0.52947334
PLDV,PHEVSales,Belle Plaine,2025,1.79863857,13.97555,-12.17691143
PLDV,PHEVSales,Belle Plaine,2030,5.96627456,26.74185,-20.77557544
PLDV,PHEVSales,Belle Plaine,2035,14.86363772,36.74812,-21.88448228
PLDV,PHEVSales,Belle Plaine,2040,35.48527266,57.58448,-22.09920734
PLDV,PHEVSales,Belle Plaine,2045,42.57552682,69.09259,-26.51706318
PLDV,PHEVSales,Belle Plaine,2050,49.66578099,80.60071,-30.93492901
PLDV,BEVSales,Belle Plaine,2015,0.01675946,0.03216,-0.01540054
PLDV,BEVSales,Belle Plaine,2018,0.02098189,0.61838,-0.59739811
PLDV,BEVSales,Belle Plaine,2020,0.02379684,1.00919,-0.98539316
PLDV,BEVSales,Belle Plaine,2025,0.84306897,18.01977,-17.17670103
PLDV,BEVSales,Belle Plaine,2030,5.99168953,24.71397,-18.72228047
PLDV,BEVSales,Belle Plaine,2035,25.79177129,32.36664,-6.57486871
PLDV,BEVSales,Belle Plaine,2040,52.27192361,88.17644,-35.90451639
PLDV,BEVSales,Belle Plaine,2045,62.72295645,105.8053,-43.08234355
PLDV,BEVSales,Belle Plaine,2050,73.17398928,123.43416,-50.26017072
PLDV,TotSales,Belle Plaine Twp.,2015,18.27371421,220.76055,-202.4868358
PLDV,TotSales,Belle Plaine Twp.,2018,20.1836404,223.69942,-203.5157796
PLDV,TotSales,Belle Plaine Twp.,2020,21.45692453,225.65867,-204.2017455
PLDV,TotSales,Belle Plaine Twp.,2025,29.23841066,223.15669,-193.9182793
PLDV,TotSales,Belle Plaine Twp.,2030,33.09424958,222.68508,-189.5908304
PLDV,TotSales,Belle Plaine Twp.,2035,33.152127,221.4237,-188.271573
PLDV,TotSales,Belle Plaine Twp.,2040,24.07685578,220.45941,-196.3825542
PLDV,TotSales,Belle Plaine Twp.,2045,25.2374841,220.39918,-195.1616959
PLDV,TotSales,Belle Plaine Twp.,2050,26.39811241,220.33895,-193.9408376
PLDV,SISales,Belle Plaine Twp.,2015,17.54553559,217.31738,-199.7718444
PLDV,SISales,Belle Plaine Twp.,2018,19.37532109,219.77803,-200.4027089
PLDV,SISales,Belle Plaine Twp.,2020,20.59517809,221.41846,-200.8232819
PLDV,SISales,Belle Plaine Twp.,2025,27.52232865,214.84598,-187.3236514
PLDV,SISales,Belle Plaine Twp.,2030,29.349495,209.96798,-180.618485
PLDV,SISales,Belle Plaine Twp.,2035,26.51431865,203.328,-176.8136814
PLDV,SISales,Belle Plaine Twp.,2040,14.6264372,192.49562,-177.8691828
PLDV,SISales,Belle Plaine Twp.,2045,14.04261752,187.53127,-173.4886525
PLDV,SISales,Belle Plaine Twp.,2050,13.45879784,182.56692,-169.1081222
PLDV,CISales,Belle Plaine Twp.,2015,0.31294057,3.13333,-2.82038943
PLDV,CISales,Belle Plaine Twp.,2018,0.33151792,3.07189,-2.74037208
PLDV,CISales,Belle Plaine Twp.,2020,0.34390283,3.03093,-2.68702717
PLDV,CISales,Belle Plaine Twp.,2025,0.42852745,2.84382,-2.41529255
PLDV,CISales,Belle Plaine Twp.,2030,0.51917078,3.00325,-2.48407922
PLDV,CISales,Belle Plaine Twp.,2035,0.58253762,3.24411,-2.66157238
PLDV,CISales,Belle Plaine Twp.,2040,0.4897413,3.49476,-3.0050187
PLDV,CISales,Belle Plaine Twp.,2045,0.52510145,3.56704,-3.04193855
PLDV,CISales,Belle Plaine Twp.,2050,0.56046159,3.63933,-3.07886841
PLDV,HEVSales,Belle Plaine Twp.,2015,0.40898589,0.30047,0.10851589
PLDV,HEVSales,Belle Plaine Twp.,2018,0.44258617,0.71092,-0.26833383
PLDV,HEVSales,Belle Plaine Twp.,2020,0.46498635,0.98455,-0.51956365
PLDV,HEVSales,Belle Plaine Twp.,2025,1.03034433,2.35166,-1.32131567
PLDV,HEVSales,Belle Plaine Twp.,2030,2.20592616,5.32621,-3.12028384
PLDV,HEVSales,Belle Plaine Twp.,2035,2.9899009,9.64042,-6.6505191
PLDV,HEVSales,Belle Plaine Twp.,2040,3.02658513,14.61276,-11.58617487
PLDV,HEVSales,Belle Plaine Twp.,2045,3.55010498,17.47522,-13.92511502
PLDV,HEVSales,Belle Plaine Twp.,2050,4.07362482,20.33767,-16.26404518
PLDV,PHEVSales,Belle Plaine Twp.,2015,0.00418789,0.00541,-0.00122211
PLDV,PHEVSales,Belle Plaine Twp.,2018,0.03176955,0.0683,-0.03653045
PLDV,PHEVSales,Belle Plaine Twp.,2020,0.05015732,0.11023,-0.06007268
PLDV,PHEVSales,Belle Plaine Twp.,2025,0.1751247,1.36073,-1.1856053
PLDV,PHEVSales,Belle Plaine Twp.,2030,0.50874525,2.28028,-1.77153475
PLDV,PHEVSales,Belle Plaine Twp.,2035,1.12070073,2.77076,-1.65005927
PLDV,PHEVSales,Belle Plaine Twp.,2040,2.39949414,3.89383,-1.49433586
PLDV,PHEVSales,Belle Plaine Twp.,2045,2.87855539,4.67151,-1.79295461
PLDV,PHEVSales,Belle Plaine Twp.,2050,3.35761664,5.4492,-2.09158336
PLDV,BEVSales,Belle Plaine Twp.,2015,0.00206428,0.00396,-0.00189572
PLDV,BEVSales,Belle Plaine Twp.,2018,0.00244568,0.07028,-0.06783432
PLDV,BEVSales,Belle Plaine Twp.,2020,0.00269995,0.1145,-0.11180005
PLDV,BEVSales,Belle Plaine Twp.,2025,0.08208553,1.7545,-1.67241447
PLDV,BEVSales,Belle Plaine Twp.,2030,0.51091239,2.10736,-1.59644761
PLDV,BEVSales,Belle Plaine Twp.,2035,1.9446691,2.44041,-0.4957409
PLDV,BEVSales,Belle Plaine Twp.,2040,3.53459802,5.96244,-2.42784198
PLDV,BEVSales,Belle Plaine Twp.,2045,4.24110477,7.15414,-2.91303523
PLDV,BEVSales,Belle Plaine Twp.,2050,4.94761152,8.34583,-3.39821848
PLDV,TotSales,Benton Twp.,2015,17.90301512,229.19237,-211.2893549
PLDV,TotSales,Benton Twp.,2018,19.7284819,230.89736,-211.1688781
PLDV,TotSales,Benton Twp.,2020,20.94545976,232.03402,-211.0885602
PLDV,TotSales,Benton Twp.,2025,28.54293068,229.20415,-200.6612193
PLDV,TotSales,Benton Twp.,2030,33.63954777,228.3392,-194.6996522
PLDV,TotSales,Benton Twp.,2035,37.36631632,226.33848,-188.9721637
PLDV,TotSales,Benton Twp.,2040,32.00777941,224.65293,-192.6451506
PLDV,TotSales,Benton Twp.,2045,34.82873226,223.74504,-188.9163077
PLDV,TotSales,Benton Twp.,2050,37.64968512,222.83715,-185.1874649
PLDV,SISales,Benton Twp.,2015,17.17401791,225.61868,-208.4446621
PLDV,SISales,Benton Twp.,2018,18.89678739,226.67515,-207.7783626
PLDV,SISales,Benton Twp.,2020,20.04530038,227.37947,-207.3341696
PLDV,SISales,Benton Twp.,2025,26.47577249,214.99312,-188.5173475
PLDV,SISales,Benton Twp.,2030,28.29103336,207.91201,-179.6209766
PLDV,SISales,Benton Twp.,2035,25.47056105,199.79355,-174.322989
PLDV,SISales,Benton Twp.,2040,13.36938067,181.70108,-168.3316993
PLDV,SISales,Benton Twp.,2045,12.60845323,172.91756,-160.3091068
PLDV,SISales,Benton Twp.,2050,11.84752578,164.13404,-152.2865142
PLDV,CISales,Benton Twp.,2015,0.30089153,3.24677,-2.94587847
PLDV,CISales,Benton Twp.,2018,0.31985811,3.13678,-2.81692189
PLDV,CISales,Benton Twp.,2020,0.33250249,3.06345,-2.73094751
PLDV,CISales,Benton Twp.,2025,0.41256768,2.76489,-2.35232232
PLDV,CISales,Benton Twp.,2030,0.5017075,2.90796,-2.4062525
PLDV,CISales,Benton Twp.,2035,0.56129022,3.14827,-2.58697978
PLDV,CISales,Benton Twp.,2040,0.45313052,3.28278,-2.82964948
PLDV,CISales,Benton Twp.,2045,0.48357832,3.28998,-2.80640168
PLDV,CISales,Benton Twp.,2050,0.51402612,3.29718,-2.78315388
PLDV,HEVSales,Benton Twp.,2015,0.39128542,0.30203,0.08925542
PLDV,HEVSales,Benton Twp.,2018,0.42204267,0.68598,-0.26393733
PLDV,HEVSales,Benton Twp.,2020,0.44254751,0.94194,-0.49939249
PLDV,HEVSales,Benton Twp.,2025,0.98154124,2.2078,-1.22625876
PLDV,HEVSales,Benton Twp.,2030,2.09816987,5.04893,-2.95076013
PLDV,HEVSales,Benton Twp.,2035,2.83393253,9.18943,-6.35549747
PLDV,HEVSales,Benton Twp.,2040,2.72206894,13.44248,-10.72041106
PLDV,HEVSales,Benton Twp.,2045,3.18822565,16.07057,-12.88234435
PLDV,HEVSales,Benton Twp.,2050,3.65438236,18.69866,-15.04427764
PLDV,PHEVSales,Benton Twp.,2015,0.02131304,0.01238,0.00893304
PLDV,PHEVSales,Benton Twp.,2018,0.07807435,0.15529,-0.07721565
PLDV,PHEVSales,Benton Twp.,2020,0.11591522,0.25056,-0.13464478
PLDV,PHEVSales,Benton Twp.,2025,0.41216655,3.11865,-2.70648345
PLDV,PHEVSales,Benton Twp.,2030,1.16585537,5.24964,-4.08378463
PLDV,PHEVSales,Benton Twp.,2035,2.52268014,6.34425,-3.82156986
PLDV,PHEVSales,Benton Twp.,2040,5.18524296,8.55685,-3.37160704
PLDV,PHEVSales,Benton Twp.,2045,6.21802895,10.26575,-4.04772105
PLDV,PHEVSales,Benton Twp.,2050,7.25081493,11.97464,-4.72382507
PLDV,BEVSales,Benton Twp.,2015,0.01550722,0.01251,0.00299722
PLDV,BEVSales,Benton Twp.,2018,0.01171939,0.24416,-0.23244061
PLDV,BEVSales,Benton Twp.,2020,0.00919416,0.3986,-0.38940584
PLDV,BEVSales,Benton Twp.,2025,0.26088272,6.11968,-5.85879728
PLDV,BEVSales,Benton Twp.,2030,1.58278167,7.22065,-5.63786833
PLDV,BEVSales,Benton Twp.,2035,5.97785239,7.86298,-1.88512761
PLDV,BEVSales,Benton Twp.,2040,10.2779563,17.66974,-7.3917837
PLDV,BEVSales,Benton Twp.,2045,12.33044612,21.20118,-8.87073388
PLDV,BEVSales,Benton Twp.,2050,14.38293594,24.73263,-10.34969406
PLDV,TotSales,Bethel,2015,17.72040511,113.57818,-95.85777489
PLDV,TotSales,Bethel,2018,18.66094025,117.50427,-98.84332975
PLDV,TotSales,Bethel,2020,19.28796368,120.12166,-100.8336963
PLDV,TotSales,Bethel,2025,24.66499343,127.29942,-102.6344266
PLDV,TotSales,Bethel,2030,25.66313091,136.3253,-110.6621691
PLDV,TotSales,Bethel,2035,23.30668401,138.20196,-114.895276
PLDV,TotSales,Bethel,2040,16.15095229,140.22105,-124.0700977
PLDV,TotSales,Bethel,2045,15.83706173,145.54963,-129.7125683
PLDV,TotSales,Bethel,2050,15.52317116,150.8782,-135.3550288
PLDV,SISales,Bethel,2015,17.01679261,111.7193,-94.70250739
PLDV,SISales,Bethel,2018,17.91717566,115.05867,-97.14149434
PLDV,SISales,Bethel,2020,18.51743102,117.28492,-98.76748898
PLDV,SISales,Bethel,2025,23.152932,120.03927,-96.886338
PLDV,SISales,Bethel,2030,22.64088631,125.76481,-103.1239237
PLDV,SISales,Bethel,2035,18.49180811,124.92105,-106.4292419
PLDV,SISales,Bethel,2040,9.64366913,121.21522,-111.5715509
PLDV,SISales,Bethel,2045,8.16904444,123.11441,-114.9453656
PLDV,SISales,Bethel,2050,6.69441974,125.01359,-118.3191703
PLDV,CISales,Bethel,2015,0.29753663,1.63744,-1.33990337
PLDV,CISales,Bethel,2018,0.29813416,1.74028,-1.44214584
PLDV,CISales,Bethel,2020,0.29853252,1.80884,-1.51030748
PLDV,CISales,Bethel,2025,0.35995174,2.01584,-1.65588826
PLDV,CISales,Bethel,2030,0.3932219,2.15528,-1.7620581
PLDV,CISales,Bethel,2035,0.39356786,2.17965,-1.78608214
PLDV,CISales,Bethel,2040,0.31417702,2.26733,-1.95315298
PLDV,CISales,Bethel,2045,0.3175051,2.39331,-2.0758049
PLDV,CISales,Bethel,2050,0.32083318,2.51929,-2.19845682
PLDV,HEVSales,Bethel,2015,0.39582052,0.20917,0.18665052
PLDV,HEVSales,Bethel,2018,0.40046127,0.53968,-0.13921873
PLDV,HEVSales,Bethel,2020,0.40355511,0.76002,-0.35646489
PLDV,HEVSales,Bethel,2025,0.8574738,1.82134,-0.9638662
PLDV,HEVSales,Bethel,2030,1.66413709,3.94346,-2.27932291
PLDV,HEVSales,Bethel,2035,1.99578476,6.52609,-4.53030524
PLDV,HEVSales,Bethel,2040,1.87200912,9.3734,-7.50139088
PLDV,HEVSales,Bethel,2045,2.16724684,11.20624,-9.03899316
PLDV,HEVSales,Bethel,2050,2.46248455,13.03909,-10.57660545
PLDV,PHEVSales,Bethel,2015,0.0075589,0.00785,-0.0002911
PLDV,PHEVSales,Bethel,2018,0.0423269,0.08851,-0.0461831
PLDV,PHEVSales,Bethel,2020,0.06550556,0.14228,-0.07677444
PLDV,PHEVSales,Bethel,2025,0.22118342,1.65655,-1.43536658
PLDV,PHEVSales,Bethel,2030,0.55827076,2.54423,-1.98595924
PLDV,PHEVSales,Bethel,2035,1.05312718,2.72456,-1.67143282
PLDV,PHEVSales,Bethel,2040,2.08249174,3.48383,-1.40133826
PLDV,PHEVSales,Bethel,2045,2.4974783,4.17902,-1.6815417
PLDV,PHEVSales,Bethel,2050,2.91246487,4.87421,-1.96174513
PLDV,BEVSales,Bethel,2015,0.00269646,0.00441,-0.00171354
PLDV,BEVSales,Bethel,2018,0.00284226,0.07713,-0.07428774
PLDV,BEVSales,Bethel,2020,0.00293946,0.12561,-0.12267054
PLDV,BEVSales,Bethel,2025,0.07345247,1.76642,-1.69296753
PLDV,BEVSales,Bethel,2030,0.40661485,1.91752,-1.51090515
PLDV,BEVSales,Bethel,2035,1.3723961,1.85062,-0.4782239
PLDV,BEVSales,Bethel,2040,2.23860529,3.88128,-1.64267471
PLDV,BEVSales,Bethel,2045,2.68578705,4.65665,-1.97086295
PLDV,BEVSales,Bethel,2050,3.13296882,5.43202,-2.29905118
PLDV,TotSales,Birchwood Village,2015,15.94204671,174.40083,-158.4587833
PLDV,TotSales,Birchwood Village,2018,17.37889933,176.46821,-159.0893107
PLDV,TotSales,Birchwood Village,2020,18.33680107,177.84647,-159.5096689
PLDV,TotSales,Birchwood Village,2025,24.43626022,175.73589,-151.2996298
PLDV,TotSales,Birchwood Village,2030,27.69421782,175.3645,-147.6702822
PLDV,TotSales,Birchwood Village,2035,29.60994732,173.82795,-144.2180027
PLDV,TotSales,Birchwood Village,2040,24.88583279,172.53345,-147.6476172
PLDV,TotSales,Birchwood Village,2045,26.67459,172.15997,-145.48538
PLDV,TotSales,Birchwood Village,2050,28.46334722,171.7865,-143.3231528
PLDV,SISales,Birchwood Village,2015,15.24503943,171.63869,-156.3936506
PLDV,SISales,Birchwood Village,2018,16.59865816,173.04162,-156.4429618
PLDV,SISales,Birchwood Village,2020,17.50107065,173.9769,-156.4758294
PLDV,SISales,Birchwood Village,2025,22.57258432,163.22068,-140.6480957
PLDV,SISales,Birchwood Village,2030,23.09578759,157.70832,-134.6125324
PLDV,SISales,Birchwood Village,2035,20.01436578,151.66409,-131.6497242
PLDV,SISales,Birchwood Village,2040,10.21072783,138.22499,-128.0142622
PLDV,SISales,Birchwood Village,2045,9.20386551,131.54224,-122.3383745
PLDV,SISales,Birchwood Village,2050,8.19700319,124.8595,-116.6624968
PLDV,CISales,Birchwood Village,2015,0.28260099,2.48459,-2.20198901
PLDV,CISales,Birchwood Village,2018,0.29065192,2.45336,-2.16270808
PLDV,CISales,Birchwood Village,2020,0.2960192,2.43254,-2.1365208
PLDV,CISales,Birchwood Village,2025,0.35339868,2.2718,-1.91840132
PLDV,CISales,Birchwood Village,2030,0.41390556,2.36733,-1.95342444
PLDV,CISales,Birchwood Village,2035,0.44808005,2.50725,-2.05916995
PLDV,CISales,Birchwood Village,2040,0.35101491,2.57605,-2.22503509
PLDV,CISales,Birchwood Village,2045,0.36469769,2.59435,-2.22965231
PLDV,CISales,Birchwood Village,2050,0.37838048,2.61264,-2.23425952
PLDV,HEVSales,Birchwood Village,2015,0.37537115,0.25297,0.12240115
PLDV,HEVSales,Birchwood Village,2018,0.39383339,0.59843,-0.20459661
PLDV,HEVSales,Birchwood Village,2020,0.40614155,0.82873,-0.42258845
PLDV,HEVSales,Birchwood Village,2025,0.86769873,1.93787,-1.07017127
PLDV,HEVSales,Birchwood Village,2030,1.78233047,4.28639,-2.50405953
PLDV,HEVSales,Birchwood Village,2035,2.26980627,7.51481,-5.24500373
PLDV,HEVSales,Birchwood Village,2040,2.09213417,10.67537,-8.58323583
PLDV,HEVSales,Birchwood Village,2045,2.43548677,12.75985,-10.32436323
PLDV,HEVSales,Birchwood Village,2050,2.77883937,14.84433,-12.06549063
PLDV,PHEVSales,Birchwood Village,2015,0.02569226,0.01419,0.01150226
PLDV,PHEVSales,Birchwood Village,2018,0.08582246,0.17022,-0.08439754
PLDV,PHEVSales,Birchwood Village,2020,0.12590926,0.27425,-0.14834074
PLDV,PHEVSales,Birchwood Village,2025,0.42433707,3.22681,-2.80247293
PLDV,PHEVSales,Birchwood Village,2030,1.13790692,5.23843,-4.10052308
PLDV,PHEVSales,Birchwood Village,2035,2.33555405,6.08542,-3.74986595
PLDV,PHEVSales,Birchwood Village,2040,4.62807272,7.83817,-3.21009728
PLDV,PHEVSales,Birchwood Village,2045,5.54854881,9.40296,-3.85441119
PLDV,PHEVSales,Birchwood Village,2050,6.4690249,10.96776,-4.4987351
PLDV,BEVSales,Birchwood Village,2015,0.01334288,0.01039,0.00295288
PLDV,BEVSales,Birchwood Village,2018,0.0099334,0.20459,-0.1946566
PLDV,BEVSales,Birchwood Village,2020,0.00766041,0.33405,-0.32638959
PLDV,BEVSales,Birchwood Village,2025,0.21824141,5.07873,-4.86048859
PLDV,BEVSales,Birchwood Village,2030,1.26428729,5.76404,-4.49975271
PLDV,BEVSales,Birchwood Village,2035,4.54214117,6.05638,-1.51423883
PLDV,BEVSales,Birchwood Village,2040,7.60388316,13.21888,-5.61499684
PLDV,BEVSales,Birchwood Village,2045,9.12199122,15.86057,-6.73857878
PLDV,BEVSales,Birchwood Village,2050,10.64009928,18.50227,-7.86217072
PLDV,TotSales,Blaine,2015,1631.386598,13238.69258,-11607.30598
PLDV,TotSales,Blaine,2018,1820.115318,14019.95208,-12199.83676
PLDV,TotSales,Blaine,2020,1945.934464,14540.79175,-12594.85729
PLDV,TotSales,Blaine,2025,2598.174587,15491.06997,-12892.89538
PLDV,TotSales,Blaine,2030,2887.399722,16625.44987,-13738.05015
PLDV,TotSales,Blaine,2035,2871.528821,17637.2327,-14765.70388
PLDV,TotSales,Blaine,2040,2123.328068,18654.72393,-16531.39586
PLDV,TotSales,Blaine,2045,2221.716362,19737.9302,-17516.21384
PLDV,TotSales,Blaine,2050,2320.104656,20821.13647,-18501.03181
PLDV,SISales,Blaine,2015,1576.462541,13030.27585,-11453.81331
PLDV,SISales,Blaine,2018,1756.224457,13758.95029,-12002.72583
PLDV,SISales,Blaine,2020,1876.065735,14244.73325,-12368.66752
PLDV,SISales,Blaine,2025,2450.750623,14770.43132,-12319.6807
PLDV,SISales,Blaine,2030,2577.299269,15535.85868,-12958.55941
PLDV,SISales,Blaine,2035,2313.073218,16137.98235,-13824.90913
PLDV,SISales,Blaine,2040,1298.240802,16317.19464,-15018.95384
PLDV,SISales,Blaine,2045,1242.596455,16974.57839,-15731.98194
PLDV,SISales,Blaine,2050,1186.952107,17631.96215,-16445.01004
PLDV,CISales,Blaine,2015,23.77904271,187.85517,-164.0761273
PLDV,CISales,Blaine,2018,26.64319073,196.34474,-169.7015493
PLDV,CISales,Blaine,2020,28.55262274,202.00445,-173.4518273
PLDV,CISales,Blaine,2025,37.69791985,217.05601,-179.3580902
PLDV,CISales,Blaine,2030,43.51720866,239.90557,-196.3883613
PLDV,CISales,Blaine,2035,47.16267262,261.68784,-214.5251674
PLDV,CISales,Blaine,2040,40.95571061,289.11216,-248.1564494
PLDV,CISales,Blaine,2045,44.39104418,309.36356,-264.9725158
PLDV,CISales,Blaine,2050,47.82637776,329.61496,-281.7885822
PLDV,HEVSales,Blaine,2015,30.099799,19.58879,10.511009
PLDV,HEVSales,Blaine,2018,33.39938051,49.81954,-16.42015949
PLDV,HEVSales,Blaine,2020,35.59910152,69.97337,-34.37426848
PLDV,HEVSales,Blaine,2025,82.82667338,171.81632,-88.98964662
PLDV,HEVSales,Blaine,2030,170.7618107,400.57699,-229.8151793
PLDV,HEVSales,Blaine,2035,235.4573559,735.65908,-500.2017241
PLDV,HEVSales,Blaine,2040,243.3273483,1152.22922,-908.9018717
PLDV,HEVSales,Blaine,2045,285.9728582,1378.75731,-1092.784452
PLDV,HEVSales,Blaine,2050,328.618368,1605.28539,-1276.667022
PLDV,PHEVSales,Blaine,2015,0.68617291,0.55414,0.13203291
PLDV,PHEVSales,Blaine,2018,3.5256959,7.05481,-3.5291141
PLDV,PHEVSales,Blaine,2020,5.41871123,11.38858,-5.96986877
PLDV,PHEVSales,Blaine,2025,19.75803388,142.77005,-123.0120161
PLDV,PHEVSales,Blaine,2030,54.86219836,237.23516,-182.3729616
PLDV,PHEVSales,Blaine,2035,119.8556698,289.04455,-169.1888802
PLDV,PHEVSales,Blaine,2040,264.297597,421.9198,-157.622203
PLDV,PHEVSales,Blaine,2045,317.0198818,506.19293,-189.1730482
PLDV,PHEVSales,Blaine,2050,369.7421666,590.46606,-220.7238934
PLDV,BEVSales,Blaine,2015,0.35904242,0.41863,-0.05958758
PLDV,BEVSales,Blaine,2018,0.32259312,7.78271,-7.46011688
PLDV,BEVSales,Blaine,2020,0.29829358,12.6921,-12.39380642
PLDV,BEVSales,Blaine,2025,7.14133658,188.99626,-181.8549234
PLDV,BEVSales,Blaine,2030,40.95923583,211.87348,-170.9142442
PLDV,BEVSales,Blaine,2035,155.9799049,212.85889,-56.8789851
PLDV,BEVSales,Blaine,2040,276.5066097,474.26811,-197.7615003
PLDV,BEVSales,Blaine,2045,331.7361232,569.038,-237.3018768
PLDV,BEVSales,Blaine,2050,386.9656367,663.8079,-276.8422633
PLDV,TotSales,Blakeley Twp.,2015,12.71591166,153.61255,-140.8966383
PLDV,TotSales,Blakeley Twp.,2018,14.01026605,155.29611,-141.285844
PLDV,TotSales,Blakeley Twp.,2020,14.87316898,156.41848,-141.545311
PLDV,TotSales,Blakeley Twp.,2025,20.3269771,155.14184,-134.8148629
PLDV,TotSales,Blakeley Twp.,2030,23.07548262,155.27065,-132.1951674
PLDV,TotSales,Blakeley Twp.,2035,23.0438266,153.91016,-130.8663334
PLDV,TotSales,Blakeley Twp.,2040,16.68369083,152.76399,-136.0802992
PLDV,TotSales,Blakeley Twp.,2045,17.47724666,152.59428,-135.1170333
PLDV,TotSales,Blakeley Twp.,2050,18.27080249,152.42457,-134.1537675
PLDV,SISales,Blakeley Twp.,2015,12.20876851,151.21667,-139.0079015
PLDV,SISales,Blakeley Twp.,2018,13.44900979,152.57426,-139.1252502
PLDV,SISales,Blakeley Twp.,2020,14.27583731,153.47932,-139.2034827
PLDV,SISales,Blakeley Twp.,2025,19.13393142,149.36411,-130.2301786
PLDV,SISales,Blakeley Twp.,2030,20.46439398,146.40345,-125.939056
PLDV,SISales,Blakeley Twp.,2035,18.42992944,141.33196,-122.9020306
PLDV,SISales,Blakeley Twp.,2040,10.13516708,133.38691,-123.2517429
PLDV,SISales,Blakeley Twp.,2045,9.72044679,129.82096,-120.1005132
PLDV,SISales,Blakeley Twp.,2050,9.30572651,126.25501,-116.9492835
PLDV,CISales,Blakeley Twp.,2015,0.21775448,2.18027,-1.96251552
PLDV,CISales,Blakeley Twp.,2018,0.23013044,2.13267,-1.90253956
PLDV,CISales,Blakeley Twp.,2020,0.23838108,2.10093,-1.86254892
PLDV,CISales,Blakeley Twp.,2025,0.29791865,1.97707,-1.67915135
PLDV,CISales,Blakeley Twp.,2030,0.36199994,2.09406,-1.73206006
PLDV,CISales,Blakeley Twp.,2035,0.40491809,2.25496,-1.85004191
PLDV,CISales,Blakeley Twp.,2040,0.33935878,2.42164,-2.08228122
PLDV,CISales,Blakeley Twp.,2045,0.36367964,2.46991,-2.10623036
PLDV,CISales,Blakeley Twp.,2050,0.3880005,2.51818,-2.1301795
PLDV,HEVSales,Blakeley Twp.,2015,0.28458601,0.20908,0.07550601
PLDV,HEVSales,Blakeley Twp.,2018,0.3072215,0.49311,-0.1858885
PLDV,HEVSales,Blakeley Twp.,2020,0.32231183,0.68246,-0.36014817
PLDV,HEVSales,Blakeley Twp.,2025,0.71631067,1.63491,-0.91859933
PLDV,HEVSales,Blakeley Twp.,2030,1.53811648,3.71378,-2.17566352
PLDV,HEVSales,Blakeley Twp.,2035,2.07826056,6.70099,-4.62272944
PLDV,HEVSales,Blakeley Twp.,2040,2.09722611,10.12569,-8.02846389
PLDV,HEVSales,Blakeley Twp.,2045,2.45975413,12.10901,-9.64925587
PLDV,HEVSales,Blakeley Twp.,2050,2.82228214,14.09233,-11.27004786
PLDV,PHEVSales,Blakeley Twp.,2015,0.00320612,0.00376,-0.00055388
PLDV,PHEVSales,Blakeley Twp.,2018,0.0221428,0.04735,-0.0252072
PLDV,PHEVSales,Blakeley Twp.,2020,0.03476725,0.07641,-0.04164275
PLDV,PHEVSales,Blakeley Twp.,2025,0.12174929,0.946,-0.82425071
PLDV,PHEVSales,Blakeley Twp.,2030,0.35473057,1.58996,-1.23522943
PLDV,PHEVSales,Blakeley Twp.,2035,0.77899175,1.92594,-1.14694825
PLDV,PHEVSales,Blakeley Twp.,2040,1.66269295,2.69817,-1.03547705
PLDV,PHEVSales,Blakeley Twp.,2045,1.99459032,3.23705,-1.24245968
PLDV,PHEVSales,Blakeley Twp.,2050,2.32648769,3.77593,-1.44944231
PLDV,BEVSales,Blakeley Twp.,2015,0.00159654,0.00275,-0.00115346
PLDV,BEVSales,Blakeley Twp.,2018,0.00176152,0.04872,-0.04695848
PLDV,BEVSales,Blakeley Twp.,2020,0.00187151,0.07937,-0.07749849
PLDV,BEVSales,Blakeley Twp.,2025,0.05706708,1.21975,-1.16268292
PLDV,BEVSales,Blakeley Twp.,2030,0.35624165,1.46939,-1.11314835
PLDV,BEVSales,Blakeley Twp.,2035,1.35172677,1.69631,-0.34458323
PLDV,BEVSales,Blakeley Twp.,2040,2.44924591,4.13158,-1.68233409
PLDV,BEVSales,Blakeley Twp.,2045,2.93877578,4.95735,-2.01857422
PLDV,BEVSales,Blakeley Twp.,2050,3.42830566,5.78311,-2.35480434
PLDV,TotSales,Bloomington,2015,3797.529113,17932.33362,-14134.80451
PLDV,TotSales,Bloomington,2018,3812.809794,18444.6824,-14631.87261
PLDV,TotSales,Bloomington,2020,3822.996915,18786.24825,-14963.25134
PLDV,TotSales,Bloomington,2025,4018.570311,18759.28966,-14740.71935
PLDV,TotSales,Bloomington,2030,3883.32272,19105.83285,-15222.51013
PLDV,TotSales,Bloomington,2035,3840.735936,19307.87439,-15467.13845
PLDV,TotSales,Bloomington,2040,3224.141953,19530.78455,-16306.6426
PLDV,TotSales,Bloomington,2045,3109.464522,19850.47473,-16741.01021
PLDV,TotSales,Bloomington,2050,2994.78709,20170.16492,-17175.37783
PLDV,SISales,Bloomington,2015,3661.747021,17633.62771,-13971.88069
PLDV,SISales,Bloomington,2018,3669.742415,17999.91285,-14330.17044
PLDV,SISales,Bloomington,2020,3675.072677,18244.10294,-14569.03026
PLDV,SISales,Bloomington,2025,3743.63332,16899.57457,-13155.94125
PLDV,SISales,Bloomington,2030,3316.740834,16884.60099,-13567.86016
PLDV,SISales,Bloomington,2035,2716.146491,16832.77991,-14116.63342
PLDV,SISales,Bloomington,2040,1504.455915,15812.99404,-14308.53813
PLDV,SISales,Bloomington,2045,1072.997693,15448.86731,-14375.86962
PLDV,SISales,Bloomington,2050,641.5394719,15084.74057,-14443.2011
PLDV,CISales,Bloomington,2015,55.14412903,257.90297,-202.758841
PLDV,CISales,Bloomington,2018,55.33152551,277.94986,-222.6183345
PLDV,CISales,Bloomington,2020,55.45645649,291.31446,-235.8580035
PLDV,CISales,Bloomington,2025,57.31639697,299.51021,-242.193813
PLDV,CISales,Bloomington,2030,54.93673218,293.97735,-239.0406178
PLDV,CISales,Bloomington,2035,53.27473238,286.75564,-233.4809076
PLDV,CISales,Bloomington,2040,43.39015663,281.30856,-237.9184034
PLDV,CISales,Bloomington,2045,41.03936215,285.98968,-244.9503179
PLDV,CISales,Bloomington,2050,38.68856767,290.67079,-251.9822223
PLDV,HEVSales,Bloomington,2015,70.28046431,35.1548,35.12566431
PLDV,HEVSales,Bloomington,2018,70.1715723,91.27654,-21.1049677
PLDV,HEVSales,Bloomington,2020,70.09897762,128.69104,-58.59206238
PLDV,HEVSales,Bloomington,2025,125.9388257,257.95873,-132.0199043
PLDV,HEVSales,Bloomington,2030,218.5853203,508.59641,-290.0110897
PLDV,HEVSales,Bloomington,2035,274.8306014,829.5918,-554.7611986
PLDV,HEVSales,Bloomington,2040,284.8750151,1180.3702,-895.4951849
PLDV,HEVSales,Bloomington,2045,327.7939252,1409.41328,-1081.619355
PLDV,HEVSales,Bloomington,2050,370.7128354,1638.45636,-1267.743525
PLDV,PHEVSales,Bloomington,2015,5.21944021,2.53087,2.68857021
PLDV,PHEVSales,Bloomington,2018,14.40535658,27.32786,-12.92250342
PLDV,PHEVSales,Bloomington,2020,20.52930083,43.85918,-23.32987917
PLDV,PHEVSales,Bloomington,2025,59.54675131,434.85278,-375.3060287
PLDV,PHEVSales,Bloomington,2030,136.5421056,597.0701,-460.5279944
PLDV,PHEVSales,Bloomington,2035,260.8596726,629.957,-369.0973274
PLDV,PHEVSales,Bloomington,2040,530.2239331,820.51176,-290.2878269
PLDV,PHEVSales,Bloomington,2045,635.2248317,984.10793,-348.8830983
PLDV,PHEVSales,Bloomington,2050,740.2257303,1147.70411,-407.4783797
PLDV,BEVSales,Bloomington,2015,5.13805754,3.11727,2.02078754
PLDV,BEVSales,Bloomington,2018,3.15892476,48.21529,-45.05636524
PLDV,BEVSales,Bloomington,2020,1.83950291,78.28063,-76.44112709
PLDV,BEVSales,Bloomington,2025,32.13501706,867.39336,-835.2583429
PLDV,BEVSales,Bloomington,2030,156.5177274,821.58799,-665.0702626
PLDV,BEVSales,Bloomington,2035,535.6244382,728.79004,-193.1656018
PLDV,BEVSales,Bloomington,2040,861.196934,1435.6,-574.403066
PLDV,BEVSales,Bloomington,2045,1032.408709,1722.09654,-689.687831
PLDV,BEVSales,Bloomington,2050,1203.620485,2008.59309,-804.972605
PLDV,TotSales,Brooklyn Center,2015,1247.871663,5181.58415,-3933.712487
PLDV,TotSales,Brooklyn Center,2018,1219.302766,5323.31035,-4104.007584
PLDV,TotSales,Brooklyn Center,2020,1200.256834,5417.79449,-4217.537656
PLDV,TotSales,Brooklyn Center,2025,1250.450799,5518.36475,-4267.913951
PLDV,TotSales,Brooklyn Center,2030,1202.633145,5735.50779,-4532.874645
PLDV,TotSales,Brooklyn Center,2035,1196.58645,5914.8249,-4718.23845
PLDV,TotSales,Brooklyn Center,2040,998.5463227,6098.63931,-5100.092987
PLDV,TotSales,Brooklyn Center,2045,948.6812546,6282.05034,-5333.369085
PLDV,TotSales,Brooklyn Center,2050,898.8161865,6465.46137,-5566.645184
PLDV,SISales,Brooklyn Center,2015,1198.823816,5092.14052,-3893.316704
PLDV,SISales,Brooklyn Center,2018,1169.677567,5181.80275,-4012.125183
PLDV,SISales,Brooklyn Center,2020,1150.246735,5241.57756,-4091.330825
PLDV,SISales,Brooklyn Center,2025,1154.840327,4852.18912,-3697.348793
PLDV,SISales,Brooklyn Center,2030,1001.342141,4941.33036,-3939.988219
PLDV,SISales,Brooklyn Center,2035,797.2088624,5037.19427,-4239.985408
PLDV,SISales,Brooklyn Center,2040,402.6513588,4794.00279,-4391.351431
PLDV,SISales,Brooklyn Center,2045,243.4168673,4734.37525,-4490.958383
PLDV,SISales,Brooklyn Center,2050,84.1823759,4674.7477,-4590.565324
PLDV,CISales,Brooklyn Center,2015,19.19339605,75.32847,-56.13507395
PLDV,CISales,Brooklyn Center,2018,18.15525248,82.24768,-64.09242752
PLDV,CISales,Brooklyn Center,2020,17.46315676,86.8605,-69.39734324
PLDV,CISales,Brooklyn Center,2025,17.78627775,90.85564,-73.06936225
PLDV,CISales,Brooklyn Center,2030,16.72774841,89.41829,-72.69054159
PLDV,CISales,Brooklyn Center,2035,15.94801747,88.04844,-72.10042253
PLDV,CISales,Brooklyn Center,2040,12.33738206,87.22013,-74.88274794
PLDV,CISales,Brooklyn Center,2045,10.96617927,89.59846,-78.63228073
PLDV,CISales,Brooklyn Center,2050,9.59497647,91.97679,-82.38181353
PLDV,HEVSales,Brooklyn Center,2015,25.39116593,11.67356,13.71760593
PLDV,HEVSales,Brooklyn Center,2018,23.92864165,29.4888,-5.56015835
PLDV,HEVSales,Brooklyn Center,2020,22.95362547,41.36563,-18.41200453
PLDV,HEVSales,Brooklyn Center,2025,40.46216004,82.33283,-41.87066996
PLDV,HEVSales,Brooklyn Center,2030,68.64118535,160.68276,-92.04157465
PLDV,HEVSales,Brooklyn Center,2035,80.90749741,259.1837,-178.2762026
PLDV,HEVSales,Brooklyn Center,2040,73.68401855,357.20854,-283.5245215
PLDV,HEVSales,Brooklyn Center,2045,83.34258907,426.31553,-342.9729409
PLDV,HEVSales,Brooklyn Center,2050,93.0011596,495.42253,-402.4213704
PLDV,PHEVSales,Brooklyn Center,2015,2.45724521,1.20448,1.25276521
PLDV,PHEVSales,Brooklyn Center,2018,6.32489337,12.01547,-5.69057663
PLDV,PHEVSales,Brooklyn Center,2020,8.90332548,19.2228,-10.31947452
PLDV,PHEVSales,Brooklyn Center,2025,24.99127546,183.34481,-158.3535345
PLDV,PHEVSales,Brooklyn Center,2030,55.5005125,247.68913,-192.1886175
PLDV,PHEVSales,Brooklyn Center,2035,101.7266716,257.4655,-155.7388284
PLDV,PHEVSales,Brooklyn Center,2040,197.1380934,322.03463,-124.8965366
PLDV,PHEVSales,Brooklyn Center,2045,236.074263,386.20065,-150.126387
PLDV,PHEVSales,Brooklyn Center,2050,275.0104327,450.36668,-175.3562473
PLDV,BEVSales,Brooklyn Center,2015,2.00604001,1.23712,0.76892001
PLDV,BEVSales,Brooklyn Center,2018,1.21641076,17.75565,-16.53923924
PLDV,BEVSales,Brooklyn Center,2020,0.68999126,28.768,-28.07800874
PLDV,BEVSales,Brooklyn Center,2025,12.37075844,309.64236,-297.2716016
PLDV,BEVSales,Brooklyn Center,2030,60.42155742,296.38725,-235.9656926
PLDV,BEVSales,Brooklyn Center,2035,200.7954011,272.933,-72.1375989
PLDV,BEVSales,Brooklyn Center,2040,312.7354699,538.17323,-225.4377601
PLDV,BEVSales,Brooklyn Center,2045,374.8813559,645.56045,-270.6790941
PLDV,BEVSales,Brooklyn Center,2050,437.0272418,752.94768,-315.9204382
PLDV,TotSales,Brooklyn Park,2015,3961.338633,15257.00966,-11295.67103
PLDV,TotSales,Brooklyn Park,2018,3922.408503,16072.06481,-12149.65631
PLDV,TotSales,Brooklyn Park,2020,3896.455083,16615.43491,-12718.97983
PLDV,TotSales,Brooklyn Park,2025,3875.021582,16794.67636,-12919.65478
PLDV,TotSales,Brooklyn Park,2030,3667.550196,17353.56877,-13686.01857
PLDV,TotSales,Brooklyn Park,2035,3592.210236,17760.24616,-14168.03592
PLDV,TotSales,Brooklyn Park,2040,2960.784247,18182.55439,-15221.77014
PLDV,TotSales,Brooklyn Park,2045,2760.673369,18767.66334,-16006.98997
PLDV,TotSales,Brooklyn Park,2050,2560.562492,19352.77228,-16792.20979
PLDV,SISales,Brooklyn Park,2015,3833.723255,15000.75283,-11167.02958
PLDV,SISales,Brooklyn Park,2018,3786.605071,15662.84253,-11876.23746
PLDV,SISales,Brooklyn Park,2020,3755.192948,16104.23566,-12349.04271
PLDV,SISales,Brooklyn Park,2025,3608.601791,14891.20275,-11282.60096
PLDV,SISales,Brooklyn Park,2030,3122.550503,15165.71735,-12043.16685
PLDV,SISales,Brooklyn Park,2035,2480.056588,15380.84115,-12900.78456
PLDV,SISales,Brooklyn Park,2040,1259.424677,14571.04116,-13311.61648
PLDV,SISales,Brooklyn Park,2045,744.5649608,14485.09883,-13740.53387
PLDV,SISales,Brooklyn Park,2050,229.7052451,14399.15649,-14169.45124
PLDV,CISales,Brooklyn Park,2015,51.26726354,218.24485,-166.9775865
PLDV,CISales,Brooklyn Park,2018,52.22726578,241.59209,-189.3648242
PLDV,CISales,Brooklyn Park,2020,52.86726727,257.15691,-204.2896427
PLDV,CISales,Brooklyn Park,2025,54.8491151,268.61066,-213.7615449
PLDV,CISales,Brooklyn Park,2030,50.09350267,263.7212,-213.6276973
PLDV,CISales,Brooklyn Park,2035,46.64391387,256.38276,-209.7388461
PLDV,CISales,Brooklyn Park,2040,36.76354887,252.00991,-215.2463611
PLDV,CISales,Brooklyn Park,2045,33.86280593,258.76292,-224.9001141
PLDV,CISales,Brooklyn Park,2050,30.96206299,265.51593,-234.553867
PLDV,HEVSales,Brooklyn Park,2015,64.26694022,31.09394,33.17300022
PLDV,HEVSales,Brooklyn Park,2018,63.72038328,80.43536,-16.71497672
PLDV,HEVSales,Brooklyn Park,2020,63.35601198,113.32963,-49.97361802
PLDV,HEVSales,Brooklyn Park,2025,113.3668013,218.23189,-104.8650887
PLDV,HEVSales,Brooklyn Park,2030,188.7879659,433.44637,-244.6584041
PLDV,HEVSales,Brooklyn Park,2035,233.650762,708.04059,-474.389828
PLDV,HEVSales,Brooklyn Park,2040,219.5844437,995.85809,-776.2736463
PLDV,HEVSales,Brooklyn Park,2045,250.6479444,1188.81092,-938.1629756
PLDV,HEVSales,Brooklyn Park,2050,281.7114451,1381.76375,-1100.052305
PLDV,PHEVSales,Brooklyn Park,2015,5.47270198,2.79236,2.68034198
PLDV,PHEVSales,Brooklyn Park,2018,15.85109144,29.48128,-13.63018856
PLDV,PHEVSales,Brooklyn Park,2020,22.77001774,47.27389,-24.50387226
PLDV,PHEVSales,Brooklyn Park,2025,63.55357683,443.88109,-380.3275132
PLDV,PHEVSales,Brooklyn Park,2030,145.0857762,604.46963,-459.3838538
PLDV,PHEVSales,Brooklyn Park,2035,281.545654,654.61824,-373.072586
PLDV,PHEVSales,Brooklyn Park,2040,572.2060731,883.50639,-311.3003169
PLDV,PHEVSales,Brooklyn Park,2045,685.5527473,1059.6492,-374.0964527
PLDV,PHEVSales,Brooklyn Park,2050,798.8994215,1235.79201,-436.8925885
PLDV,BEVSales,Brooklyn Park,2015,6.60847226,4.12568,2.48279226
PLDV,BEVSales,Brooklyn Park,2018,4.00469144,57.71355,-53.70885856
PLDV,BEVSales,Brooklyn Park,2020,2.26883757,93.43881,-91.16997243
PLDV,BEVSales,Brooklyn Park,2025,34.65029807,972.74997,-938.0996719
PLDV,BEVSales,Brooklyn Park,2030,161.0324479,886.21422,-725.1817721
PLDV,BEVSales,Brooklyn Park,2035,550.3133186,760.36342,-210.0501014
PLDV,BEVSales,Brooklyn Park,2040,872.8055045,1480.13884,-607.3333355
PLDV,BEVSales,Brooklyn Park,2045,1046.044911,1775.34147,-729.296559
PLDV,BEVSales,Brooklyn Park,2050,1219.284317,2070.5441,-851.259783
PLDV,TotSales,Burnsville,2015,2765.358815,12690.99545,-9925.636635
PLDV,TotSales,Burnsville,2018,2767.800409,13077.46146,-10309.66105
PLDV,TotSales,Burnsville,2020,2769.428138,13335.10547,-10565.67733
PLDV,TotSales,Burnsville,2025,2931.982342,13261.67228,-10329.68994
PLDV,TotSales,Burnsville,2030,2753.917244,13459.39206,-10705.47482
PLDV,TotSales,Burnsville,2035,2532.55849,13540.83547,-11008.27698
PLDV,TotSales,Burnsville,2040,1896.003901,13637.88695,-11741.88305
PLDV,TotSales,Burnsville,2045,1722.132918,13827.26525,-12105.13233
PLDV,TotSales,Burnsville,2050,1548.261936,14016.64355,-12468.38161
PLDV,SISales,Burnsville,2015,2674.583646,12481.76643,-9807.182784
PLDV,SISales,Burnsville,2018,2670.765724,12778.60566,-10107.83994
PLDV,SISales,Burnsville,2020,2668.220443,12976.49847,-10308.27803
PLDV,SISales,Burnsville,2025,2746.931055,12141.47917,-9394.548115
PLDV,SISales,Burnsville,2030,2398.18461,12107.79069,-9709.60608
PLDV,SISales,Burnsville,2035,1881.656741,12011.94797,-10130.29123
PLDV,SISales,Burnsville,2040,945.8984263,11384.97276,-10439.07433
PLDV,SISales,Burnsville,2045,600.1613825,11165.61403,-10565.45265
PLDV,SISales,Burnsville,2050,254.4243386,10946.2553,-10691.83096
PLDV,CISales,Burnsville,2015,38.29876076,181.86869,-143.5699292
PLDV,CISales,Burnsville,2018,39.09582705,195.9851,-156.889273
PLDV,CISales,Burnsville,2020,39.62720457,205.39604,-165.7688354
PLDV,CISales,Burnsville,2025,42.08790123,215.57544,-173.4875388
PLDV,CISales,Burnsville,2030,39.91071152,211.75193,-171.8412185
PLDV,CISales,Burnsville,2035,37.5104682,205.60558,-168.0951118
PLDV,CISales,Burnsville,2040,29.30120634,204.71518,-175.4139737
PLDV,CISales,Burnsville,2045,27.50169546,209.28448,-181.7827845
PLDV,CISales,Burnsville,2050,25.70218457,213.85378,-188.1515954
PLDV,HEVSales,Burnsville,2015,47.89781129,24.29795,23.59986129
PLDV,HEVSales,Burnsville,2018,48.10529056,62.13245,-14.02715944
PLDV,HEVSales,Burnsville,2020,48.24361008,87.35545,-39.11183992
PLDV,HEVSales,Burnsville,2025,89.97895937,177.51327,-87.53431063
PLDV,HEVSales,Burnsville,2030,153.0451189,353.36511,-200.3199911
PLDV,HEVSales,Burnsville,2035,186.4130225,573.41663,-387.0036075
PLDV,HEVSales,Burnsville,2040,173.1068058,809.36538,-636.2585742
PLDV,HEVSales,Burnsville,2045,198.1486047,966.37886,-768.2302553
PLDV,HEVSales,Burnsville,2050,223.1904036,1123.39235,-900.2019464
PLDV,PHEVSales,Burnsville,2015,2.53503854,1.47754,1.05749854
PLDV,PHEVSales,Burnsville,2018,8.44819685,16.01802,-7.56982315
PLDV,PHEVSales,Burnsville,2020,12.39030239,25.71168,-13.32137761
PLDV,PHEVSales,Burnsville,2025,35.91725591,255.03513,-219.1178741
PLDV,PHEVSales,Burnsville,2030,83.05848667,353.43549,-270.3770033
PLDV,PHEVSales,Burnsville,2035,160.3554391,380.42556,-220.0701209
PLDV,PHEVSales,Burnsville,2040,321.5386453,507.78212,-186.2434747
PLDV,PHEVSales,Burnsville,2045,385.3393667,609.04303,-223.7036633
PLDV,PHEVSales,Burnsville,2050,449.140088,710.30395,-261.163862
PLDV,BEVSales,Burnsville,2015,2.04355883,1.58484,0.45871883
PLDV,BEVSales,Burnsville,2018,1.38536995,24.72023,-23.33486005
PLDV,BEVSales,Burnsville,2020,0.94657736,40.14383,-39.19725264
PLDV,BEVSales,Burnsville,2025,17.06716982,472.06926,-455.0020902
PLDV,BEVSales,Burnsville,2030,79.71831774,433.04884,-353.3305223
PLDV,BEVSales,Burnsville,2035,266.6228188,369.43973,-102.8169112
PLDV,BEVSales,Burnsville,2040,426.1588174,731.05151,-304.8926926
PLDV,BEVSales,Burnsville,2045,510.9818691,876.94485,-365.9629809
PLDV,BEVSales,Burnsville,2050,595.8049208,1022.83818,-427.0332592
PLDV,TotSales,Camden Twp.,2015,17.59735758,225.2984,-207.7010424
PLDV,TotSales,Camden Twp.,2018,19.49432421,228.1002,-208.6058758
PLDV,TotSales,Camden Twp.,2020,20.75896863,229.96807,-209.2091014
PLDV,TotSales,Camden Twp.,2025,28.41945045,228.21258,-199.7931296
PLDV,TotSales,Camden Twp.,2030,33.64851831,228.40009,-194.7515717
PLDV,TotSales,Camden Twp.,2035,37.26667281,225.73491,-188.4682372
PLDV,TotSales,Camden Twp.,2040,31.82853584,223.39487,-191.5663342
PLDV,TotSales,Camden Twp.,2045,34.67477149,223.01417,-188.3393985
PLDV,TotSales,Camden Twp.,2050,37.52100715,222.63346,-185.1124529
PLDV,SISales,Camden Twp.,2015,16.88223192,221.78542,-204.9031881
PLDV,SISales,Camden Twp.,2018,18.67298714,223.92715,-205.2541629
PLDV,SISales,Camden Twp.,2020,19.86682395,225.35496,-205.4881361
PLDV,SISales,Camden Twp.,2025,26.36123504,214.06304,-187.701805
PLDV,SISales,Camden Twp.,2030,28.29857764,207.96745,-179.6688724
PLDV,SISales,Camden Twp.,2035,25.40263955,199.26076,-173.8581205
PLDV,SISales,Camden Twp.,2040,13.29451214,180.68355,-167.3890379
PLDV,SISales,Camden Twp.,2045,12.57696819,172.46318,-159.8862118
PLDV,SISales,Camden Twp.,2050,11.85942423,164.2428,-152.3833758
PLDV,CISales,Camden Twp.,2015,0.2957794,3.19161,-2.8958306
PLDV,CISales,Camden Twp.,2018,0.31603696,3.09835,-2.78231304
PLDV,CISales,Camden Twp.,2020,0.329542,3.03618,-2.706638
PLDV,CISales,Camden Twp.,2025,0.41078287,2.75293,-2.34214713
PLDV,CISales,Camden Twp.,2030,0.50184128,2.90874,-2.40689872
PLDV,CISales,Camden Twp.,2035,0.55979344,3.13987,-2.58007656
PLDV,CISales,Camden Twp.,2040,0.45059299,3.2644,-2.81380701
PLDV,CISales,Camden Twp.,2045,0.48155571,3.27895,-2.79739429
PLDV,CISales,Camden Twp.,2050,0.51251843,3.29351,-2.78099157
PLDV,HEVSales,Camden Twp.,2015,0.38463749,0.2969,0.08773749
PLDV,HEVSales,Camden Twp.,2018,0.41701933,0.67889,-0.26187067
PLDV,HEVSales,Camden Twp.,2020,0.43860722,0.93355,-0.49494278
PLDV,HEVSales,Camden Twp.,2025,0.97729497,2.19825,-1.22095503
PLDV,HEVSales,Camden Twp.,2030,2.09872938,5.05027,-2.95154062
PLDV,HEVSales,Camden Twp.,2035,2.82637538,9.16492,-6.33854462
PLDV,HEVSales,Camden Twp.,2040,2.70682536,13.3672,-10.66037464
PLDV,HEVSales,Camden Twp.,2045,3.17126293,15.98127,-12.81000707
PLDV,HEVSales,Camden Twp.,2050,3.63570051,18.59533,-14.95962949
PLDV,PHEVSales,Camden Twp.,2015,0.02018609,0.01217,0.00801609
PLDV,PHEVSales,Camden Twp.,2018,0.07700433,0.15386,-0.07685567
PLDV,PHEVSales,Camden Twp.,2020,0.11488315,0.24833,-0.13344685
PLDV,PHEVSales,Camden Twp.,2025,0.41038346,3.10516,-2.69477654
PLDV,PHEVSales,Camden Twp.,2030,1.16616627,5.25104,-4.08487373
PLDV,PHEVSales,Camden Twp.,2035,2.51595299,6.32733,-3.81137701
PLDV,PHEVSales,Camden Twp.,2040,5.1562056,8.50893,-3.3527244
PLDV,PHEVSales,Camden Twp.,2045,6.1834095,10.20829,-4.0248805
PLDV,PHEVSales,Camden Twp.,2050,7.21061341,11.90764,-4.69702659
PLDV,BEVSales,Camden Twp.,2015,0.01452268,0.0123,0.00222268
PLDV,BEVSales,Camden Twp.,2018,0.01127645,0.24195,-0.23067355
PLDV,BEVSales,Camden Twp.,2020,0.0091123,0.39505,-0.3859377
PLDV,BEVSales,Camden Twp.,2025,0.25975411,6.0932,-5.83344589
PLDV,BEVSales,Camden Twp.,2030,1.58320374,7.22258,-5.63937626
PLDV,BEVSales,Camden Twp.,2035,5.96191145,7.84202,-1.88010855
PLDV,BEVSales,Camden Twp.,2040,10.22039975,17.57079,-7.35039025
PLDV,BEVSales,Camden Twp.,2045,12.26157516,21.08248,-8.82090484
PLDV,BEVSales,Camden Twp.,2050,14.30275057,24.59418,-10.29142943
PLDV,TotSales,Carver,2015,86.20396642,1103.80273,-1017.598764
PLDV,TotSales,Carver,2018,111.657034,1296.47149,-1184.814456
PLDV,TotSales,Carver,2020,128.6257458,1424.91733,-1296.291584
PLDV,TotSales,Carver,2025,238.2011401,1912.79198,-1674.59084
PLDV,TotSales,Carver,2030,355.1357639,2410.59764,-2055.461876
PLDV,TotSales,Carver,2035,501.6054303,3038.36772,-2536.76229
PLDV,TotSales,Carver,2040,521.4358245,3659.80044,-3138.364616
PLDV,TotSales,Carver,2045,608.4821961,4170.99999,-3562.517794
PLDV,TotSales,Carver,2050,695.5285677,4682.19953,-3986.670962
PLDV,SISales,Carver,2015,82.71098927,1086.59161,-1003.880621
PLDV,SISales,Carver,2018,106.9431242,1272.43694,-1165.493816
PLDV,SISales,Carver,2020,123.0978809,1396.33382,-1273.235939
PLDV,SISales,Carver,2025,220.949953,1794.19583,-1573.245877
PLDV,SISales,Carver,2030,298.6710111,2194.946,-1896.274989
PLDV,SISales,Carver,2035,341.9168115,2682.02856,-2340.111749
PLDV,SISales,Carver,2040,217.7993652,2960.07572,-2742.276355
PLDV,SISales,Carver,2045,244.8170404,3334.77254,-3089.9555
PLDV,SISales,Carver,2050,271.8347155,3709.46936,-3437.634645
PLDV,CISales,Carver,2015,1.44910973,15.63663,-14.18752027
PLDV,CISales,Carver,2018,1.80477948,17.54223,-15.73745052
PLDV,CISales,Carver,2020,2.04189266,18.81263,-16.77073734
PLDV,CISales,Carver,2025,3.44302741,23.074,-19.63097259
PLDV,CISales,Carver,2030,5.29657163,30.69962,-25.40304837
PLDV,CISales,Carver,2035,7.53475984,42.26238,-34.72762016
PLDV,CISales,Carver,2040,7.38190815,53.47948,-46.09757185
PLDV,CISales,Carver,2045,8.56846784,61.04805,-52.47958216
PLDV,CISales,Carver,2050,9.75502752,68.61662,-58.86159248
PLDV,HEVSales,Carver,2015,1.8844515,1.45459,0.4298615
PLDV,HEVSales,Carver,2018,2.38438708,4.0525,-1.66811292
PLDV,HEVSales,Carver,2020,2.71767747,5.78444,-3.06676253
PLDV,HEVSales,Carver,2025,8.19131872,18.4249,-10.23358128
PLDV,HEVSales,Carver,2030,22.15057006,53.30197,-31.15139994
PLDV,HEVSales,Carver,2035,38.04271028,123.3589,-85.31618972
PLDV,HEVSales,Carver,2040,44.3449777,218.99025,-174.6452723
PLDV,HEVSales,Carver,2045,52.83708294,262.49738,-209.6602971
PLDV,HEVSales,Carver,2050,61.32918818,306.00451,-244.6753218
PLDV,PHEVSales,Carver,2015,0.0933511,0.05963,0.0337211
PLDV,PHEVSales,Carver,2018,0.46444059,0.94705,-0.48260941
PLDV,PHEVSales,Carver,2020,0.71183358,1.53866,-0.82682642
PLDV,PHEVSales,Carver,2025,3.43967976,26.0263,-22.58662024
PLDV,PHEVSales,Carver,2030,12.30804117,55.42098,-43.11293883
PLDV,PHEVSales,Carver,2035,33.86445814,85.16517,-51.30071186
PLDV,PHEVSales,Carver,2040,84.47232169,139.39891,-54.92658831
PLDV,PHEVSales,Carver,2045,101.3481158,167.26677,-65.9186542
PLDV,PHEVSales,Carver,2050,118.2239099,195.13463,-76.9107201
PLDV,BEVSales,Carver,2015,0.06606483,0.06026,0.00580483
PLDV,BEVSales,Carver,2018,0.06030265,1.49277,-1.43246735
PLDV,BEVSales,Carver,2020,0.0564612,2.44778,-2.3913188
PLDV,BEVSales,Carver,2025,2.17716119,51.07095,-48.89378881
PLDV,BEVSales,Carver,2030,16.70956993,76.22909,-59.51952007
PLDV,BEVSales,Carver,2035,80.24669052,105.55271,-25.30601948
PLDV,BEVSales,Carver,2040,167.4372518,287.85608,-120.4188282
PLDV,BEVSales,Carver,2045,200.9114892,345.41525,-144.5037608
PLDV,BEVSales,Carver,2050,234.3857266,402.97441,-168.5886834
PLDV,TotSales,Castle Rock Twp.,2015,43.40673944,392.07993,-348.6731906
PLDV,TotSales,Castle Rock Twp.,2018,46.68649405,397.67516,-350.988666
PLDV,TotSales,Castle Rock Twp.,2020,48.87299713,401.40531,-352.5323129
PLDV,TotSales,Castle Rock Twp.,2025,62.25009677,396.24477,-333.9946732
PLDV,TotSales,Castle Rock Twp.,2030,66.84085954,395.78794,-328.9470805
PLDV,TotSales,Castle Rock Twp.,2035,66.83325964,392.32003,-325.4867704
PLDV,TotSales,Castle Rock Twp.,2040,52.12405523,389.39841,-337.2743548
PLDV,TotSales,Castle Rock Twp.,2045,53.86751839,388.86211,-334.9945916
PLDV,TotSales,Castle Rock Twp.,2050,55.61098154,388.3258,-332.7148185
PLDV,SISales,Castle Rock Twp.,2015,41.67170172,385.83572,-344.1640183
PLDV,SISales,Castle Rock Twp.,2018,44.75373862,389.85094,-345.0972014
PLDV,SISales,Castle Rock Twp.,2020,46.80842988,392.52776,-345.7193301
PLDV,SISales,Castle Rock Twp.,2025,57.94559013,370.32589,-312.3802999
PLDV,SISales,Castle Rock Twp.,2030,57.1887254,359.72747,-302.5387446
PLDV,SISales,Castle Rock Twp.,2035,48.2614726,347.55222,-299.2907474
PLDV,SISales,Castle Rock Twp.,2040,24.80681874,322.39643,-297.5896113
PLDV,SISales,Castle Rock Twp.,2045,21.43384215,309.70857,-288.2747279
PLDV,SISales,Castle Rock Twp.,2050,18.06086555,297.02072,-278.9598545
PLDV,CISales,Castle Rock Twp.,2015,0.7247167,5.59334,-4.8686233
PLDV,CISales,Castle Rock Twp.,2018,0.74881861,5.61522,-4.86640139
PLDV,CISales,Castle Rock Twp.,2020,0.76488655,5.6298,-4.86491345
PLDV,CISales,Castle Rock Twp.,2025,0.90161999,5.46311,-4.56149001
PLDV,CISales,Castle Rock Twp.,2030,1.00385316,5.62773,-4.62387684
PLDV,CISales,Castle Rock Twp.,2035,1.0458889,5.81144,-4.7655511
PLDV,CISales,Castle Rock Twp.,2040,0.82552689,5.9564,-5.13087311
PLDV,CISales,Castle Rock Twp.,2045,0.84568893,6.02901,-5.18332107
PLDV,CISales,Castle Rock Twp.,2050,0.86585097,6.10162,-5.23576903
PLDV,HEVSales,Castle Rock Twp.,2015,0.94976219,0.59917,0.35059219
PLDV,HEVSales,Castle Rock Twp.,2018,0.99238343,1.4559,-0.46351657
PLDV,HEVSales,Castle Rock Twp.,2020,1.0207976,2.02705,-1.0062524
PLDV,HEVSales,Castle Rock Twp.,2025,2.13846139,4.65162,-2.51315861
PLDV,HEVSales,Castle Rock Twp.,2030,4.20574033,10.02145,-5.81570967
PLDV,HEVSales,Castle Rock Twp.,2035,5.28740917,17.15325,-11.86584083
PLDV,HEVSales,Castle Rock Twp.,2040,4.94066538,24.48063,-19.53996462
PLDV,HEVSales,Castle Rock Twp.,2045,5.73884602,29.25692,-23.51807398
PLDV,HEVSales,Castle Rock Twp.,2050,6.53702666,34.03321,-27.49618334
PLDV,PHEVSales,Castle Rock Twp.,2015,0.04064605,0.02997,0.01067605
PLDV,PHEVSales,Castle Rock Twp.,2018,0.17453195,0.3541,-0.17956805
PLDV,PHEVSales,Castle Rock Twp.,2020,0.26378921,0.57018,-0.30639079
PLDV,PHEVSales,Castle Rock Twp.,2025,0.88162387,6.62956,-5.74793613
PLDV,PHEVSales,Castle Rock Twp.,2030,2.28307656,10.31014,-8.02706344
PLDV,PHEVSales,Castle Rock Twp.,2035,4.55488325,11.55875,-7.00386675
PLDV,PHEVSales,Castle Rock Twp.,2040,9.03818065,14.97397,-5.93578935
PLDV,PHEVSales,Castle Rock Twp.,2045,10.83768757,17.96277,-7.12508243
PLDV,PHEVSales,Castle Rock Twp.,2050,12.63719449,20.95158,-8.31438551
PLDV,BEVSales,Castle Rock Twp.,2015,0.01991278,0.02173,-0.00181722
PLDV,BEVSales,Castle Rock Twp.,2018,0.01702144,0.399,-0.38197856
PLDV,BEVSales,Castle Rock Twp.,2020,0.01509388,0.65052,-0.63542612
PLDV,BEVSales,Castle Rock Twp.,2025,0.38280139,9.1746,-8.79179861
PLDV,BEVSales,Castle Rock Twp.,2030,2.15946409,10.10116,-7.94169591
PLDV,BEVSales,Castle Rock Twp.,2035,7.68360572,10.24438,-2.56077428
PLDV,BEVSales,Castle Rock Twp.,2040,12.51286356,21.59098,-9.07811644
PLDV,BEVSales,Castle Rock Twp.,2045,15.01145372,25.90482,-10.89336628
PLDV,BEVSales,Castle Rock Twp.,2050,17.51004387,30.21867,-12.70862613
PLDV,TotSales,Cedar Lake Twp.,2015,66.12451673,798.84316,-732.7186433
PLDV,TotSales,Cedar Lake Twp.,2018,75.92925115,839.90381,-763.9745589
PLDV,TotSales,Cedar Lake Twp.,2020,82.46574076,867.27758,-784.8118392
PLDV,TotSales,Cedar Lake Twp.,2025,120.0852871,916.52844,-796.4431529
PLDV,TotSales,Cedar Lake Twp.,2030,144.6516038,973.33388,-828.6822762
PLDV,TotSales,Cedar Lake Twp.,2035,153.0556905,1022.26192,-869.2062295
PLDV,TotSales,Cedar Lake Twp.,2040,117.0402712,1071.67768,-954.6374088
PLDV,TotSales,Cedar Lake Twp.,2045,127.2234221,1126.24458,-999.0211579
PLDV,TotSales,Cedar Lake Twp.,2050,137.4065729,1180.81148,-1043.404907
PLDV,SISales,Cedar Lake Twp.,2015,63.49019926,786.38372,-722.8935207
PLDV,SISales,Cedar Lake Twp.,2018,72.88834584,825.14215,-752.2538042
PLDV,SISales,Cedar Lake Twp.,2020,79.15377689,850.9811,-771.8273231
PLDV,SISales,Cedar Lake Twp.,2025,113.0371543,882.39546,-769.3583057
PLDV,SISales,Cedar Lake Twp.,2030,128.2836618,917.7487,-789.4650382
PLDV,SISales,Cedar Lake Twp.,2035,122.410467,938.71826,-816.307793
PLDV,SISales,Cedar Lake Twp.,2040,71.10073637,935.7426,-864.6418636
PLDV,SISales,Cedar Lake Twp.,2045,72.62284379,965.61437,-892.9915262
PLDV,SISales,Cedar Lake Twp.,2050,74.14495122,995.48615,-921.3411988
PLDV,CISales,Cedar Lake Twp.,2015,1.13240538,11.33825,-10.20584462
PLDV,CISales,Cedar Lake Twp.,2018,1.24599848,11.52459,-10.27859152
PLDV,CISales,Cedar Lake Twp.,2020,1.32172722,11.64881,-10.32708278
PLDV,CISales,Cedar Lake Twp.,2025,1.76000819,11.67988,-9.91987181
PLDV,CISales,Cedar Lake Twp.,2030,2.26924277,13.12691,-10.85766723
PLDV,CISales,Cedar Lake Twp.,2035,2.68944126,14.97731,-12.28786874
PLDV,CISales,Cedar Lake Twp.,2040,2.38068687,16.98841,-14.60772313
PLDV,CISales,Cedar Lake Twp.,2045,2.63034316,18.11844,-15.48809684
PLDV,CISales,Cedar Lake Twp.,2050,2.87999946,19.24847,-16.36847054
PLDV,HEVSales,Cedar Lake Twp.,2015,1.47995457,1.08729,0.39266457
PLDV,HEVSales,Cedar Lake Twp.,2018,1.66423551,2.70529,-1.04105449
PLDV,HEVSales,Cedar Lake Twp.,2020,1.78708947,3.78395,-1.99686053
PLDV,HEVSales,Cedar Lake Twp.,2025,4.23173462,9.65852,-5.42678538
PLDV,HEVSales,Cedar Lake Twp.,2030,9.6418792,23.28031,-13.6384308
PLDV,HEVSales,Cedar Lake Twp.,2035,13.80367983,44.50759,-30.70391017
PLDV,HEVSales,Cedar Lake Twp.,2040,14.71256659,71.03424,-56.32167341
PLDV,HEVSales,Cedar Lake Twp.,2045,17.35908899,85.02363,-67.66454101
PLDV,HEVSales,Cedar Lake Twp.,2050,20.0056114,99.01302,-79.0074086
PLDV,PHEVSales,Cedar Lake Twp.,2015,0.01472181,0.01957,-0.00484819
PLDV,PHEVSales,Cedar Lake Twp.,2018,0.12155097,0.26202,-0.14046903
PLDV,PHEVSales,Cedar Lake Twp.,2020,0.19277041,0.42365,-0.23087959
PLDV,PHEVSales,Cedar Lake Twp.,2025,0.7192559,5.58867,-4.8694141
PLDV,PHEVSales,Cedar Lake Twp.,2030,2.22367381,9.96688,-7.74320619
PLDV,PHEVSales,Cedar Lake Twp.,2035,5.17401566,12.79198,-7.61796434
PLDV,PHEVSales,Cedar Lake Twp.,2040,11.66420763,18.92834,-7.26413237
PLDV,PHEVSales,Cedar Lake Twp.,2045,13.9941048,22.7101,-8.7159952
PLDV,PHEVSales,Cedar Lake Twp.,2050,16.32400196,26.49185,-10.16784804
PLDV,BEVSales,Cedar Lake Twp.,2015,0.00723571,0.01433,-0.00709429
PLDV,BEVSales,Cedar Lake Twp.,2018,0.00912034,0.26977,-0.26064966
PLDV,BEVSales,Cedar Lake Twp.,2020,0.01037677,0.44006,-0.42968323
PLDV,BEVSales,Cedar Lake Twp.,2025,0.33713407,7.20591,-6.86877593
PLDV,BEVSales,Cedar Lake Twp.,2030,2.23314615,9.21108,-6.97793385
PLDV,BEVSales,Cedar Lake Twp.,2035,8.97808673,11.26679,-2.28870327
PLDV,BEVSales,Cedar Lake Twp.,2040,17.18207371,28.98409,-11.80201629
PLDV,BEVSales,Cedar Lake Twp.,2045,20.61704131,34.77804,-14.16099869
PLDV,BEVSales,Cedar Lake Twp.,2050,24.05200891,40.57199,-16.51998109
PLDV,TotSales,Centerville,2015,137.9912608,884.47943,-746.4881692
PLDV,TotSales,Centerville,2018,144.2265161,908.25326,-764.0267439
PLDV,TotSales,Centerville,2020,148.383353,924.10248,-775.719127
PLDV,TotSales,Centerville,2025,179.0054994,923.87195,-744.8664506
PLDV,TotSales,Centerville,2030,176.5953757,938.09353,-761.4981543
PLDV,TotSales,Centerville,2035,159.5197118,945.90622,-786.3865082
PLDV,TotSales,Centerville,2040,109.9729623,954.77495,-844.8019877
PLDV,TotSales,Centerville,2045,104.3693026,968.83405,-864.4647474
PLDV,TotSales,Centerville,2050,98.76564285,982.89316,-884.1275172
PLDV,SISales,Centerville,2015,132.5166725,870.00358,-737.4869075
PLDV,SISales,Centerville,2018,138.480031,889.36898,-750.888949
PLDV,SISales,Centerville,2020,142.4556034,902.27925,-759.8236466
PLDV,SISales,Centerville,2025,168.0317559,871.18161,-703.1498541
PLDV,SISales,Centerville,2030,155.7984424,865.42379,-709.6253476
PLDV,SISales,Centerville,2035,126.5648901,855.00665,-728.4417599
PLDV,SISales,Centerville,2040,65.66441671,825.36292,-759.6985033
PLDV,SISales,Centerville,2045,52.29396554,816.43479,-764.1408245
PLDV,SISales,Centerville,2050,38.92351437,807.50666,-768.5831456
PLDV,CISales,Centerville,2015,2.31703852,12.75142,-10.43438148
PLDV,CISales,Centerville,2018,2.30479156,13.44985,-11.14505844
PLDV,CISales,Centerville,2020,2.29662692,13.91547,-11.61884308
PLDV,CISales,Centerville,2025,2.61233969,14.62989,-12.01755031
PLDV,CISales,Centerville,2030,2.70587286,14.83107,-12.12519714
PLDV,CISales,Centerville,2035,2.69372646,14.91834,-12.22461354
PLDV,CISales,Centerville,2040,2.13925329,15.43841,-13.29915671
PLDV,CISales,Centerville,2045,2.10369624,15.97581,-13.87211376
PLDV,CISales,Centerville,2050,2.0681392,16.51321,-14.4450708
PLDV,HEVSales,Centerville,2015,3.08241512,1.62888,1.45353512
PLDV,HEVSales,Centerville,2018,3.09570886,4.15967,-1.06396114
PLDV,HEVSales,Centerville,2020,3.10457136,5.84686,-2.74228864
PLDV,HEVSales,Centerville,2025,6.2230921,13.21834,-6.9952479
PLDV,HEVSales,Centerville,2030,11.45140535,27.13607,-15.68466465
PLDV,HEVSales,Centerville,2035,13.65990158,44.667,-31.00709842
PLDV,HEVSales,Centerville,2040,12.74664083,63.82411,-51.07746917
PLDV,HEVSales,Centerville,2045,14.67948597,76.26315,-61.58366403
PLDV,HEVSales,Centerville,2050,16.61233111,88.70219,-72.08985889
PLDV,PHEVSales,Centerville,2015,0.05550488,0.06117,-0.00566512
PLDV,PHEVSales,Centerville,2018,0.32456466,0.68122,-0.35665534
PLDV,PHEVSales,Centerville,2020,0.50393785,1.09458,-0.59064215
PLDV,PHEVSales,Centerville,2025,1.60523245,12.02238,-10.41714755
PLDV,PHEVSales,Centerville,2030,3.84162149,17.50757,-13.66594851
PLDV,PHEVSales,Centerville,2035,7.20799853,18.64792,-11.43992147
PLDV,PHEVSales,Centerville,2040,14.17983169,23.72161,-9.54177831
PLDV,PHEVSales,Centerville,2045,17.00469705,28.4537,-11.44900295
PLDV,PHEVSales,Centerville,2050,19.82956241,33.18579,-13.35622759
PLDV,BEVSales,Centerville,2015,0.01962973,0.03438,-0.01475027
PLDV,BEVSales,Centerville,2018,0.02141996,0.59354,-0.57212004
PLDV,BEVSales,Centerville,2020,0.02261345,0.96632,-0.94370655
PLDV,BEVSales,Centerville,2025,0.53307927,12.81972,-12.28664073
PLDV,BEVSales,Centerville,2030,2.79803357,13.19502,-10.39698643
PLDV,BEVSales,Centerville,2035,9.39319514,12.66632,-3.27312486
PLDV,BEVSales,Centerville,2040,15.24281975,26.4279,-11.18508025
PLDV,BEVSales,Centerville,2045,18.28745775,31.7066,-13.41914225
PLDV,BEVSales,Centerville,2050,21.33209576,36.98531,-15.65321424
PLDV,TotSales,Champlin,2015,1218.971025,4617.82849,-3398.857465
PLDV,TotSales,Champlin,2018,1171.759485,4753.01811,-3581.258625
PLDV,TotSales,Champlin,2020,1140.285125,4843.14453,-3702.859405
PLDV,TotSales,Champlin,2025,1162.118736,4909.16381,-3747.045074
PLDV,TotSales,Champlin,2030,1090.083376,5085.917,-3995.833624
PLDV,TotSales,Champlin,2035,1038.708118,5068.6863,-4029.978182
PLDV,TotSales,Champlin,2040,832.1423068,5058.06844,-4225.926133
PLDV,TotSales,Champlin,2045,754.7765631,5146.11643,-4391.339867
PLDV,TotSales,Champlin,2050,677.4108194,5234.16442,-4556.753601
PLDV,SISales,Champlin,2015,1168.054787,4535.89904,-3367.844253
PLDV,SISales,Champlin,2018,1120.498854,4615.29868,-3494.799826
PLDV,SISales,Champlin,2020,1088.794899,4668.23177,-3579.436871
PLDV,SISales,Champlin,2025,1068.621015,4242.85158,-3174.230565
PLDV,SISales,Champlin,2030,895.5341704,4312.28776,-3416.75359
PLDV,SISales,Champlin,2035,669.6721476,4255.06129,-3585.389142
PLDV,SISales,Champlin,2040,313.4098063,3904.48541,-3591.075604
PLDV,SISales,Champlin,2045,142.4808101,3778.20268,-3635.72187
PLDV,SISales,Champlin,2050,0,3651.91996,-3651.91996
PLDV,CISales,Champlin,2015,20.13461313,68.0269,-47.89228687
PLDV,CISales,Champlin,2018,18.73557356,76.89581,-58.16023644
PLDV,CISales,Champlin,2020,17.80288051,82.80842,-65.00553949
PLDV,CISales,Champlin,2025,16.63859143,86.36997,-69.73137857
PLDV,CISales,Champlin,2030,15.74989189,83.7598,-68.00990811
PLDV,CISales,Champlin,2035,14.54898049,79.49237,-64.94338951
PLDV,CISales,Champlin,2040,10.51826571,76.0468,-65.52853429
PLDV,CISales,Champlin,2045,8.59499623,77.65078,-69.05578377
PLDV,CISales,Champlin,2050,6.67172674,79.25476,-72.58303326
PLDV,HEVSales,Champlin,2015,26.32871346,11.50757,14.82114346
PLDV,HEVSales,Champlin,2018,24.68776938,29.69615,-5.00838062
PLDV,HEVSales,Champlin,2020,23.59380666,41.82188,-18.22807334
PLDV,HEVSales,Champlin,2025,39.25588275,80.86986,-41.61397725
PLDV,HEVSales,Champlin,2030,65.42139639,153.25824,-87.83684361
PLDV,HEVSales,Champlin,2035,72.81379475,236.032,-163.2182053
PLDV,HEVSales,Champlin,2040,61.76612082,310.58144,-248.8153192
PLDV,HEVSales,Champlin,2045,68.85360229,370.39621,-301.5426077
PLDV,HEVSales,Champlin,2050,75.94108376,430.21099,-354.2699062
PLDV,PHEVSales,Champlin,2015,2.64922537,1.25802,1.39120537
PLDV,PHEVSales,Champlin,2018,6.70051296,12.58808,-5.88756704
PLDV,PHEVSales,Champlin,2020,9.40137136,20.14145,-10.74007864
PLDV,PHEVSales,Champlin,2025,25.10028968,186.26524,-161.1649503
PLDV,PHEVSales,Champlin,2030,53.98414901,244.48046,-190.496311
PLDV,PHEVSales,Champlin,2035,94.28764548,241.64543,-147.3577845
PLDV,PHEVSales,Champlin,2040,170.5168992,285.42103,-114.9041308
PLDV,PHEVSales,Champlin,2045,204.090434,342.25363,-138.163196
PLDV,PHEVSales,Champlin,2050,237.6639688,399.08624,-161.4222712
PLDV,BEVSales,Champlin,2015,1.80368607,1.13696,0.66672607
PLDV,BEVSales,Champlin,2018,1.13677464,18.53939,-17.40261536
PLDV,BEVSales,Champlin,2020,0.69216702,30.14101,-29.44884298
PLDV,BEVSales,Champlin,2025,12.50295637,312.80716,-300.3042036
PLDV,BEVSales,Champlin,2030,59.39376818,292.13074,-232.7369718
PLDV,BEVSales,Champlin,2035,187.3855496,256.45521,-69.0696604
PLDV,BEVSales,Champlin,2040,275.9312148,481.53376,-205.6025452
PLDV,BEVSales,Champlin,2045,330.7567205,577.61312,-246.8563995
PLDV,BEVSales,Champlin,2050,385.5822262,673.69248,-288.1102538
PLDV,TotSales,Chanhassen,2015,1066.264204,6028.86538,-4962.601176
PLDV,TotSales,Chanhassen,2018,1137.87255,6412.21789,-5274.34534
PLDV,TotSales,Chanhassen,2020,1185.611448,6667.78623,-5482.174782
PLDV,TotSales,Chanhassen,2025,1414.580622,7158.55706,-5743.976438
PLDV,TotSales,Chanhassen,2030,1507.467702,7762.88024,-6255.412538
PLDV,TotSales,Chanhassen,2035,1587.696931,8373.55364,-6785.856709
PLDV,TotSales,Chanhassen,2040,1355.023357,8984.83343,-7629.810073
PLDV,TotSales,Chanhassen,2045,1412.775187,9576.02704,-8163.251853
PLDV,TotSales,Chanhassen,2050,1470.527018,10167.22065,-8696.693632
PLDV,SISales,Chanhassen,2015,1029.814763,5930.8667,-4901.051937
PLDV,SISales,Chanhassen,2018,1097.112676,6269.44166,-5172.328984
PLDV,SISales,Chanhassen,2020,1141.977952,6495.1583,-5353.180348
PLDV,SISales,Chanhassen,2025,1320.185888,6501.99406,-5181.808172
PLDV,SISales,Chanhassen,2030,1292.431055,6916.27834,-5623.847285
PLDV,SISales,Chanhassen,2035,1125.363621,7352.91182,-6227.548199
PLDV,SISales,Chanhassen,2040,609.017558,7314.5896,-6705.572042
PLDV,SISales,Chanhassen,2045,524.8581171,7591.33418,-7066.476063
PLDV,SISales,Chanhassen,2050,440.6986761,7868.07876,-7427.380084
PLDV,CISales,Chanhassen,2015,14.91896935,85.98977,-71.07080065
PLDV,CISales,Chanhassen,2018,15.99357266,92.93807,-76.94449734
PLDV,CISales,Chanhassen,2020,16.70997486,97.57027,-80.86029514
PLDV,CISales,Chanhassen,2025,20.19957936,106.5712,-86.37162064
PLDV,CISales,Chanhassen,2030,21.2392544,114.36948,-93.1302256
PLDV,CISales,Chanhassen,2035,21.97149609,121.56101,-99.58951391
PLDV,CISales,Chanhassen,2040,18.3789594,128.26624,-109.8872806
PLDV,CISales,Chanhassen,2045,19.07095742,136.72153,-117.6505726
PLDV,CISales,Chanhassen,2050,19.76295543,145.17682,-125.4138646
PLDV,HEVSales,Chanhassen,2015,19.04545394,10.47102,8.57443394
PLDV,HEVSales,Chanhassen,2018,20.05701726,27.40055,-7.34353274
PLDV,HEVSales,Chanhassen,2020,20.7313928,38.68689,-17.9554972
PLDV,HEVSales,Chanhassen,2025,43.51987078,87.21813,-43.69825922
PLDV,HEVSales,Chanhassen,2030,82.73515066,192.38719,-109.6520393
PLDV,HEVSales,Chanhassen,2035,110.2355349,342.26739,-232.0318551
PLDV,HEVSales,Chanhassen,2040,109.4019487,511.9102,-402.5082513
PLDV,HEVSales,Chanhassen,2045,127.4732477,612.19803,-484.7247823
PLDV,HEVSales,Chanhassen,2050,145.5445466,712.48587,-566.9413234
PLDV,PHEVSales,Chanhassen,2015,1.15444421,0.62186,0.53258421
PLDV,PHEVSales,Chanhassen,2018,3.82368504,7.32646,-3.50277496
PLDV,PHEVSales,Chanhassen,2020,5.60317892,11.79619,-6.19301108
PLDV,PHEVSales,Chanhassen,2025,18.36640951,131.19852,-112.8321105
PLDV,PHEVSales,Chanhassen,2030,47.22460359,202.84201,-155.6174064
PLDV,PHEVSales,Chanhassen,2035,99.54964565,239.65173,-140.1020844
PLDV,PHEVSales,Chanhassen,2040,214.1913104,339.15308,-124.9617696
PLDV,PHEVSales,Chanhassen,2045,256.7986836,406.85933,-150.0606464
PLDV,PHEVSales,Chanhassen,2050,299.4060569,474.56557,-175.1595131
PLDV,BEVSales,Chanhassen,2015,1.33057315,0.91603,0.41454315
PLDV,BEVSales,Chanhassen,2018,0.88559903,15.11116,-14.22556097
PLDV,BEVSales,Chanhassen,2020,0.58894961,24.57457,-23.98562039
PLDV,BEVSales,Chanhassen,2025,12.30887406,331.57514,-319.2662659
PLDV,BEVSales,Chanhassen,2030,63.83763881,337.00322,-273.1655812
PLDV,BEVSales,Chanhassen,2035,230.576634,317.16169,-86.585056
PLDV,BEVSales,Chanhassen,2040,404.03358,690.91431,-286.88073
PLDV,BEVSales,Chanhassen,2045,484.5741814,828.91397,-344.3397886
PLDV,BEVSales,Chanhassen,2050,565.1147828,966.91362,-401.7988372
PLDV,TotSales,Chaska,2015,905.5328398,6011.46985,-5105.93701
PLDV,TotSales,Chaska,2018,980.6339393,6357.67503,-5377.041091
PLDV,TotSales,Chaska,2020,1030.701339,6588.47848,-5557.777141
PLDV,TotSales,Chaska,2025,1300.230521,7066.10955,-5765.879029
PLDV,TotSales,Chaska,2030,1426.945028,7641.75173,-6214.806702
PLDV,TotSales,Chaska,2035,1520.339094,8159.5791,-6639.240006
PLDV,TotSales,Chaska,2040,1298.815661,8679.24432,-7380.428659
PLDV,TotSales,Chaska,2045,1377.472225,9212.79921,-7835.326985
PLDV,TotSales,Chaska,2050,1456.12879,9746.3541,-8290.22531
PLDV,SISales,Chaska,2015,871.2631259,5913.89807,-5042.634944
PLDV,SISales,Chaska,2018,941.8657771,6217.14219,-5275.276413
PLDV,SISales,Chaska,2020,988.9342113,6419.30493,-5430.370719
PLDV,SISales,Chaska,2025,1207.62149,6411.57528,-5203.95379
PLDV,SISales,Chaska,2030,1205.960884,6770.47931,-5564.518426
PLDV,SISales,Chaska,2035,1045.125474,7100.30363,-6055.178156
PLDV,SISales,Chaska,2040,549.032403,6966.4532,-6417.420797
PLDV,SISales,Chaska,2045,484.5862584,7176.96422,-6692.377962
PLDV,SISales,Chaska,2050,420.1401138,7387.47525,-6967.335136
PLDV,CISales,Chaska,2015,14.04296746,86.04205,-71.99908254
PLDV,CISales,Chaska,2018,14.98284125,92.37834,-77.39549875
PLDV,CISales,Chaska,2020,15.60942377,96.60254,-80.99311623
PLDV,CISales,Chaska,2025,18.69677476,104.35185,-85.65507524
PLDV,CISales,Chaska,2030,20.83204427,113.42688,-92.59483573
PLDV,CISales,Chaska,2035,22.08323371,121.88082,-99.79758629
PLDV,CISales,Chaska,2040,17.96976786,128.85764,-110.8878721
PLDV,CISales,Chaska,2045,18.75512794,137.42076,-118.6656321
PLDV,CISales,Chaska,2050,19.54048802,145.98388,-126.443392
PLDV,HEVSales,Chaska,2015,18.03716272,10.18881,7.84835272
PLDV,HEVSales,Chaska,2018,19.21200494,26.71811,-7.50610506
PLDV,HEVSales,Chaska,2020,19.99523308,37.73765,-17.74241692
PLDV,HEVSales,Chaska,2025,42.53752152,88.17531,-45.63778848
PLDV,HEVSales,Chaska,2030,83.89693683,196.83318,-112.9362432
PLDV,HEVSales,Chaska,2035,110.0531627,350.59314,-240.5399773
PLDV,HEVSales,Chaska,2040,105.6094448,517.70466,-412.0952152
PLDV,HEVSales,Chaska,2045,123.1239012,619.20783,-496.0839288
PLDV,HEVSales,Chaska,2050,140.6383576,720.711,-580.0726424
PLDV,PHEVSales,Chaska,2015,1.15688764,0.60718,0.54970764
PLDV,PHEVSales,Chaska,2018,3.84232321,7.39434,-3.55201679
PLDV,PHEVSales,Chaska,2020,5.63261359,11.91912,-6.28650641
PLDV,PHEVSales,Chaska,2025,18.95834562,138.60069,-119.6423444
PLDV,PHEVSales,Chaska,2030,49.35835874,218.73553,-169.3771713
PLDV,PHEVSales,Chaska,2035,102.8753537,256.23219,-153.3568363
PLDV,PHEVSales,Chaska,2040,213.2663501,349.51843,-136.2520799
PLDV,PHEVSales,Chaska,2045,255.6882426,419.30068,-163.6124374
PLDV,PHEVSales,Chaska,2050,298.1101351,489.08293,-190.9727949
PLDV,BEVSales,Chaska,2015,1.03269604,0.73373,0.29896604
PLDV,BEVSales,Chaska,2018,0.73099252,14.04204,-13.31104748
PLDV,BEVSales,Chaska,2020,0.52985683,22.91424,-22.38438317
PLDV,BEVSales,Chaska,2025,12.41638881,323.4064,-310.9900112
PLDV,BEVSales,Chaska,2030,66.89680488,342.27683,-275.3800251
PLDV,BEVSales,Chaska,2035,240.2018704,330.56931,-90.3674396
PLDV,BEVSales,Chaska,2040,412.9376953,716.71039,-303.7726947
PLDV,BEVSales,Chaska,2045,495.3186952,859.90572,-364.5870248
PLDV,BEVSales,Chaska,2050,577.699695,1003.10105,-425.401355
PLDV,TotSales,Circle Pines,2015,147.3549737,944.44121,-797.0862363
PLDV,TotSales,Circle Pines,2018,153.2539498,965.13291,-811.8789602
PLDV,TotSales,Circle Pines,2020,157.1866006,978.92738,-821.7407794
PLDV,TotSales,Circle Pines,2025,188.9145345,975.01384,-786.0993055
PLDV,TotSales,Circle Pines,2030,185.6937987,986.42532,-800.7315213
PLDV,TotSales,Circle Pines,2035,166.42216,986.83576,-820.4136
PLDV,TotSales,Circle Pines,2040,113.8543609,988.47289,-874.6185291
PLDV,TotSales,Circle Pines,2045,107.1542384,997.27922,-890.1249816
PLDV,TotSales,Circle Pines,2050,100.4541158,1006.08556,-905.6314442
PLDV,SISales,Circle Pines,2015,141.5004158,928.984,-787.4835842
PLDV,SISales,Circle Pines,2018,147.144469,945.07925,-797.934781
PLDV,SISales,Circle Pines,2020,150.9071711,955.80943,-804.9022589
PLDV,SISales,Circle Pines,2025,177.333328,919.40678,-742.073452
PLDV,SISales,Circle Pines,2030,163.8253804,910.01155,-746.1861696
PLDV,SISales,Circle Pines,2035,132.0413769,892.00295,-759.9615731
PLDV,SISales,Circle Pines,2040,67.98198436,854.49338,-786.5113956
PLDV,SISales,Circle Pines,2045,53.27829807,839.59525,-786.3169519
PLDV,SISales,Circle Pines,2050,38.57461179,824.69713,-786.1225182
PLDV,CISales,Circle Pines,2015,2.47411822,13.61588,-11.14176178
PLDV,CISales,Circle Pines,2018,2.44937564,14.29098,-11.84160436
PLDV,CISales,Circle Pines,2020,2.43288058,14.74104,-12.30815942
PLDV,CISales,Circle Pines,2025,2.75694846,15.43974,-12.68279154
PLDV,CISales,Circle Pines,2030,2.84528294,15.59519,-12.74990706
PLDV,CISales,Circle Pines,2035,2.81028451,15.56386,-12.75357549
PLDV,CISales,Circle Pines,2040,2.21475635,15.98329,-13.76853365
PLDV,CISales,Circle Pines,2045,2.16288397,16.45678,-14.29389603
PLDV,CISales,Circle Pines,2050,2.1110116,16.93026,-14.8192484
PLDV,HEVSales,Circle Pines,2015,3.29138223,1.73931,1.55207223
PLDV,HEVSales,Circle Pines,2018,3.28980801,4.41197,-1.12216199
PLDV,HEVSales,Circle Pines,2020,3.28875854,6.19375,-2.90499146
PLDV,HEVSales,Circle Pines,2025,6.56757782,13.95006,-7.38248218
PLDV,HEVSales,Circle Pines,2030,12.04139662,28.53416,-16.49276338
PLDV,HEVSales,Circle Pines,2035,14.25096811,46.59975,-32.34878189
PLDV,HEVSales,Circle Pines,2040,13.19652227,66.07672,-52.88019773
PLDV,HEVSales,Circle Pines,2045,15.17755028,78.9442,-63.76664972
PLDV,HEVSales,Circle Pines,2050,17.15857829,91.81168,-74.65310171
PLDV,PHEVSales,Circle Pines,2015,0.06552927,0.06532,0.00020927
PLDV,PHEVSales,Circle Pines,2018,0.34651291,0.72184,-0.37532709
PLDV,PHEVSales,Circle Pines,2020,0.53383534,1.15952,-0.62568466
PLDV,PHEVSales,Circle Pines,2025,1.69409176,12.68789,-10.99379824
PLDV,PHEVSales,Circle Pines,2030,4.03954681,18.40958,-14.37003319
PLDV,PHEVSales,Circle Pines,2035,7.51988999,19.45482,-11.93493001
PLDV,PHEVSales,Circle Pines,2040,14.68029633,24.55885,-9.87855367
PLDV,PHEVSales,Circle Pines,2045,17.60324975,29.45755,-11.85430025
PLDV,PHEVSales,Circle Pines,2050,20.52620316,34.35626,-13.83005684
PLDV,BEVSales,Circle Pines,2015,0.02352818,0.03671,-0.01318182
PLDV,BEVSales,Circle Pines,2018,0.0237843,0.62887,-0.6050857
PLDV,BEVSales,Circle Pines,2020,0.02395505,1.02365,-0.99969495
PLDV,BEVSales,Circle Pines,2025,0.56258843,13.52937,-12.96678157
PLDV,BEVSales,Circle Pines,2030,2.94219189,13.87485,-10.93265811
PLDV,BEVSales,Circle Pines,2035,9.79964047,13.2144,-3.41475953
PLDV,BEVSales,Circle Pines,2040,15.78080162,27.36065,-11.57984838
PLDV,BEVSales,Circle Pines,2045,18.93225631,32.82544,-13.89318369
PLDV,BEVSales,Circle Pines,2050,22.083711,38.29023,-16.206519
PLDV,TotSales,Coates,2015,4.69821016,42.4358,-37.73758984
PLDV,TotSales,Coates,2018,5.09920691,43.4203,-38.32109309
PLDV,TotSales,Coates,2020,5.36653807,44.07663,-38.71009193
PLDV,TotSales,Coates,2025,6.82884222,43.46809,-36.63924778
PLDV,TotSales,Coates,2030,7.32539895,43.37623,-36.05083105
PLDV,TotSales,Coates,2035,7.32456604,42.99617,-35.67160396
PLDV,TotSales,Coates,2040,5.7125163,42.67597,-36.9634537
PLDV,TotSales,Coates,2045,5.91537753,42.72401,-36.80863247
PLDV,TotSales,Coates,2050,6.11823875,42.77204,-36.65380125
PLDV,SISales,Coates,2015,4.51023395,41.75998,-37.24974605
PLDV,SISales,Coates,2018,4.88799556,42.56508,-37.67708444
PLDV,SISales,Coates,2020,5.13983663,43.10182,-37.96198337
PLDV,SISales,Coates,2025,6.35663739,40.62479,-34.26815261
PLDV,SISales,Coates,2030,6.26757693,39.4242,-33.15662307
PLDV,SISales,Coates,2035,5.289198,38.08985,-32.800652
PLDV,SISales,Coates,2040,2.718694,35.33292,-32.614226
PLDV,SISales,Coates,2045,2.36038601,34.0475,-31.68711399
PLDV,SISales,Coates,2050,2.00207802,32.76209,-30.76001198
PLDV,CISales,Coates,2015,0.07843793,0.60538,-0.52694207
PLDV,CISales,Coates,2018,0.08176855,0.61306,-0.53129145
PLDV,CISales,Coates,2020,0.08398897,0.61818,-0.53419103
PLDV,CISales,Coates,2025,0.09890781,0.5993,-0.50039219
PLDV,CISales,Coates,2030,0.11001691,0.61677,-0.50675309
PLDV,CISales,Coates,2035,0.1146238,0.6369,-0.5222762
PLDV,CISales,Coates,2040,0.09047331,0.65279,-0.56231669
PLDV,CISales,Coates,2045,0.09288039,0.66227,-0.56938961
PLDV,CISales,Coates,2050,0.09528746,0.67175,-0.57646254
PLDV,HEVSales,Coates,2015,0.10279517,0.06485,0.03794517
PLDV,HEVSales,Coates,2018,0.10837176,0.15949,-0.05111824
PLDV,HEVSales,Coates,2020,0.11208949,0.22258,-0.11049051
PLDV,HEVSales,Coates,2025,0.23458944,0.51028,-0.27569056
PLDV,HEVSales,Coates,2030,0.46092654,1.0983,-0.63737346
PLDV,HEVSales,Coates,2035,0.57947163,1.8799,-1.30042837
PLDV,HEVSales,Coates,2040,0.54147037,2.68295,-2.14147963
PLDV,HEVSales,Coates,2045,0.62920541,3.20656,-2.57735459
PLDV,HEVSales,Coates,2050,0.71694045,3.73018,-3.01323955
PLDV,PHEVSales,Coates,2015,0.00451671,0.00324,0.00127671
PLDV,PHEVSales,Coates,2018,0.01918603,0.03886,-0.01967397
PLDV,PHEVSales,Coates,2020,0.02896558,0.06261,-0.03364442
PLDV,PHEVSales,Coates,2025,0.09671423,0.72726,-0.63054577
PLDV,PHEVSales,Coates,2030,0.25021292,1.12994,-0.87972708
PLDV,PHEVSales,Coates,2035,0.49919072,1.26678,-0.76758928
PLDV,PHEVSales,Coates,2040,0.99053602,1.64107,-0.65053398
PLDV,PHEVSales,Coates,2045,1.18773988,1.96863,-0.78089012
PLDV,PHEVSales,Coates,2050,1.38494375,2.2962,-0.91125625
PLDV,BEVSales,Coates,2015,0.0022264,0.00235,-0.0001236
PLDV,BEVSales,Coates,2018,0.001885,0.0438,-0.041915
PLDV,BEVSales,Coates,2020,0.0016574,0.07143,-0.0697726
PLDV,BEVSales,Coates,2025,0.04199335,1.00645,-0.96445665
PLDV,BEVSales,Coates,2030,0.23666566,1.10703,-0.87036434
PLDV,BEVSales,Coates,2035,0.84208189,1.12273,-0.28064811
PLDV,BEVSales,Coates,2040,1.37134259,2.36625,-0.99490741
PLDV,BEVSales,Coates,2045,1.64516583,2.83904,-1.19387417
PLDV,BEVSales,Coates,2050,1.91898907,3.31182,-1.39283093
PLDV,TotSales,Cologne,2015,40.08429776,513.19162,-473.1073222
PLDV,TotSales,Cologne,2018,49.43511673,575.29767,-525.8625533
PLDV,TotSales,Cologne,2020,55.66899605,616.70171,-561.032714
PLDV,TotSales,Cologne,2025,93.60751477,751.68281,-658.0752952
PLDV,TotSales,Cologne,2030,131.3063681,891.28399,-759.9776219
PLDV,TotSales,Cologne,2035,172.507827,1044.9293,-872.421473
PLDV,TotSales,Cologne,2040,170.6014642,1197.40011,-1026.798646
PLDV,TotSales,Cologne,2045,196.7048975,1334.24181,-1137.536913
PLDV,TotSales,Cologne,2050,222.8083308,1471.08351,-1248.275179
PLDV,SISales,Cologne,2015,38.45486619,505.18964,-466.7347738
PLDV,SISales,Cologne,2018,47.34787399,564.67435,-517.326476
PLDV,SISales,Cologne,2020,53.27654586,604.33082,-551.0542741
PLDV,SISales,Cologne,2025,86.82819898,705.07728,-618.249081
PLDV,SISales,Cologne,2030,110.4293336,811.54988,-701.1205464
PLDV,SISales,Cologne,2035,117.5890902,922.3802,-804.7911098
PLDV,SISales,Cologne,2040,71.258799,968.46674,-897.207941
PLDV,SISales,Cologne,2045,77.81958556,1061.12216,-983.3025744
PLDV,SISales,Cologne,2050,84.38037212,1153.77758,-1069.397208
PLDV,CISales,Cologne,2015,0.67373539,7.26995,-6.59621461
PLDV,CISales,Cologne,2018,0.79973068,7.79322,-6.99348932
PLDV,CISales,Cologne,2020,0.88372754,8.14207,-7.25834246
PLDV,CISales,Cologne,2025,1.35302979,9.06755,-7.71452021
PLDV,CISales,Cologne,2030,1.95833159,11.35074,-9.39240841
PLDV,CISales,Cologne,2035,2.59128983,14.53451,-11.94322017
PLDV,CISales,Cologne,2040,2.41518569,17.49722,-15.08203431
PLDV,CISales,Cologne,2045,2.76347575,19.54267,-16.77919425
PLDV,CISales,Cologne,2050,3.1117658,21.58813,-18.4763642
PLDV,HEVSales,Cologne,2015,0.87613908,0.67628,0.19985908
PLDV,HEVSales,Cologne,2018,1.05617924,1.77261,-0.71643076
PLDV,HEVSales,Cologne,2020,1.17620602,2.50349,-1.32728398
PLDV,HEVSales,Cologne,2025,3.21899798,7.24056,-4.02156202
PLDV,HEVSales,Cologne,2030,8.18985639,19.70764,-11.51778361
PLDV,HEVSales,Cologne,2035,13.08332185,42.42453,-29.34120815
PLDV,HEVSales,Cologne,2040,14.50862747,71.64843,-57.13980253
PLDV,HEVSales,Cologne,2045,17.23512515,85.84286,-68.60773485
PLDV,HEVSales,Cologne,2050,19.96162282,100.03729,-80.07566718
PLDV,PHEVSales,Cologne,2015,0.04623719,0.02772,0.01851719
PLDV,PHEVSales,Cologne,2018,0.20334307,0.41065,-0.20730693
PLDV,PHEVSales,Cologne,2020,0.30808032,0.66593,-0.35784968
PLDV,PHEVSales,Cologne,2025,1.35171424,10.22773,-8.87601576
PLDV,PHEVSales,Cologne,2030,4.55072214,20.49111,-15.94038786
PLDV,PHEVSales,Cologne,2035,11.64637329,29.28927,-17.64289671
PLDV,PHEVSales,Cologne,2040,27.63734498,45.60803,-17.97068502
PLDV,PHEVSales,Cologne,2045,33.15556654,54.72409,-21.56852346
PLDV,PHEVSales,Cologne,2050,38.6737881,63.84015,-25.1663619
PLDV,BEVSales,Cologne,2015,0.03331991,0.02802,0.00529991
PLDV,BEVSales,Cologne,2018,0.02798975,0.64684,-0.61885025
PLDV,BEVSales,Cologne,2020,0.02443631,1.05939,-1.03495369
PLDV,BEVSales,Cologne,2025,0.85557377,20.0697,-19.21412623
PLDV,BEVSales,Cologne,2030,6.17812443,28.18461,-22.00648557
PLDV,BEVSales,Cologne,2035,27.59775188,36.30078,-8.70302812
PLDV,BEVSales,Cologne,2040,54.7815071,94.1797,-39.3981929
PLDV,BEVSales,Cologne,2045,65.73114454,113.01004,-47.27889546
PLDV,BEVSales,Cologne,2050,76.68078198,131.84037,-55.15958802
PLDV,TotSales,Columbia Heights,2015,662.8137303,3685.82309,-3023.00936
PLDV,TotSales,Columbia Heights,2018,684.433654,3784.68471,-3100.251056
PLDV,TotSales,Columbia Heights,2020,698.8469364,3850.59246,-3151.745524
PLDV,TotSales,Columbia Heights,2025,787.1849965,3886.20951,-3099.024514
PLDV,TotSales,Columbia Heights,2030,773.4895367,3990.09043,-3216.600893
PLDV,TotSales,Columbia Heights,2035,700.9115451,4044.01838,-3343.106835
PLDV,TotSales,Columbia Heights,2040,487.1380493,4102.12981,-3614.991761
PLDV,TotSales,Columbia Heights,2045,452.0029131,4185.39115,-3733.388237
PLDV,TotSales,Columbia Heights,2050,416.8677769,4268.65249,-3851.784713
PLDV,SISales,Columbia Heights,2015,644.9490292,3627.70433,-2982.755301
PLDV,SISales,Columbia Heights,2018,664.5765119,3712.63889,-3048.062378
PLDV,SISales,Columbia Heights,2020,677.6615004,3769.26194,-3091.60044
PLDV,SISales,Columbia Heights,2025,746.9236621,3697.81394,-2950.890278
PLDV,SISales,Columbia Heights,2030,701.2277791,3738.02333,-3036.795551
PLDV,SISales,Columbia Heights,2035,579.6713334,3728.1705,-3148.499167
PLDV,SISales,Columbia Heights,2040,313.2677339,3631.28732,-3318.019586
PLDV,SISales,Columbia Heights,2045,246.9314748,3632.00391,-3385.072435
PLDV,SISales,Columbia Heights,2050,180.5952158,3632.72051,-3452.125294
PLDV,CISales,Columbia Heights,2015,7.87861735,51.97426,-44.09564265
PLDV,CISales,Columbia Heights,2018,8.62317404,53.33193,-44.70875596
PLDV,CISales,Columbia Heights,2020,9.11954517,54.23704,-45.11749483
PLDV,CISales,Columbia Heights,2025,11.27516243,57.43507,-46.15990757
PLDV,CISales,Columbia Heights,2030,10.97473262,58.59308,-47.61834738
PLDV,CISales,Columbia Heights,2035,10.49372911,58.13184,-47.63811089
PLDV,CISales,Columbia Heights,2040,8.85151589,59.8746,-51.02308411
PLDV,CISales,Columbia Heights,2045,9.04609559,61.45467,-52.40857441
PLDV,CISales,Columbia Heights,2050,9.2406753,63.03474,-53.7940647
PLDV,HEVSales,Columbia Heights,2015,9.6423197,5.78753,3.8547897
PLDV,HEVSales,Columbia Heights,2018,10.1373184,14.12093,-3.9836116
PLDV,HEVSales,Columbia Heights,2020,10.46731754,19.67653,-9.20921246
PLDV,HEVSales,Columbia Heights,2025,22.25222129,42.45118,-20.19895871
PLDV,HEVSales,Columbia Heights,2030,39.82353928,91.1709,-51.34736072
PLDV,HEVSales,Columbia Heights,2035,52.44712693,155.20942,-102.7622931
PLDV,HEVSales,Columbia Heights,2040,53.03748286,232.86286,-179.8253771
PLDV,HEVSales,Columbia Heights,2045,61.71651549,278.27793,-216.5614145
PLDV,HEVSales,Columbia Heights,2050,70.39554813,323.69299,-253.2974419
PLDV,PHEVSales,Columbia Heights,2015,0.18349393,0.16635,0.01714393
PLDV,PHEVSales,Columbia Heights,2018,0.96788351,1.88794,-0.92005649
PLDV,PHEVSales,Columbia Heights,2020,1.4908099,3.03567,-1.5448601
PLDV,PHEVSales,Columbia Heights,2025,4.84330868,32.83363,-27.99032132
PLDV,PHEVSales,Columbia Heights,2030,12.28273071,49.20796,-36.92522929
PLDV,PHEVSales,Columbia Heights,2035,25.6195656,57.10014,-31.4805744
PLDV,PHEVSales,Columbia Heights,2040,56.18365639,84.35161,-28.16795361
PLDV,PHEVSales,Columbia Heights,2045,67.38368888,101.18867,-33.80498112
PLDV,PHEVSales,Columbia Heights,2050,78.58372138,118.02572,-39.44199862
PLDV,BEVSales,Columbia Heights,2015,0.16027007,0.19063,-0.03035993
PLDV,BEVSales,Columbia Heights,2018,0.12876607,2.70502,-2.57625393
PLDV,BEVSales,Columbia Heights,2020,0.10776341,4.38128,-4.27351659
PLDV,BEVSales,Columbia Heights,2025,1.89064203,55.6757,-53.78505797
PLDV,BEVSales,Columbia Heights,2030,9.18075494,53.09516,-43.91440506
PLDV,BEVSales,Columbia Heights,2035,32.67979007,45.40649,-12.72669993
PLDV,BEVSales,Columbia Heights,2040,55.79766028,93.75341,-37.95574972
PLDV,BEVSales,Columbia Heights,2045,66.92513832,112.46597,-45.54083168
PLDV,BEVSales,Columbia Heights,2050,78.05261637,131.17853,-53.12591363
PLDV,TotSales,Columbus,2015,180.3437818,1155.92675,-975.5829682
PLDV,TotSales,Columbus,2018,191.8417302,1207.86514,-1016.02341
PLDV,TotSales,Columbus,2020,199.5070292,1242.49073,-1042.983701
PLDV,TotSales,Columbus,2025,260.9157558,1346.62203,-1085.706274
PLDV,TotSales,Columbus,2030,276.6780287,1469.74329,-1193.065261
PLDV,TotSales,Columbus,2035,262.7383489,1557.96319,-1295.224841
PLDV,TotSales,Columbus,2040,189.6710149,1646.70597,-1457.034955
PLDV,TotSales,Columbus,2045,191.5364615,1744.86181,-1553.325349
PLDV,TotSales,Columbus,2050,193.4019081,1843.01766,-1649.615752
PLDV,SISales,Columbus,2015,173.1861269,1137.00825,-963.8221231
PLDV,SISales,Columbus,2018,184.1966182,1182.69244,-998.4958218
PLDV,SISales,Columbus,2020,191.5369457,1213.14857,-1021.611624
PLDV,SISales,Columbus,2025,244.9205903,1269.82138,-1024.90079
PLDV,SISales,Columbus,2030,244.0947605,1355.88912,-1111.79436
PLDV,SISales,Columbus,2035,208.4598191,1408.24624,-1199.786421
PLDV,SISales,Columbus,2040,113.2518058,1423.50828,-1310.256474
PLDV,SISales,Columbus,2045,101.2649415,1480.80829,-1379.543349
PLDV,SISales,Columbus,2050,89.27807729,1538.10829,-1448.830213
PLDV,CISales,Columbus,2015,3.02813917,16.66484,-13.63670083
PLDV,CISales,Columbus,2018,3.06399671,17.89186,-14.82786329
PLDV,CISales,Columbus,2020,3.08790174,18.70987,-15.62196826
PLDV,CISales,Columbus,2025,3.8077075,21.32431,-17.5166025
PLDV,CISales,Columbus,2030,4.23938377,23.23635,-18.99696623
PLDV,CISales,Columbus,2035,4.43672593,24.57138,-20.13465407
PLDV,CISales,Columbus,2040,3.68958273,26.62672,-22.93713727
PLDV,CISales,Columbus,2045,3.82187144,28.61909,-24.79721856
PLDV,CISales,Columbus,2050,3.95416015,30.61147,-26.65730985
PLDV,HEVSales,Columbus,2015,4.02841036,2.12879,1.89962036
PLDV,HEVSales,Columbus,2018,4.1158923,5.56831,-1.4524177
PLDV,HEVSales,Columbus,2020,4.1742136,7.86133,-3.6871164
PLDV,HEVSales,Columbus,2025,9.07068657,19.26686,-10.19617343
PLDV,HEVSales,Columbus,2030,17.94130931,42.51501,-24.57370069
PLDV,HEVSales,Columbus,2035,22.49866142,73.56917,-51.07050858
PLDV,HEVSales,Columbus,2040,21.98420642,110.07781,-88.09360358
PLDV,HEVSales,Columbus,2045,25.57536563,131.66761,-106.0922444
PLDV,HEVSales,Columbus,2050,29.16652485,153.25742,-124.0908952
PLDV,PHEVSales,Columbus,2015,0.07461108,0.07994,-0.00532892
PLDV,PHEVSales,Columbus,2018,0.43638253,0.915,-0.47861747
PLDV,PHEVSales,Columbus,2020,0.67756349,1.4717,-0.79413651
PLDV,PHEVSales,Columbus,2025,2.33976296,17.52365,-15.18388704
PLDV,PHEVSales,Columbus,2030,6.01880008,27.42971,-21.41090992
PLDV,PHEVSales,Columbus,2035,11.87199758,30.71422,-18.84222242
PLDV,PHEVSales,Columbus,2040,24.45603912,40.91281,-16.45677088
PLDV,PHEVSales,Columbus,2045,29.33232473,49.07938,-19.74705527
PLDV,PHEVSales,Columbus,2050,34.20861034,57.24596,-23.03734966
PLDV,BEVSales,Columbus,2015,0.02649432,0.04493,-0.01843568
PLDV,BEVSales,Columbus,2018,0.02884051,0.79752,-0.76867949
PLDV,BEVSales,Columbus,2020,0.03040464,1.29926,-1.26885536
PLDV,BEVSales,Columbus,2025,0.77700842,18.68584,-17.90883158
PLDV,BEVSales,Columbus,2030,4.3837751,20.67309,-16.2893149
PLDV,BEVSales,Columbus,2035,15.47114493,20.86218,-5.39103507
PLDV,BEVSales,Columbus,2040,26.28938089,45.58035,-19.29096911
PLDV,BEVSales,Columbus,2045,31.5419582,54.68744,-23.1454818
PLDV,BEVSales,Columbus,2050,36.79453551,63.79453,-26.99999449
PLDV,TotSales,Coon Rapids,2015,2417.671215,13751.56133,-11333.89012
PLDV,TotSales,Coon Rapids,2018,2514.467584,14210.24978,-11695.7822
PLDV,TotSales,Coon Rapids,2020,2578.998496,14516.04209,-11937.04359
PLDV,TotSales,Coon Rapids,2025,3005.78814,14790.7352,-11784.94706
PLDV,TotSales,Coon Rapids,2030,2968.217062,15316.45984,-12348.24278
PLDV,TotSales,Coon Rapids,2035,2694.1607,15680.80457,-12986.64387
PLDV,TotSales,Coon Rapids,2040,1866.267174,16058.86474,-14192.59757
PLDV,TotSales,Coon Rapids,2045,1755.986366,16520.32542,-14764.33905
PLDV,TotSales,Coon Rapids,2050,1645.705558,16981.78611,-15336.08055
PLDV,SISales,Coon Rapids,2015,2343.918525,13531.81683,-11187.89831
PLDV,SISales,Coon Rapids,2018,2432.248194,13926.64498,-11494.39679
PLDV,SISales,Coon Rapids,2020,2491.13464,14189.86375,-11698.72911
PLDV,SISales,Coon Rapids,2025,2841.170185,13996.17293,-11155.00275
PLDV,SISales,Coon Rapids,2030,2662.687509,14242.39241,-11579.7049
PLDV,SISales,Coon Rapids,2035,2182.248465,14329.73263,-12147.48417
PLDV,SISales,Coon Rapids,2040,1147.953047,14055.41507,-12907.46202
PLDV,SISales,Coon Rapids,2045,908.7599515,14160.13472,-13251.37477
PLDV,SISales,Coon Rapids,2050,669.566856,14264.85437,-13595.28751
PLDV,CISales,Coon Rapids,2015,32.57978407,195.56531,-162.9855259
PLDV,CISales,Coon Rapids,2018,35.17553936,206.12033,-170.9447906
PLDV,CISales,Coon Rapids,2020,36.90604288,213.15702,-176.2509771
PLDV,CISales,Coon Rapids,2025,43.49633084,230.25055,-186.7542192
PLDV,CISales,Coon Rapids,2030,44.41647336,237.44131,-193.0248366
PLDV,CISales,Coon Rapids,2035,43.69854733,239.79023,-196.0916827
PLDV,CISales,Coon Rapids,2040,35.8869379,250.61946,-214.7325221
PLDV,CISales,Coon Rapids,2045,36.54836866,261.63029,-225.0819213
PLDV,CISales,Coon Rapids,2050,37.20979943,272.64112,-235.4313206
PLDV,HEVSales,Coon Rapids,2015,39.91591087,22.81099,17.10492087
PLDV,HEVSales,Coon Rapids,2018,42.29423388,58.00403,-15.70979612
PLDV,HEVSales,Coon Rapids,2020,43.87978255,81.46606,-37.58627745
PLDV,HEVSales,Coon Rapids,2025,91.45936795,180.53262,-89.07325205
PLDV,HEVSales,Coon Rapids,2030,166.9795588,385.03783,-218.0582712
PLDV,HEVSales,Coon Rapids,2035,215.6358268,656.29762,-440.6617932
PLDV,HEVSales,Coon Rapids,2040,211.0966688,979.0526,-767.9559312
PLDV,HEVSales,Coon Rapids,2045,245.3328204,1170.30092,-924.9680996
PLDV,HEVSales,Coon Rapids,2050,279.568972,1361.54924,-1081.980268
PLDV,PHEVSales,Coon Rapids,2015,0.77822599,0.71859,0.05963599
PLDV,PHEVSales,Coon Rapids,2018,4.30616649,8.45581,-4.14964351
PLDV,PHEVSales,Coon Rapids,2020,6.65812682,13.61396,-6.95583318
PLDV,PHEVSales,Coon Rapids,2025,21.48071275,150.94639,-129.4656773
PLDV,PHEVSales,Coon Rapids,2030,53.69294237,225.09123,-171.3982876
PLDV,PHEVSales,Coon Rapids,2035,110.2922897,256.5817,-146.2894103
PLDV,PHEVSales,Coon Rapids,2040,232.6824819,364.36195,-131.6794681
PLDV,PHEVSales,Coon Rapids,2045,279.0633331,437.09063,-158.0272969
PLDV,PHEVSales,Coon Rapids,2050,325.4441842,509.8193,-184.3751158
PLDV,BEVSales,Coon Rapids,2015,0.47876903,0.64962,-0.17085097
PLDV,BEVSales,Coon Rapids,2018,0.44345009,11.02463,-10.58117991
PLDV,BEVSales,Coon Rapids,2020,0.41990413,17.94131,-17.52140587
PLDV,BEVSales,Coon Rapids,2025,8.18154346,232.8327,-224.6511565
PLDV,BEVSales,Coon Rapids,2030,40.44057781,226.49705,-186.0564722
PLDV,BEVSales,Coon Rapids,2035,142.2855713,198.40238,-56.1168087
PLDV,BEVSales,Coon Rapids,2040,238.6480387,409.41566,-170.7676213
PLDV,BEVSales,Coon Rapids,2045,286.2818927,491.16887,-204.8869773
PLDV,BEVSales,Coon Rapids,2050,333.9157466,572.92207,-239.0063234
PLDV,TotSales,Corcoran,2015,161.54466,1400.15704,-1238.61238
PLDV,TotSales,Corcoran,2018,186.5927218,1531.08759,-1344.494868
PLDV,TotSales,Corcoran,2020,203.2914296,1618.37463,-1415.0832
PLDV,TotSales,Corcoran,2025,308.0573245,1936.437,-1628.379676
PLDV,TotSales,Corcoran,2030,392.7575708,2272.59774,-1879.840169
PLDV,TotSales,Corcoran,2035,483.0966581,2609.83354,-2126.736882
PLDV,TotSales,Corcoran,2040,464.8357067,2944.88675,-2480.051043
PLDV,TotSales,Corcoran,2045,525.4939161,3253.83269,-2728.338774
PLDV,TotSales,Corcoran,2050,586.1521254,3562.77863,-2976.626505
PLDV,SISales,Corcoran,2015,154.6392072,1377.61667,-1222.977463
PLDV,SISales,Corcoran,2018,178.2193774,1497.8528,-1319.633423
PLDV,SISales,Corcoran,2020,193.9394908,1578.01023,-1384.070739
PLDV,SISales,Corcoran,2025,282.8265614,1752.53158,-1469.705019
PLDV,SISales,Corcoran,2030,321.2248108,1986.36859,-1665.143779
PLDV,SISales,Corcoran,2035,308.8349049,2223.17286,-1914.337955
PLDV,SISales,Corcoran,2040,172.4153866,2290.65964,-2118.244253
PLDV,SISales,Corcoran,2045,175.9706225,2473.26823,-2297.297608
PLDV,SISales,Corcoran,2050,179.5258583,2655.87683,-2476.350972
PLDV,CISales,Corcoran,2015,2.74289351,20.01514,-17.27224649
PLDV,CISales,Corcoran,2018,3.02512,21.75504,-18.72992
PLDV,CISales,Corcoran,2020,3.21327099,22.91498,-19.70170901
PLDV,CISales,Corcoran,2025,4.41639221,26.52222,-22.10582779
PLDV,CISales,Corcoran,2030,5.70921602,31.84491,-26.13569398
PLDV,CISales,Corcoran,2035,6.82195873,37.94355,-31.12159127
PLDV,CISales,Corcoran,2040,5.88494215,43.11152,-37.22657785
PLDV,CISales,Corcoran,2045,6.51335188,47.7308,-41.21744812
PLDV,CISales,Corcoran,2050,7.1417616,52.35008,-45.2083184
PLDV,HEVSales,Corcoran,2015,3.60382645,2.20288,1.40094645
PLDV,HEVSales,Corcoran,2018,4.02056018,5.91966,-1.89909982
PLDV,HEVSales,Corcoran,2020,4.29838266,8.39752,-4.09913734
PLDV,HEVSales,Corcoran,2025,10.57988399,22.80062,-12.22073601
PLDV,HEVSales,Corcoran,2030,23.985343,57.02837,-33.043027
PLDV,HEVSales,Corcoran,2035,34.154067,112.06161,-77.907543
PLDV,HEVSales,Corcoran,2040,34.49923391,175.85294,-141.3537061
PLDV,HEVSales,Corcoran,2045,40.6783154,210.58295,-169.9046346
PLDV,HEVSales,Corcoran,2050,46.8573969,245.31297,-198.4555731
PLDV,PHEVSales,Corcoran,2015,0.34488888,0.17374,0.17114888
PLDV,PHEVSales,Corcoran,2018,1.16871336,2.28496,-1.11624664
PLDV,PHEVSales,Corcoran,2020,1.71792969,3.69244,-1.97451031
PLDV,PHEVSales,Corcoran,2025,6.8536138,51.14085,-44.2872362
PLDV,PHEVSales,Corcoran,2030,19.93430175,90.99911,-71.06480825
PLDV,PHEVSales,Corcoran,2035,44.56647286,115.39348,-70.82700714
PLDV,PHEVSales,Corcoran,2040,95.8669003,161.93101,-66.0641097
PLDV,PHEVSales,Corcoran,2045,114.9713026,194.28247,-79.3111674
PLDV,PHEVSales,Corcoran,2050,134.0757049,226.63393,-92.5582251
PLDV,BEVSales,Corcoran,2015,0.21384393,0.14861,0.06523393
PLDV,BEVSales,Corcoran,2018,0.15895084,3.27513,-3.11617916
PLDV,BEVSales,Corcoran,2020,0.12235544,5.35947,-5.23711456
PLDV,BEVSales,Corcoran,2025,3.3808731,83.44172,-80.0608469
PLDV,BEVSales,Corcoran,2030,21.90389924,106.35676,-84.45286076
PLDV,BEVSales,Corcoran,2035,88.7192546,121.26204,-32.5427854
PLDV,BEVSales,Corcoran,2040,156.1692438,273.33163,-117.1623862
PLDV,BEVSales,Corcoran,2045,187.3603237,327.96823,-140.6079063
PLDV,BEVSales,Corcoran,2050,218.5514037,382.60483,-164.0534263
PLDV,TotSales,Cottage Grove,2015,1544.045143,7045.18986,-5501.144717
PLDV,TotSales,Cottage Grove,2018,1567.996886,7392.92852,-5824.931634
PLDV,TotSales,Cottage Grove,2020,1583.964714,7624.7543,-6040.789586
PLDV,TotSales,Cottage Grove,2025,1761.243073,7986.00823,-6224.765157
PLDV,TotSales,Cottage Grove,2030,1747.280559,8500.36924,-6753.088681
PLDV,TotSales,Cottage Grove,2035,1744.482683,9007.07042,-7262.587737
PLDV,TotSales,Cottage Grove,2040,1443.321256,9516.84824,-8073.526984
PLDV,TotSales,Cottage Grove,2045,1423.176478,10011.17992,-8588.003442
PLDV,TotSales,Cottage Grove,2050,1403.031701,10505.51159,-9102.479889
PLDV,SISales,Cottage Grove,2015,1487.334918,6926.5761,-5439.241182
PLDV,SISales,Cottage Grove,2018,1506.921698,7209.49177,-5702.570072
PLDV,SISales,Cottage Grove,2020,1519.979551,7398.10221,-5878.122659
PLDV,SISales,Cottage Grove,2025,1636.842021,7142.41642,-5505.574399
PLDV,SISales,Cottage Grove,2030,1482.379097,7463.96482,-5981.585723
PLDV,SISales,Cottage Grove,2035,1212.466634,7803.92589,-6591.459256
PLDV,SISales,Cottage Grove,2040,619.4291786,7640.77072,-7021.341541
PLDV,SISales,Cottage Grove,2045,445.8480308,7783.60965,-7337.761619
PLDV,SISales,Cottage Grove,2050,272.266883,7926.44857,-7654.181687
PLDV,CISales,Cottage Grove,2015,23.40939969,101.87655,-78.46715031
PLDV,CISales,Cottage Grove,2018,23.62150297,113.42018,-89.79867703
PLDV,CISales,Cottage Grove,2020,23.76290516,121.11594,-97.35303484
PLDV,CISales,Cottage Grove,2025,25.29191388,132.08257,-106.7906561
PLDV,CISales,Cottage Grove,2030,25.4417748,135.53823,-110.0964552
PLDV,CISales,Cottage Grove,2035,25.36335354,138.84299,-113.4796365
PLDV,CISales,Cottage Grove,2040,20.09029795,142.99799,-122.9076921
PLDV,CISales,Cottage Grove,2045,19.4264776,151.22228,-131.7958024
PLDV,CISales,Cottage Grove,2050,18.76265725,159.44657,-140.6839128
PLDV,HEVSales,Cottage Grove,2015,29.87662363,14.49052,15.38610363
PLDV,HEVSales,Cottage Grove,2018,30.02465388,38.39861,-8.37395612
PLDV,HEVSales,Cottage Grove,2020,30.12334072,54.33733,-24.21398928
PLDV,HEVSales,Cottage Grove,2025,56.81388888,114.96116,-58.14727112
PLDV,HEVSales,Cottage Grove,2030,101.3705316,235.93106,-134.5605284
PLDV,HEVSales,Cottage Grove,2035,126.2367024,398.54148,-272.3047776
PLDV,HEVSales,Cottage Grove,2040,118.1244858,573.32859,-455.2041042
PLDV,HEVSales,Cottage Grove,2045,135.7740583,685.0962,-549.3221417
PLDV,HEVSales,Cottage Grove,2050,153.4236307,796.86381,-643.4401793
PLDV,PHEVSales,Cottage Grove,2015,1.96954496,1.11382,0.85572496
PLDV,PHEVSales,Cottage Grove,2018,6.40949686,12.28812,-5.87862314
PLDV,PHEVSales,Cottage Grove,2020,9.36946479,19.73765,-10.36818521
PLDV,PHEVSales,Cottage Grove,2025,27.18930968,197.65999,-170.4706803
PLDV,PHEVSales,Cottage Grove,2030,64.86986822,285.17461,-220.3047418
PLDV,PHEVSales,Cottage Grove,2035,129.9921916,320.48363,-190.4914384
PLDV,PHEVSales,Cottage Grove,2040,265.0835062,431.22287,-166.1393638
PLDV,PHEVSales,Cottage Grove,2045,317.7062984,517.24468,-199.5383816
PLDV,PHEVSales,Cottage Grove,2050,370.3290906,603.26649,-232.9373994
PLDV,BEVSales,Cottage Grove,2015,1.454657,1.13287,0.321787
PLDV,BEVSales,Cottage Grove,2018,1.01953411,19.32985,-18.31031589
PLDV,BEVSales,Cottage Grove,2020,0.72945219,31.46116,-30.73170781
PLDV,BEVSales,Cottage Grove,2025,15.10593937,398.8881,-383.7821606
PLDV,BEVSales,Cottage Grove,2030,73.2192882,379.76051,-306.5412218
PLDV,BEVSales,Cottage Grove,2035,250.4238015,345.27643,-94.8526285
PLDV,BEVSales,Cottage Grove,2040,420.5937871,728.52808,-307.9342929
PLDV,BEVSales,Cottage Grove,2045,504.4216132,874.00712,-369.5855068
PLDV,BEVSales,Cottage Grove,2050,588.2494392,1019.48616,-431.2367208
PLDV,TotSales,Credit River Twp.,2015,142.7796865,1724.92172,-1582.142034
PLDV,TotSales,Credit River Twp.,2018,160.0799675,1772.86587,-1612.785903
PLDV,TotSales,Credit River Twp.,2020,171.6134882,1804.82863,-1633.215142
PLDV,TotSales,Credit River Twp.,2025,244.3734371,1865.13444,-1620.761003
PLDV,TotSales,Credit River Twp.,2030,288.5114018,1941.33984,-1652.828438
PLDV,TotSales,Credit River Twp.,2035,298.3949624,1992.98574,-1694.590778
PLDV,TotSales,Credit River Twp.,2040,223.4796743,2046.28865,-1822.808976
PLDV,TotSales,Credit River Twp.,2045,239.6196719,2110.56203,-1870.942358
PLDV,TotSales,Credit River Twp.,2050,255.7596694,2174.83542,-1919.075751
PLDV,SISales,Credit River Twp.,2015,137.0927734,1698.01838,-1560.925607
PLDV,SISales,Credit River Twp.,2018,153.6698292,1741.75648,-1588.086651
PLDV,SISales,Credit River Twp.,2020,164.7211997,1770.91521,-1606.19401
PLDV,SISales,Credit River Twp.,2025,230.030494,1795.67386,-1565.643366
PLDV,SISales,Credit River Twp.,2030,255.8651141,1830.47375,-1574.608636
PLDV,SISales,Credit River Twp.,2035,238.6495176,1830.11032,-1591.460802
PLDV,SISales,Credit River Twp.,2040,135.7615567,1786.73075,-1650.969193
PLDV,SISales,Credit River Twp.,2045,135.4953133,1804.47322,-1668.977907
PLDV,SISales,Credit River Twp.,2050,135.22907,1822.2157,-1686.98663
PLDV,CISales,Credit River Twp.,2015,2.44517415,24.4824,-22.03722585
PLDV,CISales,Credit River Twp.,2018,2.62840021,24.33786,-21.70945979
PLDV,CISales,Credit River Twp.,2020,2.75055092,24.2415,-21.49094908
PLDV,CISales,Credit River Twp.,2025,3.58161488,23.76854,-20.18692512
PLDV,CISales,Credit River Twp.,2030,4.52606397,26.18197,-21.65590603
PLDV,CISales,Credit River Twp.,2035,5.2432923,29.19953,-23.9562377
PLDV,CISales,Credit River Twp.,2040,4.54574413,32.43809,-27.89234587
PLDV,CISales,Credit River Twp.,2045,4.96585812,34.02923,-29.06337188
PLDV,CISales,Credit River Twp.,2050,5.38597212,35.62037,-30.23439788
PLDV,HEVSales,Credit River Twp.,2015,3.19562828,2.34776,0.84786828
PLDV,HEVSales,Credit River Twp.,2018,3.50964089,5.66381,-2.15416911
PLDV,HEVSales,Credit River Twp.,2020,3.71898263,7.87451,-4.15552737
PLDV,HEVSales,Credit River Twp.,2025,8.61157566,19.65509,-11.04351434
PLDV,HEVSales,Credit River Twp.,2030,19.2309799,46.43318,-27.2022001
PLDV,HEVSales,Credit River Twp.,2035,26.91143669,86.77129,-59.85985331
PLDV,HEVSales,Credit River Twp.,2040,28.09254931,135.63459,-107.5420407
PLDV,HEVSales,Credit River Twp.,2045,33.07193352,162.29196,-129.2200265
PLDV,HEVSales,Credit River Twp.,2050,38.05131773,188.94932,-150.8980023
PLDV,PHEVSales,Credit River Twp.,2015,0.03094226,0.04225,-0.01130774
PLDV,PHEVSales,Credit River Twp.,2018,0.25307324,0.54588,-0.29280676
PLDV,PHEVSales,Credit River Twp.,2020,0.40116057,0.88163,-0.48046943
PLDV,PHEVSales,Credit River Twp.,2025,1.46368503,11.37293,-9.90924497
PLDV,PHEVSales,Credit River Twp.,2030,4.43517549,19.87921,-15.44403451
PLDV,PHEVSales,Credit River Twp.,2035,10.0871794,24.93904,-14.8518606
PLDV,PHEVSales,Credit River Twp.,2040,22.27193509,36.14226,-13.87032491
PLDV,PHEVSales,Credit River Twp.,2045,26.72013366,43.36226,-16.64212634
PLDV,PHEVSales,Credit River Twp.,2050,31.16833223,50.58226,-19.41392777
PLDV,BEVSales,Credit River Twp.,2015,0.0151684,0.03094,-0.0157716
PLDV,BEVSales,Credit River Twp.,2018,0.01902396,0.56185,-0.54282604
PLDV,BEVSales,Credit River Twp.,2020,0.02159434,0.91578,-0.89418566
PLDV,BEVSales,Credit River Twp.,2025,0.68606748,14.66402,-13.97795252
PLDV,BEVSales,Credit River Twp.,2030,4.45406833,18.37174,-13.91767167
PLDV,BEVSales,Credit River Twp.,2035,17.50353641,21.96556,-4.46202359
PLDV,BEVSales,Credit River Twp.,2040,32.80788909,55.34296,-22.53507091
PLDV,BEVSales,Credit River Twp.,2045,39.36643323,66.40536,-27.03892677
PLDV,BEVSales,Credit River Twp.,2050,45.92497737,77.46777,-31.54279263
PLDV,TotSales,Crystal,2015,566.0241076,4602.95593,-4036.931822
PLDV,TotSales,Crystal,2018,606.1690956,4678.44798,-4072.278884
PLDV,TotSales,Crystal,2020,632.932421,4728.77601,-4095.843589
PLDV,TotSales,Crystal,2025,757.9417615,4682.2043,-3924.262539
PLDV,TotSales,Crystal,2030,818.9132927,4696.77415,-3877.860857
PLDV,TotSales,Crystal,2035,865.1285064,4680.11386,-3814.985354
PLDV,TotSales,Crystal,2040,733.017766,4669.5716,-3936.553834
PLDV,TotSales,Crystal,2045,766.4164977,4682.89473,-3916.478232
PLDV,TotSales,Crystal,2050,799.8152293,4696.21786,-3896.402631
PLDV,SISales,Crystal,2015,546.8718497,4530.39263,-3983.52078
PLDV,SISales,Crystal,2018,584.2965361,4584.29037,-3999.993834
PLDV,SISales,Crystal,2020,609.2463271,4620.22219,-4010.975863
PLDV,SISales,Crystal,2025,704.4840494,4289.04656,-3584.562511
PLDV,SISales,Crystal,2030,693.3651387,4188.43431,-3495.069171
PLDV,SISales,Crystal,2035,590.3240766,4087.87038,-3497.546303
PLDV,SISales,Crystal,2040,305.0683054,3753.14411,-3448.075805
PLDV,SISales,Crystal,2045,256.7075966,3597.69441,-3340.986813
PLDV,SISales,Crystal,2050,208.3468877,3442.2447,-3233.897812
PLDV,CISales,Crystal,2015,7.61368261,65.02667,-57.41298739
PLDV,CISales,Crystal,2018,8.31751858,64.38835,-56.07083142
PLDV,CISales,Crystal,2020,8.78674256,63.96281,-55.17606744
PLDV,CISales,Crystal,2025,10.75241446,60.82086,-50.06844554
PLDV,CISales,Crystal,2030,11.32464046,62.36216,-51.03751954
PLDV,CISales,Crystal,2035,11.42098208,63.73476,-52.31377792
PLDV,CISales,Crystal,2040,9.15483473,63.77207,-54.61723527
PLDV,CISales,Crystal,2045,9.46306516,63.52115,-54.05808484
PLDV,CISales,Crystal,2050,9.77129558,63.27023,-53.49893442
PLDV,HEVSales,Crystal,2015,9.56919577,6.53711,3.03208577
PLDV,HEVSales,Crystal,2018,10.22141513,15.28595,-5.06453487
PLDV,HEVSales,Crystal,2020,10.65622803,21.1185,-10.46227197
PLDV,HEVSales,Crystal,2025,22.6776199,46.00768,-23.3300601
PLDV,HEVSales,Crystal,2030,43.22093016,100.82984,-57.60890984
PLDV,HEVSales,Crystal,2035,57.05813391,175.34063,-118.2824961
PLDV,HEVSales,Crystal,2040,54.42694056,251.40611,-196.9791694
PLDV,HEVSales,Crystal,2045,63.39848951,300.37991,-236.9814205
PLDV,HEVSales,Crystal,2050,72.37003847,349.35371,-276.9836715
PLDV,PHEVSales,Crystal,2015,0.92191845,0.42158,0.50033845
PLDV,PHEVSales,Crystal,2018,2.69312462,5.00648,-2.31335538
PLDV,PHEVSales,Crystal,2020,3.87392873,8.06308,-4.18915127
PLDV,PHEVSales,Crystal,2025,13.00645304,91.81059,-78.80413696
PLDV,PHEVSales,Crystal,2030,33.6322899,142.07324,-108.4409501
PLDV,PHEVSales,Crystal,2035,69.68166341,164.32337,-94.64170659
PLDV,PHEVSales,Crystal,2040,143.4281818,224.36986,-80.9416782
PLDV,PHEVSales,Crystal,2045,171.9294345,269.15952,-97.2300855
PLDV,PHEVSales,Crystal,2050,200.4306871,313.94917,-113.5184829
PLDV,BEVSales,Crystal,2015,1.04746105,0.57793,0.46953105
PLDV,BEVSales,Crystal,2018,0.64050115,9.47683,-8.83632885
PLDV,BEVSales,Crystal,2020,0.36919454,15.40943,-15.04023546
PLDV,BEVSales,Crystal,2025,7.02122467,194.51861,-187.4973853
PLDV,BEVSales,Crystal,2030,37.37029351,203.0746,-165.7043065
PLDV,BEVSales,Crystal,2035,136.6436503,188.84473,-52.2010797
PLDV,BEVSales,Crystal,2040,220.9395034,376.87944,-155.9399366
PLDV,BEVSales,Crystal,2045,264.9179119,452.13974,-187.2218281
PLDV,BEVSales,Crystal,2050,308.8963204,527.40004,-218.5037196
PLDV,TotSales,Dahlgren Twp.,2015,26.87217099,344.01852,-317.146349
PLDV,TotSales,Dahlgren Twp.,2018,28.77846568,337.33947,-308.5610043
PLDV,TotSales,Dahlgren Twp.,2020,30.0493288,332.88677,-302.8374412
PLDV,TotSales,Dahlgren Twp.,2025,36.62885053,294.13533,-257.5064795
PLDV,TotSales,Dahlgren Twp.,2030,38.06074547,258.34949,-220.2887445
PLDV,TotSales,Dahlgren Twp.,2035,38.75420807,234.74534,-195.9911319
PLDV,TotSales,Dahlgren Twp.,2040,30.17876344,211.81562,-181.6368566
PLDV,TotSales,Dahlgren Twp.,2045,30.84008193,185.37504,-154.5349581
PLDV,TotSales,Dahlgren Twp.,2050,31.50140042,158.93446,-127.4330596
PLDV,SISales,Dahlgren Twp.,2015,25.77825832,338.65439,-312.8761317
PLDV,SISales,Dahlgren Twp.,2018,27.56605434,331.18724,-303.6211857
PLDV,SISales,Dahlgren Twp.,2020,28.75791836,326.20914,-297.4512216
PLDV,SISales,Dahlgren Twp.,2025,33.9760876,275.89847,-241.9223824
PLDV,SISales,Dahlgren Twp.,2030,32.00928346,235.23759,-203.2283065
PLDV,SISales,Dahlgren Twp.,2035,26.41661046,207.21445,-180.7978395
PLDV,SISales,Dahlgren Twp.,2040,12.60541606,171.31816,-158.7127439
PLDV,SISales,Dahlgren Twp.,2045,9.97084761,137.85091,-127.8800624
PLDV,SISales,Dahlgren Twp.,2050,7.33627916,104.38367,-97.04739084
PLDV,CISales,Dahlgren Twp.,2015,0.4516392,4.87342,-4.4217808
PLDV,CISales,Dahlgren Twp.,2018,0.46686978,4.58635,-4.11948022
PLDV,CISales,Dahlgren Twp.,2020,0.4770235,4.39497,-3.9179465
PLDV,CISales,Dahlgren Twp.,2025,0.52944388,3.54815,-3.01870612
PLDV,CISales,Dahlgren Twp.,2030,0.56764619,3.29015,-2.72250381
PLDV,CISales,Dahlgren Twp.,2035,0.58213814,3.26521,-2.68307186
PLDV,CISales,Dahlgren Twp.,2040,0.42723735,3.09519,-2.66795265
PLDV,CISales,Dahlgren Twp.,2045,0.42235698,2.73955,-2.31719302
PLDV,CISales,Dahlgren Twp.,2050,0.41747661,2.3839,-1.96642339
PLDV,HEVSales,Dahlgren Twp.,2015,0.58732072,0.45335,0.13397072
PLDV,HEVSales,Dahlgren Twp.,2018,0.61586781,0.99215,-0.37628219
PLDV,HEVSales,Dahlgren Twp.,2020,0.63489921,1.35135,-0.71645079
PLDV,HEVSales,Dahlgren Twp.,2025,1.25960182,2.83325,-1.57364818
PLDV,HEVSales,Dahlgren Twp.,2030,2.37392934,5.7125,-3.33857066
PLDV,HEVSales,Dahlgren Twp.,2035,2.93919288,9.53075,-6.59155712
PLDV,HEVSales,Dahlgren Twp.,2040,2.56652215,12.67434,-10.10781785
PLDV,HEVSales,Dahlgren Twp.,2045,2.96236243,15.11854,-12.15617757
PLDV,HEVSales,Dahlgren Twp.,2050,3.35820272,17.56274,-14.20453728
PLDV,PHEVSales,Dahlgren Twp.,2015,0.03182978,0.01858,0.01324978
PLDV,PHEVSales,Dahlgren Twp.,2018,0.11251033,0.22311,-0.11059967
PLDV,PHEVSales,Dahlgren Twp.,2020,0.16629735,0.35946,-0.19316265
PLDV,PHEVSales,Dahlgren Twp.,2025,0.5289291,4.00214,-3.4732109
PLDV,PHEVSales,Dahlgren Twp.,2030,1.31908208,5.9396,-4.62051792
PLDV,PHEVSales,Dahlgren Twp.,2035,2.61637968,6.57989,-3.96351032
PLDV,PHEVSales,Dahlgren Twp.,2040,4.88894336,8.06789,-3.17894664
PLDV,PHEVSales,Dahlgren Twp.,2045,5.86036608,9.67775,-3.81738392
PLDV,PHEVSales,Dahlgren Twp.,2050,6.8317888,11.28761,-4.4558212
PLDV,BEVSales,Dahlgren Twp.,2015,0.02312297,0.01878,0.00434297
PLDV,BEVSales,Dahlgren Twp.,2018,0.01716341,0.35062,-0.33345659
PLDV,BEVSales,Dahlgren Twp.,2020,0.01319037,0.57185,-0.55865963
PLDV,BEVSales,Dahlgren Twp.,2025,0.33478812,7.85332,-7.51853188
PLDV,BEVSales,Dahlgren Twp.,2030,1.7908044,8.16965,-6.3788456
PLDV,BEVSales,Dahlgren Twp.,2035,6.19988691,8.15504,-1.95515309
PLDV,BEVSales,Dahlgren Twp.,2040,9.69064452,16.66004,-6.96939548
PLDV,BEVSales,Dahlgren Twp.,2045,11.62414882,19.98829,-8.36414118
PLDV,BEVSales,Dahlgren Twp.,2050,13.55765313,23.31654,-9.75888687
PLDV,TotSales,Dayton,2015,165.8534905,1437.50595,-1271.65246
PLDV,TotSales,Dayton,2018,192.2663562,1577.47337,-1385.207014
PLDV,TotSales,Dayton,2020,209.8749334,1670.78498,-1460.910047
PLDV,TotSales,Dayton,2025,320.9112343,2017.2362,-1696.324966
PLDV,TotSales,Dayton,2030,411.7158777,2382.29544,-1970.579562
PLDV,TotSales,Dayton,2035,518.7846497,2802.63081,-2283.84616
PLDV,TotSales,Dayton,2040,508.2109248,3219.68299,-2711.472065
PLDV,TotSales,Dayton,2045,576.6824116,3576.1184,-2999.435988
PLDV,TotSales,Dayton,2050,645.1538985,3932.5538,-3287.399902
PLDV,SISales,Dayton,2015,158.7641772,1414.36432,-1255.600143
PLDV,SISales,Dayton,2018,183.6377526,1543.21377,-1359.576017
PLDV,SISales,Dayton,2020,200.2201362,1629.11339,-1428.893254
PLDV,SISales,Dayton,2025,294.6276997,1825.6572,-1531.0295
PLDV,SISales,Dayton,2030,336.7302497,2082.25009,-1745.51984
PLDV,SISales,Dayton,2035,331.6495887,2387.40619,-2055.756601
PLDV,SISales,Dayton,2040,188.5039849,2504.40798,-2315.903995
PLDV,SISales,Dayton,2045,194.4519465,2722.41671,-2527.964764
PLDV,SISales,Dayton,2050,200.399908,2940.42545,-2740.025542
PLDV,CISales,Dayton,2015,2.81605965,20.54904,-17.73298035
PLDV,CISales,Dayton,2018,3.11682268,22.41386,-19.29703732
PLDV,CISales,Dayton,2020,3.31733136,23.65707,-20.33973864
PLDV,CISales,Dayton,2025,4.6006693,27.62888,-23.0282107
PLDV,CISales,Dayton,2030,5.98479841,33.38206,-27.39726159
PLDV,CISales,Dayton,2035,7.32592,40.74657,-33.42065
PLDV,CISales,Dayton,2040,6.4340838,47.13439,-40.7003062
PLDV,CISales,Dayton,2045,7.15768863,52.45146,-45.29377137
PLDV,CISales,Dayton,2050,7.88129346,57.76853,-49.88723654
PLDV,HEVSales,Dayton,2015,3.6999578,2.26164,1.4383178
PLDV,HEVSales,Dayton,2018,4.14253346,6.10634,-1.96380654
PLDV,HEVSales,Dayton,2020,4.4375839,8.66947,-4.2318861
PLDV,HEVSales,Dayton,2025,11.02133713,23.75199,-12.73065287
PLDV,HEVSales,Dayton,2030,25.14310934,59.78112,-34.63801066
PLDV,HEVSales,Dayton,2035,36.67714398,120.33998,-83.66283602
PLDV,HEVSales,Dayton,2040,37.7184612,192.26231,-154.5438488
PLDV,HEVSales,Dayton,2045,44.52216188,230.26244,-185.7402781
PLDV,HEVSales,Dayton,2050,51.32586256,268.26258,-216.9367174
PLDV,PHEVSales,Dayton,2015,0.35390756,0.17837,0.17553756
PLDV,PHEVSales,Dayton,2018,1.20570148,2.35856,-1.15285852
PLDV,PHEVSales,Dayton,2020,1.77356409,3.81201,-2.03844591
PLDV,PHEVSales,Dayton,2025,7.13958568,53.27474,-46.13515432
PLDV,PHEVSales,Dayton,2030,20.89652537,95.39161,-74.49508463
PLDV,PHEVSales,Dayton,2035,47.85874964,123.91799,-76.05924036
PLDV,PHEVSales,Dayton,2040,104.8125291,177.04128,-72.2287509
PLDV,PHEVSales,Dayton,2045,125.7042535,212.41387,-86.7096165
PLDV,PHEVSales,Dayton,2050,146.5959778,247.78645,-101.1904722
PLDV,BEVSales,Dayton,2015,0.21938829,0.15258,0.06680829
PLDV,BEVSales,Dayton,2018,0.16354604,3.38085,-3.21730396
PLDV,BEVSales,Dayton,2020,0.12631787,5.53303,-5.40671213
PLDV,BEVSales,Dayton,2025,3.52194242,86.92339,-83.40144758
PLDV,BEVSales,Dayton,2030,22.96119482,111.49057,-88.52937518
PLDV,BEVSales,Dayton,2035,95.27324738,130.22007,-34.94682262
PLDV,BEVSales,Dayton,2040,170.7418657,298.83702,-128.0951543
PLDV,BEVSales,Dayton,2045,204.8463612,358.57391,-153.7275488
PLDV,BEVSales,Dayton,2050,238.9508566,418.3108,-179.3599434
PLDV,TotSales,Deephaven,2015,100.1823361,868.27882,-768.0964839
PLDV,TotSales,Deephaven,2018,106.6891076,877.63356,-770.9444524
PLDV,TotSales,Deephaven,2020,111.0269553,883.87006,-772.8431047
PLDV,TotSales,Deephaven,2025,139.6897325,878.08452,-738.3947875
PLDV,TotSales,Deephaven,2030,152.5928455,882.942,-730.3491545
PLDV,TotSales,Deephaven,2035,163.1205361,881.22623,-718.1056939
PLDV,TotSales,Deephaven,2040,139.0045564,880.63948,-741.6349236
PLDV,TotSales,Deephaven,2045,146.7690005,883.11161,-736.3426095
PLDV,TotSales,Deephaven,2050,154.5334445,885.58375,-731.0503055
PLDV,SISales,Deephaven,2015,95.8963495,854.30087,-758.4045205
PLDV,SISales,Deephaven,2018,101.9101944,858.81545,-756.9052556
PLDV,SISales,Deephaven,2020,105.9194243,861.82517,-755.9057457
PLDV,SISales,Deephaven,2025,128.2487497,794.69193,-666.4431803
PLDV,SISales,Deephaven,2030,124.801179,771.73722,-646.936041
PLDV,SISales,Deephaven,2035,104.2799912,750.66789,-646.3878988
PLDV,SISales,Deephaven,2040,51.55912934,684.99929,-633.4401607
PLDV,SISales,Deephaven,2045,42.69168531,651.13897,-608.4472847
PLDV,SISales,Deephaven,2050,33.82424128,617.27865,-583.4544087
PLDV,CISales,Deephaven,2015,1.70094945,12.41198,-10.71103055
PLDV,CISales,Deephaven,2018,1.7333303,12.47376,-10.7404297
PLDV,CISales,Deephaven,2020,1.75491754,12.51494,-10.76002246
PLDV,CISales,Deephaven,2025,2.00262937,12.0266,-10.02397063
PLDV,CISales,Deephaven,2030,2.21812534,12.37228,-10.15415466
PLDV,CISales,Deephaven,2035,2.30347602,12.81187,-10.50839398
PLDV,CISales,Deephaven,2040,1.7598342,12.89208,-11.1322458
PLDV,CISales,Deephaven,2045,1.77161115,12.9881,-11.21648885
PLDV,CISales,Deephaven,2050,1.7833881,13.08412,-11.3007319
PLDV,HEVSales,Deephaven,2015,2.23483945,1.36607,0.86876945
PLDV,HEVSales,Deephaven,2018,2.30246443,3.29819,-0.99572557
PLDV,HEVSales,Deephaven,2020,2.34754776,4.58628,-2.23873224
PLDV,HEVSales,Deephaven,2025,4.7974875,10.33903,-5.5415425
PLDV,HEVSales,Deephaven,2030,9.31870449,22.15647,-12.83776551
PLDV,HEVSales,Deephaven,2035,11.53232925,37.83829,-26.30596075
PLDV,HEVSales,Deephaven,2040,10.31665734,52.5871,-42.27044266
PLDV,HEVSales,Deephaven,2045,11.93302092,62.8313,-50.89827908
PLDV,HEVSales,Deephaven,2050,13.5493845,73.07551,-59.5261255
PLDV,PHEVSales,Deephaven,2015,0.21584323,0.10774,0.10810323
PLDV,PHEVSales,Deephaven,2018,0.64928233,1.25306,-0.60377767
PLDV,PHEVSales,Deephaven,2020,0.93824173,2.01661,-1.07836827
PLDV,PHEVSales,Deephaven,2025,3.10779651,23.19001,-20.08221349
PLDV,PHEVSales,Deephaven,2030,7.74480762,35.35467,-27.60986238
PLDV,PHEVSales,Deephaven,2035,15.04814166,38.96331,-23.91516834
PLDV,PHEVSales,Deephaven,2040,28.66805574,48.42388,-19.75582426
PLDV,PHEVSales,Deephaven,2045,34.35849824,58.08711,-23.72861176
PLDV,PHEVSales,Deephaven,2050,40.04894074,67.75034,-27.70139926
PLDV,BEVSales,Deephaven,2015,0.13435443,0.09216,0.04219443
PLDV,BEVSales,Deephaven,2018,0.09383619,1.7931,-1.69926381
PLDV,BEVSales,Deephaven,2020,0.06682403,2.92706,-2.86023597
PLDV,BEVSales,Deephaven,2025,1.5330694,37.83696,-36.3038906
PLDV,BEVSales,Deephaven,2030,8.51002899,41.32137,-32.81134101
PLDV,BEVSales,Deephaven,2035,29.95659799,40.94487,-10.98827201
PLDV,BEVSales,Deephaven,2040,46.70087977,81.73714,-35.03626023
PLDV,BEVSales,Deephaven,2045,56.01418484,98.06614,-42.05195516
PLDV,BEVSales,Deephaven,2050,65.32748991,114.39513,-49.06764009
PLDV,TotSales,Dellwood,2015,18.02746602,197.25364,-179.226174
PLDV,TotSales,Dellwood,2018,19.94487604,202.40595,-182.461074
PLDV,TotSales,Dellwood,2020,21.22314939,205.84082,-184.6176706
PLDV,TotSales,Dellwood,2025,29.34331016,211.02545,-181.6821398
PLDV,TotSales,Dellwood,2030,34.45750481,218.19079,-183.7332852
PLDV,TotSales,Dellwood,2035,37.6978496,221.30873,-183.6108804
PLDV,TotSales,Dellwood,2040,32.40342811,224.65293,-192.2495019
PLDV,TotSales,Dellwood,2045,35.27862053,230.13279,-194.8541695
PLDV,TotSales,Dellwood,2050,38.15381294,235.61265,-197.4588371
PLDV,SISales,Dellwood,2015,17.24268993,194.12956,-176.8868701
PLDV,SISales,Dellwood,2018,19.05059726,198.46912,-179.4185227
PLDV,SISales,Dellwood,2020,20.25586881,201.36216,-181.1062912
PLDV,SISales,Dellwood,2025,27.10538916,195.99706,-168.8916708
PLDV,SISales,Dellwood,2030,28.73607831,196.22273,-167.4866517
PLDV,SISales,Dellwood,2035,25.48125273,193.09085,-167.6095973
PLDV,SISales,Dellwood,2040,13.29521853,179.98045,-166.6852315
PLDV,SISales,Dellwood,2045,12.50572424,177.15063,-164.6449058
PLDV,SISales,Dellwood,2050,11.71622996,174.32081,-162.60458
PLDV,CISales,Dellwood,2015,0.31963192,2.81017,-2.49053808
PLDV,CISales,Dellwood,2018,0.33342166,2.81333,-2.47990834
PLDV,CISales,Dellwood,2020,0.34261482,2.81544,-2.47282518
PLDV,CISales,Dellwood,2025,0.42436473,2.728,-2.30363527
PLDV,CISales,Dellwood,2030,0.51498666,2.94547,-2.43048334
PLDV,CISales,Dellwood,2035,0.57047229,3.1921,-2.62162771
PLDV,CISales,Dellwood,2040,0.45705067,3.35424,-2.89718933
PLDV,CISales,Dellwood,2045,0.48453441,3.46305,-2.97851559
PLDV,CISales,Dellwood,2050,0.51201816,3.57186,-3.05984184
PLDV,HEVSales,Dellwood,2015,0.42455833,0.28611,0.13844833
PLDV,HEVSales,Dellwood,2018,0.45186608,0.68995,-0.23808392
PLDV,HEVSales,Dellwood,2020,0.47007124,0.95918,-0.48910876
PLDV,HEVSales,Dellwood,2025,1.04194147,2.32701,-1.28506853
PLDV,HEVSales,Dellwood,2030,2.21759867,5.33318,-3.11558133
PLDV,HEVSales,Dellwood,2035,2.88979965,9.56747,-6.67767035
PLDV,HEVSales,Dellwood,2040,2.72413303,13.90022,-11.17608697
PLDV,HEVSales,Dellwood,2045,3.18404797,16.62304,-13.43899203
PLDV,HEVSales,Dellwood,2050,3.64396291,19.34586,-15.70189709
PLDV,PHEVSales,Dellwood,2015,0.02694801,0.01604,0.01090801
PLDV,PHEVSales,Dellwood,2018,0.09821619,0.19687,-0.09865381
PLDV,PHEVSales,Dellwood,2020,0.14572831,0.31742,-0.17169169
PLDV,PHEVSales,Dellwood,2025,0.50954828,3.87479,-3.36524172
PLDV,PHEVSales,Dellwood,2030,1.41579855,6.51772,-5.10192145
PLDV,PHEVSales,Dellwood,2035,2.97350632,7.74763,-4.77412368
PLDV,PHEVSales,Dellwood,2040,6.02613635,10.20595,-4.17981365
PLDV,PHEVSales,Dellwood,2045,7.22597402,12.24393,-5.01795598
PLDV,PHEVSales,Dellwood,2050,8.42581169,14.28191,-5.85609831
PLDV,BEVSales,Dellwood,2015,0.01363783,0.01176,0.00187783
PLDV,BEVSales,Dellwood,2018,0.01077486,0.23668,-0.22590514
PLDV,BEVSales,Dellwood,2020,0.00886621,0.38663,-0.37776379
PLDV,BEVSales,Dellwood,2025,0.26206651,6.09859,-5.83652349
PLDV,BEVSales,Dellwood,2030,1.57304264,7.17169,-5.59864736
PLDV,BEVSales,Dellwood,2035,5.78281862,7.71067,-1.92785138
PLDV,BEVSales,Dellwood,2040,9.90088953,17.21208,-7.31119047
PLDV,BEVSales,Dellwood,2045,11.87833987,20.65214,-8.77380013
PLDV,BEVSales,Dellwood,2050,13.85579021,24.09221,-10.23641979
PLDV,TotSales,Denmark Twp.,2015,48.63451667,532.1249,-483.4903833
PLDV,TotSales,Denmark Twp.,2018,55.21056876,559.65057,-504.4400012
PLDV,TotSales,Denmark Twp.,2020,59.59460349,578.00102,-518.4064165
PLDV,TotSales,Denmark Twp.,2025,87.13902515,626.66931,-539.5302849
PLDV,TotSales,Denmark Twp.,2030,107.507415,680.75525,-573.247835
PLDV,TotSales,Denmark Twp.,2035,124.2332633,729.32293,-605.0896667
PLDV,TotSales,Denmark Twp.,2040,112.2195522,778.01802,-665.7984678
PLDV,TotSales,Denmark Twp.,2045,124.9365593,827.19665,-702.2600907
PLDV,TotSales,Denmark Twp.,2050,137.6535664,876.37527,-738.7217036
PLDV,SISales,Denmark Twp.,2015,46.51505966,523.69717,-477.1821103
PLDV,SISales,Denmark Twp.,2018,52.73311164,548.73383,-496.0007184
PLDV,SISales,Denmark Twp.,2020,56.87847962,565.42493,-508.5464504
PLDV,SISales,Denmark Twp.,2025,80.49320869,582.04042,-501.5472113
PLDV,SISales,Denmark Twp.,2030,89.65656432,612.21492,-522.5583557
PLDV,SISales,Denmark Twp.,2035,83.97346837,636.33091,-552.3574416
PLDV,SISales,Denmark Twp.,2040,46.0440008,623.30829,-577.2642892
PLDV,SISales,Denmark Twp.,2045,45.94978903,643.23052,-597.280731
PLDV,SISales,Denmark Twp.,2050,45.85557726,663.15274,-617.2971627
PLDV,CISales,Denmark Twp.,2015,0.86226093,7.58089,-6.71862907
PLDV,CISales,Denmark Twp.,2018,0.92214182,7.7758,-6.85365818
PLDV,CISales,Denmark Twp.,2020,0.96206241,7.90574,-6.94367759
PLDV,CISales,Denmark Twp.,2025,1.26020988,8.10116,-6.84095012
PLDV,CISales,Denmark Twp.,2030,1.60675837,9.18985,-7.58309163
PLDV,CISales,Denmark Twp.,2035,1.87999142,10.51958,-8.63958858
PLDV,CISales,Denmark Twp.,2040,1.58285786,11.61639,-10.03353214
PLDV,CISales,Denmark Twp.,2045,1.72697725,12.42349,-10.69651275
PLDV,CISales,Denmark Twp.,2050,1.87109663,13.23059,-11.35949337
PLDV,HEVSales,Denmark Twp.,2015,1.14531758,0.77184,0.37347758
PLDV,HEVSales,Denmark Twp.,2018,1.25010306,1.92476,-0.67465694
PLDV,HEVSales,Denmark Twp.,2020,1.31996005,2.69338,-1.37341995
PLDV,HEVSales,Denmark Twp.,2025,3.09418957,6.91039,-3.81620043
PLDV,HEVSales,Denmark Twp.,2030,6.91890785,16.63952,-9.72061215
PLDV,HEVSales,Denmark Twp.,2035,9.52333474,31.5296,-22.00626526
PLDV,HEVSales,Denmark Twp.,2040,9.43421751,48.13924,-38.70502249
PLDV,HEVSales,Denmark Twp.,2045,11.0919975,57.61272,-46.5207225
PLDV,HEVSales,Denmark Twp.,2050,12.74977749,67.0862,-54.33642251
PLDV,PHEVSales,Denmark Twp.,2015,0.07412421,0.04328,0.03084421
PLDV,PHEVSales,Denmark Twp.,2018,0.27517274,0.5521,-0.27692726
PLDV,PHEVSales,Denmark Twp.,2020,0.40920509,0.89131,-0.48210491
PLDV,PHEVSales,Denmark Twp.,2025,1.51317421,11.50673,-9.99355579
PLDV,PHEVSales,Denmark Twp.,2030,4.41729146,20.33529,-15.91799854
PLDV,PHEVSales,Denmark Twp.,2035,9.79919008,25.53233,-15.73313992
PLDV,PHEVSales,Denmark Twp.,2040,20.86971542,35.34523,-14.47551458
PLDV,PHEVSales,Denmark Twp.,2045,25.02883366,42.40562,-17.37678634
PLDV,PHEVSales,Denmark Twp.,2050,29.1879519,49.46601,-20.2780581
PLDV,BEVSales,Denmark Twp.,2015,0.03775429,0.03172,0.00603429
PLDV,BEVSales,Denmark Twp.,2018,0.03003951,0.66408,-0.63404049
PLDV,BEVSales,Denmark Twp.,2020,0.02489632,1.08565,-1.06075368
PLDV,BEVSales,Denmark Twp.,2025,0.77824281,18.1106,-17.33235719
PLDV,BEVSales,Denmark Twp.,2030,4.90789302,22.37567,-17.46777698
PLDV,BEVSales,Denmark Twp.,2035,19.05727875,25.41051,-6.35323125
PLDV,BEVSales,Denmark Twp.,2040,34.28876063,59.60887,-25.32010937
PLDV,BEVSales,Denmark Twp.,2045,41.1389619,71.5243,-30.3853381
PLDV,BEVSales,Denmark Twp.,2050,47.98916317,83.43973,-35.45056683
PLDV,TotSales,Douglas Twp.,2015,36.52352818,329.91437,-293.3908418
PLDV,TotSales,Douglas Twp.,2018,39.83126783,339.11873,-299.2874622
PLDV,TotSales,Douglas Twp.,2020,42.03642759,345.25497,-303.2185424
PLDV,TotSales,Douglas Twp.,2025,55.40797834,352.69217,-297.2841917
PLDV,TotSales,Douglas Twp.,2030,61.49359078,364.1249,-302.6313092
PLDV,TotSales,Douglas Twp.,2035,63.64582726,373.60938,-309.9635527
PLDV,TotSales,Douglas Twp.,2040,51.32214669,383.40767,-332.0855233
PLDV,TotSales,Douglas Twp.,2045,54.28187039,394.10632,-339.8244496
PLDV,TotSales,Douglas Twp.,2050,57.24159409,404.80498,-347.5633859
PLDV,SISales,Douglas Twp.,2015,35.06451695,324.6602,-289.5956831
PLDV,SISales,Douglas Twp.,2018,38.18220343,332.43563,-294.2534266
PLDV,SISales,Douglas Twp.,2020,40.26066108,337.61925,-297.3585889
PLDV,SISales,Douglas Twp.,2025,51.57659456,329.62212,-278.0455254
PLDV,SISales,Douglas Twp.,2030,52.61362737,330.94927,-278.3356426
PLDV,SISales,Douglas Twp.,2035,45.9597716,330.97665,-285.0168784
PLDV,SISales,Douglas Twp.,2040,24.42517538,317.43649,-293.0113146
PLDV,SISales,Douglas Twp.,2045,22.29730706,315.99174,-293.6944329
PLDV,SISales,Douglas Twp.,2050,20.16943875,314.547,-294.3775613
PLDV,CISales,Douglas Twp.,2015,0.60981049,4.7065,-4.09668951
PLDV,CISales,Douglas Twp.,2018,0.63865871,4.78797,-4.14931129
PLDV,CISales,Douglas Twp.,2020,0.65789086,4.84228,-4.18438914
PLDV,CISales,Douglas Twp.,2025,0.80251989,4.86264,-4.06012011
PLDV,CISales,Douglas Twp.,2030,0.9235449,5.17751,-4.2539651
PLDV,CISales,Douglas Twp.,2035,0.99600804,5.53428,-4.53827196
PLDV,CISales,Douglas Twp.,2040,0.81282648,5.86476,-5.05193352
PLDV,CISales,Douglas Twp.,2045,0.85342968,6.09642,-5.24299032
PLDV,CISales,Douglas Twp.,2050,0.89403287,6.32807,-5.43403713
PLDV,HEVSales,Douglas Twp.,2015,0.79917428,0.50417,0.29500428
PLDV,HEVSales,Douglas Twp.,2018,0.84647208,1.24777,-0.40129792
PLDV,HEVSales,Douglas Twp.,2020,0.87800395,1.7435,-0.86549605
PLDV,HEVSales,Douglas Twp.,2025,1.90341587,4.14034,-2.23692413
PLDV,HEVSales,Douglas Twp.,2030,3.86928111,9.21973,-5.35044889
PLDV,HEVSales,Douglas Twp.,2035,5.03524043,16.33517,-11.29992957
PLDV,HEVSales,Douglas Twp.,2040,4.86465514,24.104,-19.23934486
PLDV,HEVSales,Douglas Twp.,2045,5.67775132,28.82397,-23.14621868
PLDV,HEVSales,Douglas Twp.,2050,6.49084749,33.54394,-27.05309251
PLDV,PHEVSales,Douglas Twp.,2015,0.03361985,0.02521,0.00840985
PLDV,PHEVSales,Douglas Twp.,2018,0.14958147,0.30434,-0.15475853
PLDV,PHEVSales,Douglas Twp.,2020,0.22688922,0.49042,-0.26353078
PLDV,PHEVSales,Douglas Twp.,2025,0.78472161,5.90088,-5.11615839
PLDV,PHEVSales,Douglas Twp.,2030,2.10043043,9.48532,-7.38488957
PLDV,PHEVSales,Douglas Twp.,2035,4.33765036,11.00748,-6.66982964
PLDV,PHEVSales,Douglas Twp.,2040,8.89913172,14.7436,-5.84446828
PLDV,PHEVSales,Douglas Twp.,2045,10.67223409,17.68728,-7.01504591
PLDV,PHEVSales,Douglas Twp.,2050,12.44533646,20.63096,-8.18562354
PLDV,BEVSales,Douglas Twp.,2015,0.0164066,0.01828,-0.0018734
PLDV,BEVSales,Douglas Twp.,2018,0.01435213,0.34303,-0.32867787
PLDV,BEVSales,Douglas Twp.,2020,0.01298248,0.55952,-0.54653752
PLDV,BEVSales,Douglas Twp.,2025,0.3407264,8.16619,-7.8254636
PLDV,BEVSales,Douglas Twp.,2030,1.98670696,9.29307,-7.30636304
PLDV,BEVSales,Douglas Twp.,2035,7.31715683,9.7558,-2.43864317
PLDV,BEVSales,Douglas Twp.,2040,12.32035797,21.25881,-8.93845203
PLDV,BEVSales,Douglas Twp.,2045,14.78114824,25.50691,-10.72576176
PLDV,BEVSales,Douglas Twp.,2050,17.24193852,29.75502,-12.51308148
PLDV,TotSales,Eagan,2015,2565.474931,15913.10343,-13347.6285
PLDV,TotSales,Eagan,2018,2697.372407,16439.02918,-13741.65677
PLDV,TotSales,Eagan,2020,2785.304057,16789.64635,-14004.34229
PLDV,TotSales,Eagan,2025,3227.632807,16872.93375,-13645.30094
PLDV,TotSales,Eagan,2030,3262.800839,17227.1093,-13964.30846
PLDV,TotSales,Eagan,2035,3151.492011,17461.69019,-14310.19818
PLDV,TotSales,Eagan,2040,2431.499705,17714.30708,-15282.80738
PLDV,TotSales,Eagan,2045,2404.704659,18074.54781,-15669.84315
PLDV,TotSales,Eagan,2050,2377.909614,18434.78854,-16056.87893
PLDV,SISales,Eagan,2015,2479.589341,15657.40582,-13177.81648
PLDV,SISales,Eagan,2018,2601.910827,16096.9885,-13495.07767
PLDV,SISales,Eagan,2020,2683.458485,16390.04362,-13706.58514
PLDV,SISales,Eagan,2025,3022.872151,15630.93458,-12608.06243
PLDV,SISales,Eagan,2030,2839.948418,15621.18301,-12781.23459
PLDV,SISales,Eagan,2035,2345.392801,15557.02592,-13211.63312
PLDV,SISales,Eagan,2040,1221.117716,14839.12675,-13618.00903
PLDV,SISales,Eagan,2045,969.4233915,14675.47094,-13706.04755
PLDV,SISales,Eagan,2050,717.7290667,14511.81513,-13794.08606
PLDV,CISales,Eagan,2015,35.94892998,226.50544,-190.55651
PLDV,CISales,Eagan,2018,38.09528146,235.79164,-197.6963585
PLDV,CISales,Eagan,2020,39.52618244,241.98245,-202.4562676
PLDV,CISales,Eagan,2025,46.29129101,248.90278,-202.611489
PLDV,CISales,Eagan,2030,46.93496326,253.86224,-206.9272767
PLDV,CISales,Eagan,2035,46.21419202,255.79889,-209.584698
PLDV,CISales,Eagan,2040,37.24811447,260.63944,-223.3913255
PLDV,CISales,Eagan,2045,37.50795137,267.46625,-229.9582986
PLDV,CISales,Eagan,2050,37.76778827,274.29305,-236.5252617
PLDV,HEVSales,Eagan,2015,45.63004241,26.28253,19.34751241
PLDV,HEVSales,Eagan,2018,47.54133972,65.79383,-18.25249028
PLDV,HEVSales,Eagan,2020,48.81553793,92.1347,-43.31916207
PLDV,HEVSales,Eagan,2025,99.71746496,200.74397,-101.026505
PLDV,HEVSales,Eagan,2030,182.2183036,424.04132,-241.8230164
PLDV,HEVSales,Eagan,2035,231.1465042,717.03436,-485.8878558
PLDV,HEVSales,Eagan,2040,221.1176518,1036.56294,-815.4452882
PLDV,HEVSales,Eagan,2045,256.2151737,1238.61903,-982.4038563
PLDV,HEVSales,Eagan,2050,291.3126955,1440.67511,-1149.362415
PLDV,PHEVSales,Eagan,2015,2.41508,1.42949,0.98559
PLDV,PHEVSales,Eagan,2018,8.50931433,16.38938,-7.88006567
PLDV,PHEVSales,Eagan,2020,12.57213722,26.36264,-13.79050278
PLDV,PHEVSales,Eagan,2025,40.08308236,286.11089,-246.0278076
PLDV,PHEVSales,Eagan,2030,99.1837069,425.41239,-326.2286831
PLDV,PHEVSales,Eagan,2035,198.6164821,476.73868,-278.1221979
PLDV,PHEVSales,Eagan,2040,409.0746331,648.10039,-239.0257569
PLDV,PHEVSales,Eagan,2045,490.4065437,777.43456,-287.0280163
PLDV,PHEVSales,Eagan,2050,571.7384543,906.76874,-335.0302857
PLDV,BEVSales,Eagan,2015,1.8915378,1.48017,0.4113678
PLDV,BEVSales,Eagan,2018,1.31564403,24.06583,-22.75018597
PLDV,BEVSales,Eagan,2020,0.93171486,39.12294,-38.19122514
PLDV,BEVSales,Eagan,2025,18.66881762,506.24154,-487.5727224
PLDV,BEVSales,Eagan,2030,94.51544715,502.61033,-408.0948829
PLDV,BEVSales,Eagan,2035,330.1220321,455.09234,-124.9703079
PLDV,BEVSales,Eagan,2040,542.9415888,929.87756,-386.9359712
PLDV,BEVSales,Eagan,2045,651.151599,1115.55704,-464.405441
PLDV,BEVSales,Eagan,2050,759.3616092,1301.23652,-541.8749108
PLDV,TotSales,East Bethel,2015,580.3529973,3719.81519,-3139.462193
PLDV,TotSales,East Bethel,2018,621.806051,3914.68251,-3292.876459
PLDV,TotSales,East Bethel,2020,649.4414201,4044.59405,-3395.15263
PLDV,TotSales,East Bethel,2025,875.9648394,4520.97477,-3645.009931
PLDV,TotSales,East Bethel,2030,952.2758906,5058.5914,-4106.315509
PLDV,TotSales,East Bethel,2035,944.1315877,5598.43001,-4654.298422
PLDV,TotSales,East Bethel,2040,706.8206116,6136.55028,-5429.729668
PLDV,TotSales,East Bethel,2045,732.1141345,6619.8973,-5887.783166
PLDV,TotSales,East Bethel,2050,757.4076573,7103.24432,-6345.836663
PLDV,SISales,East Bethel,2015,557.3193878,3658.93478,-3101.615392
PLDV,SISales,East Bethel,2018,597.0259306,3833.02103,-3235.995099
PLDV,SISales,East Bethel,2020,623.4969592,3949.07854,-3325.581581
PLDV,SISales,East Bethel,2025,822.264738,4263.13418,-3440.869442
PLDV,SISales,East Bethel,2030,840.130156,4666.7259,-3826.595744
PLDV,SISales,East Bethel,2035,749.0855474,5060.43281,-4311.347263
PLDV,SISales,East Bethel,2040,422.0397653,5304.79048,-4882.750715
PLDV,SISales,East Bethel,2045,394.9838408,5633.96162,-5238.977779
PLDV,SISales,East Bethel,2050,367.9279163,5963.13277,-5595.204854
PLDV,CISales,East Bethel,2015,9.7446643,53.62806,-43.8833957
PLDV,CISales,East Bethel,2018,9.92896537,57.99419,-48.06522463
PLDV,CISales,East Bethel,2020,10.05183275,60.90495,-50.85311725
PLDV,CISales,East Bethel,2025,12.78350509,71.59148,-58.80797491
PLDV,CISales,East Bethel,2030,14.59119457,79.97532,-65.38412543
PLDV,CISales,East Bethel,2035,15.94305937,88.2955,-72.35244063
PLDV,CISales,East Bethel,2040,13.7494552,99.22608,-85.4766248
PLDV,CISales,East Bethel,2045,14.55041337,108.34568,-93.79526663
PLDV,CISales,East Bethel,2050,15.35137155,117.46529,-102.1139185
PLDV,HEVSales,East Bethel,2015,12.96357412,6.85052,6.11305412
PLDV,HEVSales,East Bethel,2018,13.33824677,18.09448,-4.75623323
PLDV,HEVSales,East Bethel,2020,13.58802854,25.59045,-12.00242146
PLDV,HEVSales,East Bethel,2025,30.45275084,64.68406,-34.23130916
PLDV,HEVSales,East Bethel,2030,61.75075189,146.329,-84.57824811
PLDV,HEVSales,East Bethel,2035,80.84734116,264.36559,-183.5182488
PLDV,HEVSales,East Bethel,2040,81.92548679,410.21167,-328.2861832
PLDV,HEVSales,East Bethel,2045,95.71786933,490.8839,-395.1660307
PLDV,HEVSales,East Bethel,2050,109.5102519,571.55613,-462.0458781
PLDV,PHEVSales,East Bethel,2015,0.24010848,0.25726,-0.01715152
PLDV,PHEVSales,East Bethel,2018,1.41941871,2.97734,-1.55792129
PLDV,PHEVSales,East Bethel,2020,2.20562553,4.79074,-2.58511447
PLDV,PHEVSales,East Bethel,2025,7.8552178,58.83163,-50.9764122
PLDV,PHEVSales,East Bethel,2030,20.71562469,94.40812,-73.69249531
PLDV,PHEVSales,East Bethel,2035,42.66117971,110.36935,-67.70817029
PLDV,PHEVSales,East Bethel,2040,91.13692219,152.46408,-61.32715781
PLDV,PHEVSales,East Bethel,2045,109.3162849,182.90544,-73.5891551
PLDV,PHEVSales,East Bethel,2050,127.4956477,213.34681,-85.8511623
PLDV,BEVSales,East Bethel,2015,0.08526267,0.14457,-0.05930733
PLDV,BEVSales,East Bethel,2018,0.09348953,2.59546,-2.50197047
PLDV,BEVSales,East Bethel,2020,0.09897411,4.22938,-4.13040589
PLDV,BEVSales,East Bethel,2025,2.60862767,62.73342,-60.12479233
PLDV,BEVSales,East Bethel,2030,15.08816353,71.15306,-56.06489647
PLDV,BEVSales,East Bethel,2035,55.59445998,74.96675,-19.37229002
PLDV,BEVSales,East Bethel,2040,97.96898216,169.85797,-71.88898784
PLDV,BEVSales,East Bethel,2045,117.5457261,203.80065,-86.2549239
PLDV,BEVSales,East Bethel,2050,137.12247,237.74333,-100.62086
PLDV,TotSales,Eden Prairie,2015,2648.313615,14933.46106,-12285.14745
PLDV,TotSales,Eden Prairie,2018,2791.68139,15681.87781,-12890.19642
PLDV,TotSales,Eden Prairie,2020,2887.259907,16180.8223,-13293.56239
PLDV,TotSales,Eden Prairie,2025,3279.095752,16732.91824,-13453.82249
PLDV,TotSales,Eden Prairie,2030,3410.893038,17563.87727,-14152.98423
PLDV,TotSales,Eden Prairie,2035,3550.025525,18238.36044,-14688.33492
PLDV,TotSales,Eden Prairie,2040,3037.762443,18924.74859,-15886.98615
PLDV,TotSales,Eden Prairie,2045,3115.652208,19723.00609,-16607.35388
PLDV,TotSales,Eden Prairie,2050,3193.541974,20521.2636,-17327.72163
PLDV,SISales,Eden Prairie,2015,2559.129604,14691.20383,-12132.07423
PLDV,SISales,Eden Prairie,2018,2691.95166,15328.09256,-12636.1409
PLDV,SISales,Eden Prairie,2020,2780.499698,15752.68505,-12972.18535
PLDV,SISales,Eden Prairie,2025,3049.439907,15088.70632,-12039.26641
PLDV,SISales,Eden Prairie,2030,2893.760204,15490.99487,-12597.23467
PLDV,SISales,Eden Prairie,2035,2439.393957,15845.75772,-13406.36376
PLDV,SISales,Eden Prairie,2040,1284.872153,15182.99847,-13898.12632
PLDV,SISales,Eden Prairie,2045,1030.020663,15281.3574,-14251.33674
PLDV,SISales,Eden Prairie,2050,775.1691733,15379.71632,-14604.54715
PLDV,CISales,Eden Prairie,2015,35.36824334,212.2577,-176.8894567
PLDV,CISales,Eden Prairie,2018,37.80476665,224.65463,-186.8498634
PLDV,CISales,Eden Prairie,2020,39.42911552,232.91925,-193.4901345
PLDV,CISales,Eden Prairie,2025,46.43557135,242.14534,-195.7097687
PLDV,CISales,Eden Prairie,2030,46.6095463,250.74268,-204.1331337
PLDV,CISales,Eden Prairie,2035,46.14528502,255.91693,-209.771645
PLDV,CISales,Eden Prairie,2040,37.60546455,259.63567,-222.0302055
PLDV,CISales,Eden Prairie,2045,38.0529088,269.11126,-231.0583512
PLDV,CISales,Eden Prairie,2050,38.50035304,278.58685,-240.086497
PLDV,HEVSales,Eden Prairie,2015,44.9684492,25.26036,19.7080892
PLDV,HEVSales,Eden Prairie,2018,46.87974565,64.24568,-17.36593435
PLDV,HEVSales,Eden Prairie,2020,48.15394329,90.23589,-42.08194671
PLDV,HEVSales,Eden Prairie,2025,97.67889948,193.42008,-95.74118052
PLDV,HEVSales,Eden Prairie,2030,178.7504036,414.38727,-235.6368664
PLDV,HEVSales,Eden Prairie,2035,232.0749786,712.39045,-480.3154714
PLDV,HEVSales,Eden Prairie,2040,224.9400152,1032.09488,-807.1548648
PLDV,HEVSales,Eden Prairie,2045,260.9343284,1233.46179,-972.5274616
PLDV,HEVSales,Eden Prairie,2050,296.9286416,1434.82869,-1137.900048
PLDV,PHEVSales,Eden Prairie,2015,4.14024603,1.99617,2.14407603
PLDV,PHEVSales,Eden Prairie,2018,12.16698266,22.85194,-10.68495734
PLDV,PHEVSales,Eden Prairie,2020,17.51814041,36.75579,-19.23764959
PLDV,PHEVSales,Eden Prairie,2025,55.8064633,393.96848,-338.1620167
PLDV,PHEVSales,Eden Prairie,2030,138.6922294,586.45004,-447.7578106
PLDV,PHEVSales,Eden Prairie,2035,281.4554355,666.30355,-384.8481145
PLDV,PHEVSales,Eden Prairie,2040,587.8073941,916.6383,-328.8309059
PLDV,PHEVSales,Eden Prairie,2045,704.5408237,1099.56672,-395.0258963
PLDV,PHEVSales,Eden Prairie,2050,821.2742533,1282.49515,-461.2208967
PLDV,BEVSales,Eden Prairie,2015,4.70707276,2.74299,1.96408276
PLDV,BEVSales,Eden Prairie,2018,2.87823489,42.03299,-39.15475511
PLDV,BEVSales,Eden Prairie,2020,1.65900965,68.22633,-66.56732035
PLDV,BEVSales,Eden Prairie,2025,29.73491171,814.67802,-784.9431083
PLDV,BEVSales,Eden Prairie,2030,153.0806547,821.30241,-668.2217553
PLDV,BEVSales,Eden Prairie,2035,550.9558683,757.9918,-207.0359317
PLDV,BEVSales,Eden Prairie,2040,902.5374157,1533.38127,-630.8438543
PLDV,BEVSales,Eden Prairie,2045,1082.103484,1839.50893,-757.405446
PLDV,BEVSales,Eden Prairie,2050,1261.669553,2145.63658,-883.967027
PLDV,TotSales,Edina,2015,1945.454335,10337.1454,-8391.691065
PLDV,TotSales,Edina,2018,2012.645679,10756.27907,-8743.633391
PLDV,TotSales,Edina,2020,2057.439908,11035.70152,-8978.261612
PLDV,TotSales,Edina,2025,2266.180536,11237.50462,-8971.324084
PLDV,TotSales,Edina,2030,2295.453636,11638.99245,-9343.538814
PLDV,TotSales,Edina,2035,2294.525455,11700.94482,-9406.419365
PLDV,TotSales,Edina,2040,1896.761756,11776.52049,-9879.758734
PLDV,TotSales,Edina,2045,1887.02324,12064.39551,-10177.37227
PLDV,TotSales,Edina,2050,1877.284724,12352.27053,-10474.98581
PLDV,SISales,Edina,2015,1878.806185,10168.21233,-8289.406145
PLDV,SISales,Edina,2018,1939.952511,10508.20892,-8568.256409
PLDV,SISales,Edina,2020,1980.716729,10734.87332,-8754.156591
PLDV,SISales,Edina,2025,2106.464839,10098.83076,-7992.365921
PLDV,SISales,Edina,2030,1945.015172,10237.12941,-8292.114238
PLDV,SISales,Edina,2035,1573.838824,10146.05992,-8572.221096
PLDV,SISales,Edina,2040,800.3248531,9431.99206,-8631.667207
PLDV,SISales,Edina,2045,584.6285868,9284.74801,-8700.119423
PLDV,SISales,Edina,2050,368.9323204,9137.50396,-8768.57164
PLDV,CISales,Edina,2015,26.25201598,147.23891,-120.986894
PLDV,CISales,Edina,2018,27.42216366,155.58126,-128.1590963
PLDV,CISales,Edina,2020,28.20226211,161.14282,-132.9405579
PLDV,CISales,Edina,2025,32.09844685,165.92133,-133.8228832
PLDV,CISales,Edina,2030,31.38472798,168.3999,-137.015172
PLDV,CISales,Edina,2035,29.85184348,165.39283,-135.5409865
PLDV,CISales,Edina,2040,23.46415679,162.17925,-138.7150932
PLDV,CISales,Edina,2045,22.90658495,165.16732,-142.2607351
PLDV,CISales,Edina,2050,22.34901311,168.15538,-145.8063669
PLDV,HEVSales,Edina,2015,33.51408388,18.18683,15.32725388
PLDV,HEVSales,Edina,2018,34.20173934,45.92436,-11.72262066
PLDV,HEVSales,Edina,2020,34.66017632,64.41605,-29.75587368
PLDV,HEVSales,Edina,2025,67.91551515,134.49361,-66.57809485
PLDV,HEVSales,Edina,2030,121.0307875,280.63443,-159.6036425
PLDV,HEVSales,Edina,2035,150.2944174,462.82068,-312.5262626
PLDV,HEVSales,Edina,2040,140.3912542,646.5439,-506.1526458
PLDV,HEVSales,Edina,2045,161.7666883,772.21531,-610.4486217
PLDV,HEVSales,Edina,2050,183.1421224,897.88672,-714.7445976
PLDV,PHEVSales,Edina,2015,3.24054957,1.49719,1.74335957
PLDV,PHEVSales,Edina,2018,8.90383543,16.60904,-7.70520457
PLDV,PHEVSales,Edina,2020,12.67935933,26.6836,-14.00424067
PLDV,PHEVSales,Edina,2025,39.04236533,276.54582,-237.5034547
PLDV,PHEVSales,Edina,2030,94.20572349,400.19613,-305.9904065
PLDV,PHEVSales,Edina,2035,182.7020147,434.97749,-252.2754753
PLDV,PHEVSales,Edina,2040,367.3122145,574.72104,-207.4088255
PLDV,PHEVSales,Edina,2045,440.1265474,689.36581,-249.2392626
PLDV,PHEVSales,Edina,2050,512.9408804,804.01058,-291.0696996
PLDV,BEVSales,Edina,2015,3.64150127,2.01014,1.63136127
PLDV,BEVSales,Edina,2018,2.16542953,29.9555,-27.79007047
PLDV,BEVSales,Edina,2020,1.1813817,48.58574,-47.4043583
PLDV,BEVSales,Edina,2025,20.65937014,561.71311,-541.0537399
PLDV,BEVSales,Edina,2030,103.8172248,552.63258,-448.8153552
PLDV,BEVSales,Edina,2035,357.8383555,491.6939,-133.8555445
PLDV,BEVSales,Edina,2040,565.2692773,961.08425,-395.8149727
PLDV,BEVSales,Edina,2045,677.5948326,1152.89907,-475.3042374
PLDV,BEVSales,Edina,2050,789.9203878,1344.71389,-554.7935022
PLDV,TotSales,Elko New Market,2015,91.0102656,1099.51016,-1008.499894
PLDV,TotSales,Elko New Market,2018,113.8889162,1254.69807,-1140.809154
PLDV,TotSales,Elko New Market,2020,129.14135,1358.15668,-1229.01533
PLDV,TotSales,Elko New Market,2025,221.2222694,1688.43749,-1467.215221
PLDV,TotSales,Elko New Market,2030,301.6101316,2029.47877,-1727.868638
PLDV,TotSales,Elko New Market,2035,369.2886172,2466.48583,-2097.197213
PLDV,TotSales,Elko New Market,2040,316.6629945,2899.52047,-2582.857476
PLDV,TotSales,Elko New Market,2045,361.7935403,3259.52253,-2897.72899
PLDV,TotSales,Elko New Market,2050,406.9240861,3619.5246,-3212.600514
PLDV,SISales,Elko New Market,2015,87.38651474,1082.36127,-994.9747553
PLDV,SISales,Elko New Market,2018,109.3274947,1232.52635,-1123.198855
PLDV,SISales,Elko New Market,2020,123.9548146,1332.6364,-1208.681585
PLDV,SISales,Elko New Market,2025,208.2381315,1625.55739,-1417.319259
PLDV,SISales,Elko New Market,2030,267.4816671,1913.57924,-1646.097573
PLDV,SISales,Elko New Market,2035,295.3486535,2264.91394,-1969.565287
PLDV,SISales,Elko New Market,2040,192.3694457,2531.73588,-2339.366434
PLDV,SISales,Elko New Market,2045,213.3660319,2821.6108,-2608.244768
PLDV,SISales,Elko New Market,2050,234.3626181,3111.48572,-2877.123102
PLDV,CISales,Elko New Market,2015,1.55861787,15.60572,-14.04710213
PLDV,CISales,Elko New Market,2018,1.86534205,17.18751,-15.32216795
PLDV,CISales,Elko New Market,2020,2.06982483,18.24204,-16.17221517
PLDV,CISales,Elko New Market,2025,3.242304,21.51678,-18.274476
PLDV,CISales,Elko New Market,2030,4.73155217,27.37066,-22.63910783
PLDV,CISales,Elko New Market,2035,6.4890109,36.13685,-29.6478391
PLDV,CISales,Elko New Market,2040,6.44116272,45.96366,-39.52249728
PLDV,CISales,Elko New Market,2045,7.4176717,52.03525,-44.6175783
PLDV,CISales,Elko New Market,2050,8.39418067,58.10684,-49.71265933
PLDV,HEVSales,Elko New Market,2015,2.03697694,1.49652,0.54045694
PLDV,HEVSales,Elko New Market,2018,2.49394004,4.15401,-1.66006996
PLDV,HEVSales,Elko New Market,2020,2.79858211,5.92567,-3.12708789
PLDV,HEVSales,Elko New Market,2025,7.79574217,17.79303,-9.99728783
PLDV,HEVSales,Elko New Market,2030,20.1040872,48.5413,-28.4372128
PLDV,HEVSales,Elko New Market,2035,33.30514416,107.3867,-74.08155584
PLDV,HEVSales,Elko New Market,2040,39.80617395,192.18954,-152.3833661
PLDV,HEVSales,Elko New Market,2045,47.36001336,230.32814,-182.9681266
PLDV,HEVSales,Elko New Market,2050,54.91385276,268.46674,-213.5528872
PLDV,PHEVSales,Elko New Market,2015,0.01891803,0.02693,-0.00801197
PLDV,PHEVSales,Elko New Market,2018,0.18869429,0.40884,-0.22014571
PLDV,PHEVSales,Elko New Market,2020,0.30187847,0.66344,-0.36156153
PLDV,PHEVSales,Elko New Market,2025,1.32502013,10.2955,-8.97047987
PLDV,PHEVSales,Elko New Market,2030,4.63653726,20.78174,-16.14520274
PLDV,PHEVSales,Elko New Market,2035,12.4837246,30.86414,-18.3804154
PLDV,PHEVSales,Elko New Market,2040,31.55856425,51.21233,-19.65376575
PLDV,PHEVSales,Elko New Market,2045,37.8664935,61.44941,-23.5829165
PLDV,PHEVSales,Elko New Market,2050,44.17442274,71.68649,-27.51206726
PLDV,BEVSales,Elko New Market,2015,0.00923801,0.01972,-0.01048199
PLDV,BEVSales,Elko New Market,2018,0.01344522,0.42137,-0.40792478
PLDV,BEVSales,Elko New Market,2020,0.01625002,0.68914,-0.67288998
PLDV,BEVSales,Elko New Market,2025,0.62107161,13.27479,-12.65371839
PLDV,BEVSales,Elko New Market,2030,4.65628785,19.20583,-14.54954215
PLDV,BEVSales,Elko New Market,2035,21.66208405,27.18421,-5.52212595
PLDV,BEVSales,Elko New Market,2040,46.48764787,78.41906,-31.93141213
PLDV,BEVSales,Elko New Market,2045,55.78332984,94.09893,-38.31560016
PLDV,BEVSales,Elko New Market,2050,65.07901181,109.7788,-44.69978819
PLDV,TotSales,Empire Twp.,2015,52.20339203,471.58822,-419.384828
PLDV,TotSales,Empire Twp.,2018,61.31599311,520.73437,-459.4183769
PLDV,TotSales,Empire Twp.,2020,67.39106049,553.49848,-486.1074195
PLDV,TotSales,Empire Twp.,2025,99.30657882,632.12291,-532.8163312
PLDV,TotSales,Empire Twp.,2030,121.0655068,716.8709,-595.8053932
PLDV,TotSales,Empire Twp.,2035,135.7132879,796.65486,-660.9415721
PLDV,TotSales,Empire Twp.,2040,117.2791243,876.14642,-758.8672957
PLDV,TotSales,Empire Twp.,2045,130.2942707,957.05806,-826.7637893
PLDV,TotSales,Empire Twp.,2050,143.3094172,1037.96971,-894.6602928
PLDV,SISales,Empire Twp.,2015,50.12213625,464.07777,-413.9556338
PLDV,SISales,Empire Twp.,2018,58.77538958,510.38543,-451.6100404
PLDV,SISales,Empire Twp.,2020,64.54422514,541.2572,-476.7129749
PLDV,SISales,Empire Twp.,2025,92.43966857,590.77493,-498.3352614
PLDV,SISales,Empire Twp.,2030,103.5830789,651.55637,-547.9732911
PLDV,SISales,Empire Twp.,2035,98.00095281,705.74822,-607.7472672
PLDV,SISales,Empire Twp.,2040,55.81534217,725.39197,-669.5766278
PLDV,SISales,Empire Twp.,2045,56.95398336,777.65481,-720.7008266
PLDV,SISales,Empire Twp.,2050,58.09262454,829.91765,-771.8250255
PLDV,CISales,Empire Twp.,2015,0.87167904,6.72759,-5.85591096
PLDV,CISales,Empire Twp.,2018,0.98149365,7.3488,-6.36730635
PLDV,CISales,Empire Twp.,2020,1.0547034,7.76294,-6.7082366
PLDV,CISales,Empire Twp.,2025,1.43833988,8.71522,-7.27688012
PLDV,CISales,Empire Twp.,2030,1.81822903,10.19322,-8.37499097
PLDV,CISales,Empire Twp.,2035,2.12380814,11.80086,-9.67705186
PLDV,CISales,Empire Twp.,2040,1.85743551,13.4019,-11.54446449
PLDV,CISales,Empire Twp.,2045,2.0545868,14.73676,-12.6821732
PLDV,CISales,Empire Twp.,2050,2.25173809,16.07163,-13.81989191
PLDV,HEVSales,Empire Twp.,2015,1.14236059,0.72068,0.42168059
PLDV,HEVSales,Empire Twp.,2018,1.30149198,1.96533,-0.66383802
PLDV,HEVSales,Empire Twp.,2020,1.40757958,2.7951,-1.38752042
PLDV,HEVSales,Empire Twp.,2025,3.41145308,7.42065,-4.00919692
PLDV,HEVSales,Empire Twp.,2030,7.61764718,18.15134,-10.53369282
PLDV,HEVSales,Empire Twp.,2035,10.73674525,34.83181,-24.09506475
PLDV,HEVSales,Empire Twp.,2040,11.11649711,55.08142,-43.96492289
PLDV,HEVSales,Empire Twp.,2045,13.11132441,65.95356,-52.84223559
PLDV,HEVSales,Empire Twp.,2050,15.10615171,76.82571,-61.71955829
PLDV,PHEVSales,Empire Twp.,2015,0.04535737,0.03604,0.00931737
PLDV,PHEVSales,Empire Twp.,2018,0.23638659,0.48615,-0.24976341
PLDV,PHEVSales,Empire Twp.,2020,0.3637394,0.78623,-0.4224906
PLDV,PHEVSales,Empire Twp.,2025,1.40644039,10.57603,-9.16958961
PLDV,PHEVSales,Empire Twp.,2030,4.13522242,18.67423,-14.53900758
PLDV,PHEVSales,Empire Twp.,2035,9.2492598,23.47148,-14.2222202
PLDV,PHEVSales,Empire Twp.,2040,20.33590646,33.69144,-13.35553354
PLDV,PHEVSales,Empire Twp.,2045,24.39401628,40.42252,-16.02850372
PLDV,PHEVSales,Empire Twp.,2050,28.4521261,47.1536,-18.7014739
PLDV,BEVSales,Empire Twp.,2015,0.02185877,0.02613,-0.00427123
PLDV,BEVSales,Empire Twp.,2018,0.02123129,0.54866,-0.52742871
PLDV,BEVSales,Empire Twp.,2020,0.02081298,0.897,-0.87618702
PLDV,BEVSales,Empire Twp.,2025,0.6106769,14.63609,-14.0254131
PLDV,BEVSales,Empire Twp.,2030,3.91132933,18.29573,-14.38440067
PLDV,BEVSales,Empire Twp.,2035,15.60252187,20.80249,-5.19996813
PLDV,BEVSales,Empire Twp.,2040,28.15394301,48.57969,-20.42574699
PLDV,BEVSales,Empire Twp.,2045,33.78035986,58.29041,-24.51005014
PLDV,BEVSales,Empire Twp.,2050,39.40677671,68.00112,-28.59434329
PLDV,TotSales,Eureka Twp.,2015,60.9862494,550.87932,-489.8930706
PLDV,TotSales,Eureka Twp.,2018,66.58159555,566.84417,-500.2625745
PLDV,TotSales,Eureka Twp.,2020,70.31182631,577.48741,-507.1755837
PLDV,TotSales,Eureka Twp.,2025,95.06270793,605.10912,-510.0464121
PLDV,TotSales,Eureka Twp.,2030,107.9736962,639.34975,-531.3760538
PLDV,TotSales,Eureka Twp.,2035,113.9592761,668.95594,-554.9966639
PLDV,TotSales,Eureka Twp.,2040,93.55599656,698.92022,-605.3642234
PLDV,TotSales,Eureka Twp.,2045,100.069946,728.5284,-628.458454
PLDV,TotSales,Eureka Twp.,2050,106.5838954,758.13658,-651.5526846
PLDV,SISales,Eureka Twp.,2015,58.54948773,542.1061,-483.5566123
PLDV,SISales,Eureka Twp.,2018,63.82475962,555.67179,-491.8470304
PLDV,SISales,Eureka Twp.,2020,67.34160754,564.71559,-497.3739825
PLDV,SISales,Eureka Twp.,2025,88.48925538,565.52814,-477.0388846
PLDV,SISales,Eureka Twp.,2030,92.38178719,581.09821,-488.7164228
PLDV,SISales,Eureka Twp.,2035,82.29199816,592.62109,-510.3290918
PLDV,SISales,Eureka Twp.,2040,44.52505928,578.66026,-534.1352007
PLDV,SISales,Eureka Twp.,2045,41.7201736,585.9711,-544.2509264
PLDV,SISales,Eureka Twp.,2050,38.91528791,593.28193,-554.3666421
PLDV,CISales,Eureka Twp.,2015,1.01823995,7.85875,-6.84051005
PLDV,CISales,Eureka Twp.,2018,1.06754487,8.00313,-6.93558513
PLDV,CISales,Eureka Twp.,2020,1.10041482,8.09939,-6.99897518
PLDV,CISales,Eureka Twp.,2025,1.37687236,8.34277,-6.96589764
PLDV,CISales,Eureka Twp.,2030,1.62160894,9.09094,-7.46933106
PLDV,CISales,Eureka Twp.,2035,1.78337466,9.90925,-8.12587534
PLDV,CISales,Eureka Twp.,2040,1.48171493,10.69098,-9.20926507
PLDV,CISales,Eureka Twp.,2045,1.57440993,11.25742,-9.68301007
PLDV,CISales,Eureka Twp.,2050,1.66710493,11.82387,-10.15676507
PLDV,HEVSales,Eureka Twp.,2015,1.33443289,0.84185,0.49258289
PLDV,HEVSales,Eureka Twp.,2018,1.41492407,2.08649,-0.67156593
PLDV,HEVSales,Eureka Twp.,2020,1.46858486,2.91624,-1.44765514
PLDV,HEVSales,Eureka Twp.,2025,3.26566449,7.10353,-3.83786551
PLDV,HEVSales,Eureka Twp.,2030,6.79388823,16.18849,-9.39460177
PLDV,HEVSales,Eureka Twp.,2035,9.01571051,29.24848,-20.23276949
PLDV,HEVSales,Eureka Twp.,2040,8.86786094,43.93959,-35.07172906
PLDV,HEVSales,Eureka Twp.,2045,10.37454655,52.55914,-42.18459345
PLDV,HEVSales,Eureka Twp.,2050,11.88123216,61.17869,-49.29745784
PLDV,PHEVSales,Eureka Twp.,2015,0.05648535,0.0421,0.01438535
PLDV,PHEVSales,Eureka Twp.,2018,0.25029658,0.50902,-0.25872342
PLDV,PHEVSales,Eureka Twp.,2020,0.37950407,0.8203,-0.44079593
PLDV,PHEVSales,Eureka Twp.,2025,1.3463361,10.12406,-8.7777239
PLDV,PHEVSales,Eureka Twp.,2030,3.68804675,16.65483,-12.96678325
PLDV,PHEVSales,Eureka Twp.,2035,7.7666599,19.70914,-11.9424801
PLDV,PHEVSales,Eureka Twp.,2040,16.22237553,26.87636,-10.65398447
PLDV,PHEVSales,Eureka Twp.,2045,19.45555356,32.24321,-12.78765644
PLDV,PHEVSales,Eureka Twp.,2050,22.6887316,37.61006,-14.9213284
PLDV,BEVSales,Eureka Twp.,2015,0.02760348,0.03053,-0.00292652
PLDV,BEVSales,Eureka Twp.,2018,0.02407041,0.57374,-0.54966959
PLDV,BEVSales,Eureka Twp.,2020,0.02171502,0.93588,-0.91416498
PLDV,BEVSales,Eureka Twp.,2025,0.5845796,14.01061,-13.4260304
PLDV,BEVSales,Eureka Twp.,2030,3.48836507,16.31726,-12.82889493
PLDV,BEVSales,Eureka Twp.,2035,13.10153283,17.46798,-4.36644717
PLDV,BEVSales,Eureka Twp.,2040,22.45898588,38.75303,-16.29404412
PLDV,BEVSales,Eureka Twp.,2045,26.94526236,46.49753,-19.55226764
PLDV,BEVSales,Eureka Twp.,2050,31.43153884,54.24203,-22.81049116
PLDV,TotSales,Excelsior,2015,49.16301835,425.88389,-376.7208717
PLDV,TotSales,Excelsior,2018,53.25319383,437.74282,-384.4896262
PLDV,TotSales,Excelsior,2020,55.97997748,445.64877,-389.6687925
PLDV,TotSales,Excelsior,2025,72.80436363,457.64555,-384.8411864
PLDV,TotSales,Excelsior,2030,82.08159682,474.94553,-392.8639332
PLDV,TotSales,Excelsior,2035,87.14509559,470.78403,-383.6389344
PLDV,TotSales,Excelsior,2040,73.75751972,467.27809,-393.5205703
PLDV,TotSales,Excelsior,2045,78.67641999,475.55693,-396.88051
PLDV,TotSales,Excelsior,2050,83.59532026,483.83577,-400.2404497
PLDV,SISales,Excelsior,2015,47.03640004,419.02781,-371.99141
PLDV,SISales,Excelsior,2018,50.85741106,428.33134,-377.4739289
PLDV,SISales,Excelsior,2020,53.40475174,434.5337,-381.1289483
PLDV,SISales,Excelsior,2025,66.84148106,414.18248,-347.3409989
PLDV,SISales,Excelsior,2030,67.13211245,415.12709,-347.9949776
PLDV,SISales,Excelsior,2035,55.71027425,401.03488,-345.3246058
PLDV,SISales,Excelsior,2040,27.35790537,363.46901,-336.1111046
PLDV,SISales,Excelsior,2045,23.42220643,352.35725,-328.9350436
PLDV,SISales,Excelsior,2050,19.4865075,341.24549,-321.7589825
PLDV,CISales,Excelsior,2015,0.83430224,6.08798,-5.25367776
PLDV,CISales,Excelsior,2018,0.86462032,6.22122,-5.35659968
PLDV,CISales,Excelsior,2020,0.88483237,6.31005,-5.42521763
PLDV,CISales,Excelsior,2025,1.04374283,6.2681,-5.22435717
PLDV,CISales,Excelsior,2030,1.19315731,6.6552,-5.46204269
PLDV,CISales,Excelsior,2035,1.2306031,6.84458,-5.6139769
PLDV,CISales,Excelsior,2040,0.93378957,6.84069,-5.90690043
PLDV,CISales,Excelsior,2045,0.95368704,6.99124,-6.03755296
PLDV,CISales,Excelsior,2050,0.97358451,7.14178,-6.16819549
PLDV,HEVSales,Excelsior,2015,1.09617105,0.67005,0.42612105
PLDV,HEVSales,Excelsior,2018,1.14865094,1.65546,-0.50680906
PLDV,HEVSales,Excelsior,2020,1.18363753,2.31241,-1.12877247
PLDV,HEVSales,Excelsior,2025,2.50038438,5.38856,-2.88817562
PLDV,HEVSales,Excelsior,2030,5.0126475,11.91824,-6.9055925
PLDV,HEVSales,Excelsior,2035,6.16100191,20.21463,-14.05362809
PLDV,HEVSales,Excelsior,2040,5.47414471,27.90336,-22.42921529
PLDV,HEVSales,Excelsior,2045,6.34973944,33.35002,-27.00028056
PLDV,HEVSales,Excelsior,2050,7.22533417,38.79668,-31.57134583
PLDV,PHEVSales,Excelsior,2015,0.11845074,0.05285,0.06560074
PLDV,PHEVSales,Excelsior,2018,0.33121813,0.63121,-0.29999187
PLDV,PHEVSales,Excelsior,2020,0.47306306,1.01678,-0.54371694
PLDV,PHEVSales,Excelsior,2025,1.61974072,12.08631,-10.46656928
PLDV,PHEVSales,Excelsior,2030,4.16602872,19.01772,-14.85169128
PLDV,PHEVSales,Excelsior,2035,8.03928049,20.81566,-12.77637951
PLDV,PHEVSales,Excelsior,2040,15.21162141,25.6943,-10.48267859
PLDV,PHEVSales,Excelsior,2045,18.23025555,30.8226,-12.59234445
PLDV,PHEVSales,Excelsior,2050,21.24888968,35.95089,-14.70200032
PLDV,BEVSales,Excelsior,2015,0.07769429,0.0452,0.03249429
PLDV,BEVSales,Excelsior,2018,0.05129339,0.90358,-0.85228661
PLDV,BEVSales,Excelsior,2020,0.03369279,1.47583,-1.44213721
PLDV,BEVSales,Excelsior,2025,0.79901465,19.7201,-18.92108535
PLDV,BEVSales,Excelsior,2030,4.57765085,22.22728,-17.64962915
PLDV,BEVSales,Excelsior,2035,16.00393584,21.87428,-5.87034416
PLDV,BEVSales,Excelsior,2040,24.78005865,43.37073,-18.59067135
PLDV,BEVSales,Excelsior,2045,29.72053153,52.03583,-22.31529847
PLDV,BEVSales,Excelsior,2050,34.6610044,60.70094,-26.0399356
PLDV,TotSales,Falcon Heights,2015,123.3598867,1001.29059,-877.9307033
PLDV,TotSales,Falcon Heights,2018,131.8835414,1017.28466,-885.4011186
PLDV,TotSales,Falcon Heights,2020,137.5659779,1027.94738,-890.3814021
PLDV,TotSales,Falcon Heights,2025,169.7692347,1012.21339,-842.4441553
PLDV,TotSales,Falcon Heights,2030,175.3832474,1009.84473,-834.4614826
PLDV,TotSales,Falcon Heights,2035,162.9728502,1000.99643,-838.0235798
PLDV,TotSales,Falcon Heights,2040,113.0874721,993.54198,-880.4545079
PLDV,TotSales,Falcon Heights,2045,111.0329892,991.99226,-880.9592708
PLDV,TotSales,Falcon Heights,2050,108.9785063,990.44254,-881.4640337
PLDV,SISales,Falcon Heights,2015,119.2336097,985.52727,-866.2936603
PLDV,SISales,Falcon Heights,2018,127.2694488,998.42159,-871.1521412
PLDV,SISales,Falcon Heights,2020,132.6266748,1007.01781,-874.3911352
PLDV,SISales,Falcon Heights,2025,160.1362972,965.12561,-804.9893128
PLDV,SISales,Falcon Heights,2030,156.5474678,943.66198,-787.1145122
PLDV,SISales,Falcon Heights,2035,131.2778518,915.90687,-784.6290182
PLDV,SISales,Falcon Heights,2040,69.14370545,869.04625,-799.9025446
PLDV,SISales,Falcon Heights,2045,59.12572459,845.75004,-786.6243154
PLDV,SISales,Falcon Heights,2050,49.10774374,822.45384,-773.3460963
PLDV,CISales,Falcon Heights,2015,1.7984957,14.20817,-12.4096743
PLDV,CISales,Falcon Heights,2018,1.93049851,14.25158,-12.32108149
PLDV,CISales,Falcon Heights,2020,2.01850039,14.28051,-12.26200961
PLDV,CISales,Falcon Heights,2025,2.46324748,14.18282,-11.71957252
PLDV,CISales,Falcon Heights,2030,2.64327426,14.57208,-11.92880574
PLDV,CISales,Falcon Heights,2035,2.67670487,14.85202,-12.17531513
PLDV,CISales,Falcon Heights,2040,2.18128223,15.39798,-13.21669777
PLDV,CISales,Falcon Heights,2045,2.25783954,15.63594,-13.37810046
PLDV,CISales,Falcon Heights,2050,2.33439684,15.8739,-13.53950316
PLDV,HEVSales,Falcon Heights,2015,2.27655754,1.48157,0.79498754
PLDV,HEVSales,Falcon Heights,2018,2.4206097,3.56065,-1.1400403
PLDV,HEVSales,Falcon Heights,2020,2.51664447,4.9467,-2.43005553
PLDV,HEVSales,Falcon Heights,2025,5.41203852,11.22678,-5.81474148
PLDV,HEVSales,Falcon Heights,2030,10.37222545,24.33141,-13.95918455
PLDV,HEVSales,Falcon Heights,2035,13.36331926,41.75213,-28.38881074
PLDV,HEVSales,Falcon Heights,2040,12.95950217,61.3672,-48.40769783
PLDV,HEVSales,Falcon Heights,2045,15.0960911,73.34432,-58.2482289
PLDV,HEVSales,Falcon Heights,2050,17.23268002,85.32145,-68.08876998
PLDV,PHEVSales,Falcon Heights,2015,0.03432959,0.04191,-0.00758041
PLDV,PHEVSales,Falcon Heights,2018,0.24357421,0.49983,-0.25625579
PLDV,PHEVSales,Falcon Heights,2020,0.38307061,0.80511,-0.42203939
PLDV,PHEVSales,Falcon Heights,2025,1.29102421,9.32884,-8.03781579
PLDV,PHEVSales,Falcon Heights,2030,3.33237911,14.40988,-11.07750089
PLDV,PHEVSales,Falcon Heights,2035,6.80237649,16.40465,-9.60227351
PLDV,PHEVSales,Falcon Heights,2040,14.07636793,22.47125,-8.39488207
PLDV,PHEVSales,Falcon Heights,2045,16.8847756,26.95712,-10.0723444
PLDV,PHEVSales,Falcon Heights,2050,19.69318326,31.44299,-11.74980674
PLDV,BEVSales,Falcon Heights,2015,0.01689409,0.03166,-0.01476591
PLDV,BEVSales,Falcon Heights,2018,0.01941018,0.55102,-0.53160982
PLDV,BEVSales,Falcon Heights,2020,0.02108758,0.89726,-0.87617242
PLDV,BEVSales,Falcon Heights,2025,0.46662732,12.34934,-11.88271268
PLDV,BEVSales,Falcon Heights,2030,2.4879007,12.86938,-10.3814793
PLDV,BEVSales,Falcon Heights,2035,8.85259778,12.08075,-3.22815222
PLDV,BEVSales,Falcon Heights,2040,14.72661431,25.2593,-10.53268569
PLDV,BEVSales,Falcon Heights,2045,17.66855835,30.30483,-12.63627165
PLDV,BEVSales,Falcon Heights,2050,20.6105024,35.35036,-14.7398576
PLDV,TotSales,Farmington,2015,513.7522793,4641.03907,-4127.286791
PLDV,TotSales,Farmington,2018,579.1643236,4925.40027,-4346.235946
PLDV,TotSales,Farmington,2020,622.7723532,5114.9744,-4492.202047
PLDV,TotSales,Farmington,2025,866.8414181,5517.76459,-4650.923172
PLDV,TotSales,Farmington,2030,1009.654035,5978.51212,-4968.858085
PLDV,TotSales,Farmington,2035,1094.558854,6425.20448,-5330.645626
PLDV,TotSales,Farmington,2040,919.9672995,6872.71553,-5952.748231
PLDV,TotSales,Farmington,2045,1001.210304,7319.05082,-6317.840516
PLDV,TotSales,Farmington,2050,1082.453308,7765.38612,-6682.932812
PLDV,SISales,Farmington,2015,493.266761,4567.12654,-4073.859779
PLDV,SISales,Farmington,2018,555.18526,4827.96102,-4272.77576
PLDV,SISales,Farmington,2020,596.4642593,5001.85068,-4405.386421
PLDV,SISales,Farmington,2025,806.9005532,5156.84043,-4349.939877
PLDV,SISales,Farmington,2030,863.8552489,5433.80635,-4569.951101
PLDV,SISales,Farmington,2035,790.4002051,5692.02157,-4901.621365
PLDV,SISales,Farmington,2040,437.8297496,5690.15925,-5252.3295
PLDV,SISales,Farmington,2045,426.7423474,5914.76579,-5488.023443
PLDV,SISales,Farmington,2050,415.6549451,6139.37233,-5723.717385
PLDV,CISales,Farmington,2015,8.57845117,66.20825,-57.62979883
PLDV,CISales,Farmington,2018,9.27939749,69.5265,-60.24710251
PLDV,CISales,Farmington,2020,9.74669504,71.73867,-61.99197496
PLDV,CISales,Farmington,2025,12.55518609,76.07464,-63.51945391
PLDV,CISales,Farmington,2030,15.16354511,85.00874,-69.84519489
PLDV,CISales,Farmington,2035,17.12900072,95.17661,-78.04760928
PLDV,CISales,Farmington,2040,14.57019684,105.12793,-90.55773316
PLDV,CISales,Farmington,2045,15.76854598,112.91187,-97.14332402
PLDV,CISales,Farmington,2050,16.96689511,120.69581,-103.7289149
PLDV,HEVSales,Farmington,2015,11.24230827,7.09239,4.14991827
PLDV,HEVSales,Farmington,2018,12.30153396,18.33498,-6.03344604
PLDV,HEVSales,Farmington,2020,13.00768442,25.83003,-12.82234558
PLDV,HEVSales,Farmington,2025,29.77837785,64.7744,-34.99602215
PLDV,HEVSales,Farmington,2030,63.52914561,151.37737,-87.84822439
PLDV,HEVSales,Farmington,2035,86.59431773,280.92657,-194.3322523
PLDV,HEVSales,Farmington,2040,87.20063256,432.07265,-344.8720174
PLDV,HEVSales,Farmington,2045,102.3922974,517.0687,-414.6764026
PLDV,HEVSales,Farmington,2050,117.5839623,602.06475,-484.4807877
PLDV,PHEVSales,Farmington,2015,0.44843733,0.35471,0.09372733
PLDV,PHEVSales,Farmington,2018,2.19620185,4.50127,-2.30506815
PLDV,PHEVSales,Farmington,2020,3.36137819,7.26565,-3.90427181
PLDV,PHEVSales,Farmington,2025,12.27673733,92.31755,-80.04081267
PLDV,PHEVSales,Farmington,2030,34.48665195,155.73812,-121.2514681
PLDV,PHEVSales,Farmington,2035,74.59740577,189.30286,-114.7054542
PLDV,PHEVSales,Farmington,2040,159.520026,264.28422,-104.764194
PLDV,PHEVSales,Farmington,2045,191.3343437,317.07012,-125.7357763
PLDV,PHEVSales,Farmington,2050,223.1486615,369.85603,-146.7073685
PLDV,BEVSales,Farmington,2015,0.21632151,0.25718,-0.04085849
PLDV,BEVSales,Farmington,2018,0.20193038,5.0765,-4.87456962
PLDV,BEVSales,Farmington,2020,0.19233628,8.28937,-8.09703372
PLDV,BEVSales,Farmington,2025,5.33056358,127.75757,-122.4270064
PLDV,BEVSales,Farmington,2030,32.61944336,152.58154,-119.9620966
PLDV,BEVSales,Farmington,2035,125.8379243,167.77687,-41.9389457
PLDV,BEVSales,Farmington,2040,220.8466945,381.07148,-160.2247855
PLDV,BEVSales,Farmington,2045,264.9727691,457.23434,-192.2615709
PLDV,BEVSales,Farmington,2050,309.0988437,533.3972,-224.2983563
PLDV,TotSales,Forest Lake,2015,928.2513916,4947.33581,-4019.084418
PLDV,TotSales,Forest Lake,2018,985.216344,5299.82463,-4314.608286
PLDV,TotSales,Forest Lake,2020,1023.192979,5534.81718,-4511.624201
PLDV,TotSales,Forest Lake,2025,1246.076078,6021.28317,-4775.207092
PLDV,TotSales,Forest Lake,2030,1313.396922,6605.35565,-5291.958728
PLDV,TotSales,Forest Lake,2035,1356.93788,7110.04603,-5753.10815
PLDV,TotSales,Forest Lake,2040,1148.629692,7615.47469,-6466.844998
PLDV,TotSales,Forest Lake,2045,1192.705352,8149.10247,-6956.397118
PLDV,TotSales,Forest Lake,2050,1236.781012,8682.73025,-7445.949238
PLDV,SISales,Forest Lake,2015,891.2966948,4864.50854,-3973.211845
PLDV,SISales,Forest Lake,2018,943.9864527,5170.56093,-4226.574477
PLDV,SISales,Forest Lake,2020,979.1129579,5374.59586,-4395.482902
PLDV,SISales,Forest Lake,2025,1153.918374,5394.15062,-4240.232246
PLDV,SISales,Forest Lake,2030,1103.03631,5783.55487,-4680.51856
PLDV,SISales,Forest Lake,2035,924.9938649,6123.83401,-5198.840145
PLDV,SISales,Forest Lake,2040,474.9816247,6059.67219,-5584.690565
PLDV,SISales,Forest Lake,2045,391.7186107,6298.70493,-5906.986319
PLDV,SISales,Forest Lake,2050,308.4555967,6537.73766,-6229.282063
PLDV,CISales,Forest Lake,2015,15.14902838,71.63079,-56.48176162
PLDV,CISales,Forest Lake,2018,15.66672739,80.80538,-65.13865261
PLDV,CISales,Forest Lake,2020,16.01186006,86.92178,-70.90991994
PLDV,CISales,Forest Lake,2025,17.9658511,97.71069,-79.7448389
PLDV,CISales,Forest Lake,2030,19.47562101,104.86821,-85.39258899
PLDV,CISales,Forest Lake,2035,20.23426835,110.91574,-90.68147165
PLDV,CISales,Forest Lake,2040,16.11796783,116.74025,-100.6222822
PLDV,CISales,Forest Lake,2045,16.31175572,125.76214,-109.4503843
PLDV,CISales,Forest Lake,2050,16.5055436,134.78403,-118.2784864
PLDV,HEVSales,Forest Lake,2015,19.59002217,9.78973,9.80029217
PLDV,HEVSales,Forest Lake,2018,20.38153215,26.8523,-6.47076785
PLDV,HEVSales,Forest Lake,2020,20.90920547,38.22734,-17.31813453
PLDV,HEVSales,Forest Lake,2025,42.02633901,87.2525,-45.22616099
PLDV,HEVSales,Forest Lake,2030,79.94436539,187.56068,-107.6163146
PLDV,HEVSales,Forest Lake,2035,100.7332658,324.82388,-224.0906142
PLDV,HEVSales,Forest Lake,2040,94.29096148,472.59301,-378.3020485
PLDV,HEVSales,Forest Lake,2045,109.2311493,565.15367,-455.9225207
PLDV,HEVSales,Forest Lake,2050,124.1713372,657.71432,-533.5429828
PLDV,PHEVSales,Forest Lake,2015,1.36975108,0.75008,0.61967108
PLDV,PHEVSales,Forest Lake,2018,4.55776842,8.82669,-4.26892158
PLDV,PHEVSales,Forest Lake,2020,6.68311331,14.21109,-7.52797669
PLDV,PHEVSales,Forest Lake,2025,20.8743778,154.25753,-133.3831522
PLDV,PHEVSales,Forest Lake,2030,52.20427635,234.86377,-182.6594937
PLDV,PHEVSales,Forest Lake,2035,105.9353361,268.67091,-162.7355739
PLDV,PHEVSales,Forest Lake,2040,215.3754154,358.9705,-143.5950846
PLDV,PHEVSales,Forest Lake,2045,258.1765482,430.61458,-172.4380318
PLDV,PHEVSales,Forest Lake,2050,300.9776811,502.25867,-201.2809889
PLDV,BEVSales,Forest Lake,2015,0.84589518,0.65668,0.18921518
PLDV,BEVSales,Forest Lake,2018,0.62386344,12.77933,-12.15546656
PLDV,BEVSales,Forest Lake,2020,0.47584229,20.8611,-20.38525771
PLDV,BEVSales,Forest Lake,2025,11.29113632,287.91183,-276.6206937
PLDV,BEVSales,Forest Lake,2030,58.73634956,294.50811,-235.7717604
PLDV,BEVSales,Forest Lake,2035,205.0411446,281.80149,-76.7603454
PLDV,BEVSales,Forest Lake,2040,347.8637227,607.49874,-259.6350173
PLDV,BEVSales,Forest Lake,2045,417.2672882,728.86716,-311.5998718
PLDV,BEVSales,Forest Lake,2050,486.6708538,850.23557,-363.5647162
PLDV,TotSales,Fort Snelling UT,2015,4.85287752,42.00583,-37.15295248
PLDV,TotSales,Fort Snelling UT,2018,5.1833247,42.61282,-37.4294953
PLDV,TotSales,Fort Snelling UT,2020,5.40362283,43.01749,-37.61386717
PLDV,TotSales,Fort Snelling UT,2025,9.17334982,57.66334,-48.48999018
PLDV,TotSales,Fort Snelling UT,2030,12.57532156,72.76409,-60.18876844
PLDV,TotSales,Fort Snelling UT,2035,16.1721187,87.36665,-71.1945313
PLDV,TotSales,Fort Snelling UT,2040,16.07535686,101.84266,-85.76730314
PLDV,TotSales,Fort Snelling UT,2045,18.31985273,113.81003,-95.49017727
PLDV,TotSales,Fort Snelling UT,2050,20.5643486,125.7774,-105.2130514
PLDV,SISales,Fort Snelling UT,2015,4.63929936,41.3296,-36.69030064
PLDV,SISales,Fort Snelling UT,2018,4.94874495,41.69858,-36.74983505
PLDV,SISales,Fort Snelling UT,2020,5.15504201,41.94457,-36.78952799
PLDV,SISales,Fort Snelling UT,2025,8.42202661,52.18699,-43.76496339
PLDV,SISales,Fort Snelling UT,2030,10.28498389,63.5996,-53.31461611
PLDV,SISales,Fort Snelling UT,2035,10.33854128,74.42282,-64.08427872
PLDV,SISales,Fort Snelling UT,2040,5.9626204,79.2176,-73.2549796
PLDV,SISales,Fort Snelling UT,2045,6.22728461,86.79521,-80.56792539
PLDV,SISales,Fort Snelling UT,2050,6.49194882,94.37281,-87.88086118
PLDV,CISales,Fort Snelling UT,2015,0.08228899,0.60047,-0.51818101
PLDV,CISales,Fort Snelling UT,2018,0.08416214,0.60565,-0.52148786
PLDV,CISales,Fort Snelling UT,2020,0.0854109,0.6091,-0.5236891
PLDV,CISales,Fort Snelling UT,2025,0.1315116,0.78978,-0.6582684
PLDV,CISales,Fort Snelling UT,2030,0.18279782,1.01961,-0.83681218
PLDV,CISales,Fort Snelling UT,2035,0.22837154,1.2702,-1.04182846
PLDV,CISales,Fort Snelling UT,2040,0.20351824,1.49092,-1.28740176
PLDV,CISales,Fort Snelling UT,2045,0.22776409,1.66901,-1.44124591
PLDV,CISales,Fort Snelling UT,2050,0.25200994,1.8471,-1.59509006
PLDV,HEVSales,Fort Snelling UT,2015,0.10811766,0.06609,0.04202766
PLDV,HEVSales,Fort Snelling UT,2018,0.11179941,0.16036,-0.04856059
PLDV,HEVSales,Fort Snelling UT,2020,0.1142539,0.22321,-0.1089561
PLDV,HEVSales,Fort Snelling UT,2025,0.31504843,0.67896,-0.36391157
PLDV,HEVSales,Fort Snelling UT,2030,0.7679633,1.82594,-1.0579767
PLDV,HEVSales,Fort Snelling UT,2035,1.14333978,3.75137,-2.60803022
PLDV,HEVSales,Fort Snelling UT,2040,1.19308282,6.0815,-4.88841718
PLDV,HEVSales,Fort Snelling UT,2045,1.41007585,7.28458,-5.87450415
PLDV,HEVSales,Fort Snelling UT,2050,1.62706889,8.48767,-6.86060111
PLDV,PHEVSales,Fort Snelling UT,2015,0.01352778,0.00521,0.00831778
PLDV,PHEVSales,Fort Snelling UT,2018,0.03280935,0.06097,-0.02816065
PLDV,PHEVSales,Fort Snelling UT,2020,0.04566373,0.09815,-0.05248627
PLDV,PHEVSales,Fort Snelling UT,2025,0.20408733,1.52288,-1.31879267
PLDV,PHEVSales,Fort Snelling UT,2030,0.63825696,2.91361,-2.27535304
PLDV,PHEVSales,Fort Snelling UT,2035,1.49190494,3.86291,-2.37100506
PLDV,PHEVSales,Fort Snelling UT,2040,3.31535339,5.60004,-2.28468661
PLDV,PHEVSales,Fort Snelling UT,2045,3.97571851,6.71901,-2.74329149
PLDV,PHEVSales,Fort Snelling UT,2050,4.63608363,7.83797,-3.20188637
PLDV,BEVSales,Fort Snelling UT,2015,0.00964373,0.00446,0.00518373
PLDV,BEVSales,Fort Snelling UT,2018,0.00580887,0.08726,-0.08145113
PLDV,BEVSales,Fort Snelling UT,2020,0.00325229,0.14246,-0.13920771
PLDV,BEVSales,Fort Snelling UT,2025,0.10067585,2.48473,-2.38405415
PLDV,BEVSales,Fort Snelling UT,2030,0.70131959,3.40533,-2.70401041
PLDV,BEVSales,Fort Snelling UT,2035,2.96996117,4.05936,-1.08939883
PLDV,BEVSales,Fort Snelling UT,2040,5.40078201,9.45259,-4.05180799
PLDV,BEVSales,Fort Snelling UT,2045,6.47900967,11.34222,-4.86321033
PLDV,BEVSales,Fort Snelling UT,2050,7.55723733,13.23185,-5.67461267
PLDV,TotSales,Fridley,2015,1010.297573,6139.43196,-5129.134387
PLDV,TotSales,Fridley,2018,1066.130656,6365.12753,-5298.996874
PLDV,TotSales,Fridley,2020,1103.352711,6515.59124,-5412.238529
PLDV,TotSales,Fridley,2025,1304.151673,6683.41693,-5379.265257
PLDV,TotSales,Fridley,2030,1320.183888,6958.32931,-5638.145422
PLDV,TotSales,Fridley,2035,1190.595225,6974.62549,-5784.030265
PLDV,TotSales,Fridley,2040,816.4692192,6999.37525,-6182.906031
PLDV,TotSales,Fridley,2045,777.7035485,7171.36391,-6393.660362
PLDV,TotSales,Fridley,2050,738.9378778,7343.35257,-6604.414692
PLDV,SISales,Fridley,2015,981.6552188,6042.62861,-5060.973391
PLDV,SISales,Fridley,2018,1033.374215,6243.45906,-5210.084845
PLDV,SISales,Fridley,2020,1067.853545,6377.34603,-5309.492485
PLDV,SISales,Fridley,2025,1235.254733,6352.29687,-5117.042137
PLDV,SISales,Fridley,2030,1190.667787,6503.24926,-5312.581473
PLDV,SISales,Fridley,2035,973.4588595,6406.67941,-5433.220551
PLDV,SISales,Fridley,2040,511.7892295,6162.09922,-5650.309991
PLDV,SISales,Fridley,2045,417.8160317,6185.99334,-5768.177308
PLDV,SISales,Fridley,2050,323.8428338,6209.88747,-5886.044636
PLDV,CISales,Fridley,2015,12.72438227,86.79399,-74.06960773
PLDV,CISales,Fridley,2018,14.19702121,90.20082,-76.00379879
PLDV,CISales,Fridley,2020,15.17878051,92.47205,-77.29326949
PLDV,CISales,Fridley,2025,18.79006467,99.17988,-80.38981533
PLDV,CISales,Fridley,2030,19.35769795,103.70721,-84.34951205
PLDV,CISales,Fridley,2035,18.72184944,103.14605,-84.42420056
PLDV,CISales,Fridley,2040,15.38320474,105.9671,-90.58389526
PLDV,CISales,Fridley,2045,15.91496924,109.80173,-93.88676076
PLDV,CISales,Fridley,2050,16.44673374,113.63635,-97.18961626
PLDV,HEVSales,Fridley,2015,15.40012544,9.46163,5.93849544
PLDV,HEVSales,Fridley,2018,16.69988567,23.66105,-6.96116433
PLDV,HEVSales,Fridley,2020,17.56639249,33.12732,-15.56092751
PLDV,HEVSales,Fridley,2025,38.13855651,74.17398,-36.03542349
PLDV,HEVSales,Fridley,2030,70.96473999,162.97843,-92.01369001
PLDV,HEVSales,Fridley,2035,92.52800009,276.75902,-184.2310199
PLDV,HEVSales,Fridley,2040,90.99553736,410.65428,-319.6587426
PLDV,HEVSales,Fridley,2045,106.1146197,490.89281,-384.7781903
PLDV,HEVSales,Fridley,2050,121.2337021,571.13134,-449.8976379
PLDV,PHEVSales,Fridley,2015,0.29658121,0.26824,0.02834121
PLDV,PHEVSales,Fridley,2018,1.66495595,3.23647,-1.57151405
PLDV,PHEVSales,Fridley,2020,2.57720577,5.2153,-2.63809423
PLDV,PHEVSales,Fridley,2025,8.60459965,59.25142,-50.64682035
PLDV,PHEVSales,Fridley,2030,22.33752392,91.18338,-68.84585608
PLDV,PHEVSales,Fridley,2035,46.36465412,104.87921,-58.51455588
PLDV,PHEVSales,Fridley,2040,98.68912156,151.19943,-52.51030844
PLDV,PHEVSales,Fridley,2045,118.3676296,181.38567,-63.0180404
PLDV,PHEVSales,Fridley,2050,138.0461377,211.5719,-73.5257623
PLDV,BEVSales,Fridley,2015,0.22126492,0.27949,-0.05822508
PLDV,BEVSales,Fridley,2018,0.19457833,4.57012,-4.37554167
PLDV,BEVSales,Fridley,2020,0.17678727,7.43055,-7.25376273
PLDV,BEVSales,Fridley,2025,3.36371879,98.51478,-95.15106121
PLDV,BEVSales,Fridley,2030,16.85613945,97.21101,-80.35487055
PLDV,BEVSales,Fridley,2035,59.52186166,83.1618,-23.63993834
PLDV,BEVSales,Fridley,2040,99.61212602,169.45522,-69.84309398
PLDV,BEVSales,Fridley,2045,119.4902982,203.29036,-83.8000618
PLDV,BEVSales,Fridley,2050,139.3684705,237.12551,-97.7570395
PLDV,TotSales,Gem Lake,2015,11.6220751,94.33425,-82.7121749
PLDV,TotSales,Gem Lake,2018,13.27149701,102.16568,-88.89418299
PLDV,TotSales,Gem Lake,2020,14.37111162,107.38663,-93.01551838
PLDV,TotSales,Gem Lake,2025,19.06976969,113.69949,-94.62972031
PLDV,TotSales,Gem Lake,2030,21.07961294,121.37497,-100.2953571
PLDV,TotSales,Gem Lake,2035,20.43963762,125.54241,-105.1027724
PLDV,TotSales,Gem Lake,2040,14.77410543,129.79947,-115.0253646
PLDV,TotSales,Gem Lake,2045,15.40451149,136.89251,-121.4879985
PLDV,TotSales,Gem Lake,2050,16.03491756,143.98556,-127.9506424
PLDV,SISales,Gem Lake,2015,11.23331577,92.84915,-81.61583423
PLDV,SISales,Gem Lake,2018,12.80639663,100.25977,-87.45337337
PLDV,SISales,Gem Lake,2020,13.85511721,105.20018,-91.34506279
PLDV,SISales,Gem Lake,2025,17.98772499,108.41024,-90.42251501
PLDV,SISales,Gem Lake,2030,18.81570833,113.42035,-94.60464167
PLDV,SISales,Gem Lake,2035,16.46453206,114.87069,-98.40615794
PLDV,SISales,Gem Lake,2040,9.03315261,113.53495,-104.5017974
PLDV,SISales,Gem Lake,2045,8.59311998,117.67211,-109.07899
PLDV,SISales,Gem Lake,2050,8.15308735,121.80928,-113.6561927
PLDV,CISales,Gem Lake,2015,0.16944107,1.33859,-1.16914893
PLDV,CISales,Gem Lake,2018,0.19429649,1.43054,-1.23624351
PLDV,CISales,Gem Lake,2020,0.21086678,1.49184,-1.28097322
PLDV,CISales,Gem Lake,2025,0.27669066,1.59312,-1.31642934
PLDV,CISales,Gem Lake,2030,0.31769966,1.75144,-1.43374034
PLDV,CISales,Gem Lake,2035,0.33570547,1.8627,-1.52699453
PLDV,CISales,Gem Lake,2040,0.28496962,2.01164,-1.72667038
PLDV,CISales,Gem Lake,2045,0.30807533,2.14625,-1.83817467
PLDV,CISales,Gem Lake,2050,0.33118104,2.28086,-1.94967896
PLDV,HEVSales,Gem Lake,2015,0.21448055,0.13958,0.07490055
PLDV,HEVSales,Gem Lake,2018,0.24353607,0.36589,-0.12235393
PLDV,HEVSales,Gem Lake,2020,0.26290642,0.51677,-0.25386358
PLDV,HEVSales,Gem Lake,2025,0.60792127,1.26108,-0.65315873
PLDV,HEVSales,Gem Lake,2030,1.24665555,2.92443,-1.67777445
PLDV,HEVSales,Gem Lake,2035,1.67599329,5.23645,-3.56045671
PLDV,HEVSales,Gem Lake,2040,1.6930704,8.0172,-6.3241296
PLDV,HEVSales,Gem Lake,2045,1.98878837,9.59273,-7.60394163
PLDV,HEVSales,Gem Lake,2050,2.28450634,11.16825,-8.88374366
PLDV,PHEVSales,Gem Lake,2015,0.0032419,0.00395,-0.0007081
PLDV,PHEVSales,Gem Lake,2018,0.02530771,0.05204,-0.02673229
PLDV,PHEVSales,Gem Lake,2020,0.04001826,0.08411,-0.04409174
PLDV,PHEVSales,Gem Lake,2025,0.14501764,1.04789,-0.90287236
PLDV,PHEVSales,Gem Lake,2030,0.40052435,1.73195,-1.33142565
PLDV,PHEVSales,Gem Lake,2035,0.85313664,2.05743,-1.20429336
PLDV,PHEVSales,Gem Lake,2040,1.83898128,2.93572,-1.09673872
PLDV,PHEVSales,Gem Lake,2045,2.20612915,3.52207,-1.31594085
PLDV,PHEVSales,Gem Lake,2050,2.57327703,4.10842,-1.53514297
PLDV,BEVSales,Gem Lake,2015,0.00159582,0.00298,-0.00138418
PLDV,BEVSales,Gem Lake,2018,0.0019601,0.05743,-0.0554699
PLDV,BEVSales,Gem Lake,2020,0.00220296,0.09373,-0.09152704
PLDV,BEVSales,Gem Lake,2025,0.05241512,1.38717,-1.33475488
PLDV,BEVSales,Gem Lake,2030,0.29902505,1.54679,-1.24776495
PLDV,BEVSales,Gem Lake,2035,1.11027015,1.51514,-0.40486985
PLDV,BEVSales,Gem Lake,2040,1.92393152,3.29995,-1.37601848
PLDV,BEVSales,Gem Lake,2045,2.30839866,3.95935,-1.65095134
PLDV,BEVSales,Gem Lake,2050,2.6928658,4.61874,-1.9258742
PLDV,TotSales,Golden Valley,2015,452.2969606,4455.48246,-4003.185499
PLDV,TotSales,Golden Valley,2018,498.1540282,4549.6753,-4051.521272
PLDV,TotSales,Golden Valley,2020,528.7254066,4612.47053,-4083.745123
PLDV,TotSales,Golden Valley,2025,664.0971245,4625.08033,-3960.983206
PLDV,TotSales,Golden Valley,2030,760.1475224,4688.07642,-3927.928898
PLDV,TotSales,Golden Valley,2035,835.1498307,4695.41057,-3860.260739
PLDV,TotSales,Golden Valley,2040,725.7521748,4708.4945,-3982.742325
PLDV,TotSales,Golden Valley,2045,780.4432177,4759.0969,-3978.653682
PLDV,TotSales,Golden Valley,2050,835.1342605,4809.69931,-3974.56505
PLDV,SISales,Golden Valley,2015,438.3576028,4386.55673,-3948.199127
PLDV,SISales,Golden Valley,2018,481.535646,4465.09769,-3983.562044
PLDV,SISales,Golden Valley,2020,510.3210081,4517.45833,-4007.137322
PLDV,SISales,Golden Valley,2025,619.6982098,4292.4907,-3672.79249
PLDV,SISales,Golden Valley,2030,650.6082374,4239.98756,-3589.379323
PLDV,SISales,Golden Valley,2035,580.8306105,4153.17648,-3572.34587
PLDV,SISales,Golden Valley,2040,311.6199081,3835.21161,-3523.591702
PLDV,SISales,Golden Valley,2045,286.2723691,3724.94259,-3438.670221
PLDV,SISales,Golden Valley,2050,260.9248302,3614.67357,-3353.74874
PLDV,CISales,Golden Valley,2015,5.57648019,62.55201,-56.97552981
PLDV,CISales,Golden Valley,2018,6.45918766,60.69926,-54.24007234
PLDV,CISales,Golden Valley,2020,7.04765931,59.4641,-52.41644069
PLDV,CISales,Golden Valley,2025,9.39238284,55.04659,-45.65420716
PLDV,CISales,Golden Valley,2030,10.3659453,57.89381,-47.5278647
PLDV,CISales,Golden Valley,2035,10.81439168,60.82817,-50.01377832
PLDV,CISales,Golden Valley,2040,9.04488555,62.17735,-53.13246445
PLDV,CISales,Golden Valley,2045,9.73856662,62.10242,-52.36385338
PLDV,CISales,Golden Valley,2050,10.43224769,62.02749,-51.59524231
PLDV,HEVSales,Golden Valley,2015,6.84159214,5.61173,1.22986214
PLDV,HEVSales,Golden Valley,2018,7.65837836,12.51114,-4.85276164
PLDV,HEVSales,Golden Valley,2020,8.2029025,17.11074,-8.9078375
PLDV,HEVSales,Golden Valley,2025,18.90956068,38.12875,-19.21918932
PLDV,HEVSales,Golden Valley,2030,38.08129824,88.65497,-50.57367176
PLDV,HEVSales,Golden Valley,2035,53.8854572,161.73509,-107.8496328
PLDV,HEVSales,Golden Valley,2040,53.93609107,241.1283,-187.1922089
PLDV,HEVSales,Golden Valley,2045,63.35499085,288.23161,-224.8766192
PLDV,HEVSales,Golden Valley,2050,72.77389064,335.33493,-262.5610394
PLDV,PHEVSales,Golden Valley,2015,0.63145661,0.28704,0.34441661
PLDV,PHEVSales,Golden Valley,2018,1.96115953,3.60408,-1.64292047
PLDV,PHEVSales,Golden Valley,2020,2.84762815,5.81545,-2.96782185
PLDV,PHEVSales,Golden Valley,2025,10.28991676,70.63743,-60.34751324
PLDV,PHEVSales,Golden Valley,2030,28.83211741,117.34661,-88.51449259
PLDV,PHEVSales,Golden Valley,2035,64.27802395,145.43828,-81.16025605
PLDV,PHEVSales,Golden Valley,2040,139.8879898,212.80221,-72.9142202
PLDV,PHEVSales,Golden Valley,2045,167.7392965,255.30524,-87.5659435
PLDV,PHEVSales,Golden Valley,2050,195.5906031,297.80828,-102.2176769
PLDV,BEVSales,Golden Valley,2015,0.88982886,0.47496,0.41486886
PLDV,BEVSales,Golden Valley,2018,0.53965666,7.76313,-7.22347334
PLDV,BEVSales,Golden Valley,2020,0.30620853,12.62191,-12.31570147
PLDV,BEVSales,Golden Valley,2025,5.80705442,168.77685,-162.9697956
PLDV,BEVSales,Golden Valley,2030,32.25992398,184.19347,-151.933546
PLDV,BEVSales,Golden Valley,2035,125.3413473,174.23256,-48.8912127
PLDV,BEVSales,Golden Valley,2040,211.2633003,357.17502,-145.9117197
PLDV,BEVSales,Golden Valley,2045,253.3379946,428.51504,-175.1770454
PLDV,BEVSales,Golden Valley,2050,295.4126889,499.85505,-204.4423611
PLDV,TotSales,Grant,2015,93.78911763,1026.1916,-932.4024824
PLDV,TotSales,Grant,2018,102.453709,1040.30323,-937.849521
PLDV,TotSales,Grant,2020,108.2301032,1049.71098,-941.4808768
PLDV,TotSales,Grant,2025,148.9084607,1070.89059,-921.9821293
PLDV,TotSales,Grant,2030,174.0624862,1102.1933,-928.1308138
PLDV,TotSales,Grant,2035,191.308019,1123.09152,-931.783501
PLDV,TotSales,Grant,2040,165.1602731,1145.05598,-979.8957069
PLDV,TotSales,Grant,2045,179.4345042,1168.82886,-989.3943558
PLDV,TotSales,Grant,2050,193.7087352,1192.60173,-998.8929948
PLDV,SISales,Grant,2015,89.70330758,1009.9389,-920.2355924
PLDV,SISales,Grant,2018,97.85972403,1020.09845,-922.238726
PLDV,SISales,Grant,2020,103.297335,1026.87148,-923.574145
PLDV,SISales,Grant,2025,137.5516857,994.62604,-857.0743543
PLDV,SISales,Grant,2030,145.1606337,991.22141,-846.0607763
PLDV,SISales,Grant,2035,129.3115664,979.8922,-850.5806336
PLDV,SISales,Grant,2040,67.76572883,917.36035,-849.5946212
PLDV,SISales,Grant,2045,63.37821308,898.84464,-835.4664269
PLDV,SISales,Grant,2050,58.99069733,880.32893,-821.3382327
PLDV,CISales,Grant,2015,1.66285195,14.6196,-12.95674805
PLDV,CISales,Grant,2018,1.71346503,14.46244,-12.74897497
PLDV,CISales,Grant,2020,1.74720709,14.35767,-12.61046291
PLDV,CISales,Grant,2025,2.15352321,13.84375,-11.69022679
PLDV,CISales,Grant,2030,2.60146109,14.87906,-12.27759891
PLDV,CISales,Grant,2035,2.89501719,16.19921,-13.30419281
PLDV,CISales,Grant,2040,2.32958724,17.09654,-14.76695276
PLDV,CISales,Grant,2045,2.4629343,17.59193,-15.1289957
PLDV,CISales,Grant,2050,2.59628135,18.08732,-15.49103865
PLDV,HEVSales,Grant,2015,2.20872069,1.48848,0.72024069
PLDV,HEVSales,Grant,2018,2.32180052,3.53026,-1.20845948
PLDV,HEVSales,Grant,2020,2.39718707,4.89146,-2.49427293
PLDV,HEVSales,Grant,2025,5.28753914,11.8089,-6.52136086
PLDV,HEVSales,Grant,2030,11.20222546,26.94062,-15.73839454
PLDV,HEVSales,Grant,2035,14.66507644,48.55274,-33.88766356
PLDV,HEVSales,Grant,2040,13.88490606,70.84942,-56.96451394
PLDV,HEVSales,Grant,2045,16.22014313,84.7216,-68.50145687
PLDV,HEVSales,Grant,2050,18.55538021,98.59379,-80.03840979
PLDV,PHEVSales,Grant,2015,0.14204249,0.08347,0.05857249
PLDV,PHEVSales,Grant,2018,0.50271283,1.00462,-0.50190717
PLDV,PHEVSales,Grant,2020,0.74315972,1.61872,-0.87556028
PLDV,PHEVSales,Grant,2025,2.58580403,19.6634,-17.07759597
PLDV,PHEVSales,Grant,2030,7.15192281,32.92434,-25.77241719
PLDV,PHEVSales,Grant,2035,15.08986877,39.31749,-24.22762123
PLDV,PHEVSales,Grant,2040,30.71521699,52.01971,-21.30449301
PLDV,PHEVSales,Grant,2045,36.82985189,62.40696,-25.57710811
PLDV,PHEVSales,Grant,2050,42.94448679,72.79421,-29.84972321
PLDV,BEVSales,Grant,2015,0.07219493,0.06116,0.01103493
PLDV,BEVSales,Grant,2018,0.05600658,1.20746,-1.15145342
PLDV,BEVSales,Grant,2020,0.04521435,1.97166,-1.92644565
PLDV,BEVSales,Grant,2025,1.3299086,30.94849,-29.6185814
PLDV,BEVSales,Grant,2030,7.94624316,36.22788,-28.28163684
PLDV,BEVSales,Grant,2035,29.3464902,39.12989,-9.7833998
PLDV,BEVSales,Grant,2040,50.46483395,87.72996,-37.26512605
PLDV,BEVSales,Grant,2045,60.54336176,105.26372,-44.72035824
PLDV,BEVSales,Grant,2050,70.62188957,122.79748,-52.17559043
PLDV,TotSales,Greenfield,2015,95.98164725,831.9402,-735.9585528
PLDV,TotSales,Greenfield,2018,106.7504314,876.96274,-770.2123086
PLDV,TotSales,Greenfield,2020,113.9296208,906.97777,-793.0481492
PLDV,TotSales,Greenfield,2025,159.1341602,1000.31147,-841.1773098
PLDV,TotSales,Greenfield,2030,190.8221738,1104.14686,-913.3246862
PLDV,TotSales,Greenfield,2035,220.4696436,1191.04337,-970.5737264
PLDV,TotSales,Greenfield,2040,201.7299685,1278.02555,-1076.295582
PLDV,TotSales,Greenfield,2045,222.8796327,1367.24262,-1144.362987
PLDV,TotSales,Greenfield,2050,244.0292969,1456.45969,-1212.430393
PLDV,SISales,Greenfield,2015,91.88296048,818.54725,-726.6642895
PLDV,SISales,Greenfield,2018,101.96632,858.03283,-756.06651
PLDV,SISales,Greenfield,2020,108.6885596,884.35655,-775.6679904
PLDV,SISales,Greenfield,2025,146.1006239,905.31086,-759.2102361
PLDV,SISales,Greenfield,2030,156.067817,965.08177,-809.013953
PLDV,SISales,Greenfield,2035,140.9422323,1014.58397,-873.6417377
PLDV,SISales,Greenfield,2040,74.82504032,994.10327,-919.2782297
PLDV,SISales,Greenfield,2045,71.41345628,1029.21448,-957.8010237
PLDV,SISales,Greenfield,2050,68.00187225,1064.32568,-996.3238078
PLDV,CISales,Greenfield,2015,1.62976247,11.89252,-10.26275753
PLDV,CISales,Greenfield,2018,1.73238363,12.46229,-10.72990637
PLDV,CISales,Greenfield,2020,1.80079773,12.84213,-11.04133227
PLDV,CISales,Greenfield,2025,2.28138989,13.70067,-11.41928011
PLDV,CISales,Greenfield,2030,2.7738358,15.47192,-12.6980842
PLDV,CISales,Greenfield,2035,3.11332067,17.31621,-14.20288933
PLDV,CISales,Greenfield,2040,2.55395439,18.70959,-16.15563561
PLDV,CISales,Greenfield,2045,2.73879277,20.07301,-17.33421723
PLDV,CISales,Greenfield,2050,2.92363116,21.43642,-18.51278884
PLDV,HEVSales,Greenfield,2015,2.14130846,1.3089,0.83240846
PLDV,HEVSales,Greenfield,2018,2.30187632,3.34727,-1.04539368
PLDV,HEVSales,Greenfield,2020,2.40892156,4.70618,-2.29725844
PLDV,HEVSales,Greenfield,2025,5.46528461,11.77819,-6.31290539
PLDV,HEVSales,Greenfield,2030,11.65333435,27.70737,-16.05403565
PLDV,HEVSales,Greenfield,2035,15.58680825,51.14128,-35.55447175
PLDV,HEVSales,Greenfield,2040,14.97201972,76.31687,-61.34485028
PLDV,HEVSales,Greenfield,2045,17.53816197,91.31847,-73.78030803
PLDV,HEVSales,Greenfield,2050,20.10430423,106.32007,-86.21576577
PLDV,PHEVSales,Greenfield,2015,0.2025985,0.10323,0.0993685
PLDV,PHEVSales,Greenfield,2018,0.65870195,1.28289,-0.62418805
PLDV,PHEVSales,Greenfield,2020,0.96277093,2.06933,-1.10655907
PLDV,PHEVSales,Greenfield,2025,3.54039326,26.418,-22.87760674
PLDV,PHEVSales,Greenfield,2030,9.68512659,44.21213,-34.52700341
PLDV,PHEVSales,Greenfield,2035,20.33869252,52.66184,-32.32314748
PLDV,PHEVSales,Greenfield,2040,41.60443463,70.27502,-28.67058537
PLDV,PHEVSales,Greenfield,2045,49.88480186,84.30938,-34.42457814
PLDV,PHEVSales,Greenfield,2050,58.16516908,98.34374,-40.17857092
PLDV,BEVSales,Greenfield,2015,0.12501734,0.0883,0.03671734
PLDV,BEVSales,Greenfield,2018,0.09114957,1.83747,-1.74632043
PLDV,BEVSales,Greenfield,2020,0.06857106,3.00358,-2.93500894
PLDV,BEVSales,Greenfield,2025,1.74646846,43.10376,-41.35729154
PLDV,BEVSales,Greenfield,2030,10.64206009,51.67368,-41.03161991
PLDV,BEVSales,Greenfield,2035,40.48858983,55.34006,-14.85147017
PLDV,BEVSales,Greenfield,2040,67.7745194,118.62079,-50.8462706
PLDV,BEVSales,Greenfield,2045,81.30441981,142.32729,-61.02287019
PLDV,BEVSales,Greenfield,2050,94.83432022,166.03379,-71.19946978
PLDV,TotSales,Greenvale Twp.,2015,14.66336371,132.45633,-117.7929663
PLDV,TotSales,Greenvale Twp.,2018,16.06934928,136.79039,-120.7210407
PLDV,TotSales,Greenvale Twp.,2020,17.00667299,139.67977,-122.673097
PLDV,TotSales,Greenvale Twp.,2025,23.04272109,146.6754,-123.6326789
PLDV,TotSales,Greenvale Twp.,2030,26.22218336,155.27065,-129.0484666
PLDV,TotSales,Greenvale Twp.,2035,26.64333601,156.39989,-129.756554
PLDV,TotSales,Greenvale Twp.,2040,21.11024237,157.70636,-136.5961176
PLDV,TotSales,Greenvale Twp.,2045,22.3996181,162.75636,-140.3567419
PLDV,TotSales,Greenvale Twp.,2050,23.68899383,167.80637,-144.1173762
PLDV,SISales,Greenvale Twp.,2015,14.07794733,130.34685,-116.2689027
PLDV,SISales,Greenvale Twp.,2018,15.40412972,134.09309,-118.6889603
PLDV,SISales,Greenvale Twp.,2020,16.28825132,136.59058,-120.3023287
PLDV,SISales,Greenvale Twp.,2025,21.44934934,137.08117,-115.6318207
PLDV,SISales,Greenvale Twp.,2030,22.43557689,141.12385,-118.6882731
PLDV,SISales,Greenvale Twp.,2035,19.23962167,138.55303,-119.3134083
PLDV,SISales,Greenvale Twp.,2040,10.04676159,130.57055,-120.5237884
PLDV,SISales,Greenvale Twp.,2045,9.24052444,130.6153,-121.3747756
PLDV,SISales,Greenvale Twp.,2050,8.4342873,130.66004,-122.2257527
PLDV,CISales,Greenvale Twp.,2015,0.24483098,1.8896,-1.64476902
PLDV,CISales,Greenvale Twp.,2018,0.25763009,1.93126,-1.67362991
PLDV,CISales,Greenvale Twp.,2020,0.26616284,1.95904,-1.69287716
PLDV,CISales,Greenvale Twp.,2025,0.33374692,2.02225,-1.68850308
PLDV,CISales,Greenvale Twp.,2030,0.39381932,2.2078,-1.81398068
PLDV,CISales,Greenvale Twp.,2035,0.41694763,2.31675,-1.89980237
PLDV,CISales,Greenvale Twp.,2040,0.33433839,2.41234,-2.07800161
PLDV,CISales,Greenvale Twp.,2045,0.35223987,2.51689,-2.16465013
PLDV,CISales,Greenvale Twp.,2050,0.37014136,2.62144,-2.25129864
PLDV,HEVSales,Greenvale Twp.,2015,0.32085808,0.20242,0.11843808
PLDV,HEVSales,Greenvale Twp.,2018,0.34147161,0.50419,-0.16271839
PLDV,HEVSales,Greenvale Twp.,2020,0.35521396,0.70537,-0.35015604
PLDV,HEVSales,Greenvale Twp.,2025,0.79158061,1.72186,-0.93027939
PLDV,HEVSales,Greenvale Twp.,2030,1.64994429,3.93149,-2.28154571
PLDV,HEVSales,Greenvale Twp.,2035,2.107846,6.83821,-4.730364
PLDV,HEVSales,Greenvale Twp.,2040,2.00096948,9.91465,-7.91368052
PLDV,HEVSales,Greenvale Twp.,2045,2.33699176,11.8571,-9.52010824
PLDV,HEVSales,Greenvale Twp.,2050,2.67301404,13.79955,-11.12653596
PLDV,PHEVSales,Greenvale Twp.,2015,0.01327376,0.01012,0.00315376
PLDV,PHEVSales,Greenvale Twp.,2018,0.06038503,0.1231,-0.06271497
PLDV,PHEVSales,Greenvale Twp.,2020,0.09179255,0.19841,-0.10661745
PLDV,PHEVSales,Greenvale Twp.,2025,0.32634508,2.45402,-2.12767492
PLDV,PHEVSales,Greenvale Twp.,2030,0.8956685,4.04475,-3.1490815
PLDV,PHEVSales,Greenvale Twp.,2035,1.81582173,4.60794,-2.79211827
PLDV,PHEVSales,Greenvale Twp.,2040,3.66046316,6.06446,-2.40399684
PLDV,PHEVSales,Greenvale Twp.,2045,4.38990104,7.27533,-2.88542896
PLDV,PHEVSales,Greenvale Twp.,2050,5.11933893,8.48619,-3.36685107
PLDV,BEVSales,Greenvale Twp.,2015,0.00645357,0.00734,-0.00088643
PLDV,BEVSales,Greenvale Twp.,2018,0.00573282,0.13876,-0.13302718
PLDV,BEVSales,Greenvale Twp.,2020,0.00525232,0.22637,-0.22111768
PLDV,BEVSales,Greenvale Twp.,2025,0.14169915,3.3961,-3.25440085
PLDV,BEVSales,Greenvale Twp.,2030,0.84717437,3.96276,-3.11558563
PLDV,BEVSales,Greenvale Twp.,2035,3.06309897,4.08396,-1.02086103
PLDV,BEVSales,Greenvale Twp.,2040,5.06770974,8.74434,-3.67663026
PLDV,BEVSales,Greenvale Twp.,2045,6.07996098,10.49175,-4.41178902
PLDV,BEVSales,Greenvale Twp.,2050,7.09221221,12.23915,-5.14693779
PLDV,TotSales,Greenwood,2015,26.0964187,226.12625,-200.0298313
PLDV,TotSales,Greenwood,2018,27.93231044,229.71574,-201.7834296
PLDV,TotSales,Greenwood,2020,29.15623827,232.10873,-202.9524917
PLDV,TotSales,Greenwood,2025,36.40218182,228.82277,-192.4205882
PLDV,TotSales,Greenwood,2030,39.46230616,228.3392,-188.8768938
PLDV,TotSales,Greenwood,2035,41.89668057,226.33848,-184.4417994
PLDV,TotSales,Greenwood,2040,35.46034602,224.65293,-189.192584
PLDV,TotSales,Greenwood,2045,37.33313148,224.35826,-187.0251285
PLDV,TotSales,Greenwood,2050,39.20591694,224.0636,-184.8576831
PLDV,SISales,Greenwood,2015,24.97433047,222.48597,-197.5116395
PLDV,SISales,Greenwood,2018,26.67871711,224.78617,-198.1074529
PLDV,SISales,Greenwood,2020,27.81497487,226.31963,-198.5046551
PLDV,SISales,Greenwood,2025,33.42074053,207.09124,-173.6704995
PLDV,SISales,Greenwood,2030,32.27505406,199.58033,-167.3052759
PLDV,SISales,Greenwood,2035,26.7837857,192.80523,-166.0214443
PLDV,SISales,Greenwood,2040,13.15283912,174.74472,-161.5918809
PLDV,SISales,Greenwood,2045,10.78854085,165.19646,-154.4079192
PLDV,SISales,Greenwood,2050,8.42424258,155.64821,-147.2239674
PLDV,CISales,Greenwood,2015,0.44297905,3.23246,-2.78948095
PLDV,CISales,Greenwood,2018,0.45370174,3.26487,-2.81116826
PLDV,CISales,Greenwood,2020,0.46085019,3.28649,-2.82563981
PLDV,CISales,Greenwood,2025,0.52187142,3.13405,-2.61217858
PLDV,CISales,Greenwood,2030,0.57363332,3.19962,-2.62598668
PLDV,CISales,Greenwood,2035,0.59163611,3.29066,-2.69902389
PLDV,CISales,Greenwood,2040,0.4489373,3.2888,-2.8398627
PLDV,CISales,Greenwood,2045,0.45012894,3.30006,-2.84993106
PLDV,CISales,Greenwood,2050,0.45132059,3.31133,-2.86000941
PLDV,HEVSales,Greenwood,2015,0.58202027,0.35577,0.22625027
PLDV,HEVSales,Greenwood,2018,0.60269483,0.86493,-0.26223517
PLDV,HEVSales,Greenwood,2020,0.61647788,1.20438,-0.58790212
PLDV,HEVSales,Greenwood,2025,1.25019219,2.69428,-1.44408781
PLDV,HEVSales,Greenwood,2030,2.40992668,5.72992,-3.31999332
PLDV,HEVSales,Greenwood,2035,2.96202015,9.71857,-6.75654985
PLDV,HEVSales,Greenwood,2040,2.63180034,13.41508,-10.78327966
PLDV,HEVSales,Greenwood,2045,3.04175636,16.02694,-12.98518364
PLDV,HEVSales,Greenwood,2050,3.45171237,18.6388,-15.18708763
PLDV,PHEVSales,Greenwood,2015,0.05929251,0.02806,0.03123251
PLDV,PHEVSales,Greenwood,2018,0.17154921,0.32897,-0.15742079
PLDV,PHEVSales,Greenwood,2020,0.24638701,0.52957,-0.28318299
PLDV,PHEVSales,Greenwood,2025,0.80987036,6.04316,-5.23328964
PLDV,PHEVSales,Greenwood,2030,2.00289842,9.14313,-7.14023158
PLDV,PHEVSales,Greenwood,2035,3.8650387,10.00753,-6.1424913
PLDV,PHEVSales,Greenwood,2040,7.31327953,12.35303,-5.03975047
PLDV,PHEVSales,Greenwood,2045,8.76407693,14.81803,-6.05395307
PLDV,PHEVSales,Greenwood,2050,10.21487433,17.28302,-7.06814567
PLDV,BEVSales,Greenwood,2015,0.03779641,0.024,0.01379641
PLDV,BEVSales,Greenwood,2018,0.02564756,0.4708,-0.44515244
PLDV,BEVSales,Greenwood,2020,0.01754833,0.76866,-0.75111167
PLDV,BEVSales,Greenwood,2025,0.39950732,9.86005,-9.46054268
PLDV,BEVSales,Greenwood,2030,2.20079368,10.68619,-8.48539632
PLDV,BEVSales,Greenwood,2035,7.69419993,10.51648,-2.82228007
PLDV,BEVSales,Greenwood,2040,11.91348974,20.85131,-8.93782026
PLDV,BEVSales,Greenwood,2045,14.2886284,25.01677,-10.7281416
PLDV,BEVSales,Greenwood,2050,16.66376707,29.18224,-12.51847293
PLDV,TotSales,Grey Cloud Island Twp.,2015,6.67381927,73.01455,-66.34073073
PLDV,TotSales,Grey Cloud Island Twp.,2018,7.33470502,74.45282,-67.11811498
PLDV,TotSales,Grey Cloud Island Twp.,2020,7.77529552,75.41167,-67.63637448
PLDV,TotSales,Grey Cloud Island Twp.,2025,10.36162981,74.51673,-64.15510019
PLDV,TotSales,Grey Cloud Island Twp.,2030,11.74309122,74.35925,-62.61615878
PLDV,TotSales,Grey Cloud Island Twp.,2035,12.55541192,73.70771,-61.15229808
PLDV,TotSales,Grey Cloud Island Twp.,2040,10.55226063,73.15881,-62.60654937
PLDV,TotSales,Grey Cloud Island Twp.,2045,11.32794891,73.18766,-61.85971109
PLDV,TotSales,Grey Cloud Island Twp.,2050,12.10363718,73.21652,-61.11288282
PLDV,SISales,Grey Cloud Island Twp.,2015,6.382479,71.85815,-65.475671
PLDV,SISales,Grey Cloud Island Twp.,2018,7.00554564,73.00578,-66.00023436
PLDV,SISales,Grey Cloud Island Twp.,2020,7.4209234,73.77087,-66.3499466
PLDV,SISales,Grey Cloud Island Twp.,2025,9.57138124,69.20995,-59.63856876
PLDV,SISales,Grey Cloud Island Twp.,2030,9.79323345,66.87256,-57.07932655
PLDV,SISales,Grey Cloud Island Twp.,2035,8.48662795,64.30964,-55.82301205
PLDV,SISales,Grey Cloud Island Twp.,2040,4.32962249,58.6111,-54.28147751
PLDV,SISales,Grey Cloud Island Twp.,2045,3.91905119,55.96169,-52.04263881
PLDV,SISales,Grey Cloud Island Twp.,2050,3.50847989,53.31228,-49.80380011
PLDV,CISales,Grey Cloud Island Twp.,2015,0.11831356,1.0402,-0.92188644
PLDV,CISales,Grey Cloud Island Twp.,2018,0.12263747,1.03496,-0.91232253
PLDV,CISales,Grey Cloud Island Twp.,2020,0.12552008,1.03146,-0.90593992
PLDV,CISales,Grey Cloud Island Twp.,2025,0.14985052,0.9633,-0.81344948
PLDV,CISales,Grey Cloud Island Twp.,2030,0.17550706,1.00381,-0.82830294
PLDV,CISales,Grey Cloud Island Twp.,2035,0.18999796,1.06314,-0.87314204
PLDV,CISales,Grey Cloud Island Twp.,2040,0.14883974,1.09232,-0.94348026
PLDV,CISales,Grey Cloud Island Twp.,2045,0.15494497,1.10274,-0.94779503
PLDV,CISales,Grey Cloud Island Twp.,2050,0.16105021,1.11316,-0.95210979
PLDV,HEVSales,Grey Cloud Island Twp.,2015,0.15715266,0.10591,0.05124266
PLDV,HEVSales,Grey Cloud Island Twp.,2018,0.16619001,0.25321,-0.08701999
PLDV,HEVSales,Grey Cloud Island Twp.,2020,0.17221491,0.3514,-0.17918509
PLDV,HEVSales,Grey Cloud Island Twp.,2025,0.36792754,0.82171,-0.45378246
PLDV,HEVSales,Grey Cloud Island Twp.,2030,0.75575593,1.81754,-1.06178407
PLDV,HEVSales,Grey Cloud Island Twp.,2035,0.96245874,3.18648,-2.22402126
PLDV,HEVSales,Grey Cloud Island Twp.,2040,0.88712101,4.52664,-3.63951899
PLDV,HEVSales,Grey Cloud Island Twp.,2045,1.03311468,5.41079,-4.37767532
PLDV,HEVSales,Grey Cloud Island Twp.,2050,1.17910835,6.29494,-5.11583165
PLDV,PHEVSales,Grey Cloud Island Twp.,2015,0.01048081,0.00594,0.00454081
PLDV,PHEVSales,Grey Cloud Island Twp.,2018,0.03622567,0.07215,-0.03592433
PLDV,PHEVSales,Grey Cloud Island Twp.,2020,0.0533889,0.11629,-0.0629011
PLDV,PHEVSales,Grey Cloud Island Twp.,2025,0.1799303,1.36826,-1.1883297
PLDV,PHEVSales,Grey Cloud Island Twp.,2030,0.48250306,2.22123,-1.73872694
PLDV,PHEVSales,Grey Cloud Island Twp.,2035,0.99033757,2.58038,-1.59004243
PLDV,PHEVSales,Grey Cloud Island Twp.,2040,1.96242698,3.32359,-1.36116302
PLDV,PHEVSales,Grey Cloud Island Twp.,2045,2.35281621,3.98712,-1.63430379
PLDV,PHEVSales,Grey Cloud Island Twp.,2050,2.74320544,4.65065,-1.90744456
PLDV,BEVSales,Grey Cloud Island Twp.,2015,0.00539324,0.00435,0.00104324
PLDV,BEVSales,Grey Cloud Island Twp.,2018,0.00410623,0.08673,-0.08262377
PLDV,BEVSales,Grey Cloud Island Twp.,2020,0.00324822,0.14164,-0.13839178
PLDV,BEVSales,Grey Cloud Island Twp.,2025,0.09254021,2.15352,-2.06097979
PLDV,BEVSales,Grey Cloud Island Twp.,2030,0.53609172,2.44411,-1.90801828
PLDV,BEVSales,Grey Cloud Island Twp.,2035,1.92598969,2.56807,-0.64208031
PLDV,BEVSales,Grey Cloud Island Twp.,2040,3.22425043,5.60516,-2.38090957
PLDV,BEVSales,Grey Cloud Island Twp.,2045,3.86802186,6.72532,-2.85729814
PLDV,BEVSales,Grey Cloud Island Twp.,2050,4.5117933,7.84548,-3.3336867
PLDV,TotSales,Ham Lake,2015,621.9880272,3986.77193,-3364.783903
PLDV,TotSales,Ham Lake,2018,660.22304,4157.00076,-3496.77772
PLDV,TotSales,Ham Lake,2020,685.7130485,4270.48665,-3584.773602
PLDV,TotSales,Ham Lake,2025,868.7613153,4483.79639,-3615.035075
PLDV,TotSales,Ham Lake,2030,896.6284929,4762.98647,-3866.357977
PLDV,TotSales,Ham Lake,2035,826.3013867,4899.73065,-4073.429263
PLDV,TotSales,Ham Lake,2040,580.5626816,5040.39077,-4459.828088
PLDV,TotSales,Ham Lake,2045,572.2776124,5251.11454,-4678.836928
PLDV,TotSales,Ham Lake,2050,563.9925433,5461.83831,-4897.845767
PLDV,SISales,Ham Lake,2015,597.3160424,3921.52236,-3324.206318
PLDV,SISales,Ham Lake,2018,633.9181628,4070.39087,-3436.472707
PLDV,SISales,Ham Lake,2020,658.3195764,4169.63655,-3511.316974
PLDV,SISales,Ham Lake,2025,815.5028183,4228.07617,-3412.573352
PLDV,SISales,Ham Lake,2030,791.0361304,4394.02011,-3602.98398
PLDV,SISales,Ham Lake,2035,655.597625,4428.87697,-3773.279345
PLDV,SISales,Ham Lake,2040,346.6516593,4357.20653,-4010.554871
PLDV,SISales,Ham Lake,2045,296.5187827,4444.34337,-4147.824587
PLDV,SISales,Ham Lake,2050,246.3859061,4531.48021,-4285.094304
PLDV,CISales,Ham Lake,2015,10.44400112,57.47674,-47.03273888
PLDV,CISales,Ham Lake,2018,10.54554003,61.57461,-51.02906997
PLDV,CISales,Ham Lake,2020,10.61323264,64.30652,-53.69328736
PLDV,CISales,Ham Lake,2025,12.67837954,71.00274,-58.32436046
PLDV,CISales,Ham Lake,2030,13.73854041,75.30187,-61.56332959
PLDV,CISales,Ham Lake,2035,13.95332202,77.27598,-63.32265798
PLDV,CISales,Ham Lake,2040,11.29341794,81.50153,-70.20811206
PLDV,CISales,Ham Lake,2045,11.46330131,86.30648,-74.84317869
PLDV,CISales,Ham Lake,2050,11.63318467,91.11144,-79.47825533
PLDV,HEVSales,Ham Lake,2015,13.89391964,7.34216,6.55175964
PLDV,HEVSales,Ham Lake,2018,14.16572389,19.14867,-4.98294611
PLDV,HEVSales,Ham Lake,2020,14.34692673,27.01969,-12.67276327
PLDV,HEVSales,Ham Lake,2025,30.20232169,64.15213,-33.94980831
PLDV,HEVSales,Ham Lake,2030,58.14227174,137.77809,-79.63581826
PLDV,HEVSales,Ham Lake,2035,70.75737215,231.37204,-160.6146679
PLDV,HEVSales,Ham Lake,2040,67.29130351,336.9364,-269.6450965
PLDV,HEVSales,Ham Lake,2045,77.97078028,402.85524,-324.8844597
PLDV,HEVSales,Ham Lake,2050,88.65025706,468.77409,-380.1238329
PLDV,PHEVSales,Ham Lake,2015,0.24690618,0.27572,-0.02881382
PLDV,PHEVSales,Ham Lake,2018,1.49604896,3.14527,-1.64922104
PLDV,PHEVSales,Ham Lake,2020,2.32881082,5.0583,-2.72948918
PLDV,PHEVSales,Ham Lake,2025,7.79062017,58.34782,-50.55719983
PLDV,PHEVSales,Ham Lake,2030,19.50508201,88.89126,-69.38617799
PLDV,PHEVSales,Ham Lake,2035,37.33694796,96.59496,-59.25801204
PLDV,PHEVSales,Ham Lake,2040,74.85731891,125.22973,-50.37241109
PLDV,PHEVSales,Ham Lake,2045,89.77940146,150.22053,-60.44112854
PLDV,PHEVSales,Ham Lake,2050,104.701484,175.21133,-70.509846
PLDV,BEVSales,Ham Lake,2015,0.08715788,0.15495,-0.06779212
PLDV,BEVSales,Ham Lake,2018,0.09756427,2.74133,-2.64376573
PLDV,BEVSales,Ham Lake,2020,0.10450186,4.46559,-4.36108814
PLDV,BEVSales,Ham Lake,2025,2.58717553,62.21753,-59.63035447
PLDV,BEVSales,Ham Lake,2030,14.20646837,66.99514,-52.78867163
PLDV,BEVSales,Ham Lake,2035,48.65611953,65.6107,-16.95458047
PLDV,BEVSales,Ham Lake,2040,80.46898189,139.51659,-59.04760811
PLDV,BEVSales,Ham Lake,2045,96.54534669,167.38891,-70.84356331
PLDV,BEVSales,Ham Lake,2050,112.6217115,195.26124,-82.6395285
PLDV,TotSales,Hamburg,2015,10.01768199,128.2435,-118.225818
PLDV,TotSales,Hamburg,2018,11.14526942,130.37441,-119.2291406
PLDV,TotSales,Hamburg,2020,11.89699438,131.79503,-119.8980356
PLDV,TotSales,Hamburg,2025,17.01262491,136.61401,-119.6013851
PLDV,TotSales,Hamburg,2030,20.99671192,142.5219,-121.5251881
PLDV,TotSales,Hamburg,2035,24.33687618,147.41543,-123.0785538
PLDV,TotSales,Hamburg,2040,21.71545126,152.41419,-130.6987387
PLDV,TotSales,Hamburg,2045,24.05500512,157.24833,-133.1933249
PLDV,TotSales,Hamburg,2050,26.39455897,162.08246,-135.687901
PLDV,SISales,Hamburg,2015,9.60963979,126.24385,-116.6342102
PLDV,SISales,Hamburg,2018,10.67527892,127.98829,-117.3130111
PLDV,SISales,Hamburg,2020,11.385705,129.15125,-117.765545
PLDV,SISales,Hamburg,2025,15.78052344,128.14372,-112.3631966
PLDV,SISales,Hamburg,2030,17.65834313,129.77192,-112.1135769
PLDV,SISales,Hamburg,2035,16.58910889,130.12658,-113.5374711
PLDV,SISales,Hamburg,2040,9.07036164,123.27381,-114.2034484
PLDV,SISales,Hamburg,2045,8.96250601,122.6798,-113.717294
PLDV,SISales,Hamburg,2050,8.85465038,122.08579,-113.2311396
PLDV,CISales,Hamburg,2015,0.16836242,1.81672,-1.64835758
PLDV,CISales,Hamburg,2018,0.18066156,1.77071,-1.59004844
PLDV,CISales,Hamburg,2020,0.18886099,1.74004,-1.55117901
PLDV,CISales,Hamburg,2025,0.24590535,1.64797,-1.40206465
PLDV,CISales,Hamburg,2030,0.31314951,1.81506,-1.50191049
PLDV,CISales,Hamburg,2035,0.36557124,2.05048,-1.68490876
PLDV,CISales,Hamburg,2040,0.30742319,2.22718,-1.91975681
PLDV,CISales,Hamburg,2045,0.33523535,2.30927,-1.97403465
PLDV,CISales,Hamburg,2050,0.3630475,2.39136,-2.0283125
PLDV,HEVSales,Hamburg,2015,0.21894189,0.169,0.04994189
PLDV,HEVSales,Hamburg,2018,0.23839661,0.38861,-0.15021339
PLDV,HEVSales,Hamburg,2020,0.25136642,0.53502,-0.28365358
PLDV,HEVSales,Hamburg,2025,0.58503428,1.31593,-0.73089572
PLDV,HEVSales,Hamburg,2030,1.30960941,3.15138,-1.84177059
PLDV,HEVSales,Hamburg,2035,1.845755,5.98512,-4.139365
PLDV,HEVSales,Hamburg,2040,1.8467684,9.11996,-7.2731916
PLDV,HEVSales,Hamburg,2045,2.1723337,10.91015,-8.7378163
PLDV,HEVSales,Hamburg,2050,2.497899,12.70034,-10.202441
PLDV,PHEVSales,Hamburg,2015,0.0119948,0.00693,0.0050648
PLDV,PHEVSales,Hamburg,2018,0.04430174,0.08816,-0.04385826
PLDV,PHEVSales,Hamburg,2020,0.0658397,0.14232,-0.0764803
PLDV,PHEVSales,Hamburg,2025,0.24566625,1.85883,-1.61316375
PLDV,PHEVSales,Hamburg,2030,0.72768902,3.27666,-2.54897098
PLDV,PHEVSales,Hamburg,2035,1.64303469,4.13204,-2.48900531
PLDV,PHEVSales,Hamburg,2040,3.51789137,5.80534,-2.28744863
PLDV,PHEVSales,Hamburg,2045,4.21907068,6.96502,-2.74594932
PLDV,PHEVSales,Hamburg,2050,4.92024999,8.1247,-3.20445001
PLDV,BEVSales,Hamburg,2015,0.00874308,0.007,0.00174308
PLDV,BEVSales,Hamburg,2018,0.0066306,0.13864,-0.1320094
PLDV,BEVSales,Hamburg,2020,0.00522227,0.2264,-0.22117773
PLDV,BEVSales,Hamburg,2025,0.15549559,3.64755,-3.49205441
PLDV,BEVSales,Hamburg,2030,0.98792085,4.5069,-3.51897915
PLDV,BEVSales,Hamburg,2035,3.89340636,5.1212,-1.22779364
PLDV,BEVSales,Hamburg,2040,6.97300667,11.98791,-5.01490333
PLDV,BEVSales,Hamburg,2045,8.36585938,14.38409,-6.01823062
PLDV,BEVSales,Hamburg,2050,9.7587121,16.78027,-7.0215579
PLDV,TotSales,Hampton,2015,17.44396058,157.57413,-140.1301694
PLDV,TotSales,Hampton,2018,18.93729765,161.25756,-142.3202624
PLDV,TotSales,Hampton,2020,19.93285569,163.71319,-143.7803343
PLDV,TotSales,Hampton,2025,26.33981999,167.66265,-141.32283
PLDV,TotSales,Hampton,2030,29.30159581,173.50492,-144.2033242
PLDV,TotSales,Hampton,2035,30.34463075,178.12698,-147.7823493
PLDV,TotSales,Hampton,2040,24.48221271,182.89703,-158.4148173
PLDV,TotSales,Hampton,2045,25.88986313,187.96161,-162.0717469
PLDV,TotSales,Hampton,2050,27.29751356,193.02619,-165.7286764
PLDV,SISales,Hampton,2015,16.7475599,155.06462,-138.3170601
PLDV,SISales,Hampton,2018,18.15351703,158.08134,-139.927823
PLDV,SISales,Hampton,2020,19.09082178,160.09248,-141.0016582
PLDV,SISales,Hampton,2025,24.51845849,156.69561,-132.1771515
PLDV,SISales,Hampton,2030,25.07030771,157.69679,-132.6264823
PLDV,SISales,Hampton,2035,21.91239173,157.80083,-135.8884383
PLDV,SISales,Hampton,2040,11.65154573,151.42678,-139.7752343
PLDV,SISales,Hampton,2045,10.6323429,150.69922,-140.0668771
PLDV,SISales,Hampton,2050,9.61314006,149.97165,-140.3585099
PLDV,CISales,Hampton,2015,0.29125848,2.24792,-1.95666152
PLDV,CISales,Hampton,2018,0.30367881,2.27684,-1.97316119
PLDV,CISales,Hampton,2020,0.31195904,2.29611,-1.98415096
PLDV,CISales,Hampton,2025,0.38150155,2.3116,-1.93009845
PLDV,CISales,Hampton,2030,0.44006764,2.46707,-2.02700236
PLDV,CISales,Hampton,2035,0.47487004,2.6386,-2.16372996
PLDV,CISales,Hampton,2040,0.38774276,2.79767,-2.40992724
PLDV,CISales,Hampton,2045,0.40703962,2.90762,-2.50058038
PLDV,CISales,Hampton,2050,0.42633647,3.01757,-2.59123353
PLDV,HEVSales,Hampton,2015,0.38170265,0.2408,0.14090265
PLDV,HEVSales,Hampton,2018,0.40248049,0.59236,-0.18987951
PLDV,HEVSales,Hampton,2020,0.41633238,0.82673,-0.41039762
PLDV,HEVSales,Hampton,2025,0.90484499,1.96823,-1.06338501
PLDV,HEVSales,Hampton,2030,1.84370614,4.39319,-2.54948386
PLDV,HEVSales,Hampton,2035,2.40066817,7.78817,-5.38750183
PLDV,HEVSales,Hampton,2040,2.3205873,11.49834,-9.1777527
PLDV,HEVSales,Hampton,2045,2.70836423,13.74984,-11.04147577
PLDV,HEVSales,Hampton,2050,3.09614116,16.00135,-12.90520884
PLDV,PHEVSales,Hampton,2015,0.01577287,0.01204,0.00373287
PLDV,PHEVSales,Hampton,2018,0.07086102,0.14435,-0.07348898
PLDV,PHEVSales,Hampton,2020,0.10758645,0.23255,-0.12496355
PLDV,PHEVSales,Hampton,2025,0.37304061,2.80516,-2.43211939
PLDV,PHEVSales,Hampton,2030,1.00085168,4.51974,-3.51888832
PLDV,PHEVSales,Hampton,2035,2.06807585,5.24807,-3.17999415
PLDV,PHEVSales,Hampton,2040,4.24515438,7.03314,-2.78798562
PLDV,PHEVSales,Hampton,2045,5.09103068,8.43736,-3.34632932
PLDV,PHEVSales,Hampton,2050,5.93690698,9.84158,-3.90467302
PLDV,BEVSales,Hampton,2015,0.00766669,0.00873,-0.00106331
PLDV,BEVSales,Hampton,2018,0.0067603,0.16268,-0.1559197
PLDV,BEVSales,Hampton,2020,0.00615604,0.26531,-0.25915396
PLDV,BEVSales,Hampton,2025,0.16197436,3.88204,-3.72006564
PLDV,BEVSales,Hampton,2030,0.94666263,4.42813,-3.48146737
PLDV,BEVSales,Hampton,2035,3.48862497,4.65131,-1.16268503
PLDV,BEVSales,Hampton,2040,5.87718254,10.14109,-4.26390746
PLDV,BEVSales,Hampton,2045,7.05108571,12.16756,-5.11647429
PLDV,BEVSales,Hampton,2050,8.22498888,14.19404,-5.96905112
PLDV,TotSales,Hampton Twp.,2015,27.28525708,246.46484,-219.1795829
PLDV,TotSales,Hampton Twp.,2018,29.89829594,254.50754,-224.6092441
PLDV,TotSales,Hampton Twp.,2020,31.64032184,259.86933,-228.2290082
PLDV,TotSales,Hampton Twp.,2025,42.55454161,270.87532,-228.3207784
PLDV,TotSales,Hampton Twp.,2030,48.10828019,284.86583,-236.7575498
PLDV,TotSales,Hampton Twp.,2035,51.10173853,299.97393,-248.8721915
PLDV,TotSales,Hampton Twp.,2040,42.19375445,315.21302,-273.0192656
PLDV,TotSales,Hampton Twp.,2045,45.17545392,328.96266,-283.7872061
PLDV,TotSales,Hampton Twp.,2050,48.1571534,342.71229,-294.5551366
PLDV,SISales,Hampton Twp.,2015,26.19519288,242.53968,-216.3444871
PLDV,SISales,Hampton Twp.,2018,28.66031119,249.48908,-220.8287688
PLDV,SISales,Hampton Twp.,2020,30.30372339,254.12202,-223.8182966
PLDV,SISales,Hampton Twp.,2025,39.61195491,253.15701,-213.5450551
PLDV,SISales,Hampton Twp.,2030,41.16121852,258.91154,-217.7503215
PLDV,SISales,Hampton Twp.,2035,36.90146444,265.74377,-228.8423056
PLDV,SISales,Hampton Twp.,2040,20.08080174,260.97578,-240.8949783
PLDV,SISales,Hampton Twp.,2045,18.85792351,264.663,-245.8050765
PLDV,SISales,Hampton Twp.,2050,17.63504528,268.35022,-250.7151747
PLDV,CISales,Hampton Twp.,2015,0.4555632,3.51602,-3.0604568
PLDV,CISales,Hampton Twp.,2018,0.47933728,3.59325,-3.11391272
PLDV,CISales,Hampton Twp.,2020,0.49518667,3.64473,-3.14954333
PLDV,CISales,Hampton Twp.,2025,0.61635286,3.73462,-3.11826714
PLDV,CISales,Hampton Twp.,2030,0.72251687,4.05052,-3.32800313
PLDV,CISales,Hampton Twp.,2035,0.79970274,4.44352,-3.64381726
PLDV,CISales,Hampton Twp.,2040,0.66825344,4.82163,-4.15337656
PLDV,CISales,Hampton Twp.,2045,0.71079148,5.08275,-4.37195852
PLDV,CISales,Hampton Twp.,2050,0.75332953,5.34387,-4.59054047
PLDV,HEVSales,Hampton Twp.,2015,0.59702874,0.37665,0.22037874
PLDV,HEVSales,Hampton Twp.,2018,0.63532941,0.93804,-0.30271059
PLDV,HEVSales,Hampton Twp.,2020,0.66086319,1.31231,-0.65144681
PLDV,HEVSales,Hampton Twp.,2025,1.4618651,3.17987,-1.7180049
PLDV,HEVSales,Hampton Twp.,2030,3.02705465,7.21287,-4.18581535
PLDV,HEVSales,Hampton Twp.,2035,4.0428344,13.11564,-9.0728056
PLDV,HEVSales,Hampton Twp.,2040,3.99940528,19.81676,-15.81735472
PLDV,HEVSales,Hampton Twp.,2045,4.67988059,23.70478,-19.02489941
PLDV,HEVSales,Hampton Twp.,2050,5.3603559,27.5928,-22.2324441
PLDV,PHEVSales,Hampton Twp.,2015,0.02517831,0.01884,0.00633831
PLDV,PHEVSales,Hampton Twp.,2018,0.11253742,0.22902,-0.11648258
PLDV,PHEVSales,Hampton Twp.,2020,0.17077683,0.36914,-0.19836317
PLDV,PHEVSales,Hampton Twp.,2025,0.6026834,4.53201,-3.9293266
PLDV,PHEVSales,Hampton Twp.,2030,1.64322972,7.42065,-5.77742028
PLDV,PHEVSales,Hampton Twp.,2035,3.48273381,8.83799,-5.35525619
PLDV,PHEVSales,Hampton Twp.,2040,7.31629136,12.12124,-4.80494864
PLDV,PHEVSales,Hampton Twp.,2045,8.77451397,14.54172,-5.76720603
PLDV,PHEVSales,Hampton Twp.,2050,10.23273658,16.9622,-6.72946342
PLDV,BEVSales,Hampton Twp.,2015,0.01229395,0.01366,-0.00136605
PLDV,BEVSales,Hampton Twp.,2018,0.01078064,0.25815,-0.24736936
PLDV,BEVSales,Hampton Twp.,2020,0.00977176,0.42115,-0.41137824
PLDV,BEVSales,Hampton Twp.,2025,0.26168534,6.27181,-6.01012466
PLDV,BEVSales,Hampton Twp.,2030,1.55426044,7.27025,-5.71598956
PLDV,BEVSales,Hampton Twp.,2035,5.87500314,7.83301,-1.95800686
PLDV,BEVSales,Hampton Twp.,2040,10.12900263,17.47762,-7.34861737
PLDV,BEVSales,Hampton Twp.,2045,12.15234437,20.97041,-8.81806563
PLDV,BEVSales,Hampton Twp.,2050,14.1756861,24.4632,-10.2875139
PLDV,TotSales,Hancock Twp.,2015,6.50742759,83.31147,-76.80404241
PLDV,TotSales,Hancock Twp.,2018,7.36176879,86.0426,-78.68083121
PLDV,TotSales,Hancock Twp.,2020,7.93132959,87.86335,-79.93202041
PLDV,TotSales,Hancock Twp.,2025,11.59951698,93.14591,-81.54639302
PLDV,TotSales,Hancock Twp.,2030,14.60640829,99.14567,-84.53926171
PLDV,TotSales,Hancock Twp.,2035,16.73160237,101.34811,-84.61650763
PLDV,TotSales,Hancock Twp.,2040,14.76650686,103.64165,-88.87514314
PLDV,TotSales,Hancock Twp.,2045,16.41832271,107.70768,-91.28935729
PLDV,TotSales,Hancock Twp.,2050,18.07013857,111.77372,-93.70358143
PLDV,SISales,Hancock Twp.,2015,6.2427587,82.01243,-75.7696713
PLDV,SISales,Hancock Twp.,2018,7.05138548,84.46547,-77.41408452
PLDV,SISales,Hancock Twp.,2020,7.59047,86.10083,-78.51036
PLDV,SISales,Hancock Twp.,2025,10.7594478,87.37072,-76.6112722
PLDV,SISales,Hancock Twp.,2030,12.28406479,90.27612,-77.99205521
PLDV,SISales,Hancock Twp.,2035,11.40501236,89.46202,-78.05700764
PLDV,SISales,Hancock Twp.,2040,6.16784591,83.82619,-77.65834409
PLDV,SISales,Hancock Twp.,2045,6.15286336,84.18894,-78.03607664
PLDV,SISales,Hancock Twp.,2050,6.1378808,84.55169,-78.4138092
PLDV,CISales,Hancock Twp.,2015,0.10937413,1.1802,-1.07082587
PLDV,CISales,Hancock Twp.,2018,0.11929405,1.1681,-1.04880595
PLDV,CISales,Hancock Twp.,2020,0.12590733,1.16003,-1.03412267
PLDV,CISales,Hancock Twp.,2025,0.16766274,1.12362,-0.95595726
PLDV,CISales,Hancock Twp.,2030,0.21784313,1.26265,-1.04480687
PLDV,CISales,Hancock Twp.,2035,0.25133023,1.40971,-1.15837977
PLDV,CISales,Hancock Twp.,2040,0.20904777,1.51448,-1.30543223
PLDV,CISales,Hancock Twp.,2045,0.2289825,1.58134,-1.3523575
PLDV,CISales,Hancock Twp.,2050,0.24891723,1.64819,-1.39927277
PLDV,HEVSales,Hancock Twp.,2015,0.14223232,0.10979,0.03244232
PLDV,HEVSales,Hancock Twp.,2018,0.1574395,0.25792,-0.1004805
PLDV,HEVSales,Hancock Twp.,2020,0.16757762,0.35668,-0.18910238
PLDV,HEVSales,Hancock Twp.,2025,0.39888701,0.89722,-0.49833299
PLDV,HEVSales,Hancock Twp.,2030,0.91103263,2.19226,-1.28122737
PLDV,HEVSales,Hancock Twp.,2035,1.26895656,4.11477,-2.84581344
PLDV,HEVSales,Hancock Twp.,2040,1.25580251,6.20157,-4.94576749
PLDV,HEVSales,Hancock Twp.,2045,1.47851655,7.41993,-5.94141345
PLDV,HEVSales,Hancock Twp.,2050,1.70123059,8.63828,-6.93704941
PLDV,PHEVSales,Hancock Twp.,2015,0.00758206,0.0045,0.00308206
PLDV,PHEVSales,Hancock Twp.,2018,0.0293687,0.05873,-0.0293613
PLDV,PHEVSales,Hancock Twp.,2020,0.04389313,0.09488,-0.05098687
PLDV,PHEVSales,Hancock Twp.,2025,0.16749972,1.26738,-1.09988028
PLDV,PHEVSales,Hancock Twp.,2030,0.50621845,2.27941,-1.77319155
PLDV,PHEVSales,Hancock Twp.,2035,1.12958635,2.84078,-1.71119365
PLDV,PHEVSales,Hancock Twp.,2040,2.39216613,3.94763,-1.55546387
PLDV,PHEVSales,Hancock Twp.,2045,2.86908294,4.73625,-1.86716706
PLDV,PHEVSales,Hancock Twp.,2050,3.34599975,5.52488,-2.17888025
PLDV,BEVSales,Hancock Twp.,2015,0.00548038,0.00455,0.00093038
PLDV,BEVSales,Hancock Twp.,2018,0.00428106,0.09238,-0.08809894
PLDV,BEVSales,Hancock Twp.,2020,0.00348151,0.15094,-0.14745849
PLDV,BEVSales,Hancock Twp.,2025,0.10601972,2.48697,-2.38095028
PLDV,BEVSales,Hancock Twp.,2030,0.68724929,3.13523,-2.44798071
PLDV,BEVSales,Hancock Twp.,2035,2.67671687,3.52083,-0.84411313
PLDV,BEVSales,Hancock Twp.,2040,4.74164453,8.15178,-3.41013547
PLDV,BEVSales,Hancock Twp.,2045,5.68887737,9.78122,-4.09234263
PLDV,BEVSales,Hancock Twp.,2050,6.6361102,11.41067,-4.7745598
PLDV,TotSales,Hanover,2015,87.4938733,758.48111,-670.9872367
PLDV,TotSales,Hanover,2018,96.4005871,792.21344,-695.8128529
PLDV,TotSales,Hanover,2020,102.3383963,814.70165,-712.3632537
PLDV,TotSales,Hanover,2025,132.3826012,832.15216,-699.7695588
PLDV,TotSales,Hanover,2030,148.5098122,859.3165,-710.8066878
PLDV,TotSales,Hanover,2035,162.2798094,876.68437,-714.4045606
PLDV,TotSales,Hanover,2040,141.2503783,894.8675,-753.6171217
PLDV,TotSales,Hanover,2045,152.0016793,922.14478,-770.1431007
PLDV,TotSales,Hanover,2050,162.7529803,949.42206,-786.6690797
PLDV,SISales,Hanover,2015,83.76983052,746.27074,-662.5009095
PLDV,SISales,Hanover,2018,92.08626928,775.13745,-683.0511807
PLDV,SISales,Hanover,2020,97.63056178,794.38192,-696.7513582
PLDV,SISales,Hanover,2025,121.5400931,753.12181,-631.5817169
PLDV,SISales,Hanover,2030,121.4617868,751.08731,-629.6255232
PLDV,SISales,Hanover,2035,103.7425299,746.79893,-643.0564001
PLDV,SISales,Hanover,2040,52.39214249,696.06645,-643.6743075
PLDV,SISales,Hanover,2045,46.11660488,686.02559,-639.9089851
PLDV,SISales,Hanover,2050,39.84106727,675.98474,-636.1436727
PLDV,CISales,Hanover,2015,1.48585684,10.84243,-9.35657316
PLDV,CISales,Hanover,2018,1.56489324,11.25831,-9.69341676
PLDV,CISales,Hanover,2020,1.61758418,11.53557,-9.91798582
PLDV,CISales,Hanover,2025,1.89787238,11.39749,-9.49961762
PLDV,CISales,Hanover,2030,2.15877341,12.04122,-9.88244659
PLDV,CISales,Hanover,2035,2.29160385,12.74584,-10.45423615
PLDV,CISales,Hanover,2040,1.78826689,13.10037,-11.31210311
PLDV,CISales,Hanover,2045,1.8487489,13.55196,-11.7032111
PLDV,CISales,Hanover,2050,1.90923091,14.00354,-12.09430909
PLDV,HEVSales,Hanover,2015,1.95223408,1.19332,0.75891408
PLDV,HEVSales,Hanover,2018,2.07919604,3.01375,-0.93455396
PLDV,HEVSales,Hanover,2020,2.16383735,4.22737,-2.06353265
PLDV,HEVSales,Hanover,2025,4.54653226,9.79819,-5.25165774
PLDV,HEVSales,Hanover,2030,9.06935741,21.56361,-12.49425259
PLDV,HEVSales,Hanover,2035,11.47289138,37.64327,-26.17037862
PLDV,HEVSales,Hanover,2040,10.48333803,53.43672,-42.95338197
PLDV,HEVSales,Hanover,2045,12.18955882,63.8854,-51.69584118
PLDV,HEVSales,Hanover,2050,13.89577961,74.33408,-60.43830039
PLDV,PHEVSales,Hanover,2015,0.17786569,0.09412,0.08374569
PLDV,PHEVSales,Hanover,2018,0.59003732,1.15293,-0.56289268
PLDV,PHEVSales,Hanover,2020,0.8648184,1.8588,-0.9939816
PLDV,PHEVSales,Hanover,2025,2.94522853,21.97695,-19.03172147
PLDV,PHEVSales,Hanover,2030,7.5375744,34.40866,-26.8710856
PLDV,PHEVSales,Hanover,2035,14.97058322,38.76249,-23.79190678
PLDV,PHEVSales,Hanover,2040,29.13123011,49.20624,-20.07500989
PLDV,PHEVSales,Hanover,2045,34.92190299,59.02866,-24.10675701
PLDV,PHEVSales,Hanover,2050,40.71257587,68.85109,-28.13851413
PLDV,BEVSales,Hanover,2015,0.10808616,0.08051,0.02757616
PLDV,BEVSales,Hanover,2018,0.08019124,1.651,-1.57080876
PLDV,BEVSales,Hanover,2020,0.06159463,2.698,-2.63640537
PLDV,BEVSales,Hanover,2025,1.45287497,35.85772,-34.40484503
PLDV,BEVSales,Hanover,2030,8.2823202,40.2157,-31.9333798
PLDV,BEVSales,Hanover,2035,29.80220104,40.73384,-10.93163896
PLDV,BEVSales,Hanover,2040,47.45540079,83.05772,-35.60231921
PLDV,BEVSales,Hanover,2045,56.92486371,99.65317,-42.72830629
PLDV,BEVSales,Hanover,2050,66.39432664,116.24861,-49.85428336
PLDV,TotSales,Hastings,2015,645.0784694,5822.72663,-5177.648161
PLDV,TotSales,Hastings,2018,709.6223328,6038.11227,-5328.489937
PLDV,TotSales,Hastings,2020,752.651575,6181.7027,-5429.051125
PLDV,TotSales,Hastings,2025,1027.072311,6537.69318,-5510.620869
PLDV,TotSales,Hastings,2030,1176.131141,6964.28087,-5788.149729
PLDV,TotSales,Hastings,2035,1249.993828,7337.62823,-6087.634402
PLDV,TotSales,Hastings,2040,1032.595759,7714.11866,-6681.522901
PLDV,TotSales,Hastings,2045,1110.099217,8092.39707,-6982.297853
PLDV,TotSales,Hastings,2050,1187.602675,8470.67547,-7283.072795
PLDV,SISales,Hastings,2015,618.8608764,5729.99471,-5111.133834
PLDV,SISales,Hastings,2018,680.0585062,5918.9901,-5238.931594
PLDV,SISales,Hastings,2020,720.8569261,6044.98702,-5324.130094
PLDV,SISales,Hastings,2025,956.0517057,6110.05416,-5154.002454
PLDV,SISales,Hastings,2030,1006.292279,6329.76113,-5323.468851
PLDV,SISales,Hastings,2035,902.6425345,6500.32825,-5597.685716
PLDV,SISales,Hastings,2040,491.431753,6386.78604,-5895.354287
PLDV,SISales,Hastings,2045,465.9459284,6518.14431,-6052.198382
PLDV,SISales,Hastings,2050,440.4601037,6649.50258,-6209.042476
PLDV,CISales,Hastings,2015,10.76267089,83.06599,-72.30331911
PLDV,CISales,Hastings,2018,11.37268978,85.24626,-73.87357022
PLDV,CISales,Hastings,2020,11.77936904,86.69977,-74.92040096
PLDV,CISales,Hastings,2025,14.87594354,90.13662,-75.26067646
PLDV,CISales,Hastings,2030,17.66379076,99.02543,-81.36163924
PLDV,CISales,Hastings,2035,19.56143802,108.69235,-89.13091198
PLDV,CISales,Hastings,2040,16.35397636,117.99839,-101.6444136
PLDV,CISales,Hastings,2045,17.47223746,124.98486,-107.5126225
PLDV,CISales,Hastings,2050,18.59049855,131.97134,-113.3808415
PLDV,HEVSales,Hastings,2015,14.10479136,8.89824,5.20655136
PLDV,HEVSales,Hastings,2018,15.07417934,22.28943,-7.21525066
PLDV,HEVSales,Hastings,2020,15.720438,31.21689,-15.496452
PLDV,HEVSales,Hastings,2025,35.28274806,76.7476,-41.46485194
PLDV,HEVSales,Hastings,2030,74.00416771,176.33728,-102.3331123
PLDV,HEVSales,Hastings,2035,98.89131344,320.82009,-221.9287766
PLDV,HEVSales,Hastings,2040,97.87630868,484.96983,-387.0935213
PLDV,HEVSales,Hastings,2045,114.6306121,580.18415,-465.5535379
PLDV,HEVSales,Hastings,2050,131.3849156,675.39847,-544.0135544
PLDV,PHEVSales,Hastings,2015,0.87338664,0.44502,0.42836664
PLDV,PHEVSales,Hastings,2018,2.78679098,5.44655,-2.65975902
PLDV,PHEVSales,Hastings,2020,4.06239387,8.7809,-4.71850613
PLDV,PHEVSales,Hastings,2025,14.54602506,109.38195,-94.83592494
PLDV,PHEVSales,Hastings,2030,40.17299383,181.41705,-141.2440562
PLDV,PHEVSales,Hastings,2035,85.19075649,216.18518,-130.9944235
PLDV,PHEVSales,Hastings,2040,179.0495189,296.63964,-117.5901211
PLDV,PHEVSales,Hastings,2045,214.6847453,355.87856,-141.1938147
PLDV,PHEVSales,Hastings,2050,250.3199718,415.11748,-164.7975082
PLDV,BEVSales,Hastings,2015,0.47674409,0.32267,0.15407409
PLDV,BEVSales,Hastings,2018,0.33016646,6.13994,-5.80977354
PLDV,BEVSales,Hastings,2020,0.23244803,10.01812,-9.78567197
PLDV,BEVSales,Hastings,2025,6.3158891,151.37286,-145.0569709
PLDV,BEVSales,Hastings,2030,37.99790999,177.73999,-139.74208
PLDV,BEVSales,Hastings,2035,143.7077853,191.60236,-47.8945747
PLDV,BEVSales,Hastings,2040,247.8842023,427.72476,-179.8405577
PLDV,BEVSales,Hastings,2045,297.3656939,513.20518,-215.8394861
PLDV,BEVSales,Hastings,2050,346.8471856,598.6856,-251.8384144
PLDV,TotSales,Helena Twp.,2015,29.4152361,355.36316,-325.9479239
PLDV,TotSales,Helena Twp.,2018,33.27498496,368.35045,-335.075465
PLDV,TotSales,Helena Twp.,2020,35.84815086,377.00865,-341.1604991
PLDV,TotSales,Helena Twp.,2025,51.20719305,390.8293,-339.622107
PLDV,TotSales,Helena Twp.,2030,60.62969942,407.96603,-347.3363306
PLDV,TotSales,Helena Twp.,2035,61.85686002,413.14317,-351.28631
PLDV,TotSales,Helena Twp.,2040,45.73294074,418.75306,-373.0201193
PLDV,TotSales,Helena Twp.,2045,48.99648167,431.43104,-382.4345583
PLDV,TotSales,Helena Twp.,2050,52.26002259,444.10902,-391.8489974
PLDV,SISales,Helena Twp.,2015,28.24343854,349.82061,-321.5771715
PLDV,SISales,Helena Twp.,2018,31.94243245,361.88295,-329.9405176
PLDV,SISales,Helena Twp.,2020,34.40842839,369.92451,-335.5160816
PLDV,SISales,Helena Twp.,2025,48.20170333,376.27419,-328.0724867
PLDV,SISales,Helena Twp.,2030,53.76919201,384.66789,-330.898698
PLDV,SISales,Helena Twp.,2035,49.47171254,379.37932,-329.9076075
PLDV,SISales,Helena Twp.,2040,27.78228152,365.63706,-337.8547785
PLDV,SISales,Helena Twp.,2045,27.69005012,368.80035,-341.1102999
PLDV,SISales,Helena Twp.,2050,27.59781872,371.96364,-344.3658213
PLDV,CISales,Helena Twp.,2015,0.50374738,5.04379,-4.54004262
PLDV,CISales,Helena Twp.,2018,0.54623467,5.05578,-4.50954533
PLDV,CISales,Helena Twp.,2020,0.57455953,5.06378,-4.48922047
PLDV,CISales,Helena Twp.,2025,0.75050892,4.98058,-4.23007108
PLDV,CISales,Helena Twp.,2030,0.9511371,5.50205,-4.5509129
PLDV,CISales,Helena Twp.,2035,1.08692719,6.05302,-4.96609281
PLDV,CISales,Helena Twp.,2040,0.9302423,6.63814,-5.7078977
PLDV,CISales,Helena Twp.,2045,1.01554129,6.95701,-5.94146871
PLDV,CISales,Helena Twp.,2050,1.10084027,7.27588,-6.17503973
PLDV,HEVSales,Helena Twp.,2015,0.65835367,0.48368,0.17467367
PLDV,HEVSales,Helena Twp.,2018,0.72945396,1.18041,-0.45095604
PLDV,HEVSales,Helena Twp.,2020,0.77685415,1.6449,-0.86804585
PLDV,HEVSales,Helena Twp.,2025,1.80451125,4.11862,-2.31410875
PLDV,HEVSales,Helena Twp.,2030,4.04132566,9.75778,-5.71645434
PLDV,HEVSales,Helena Twp.,2035,5.57870334,17.98757,-12.40886666
PLDV,HEVSales,Helena Twp.,2040,5.74886686,27.7563,-22.00743314
PLDV,HEVSales,Helena Twp.,2045,6.7669695,33.21082,-26.4438505
PLDV,HEVSales,Helena Twp.,2050,7.78507213,38.66535,-30.88027787
PLDV,PHEVSales,Helena Twp.,2015,0.00650268,0.0087,-0.00219732
PLDV,PHEVSales,Helena Twp.,2018,0.05287986,0.11398,-0.06110014
PLDV,PHEVSales,Helena Twp.,2020,0.08379799,0.18416,-0.10036201
PLDV,PHEVSales,Helena Twp.,2025,0.30670765,2.38314,-2.07643235
PLDV,PHEVSales,Helena Twp.,2030,0.93203719,4.17755,-3.24551281
PLDV,PHEVSales,Helena Twp.,2035,2.09105824,5.16983,-3.07877176
PLDV,PHEVSales,Helena Twp.,2040,4.5577348,7.39616,-2.8384252
PLDV,PHEVSales,Helena Twp.,2045,5.46798122,8.87365,-3.40566878
PLDV,PHEVSales,Helena Twp.,2050,6.37822764,10.35114,-3.97291236
PLDV,BEVSales,Helena Twp.,2015,0.00319383,0.00637,-0.00317617
PLDV,BEVSales,Helena Twp.,2018,0.00398402,0.11733,-0.11334598
PLDV,BEVSales,Helena Twp.,2020,0.00451082,0.1913,-0.18678918
PLDV,BEVSales,Helena Twp.,2025,0.1437619,3.07277,-2.9290081
PLDV,BEVSales,Helena Twp.,2030,0.93600746,3.86076,-2.92475254
PLDV,BEVSales,Helena Twp.,2035,3.62845871,4.55343,-0.92497129
PLDV,BEVSales,Helena Twp.,2040,6.71381526,11.3254,-4.61158474
PLDV,BEVSales,Helena Twp.,2045,8.05593955,13.5892,-5.53326045
PLDV,BEVSales,Helena Twp.,2050,9.39806383,15.85301,-6.45494617
PLDV,TotSales,Hilltop,2015,19.85525557,127.24393,-107.3886744
PLDV,TotSales,Hilltop,2018,21.4088267,134.76569,-113.3568633
PLDV,TotSales,Hilltop,2020,22.44454078,139.78021,-117.3356692
PLDV,TotSales,Hilltop,2025,28.07929402,144.92109,-116.841796
PLDV,TotSales,Hilltop,2030,28.65645041,152.22613,-123.5696796
PLDV,TotSales,Hilltop,2035,26.71915413,158.43693,-131.7177759
PLDV,TotSales,Hilltop,2040,18.97572682,164.74548,-145.7697532
PLDV,TotSales,Hilltop,2045,18.79982107,172.24579,-153.4459689
PLDV,TotSales,Hilltop,2050,18.62391532,179.7461,-161.1221847
PLDV,SISales,Hilltop,2015,19.06425535,125.16139,-106.0971347
PLDV,SISales,Hilltop,2018,20.55444597,131.95208,-111.397634
PLDV,SISales,Hilltop,2020,21.54790639,136.47921,-114.9313036
PLDV,SISales,Hilltop,2025,26.35792249,136.65594,-110.2980175
PLDV,SISales,Hilltop,2030,25.28169451,140.43388,-115.1521855
PLDV,SISales,Hilltop,2035,21.19930363,143.21148,-122.0121764
PLDV,SISales,Hilltop,2040,11.33033073,142.41556,-131.0852293
PLDV,SISales,Hilltop,2045,9.7835458,145.8664,-136.0828542
PLDV,SISales,Hilltop,2050,8.23676088,149.31723,-141.0804691
PLDV,CISales,Hilltop,2015,0.33333628,1.83446,-1.50112372
PLDV,CISales,Hilltop,2018,0.34176788,1.9967,-1.65493212
PLDV,CISales,Hilltop,2020,0.34738895,2.10486,-1.75747105
PLDV,CISales,Hilltop,2025,0.40977877,2.29488,-1.88510123
PLDV,CISales,Hilltop,2030,0.43908687,2.40666,-1.96757313
PLDV,CISales,Hilltop,2035,0.45119247,2.49878,-2.04758753
PLDV,CISales,Hilltop,2040,0.36912606,2.66388,-2.29475394
PLDV,CISales,Hilltop,2045,0.37628401,2.82977,-2.45348599
PLDV,CISales,Hilltop,2050,0.38344197,2.99565,-2.61220803
PLDV,HEVSales,Hilltop,2015,0.4434457,0.23434,0.2091057
PLDV,HEVSales,Hilltop,2018,0.4591377,0.62437,-0.1652323
PLDV,HEVSales,Hilltop,2020,0.46959903,0.8844,-0.41480097
PLDV,HEVSales,Hilltop,2025,0.97617131,2.07347,-1.09729869
PLDV,HEVSales,Hilltop,2030,1.85824022,4.40342,-2.54517978
PLDV,HEVSales,Hilltop,2035,2.28799947,7.48161,-5.19361053
PLDV,HEVSales,Hilltop,2040,2.19942038,11.01279,-8.81336962
PLDV,HEVSales,Hilltop,2045,2.55061531,13.16848,-10.61786469
PLDV,HEVSales,Hilltop,2050,2.90181025,15.32417,-12.42235975
PLDV,PHEVSales,Hilltop,2015,0.01038267,0.0088,0.00158267
PLDV,PHEVSales,Hilltop,2018,0.0498886,0.10286,-0.0529714
PLDV,PHEVSales,Hilltop,2020,0.07622589,0.16557,-0.08934411
PLDV,PHEVSales,Hilltop,2025,0.25180117,1.88586,-1.63405883
PLDV,PHEVSales,Hilltop,2030,0.62338685,2.84098,-2.21759315
PLDV,PHEVSales,Hilltop,2035,1.20732179,3.12348,-1.91615821
PLDV,PHEVSales,Hilltop,2040,2.44671606,4.09314,-1.64642394
PLDV,PHEVSales,Hilltop,2045,2.93398273,4.91001,-1.97602727
PLDV,PHEVSales,Hilltop,2050,3.42124941,5.72688,-2.30563059
PLDV,BEVSales,Hilltop,2015,0.00383557,0.00495,-0.00111443
PLDV,BEVSales,Hilltop,2018,0.00358654,0.08968,-0.08609346
PLDV,BEVSales,Hilltop,2020,0.00342052,0.14617,-0.14274948
PLDV,BEVSales,Hilltop,2025,0.08362028,2.01094,-1.92731972
PLDV,BEVSales,Hilltop,2030,0.45404196,2.14118,-1.68713804
PLDV,BEVSales,Hilltop,2035,1.57333677,2.12158,-0.54824323
PLDV,BEVSales,Hilltop,2040,2.6301336,4.56011,-1.9299764
PLDV,BEVSales,Hilltop,2045,3.15539321,5.47114,-2.31574679
PLDV,BEVSales,Hilltop,2050,3.68065282,6.38217,-2.70151718
PLDV,TotSales,Hollywood Twp.,2015,22.26948698,285.09794,-262.828453
PLDV,TotSales,Hollywood Twp.,2018,24.88479666,291.03256,-266.1477633
PLDV,TotSales,Hollywood Twp.,2020,26.62833644,294.98898,-268.3606436
PLDV,TotSales,Hollywood Twp.,2025,39.00708885,313.23295,-274.2258612
PLDV,TotSales,Hollywood Twp.,2030,49.18849429,333.88265,-284.6941557
PLDV,TotSales,Hollywood Twp.,2035,56.32349414,341.16753,-284.8440359
PLDV,TotSales,Hollywood Twp.,2040,49.69029932,348.76119,-299.0708907
PLDV,TotSales,Hollywood Twp.,2045,55.17446179,361.49384,-306.3193782
PLDV,TotSales,Hollywood Twp.,2050,60.65862425,374.22649,-313.5678658
PLDV,SISales,Hollywood Twp.,2015,21.36317635,280.65253,-259.2893537
PLDV,SISales,Hollywood Twp.,2018,23.8356392,285.70396,-261.8683208
PLDV,SISales,Hollywood Twp.,2020,25.48394777,289.07157,-263.5876222
PLDV,SISales,Hollywood Twp.,2025,36.18208731,293.81201,-257.6299227
PLDV,SISales,Hollywood Twp.,2030,41.36777767,304.01356,-262.6457823
PLDV,SISales,Hollywood Twp.,2035,38.39262569,301.15547,-262.7628443
PLDV,SISales,Hollywood Twp.,2040,20.75522075,282.08083,-261.3256093
PLDV,SISales,Hollywood Twp.,2045,20.63362964,282.36649,-261.7328604
PLDV,SISales,Hollywood Twp.,2050,20.51203852,282.65215,-262.1401115
PLDV,CISales,Hollywood Twp.,2015,0.37428626,4.03874,-3.66445374
PLDV,CISales,Hollywood Twp.,2018,0.40334431,3.95227,-3.54892569
PLDV,CISales,Hollywood Twp.,2020,0.42271634,3.89462,-3.47190366
PLDV,CISales,Hollywood Twp.,2025,0.56381962,3.77853,-3.21471038
PLDV,CISales,Hollywood Twp.,2030,0.73360785,4.25209,-3.51848215
PLDV,CISales,Hollywood Twp.,2035,0.84605145,4.74549,-3.89943855
PLDV,CISales,Hollywood Twp.,2040,0.70345996,5.09633,-4.39287004
PLDV,CISales,Hollywood Twp.,2045,0.7692947,5.30785,-4.5385553
PLDV,CISales,Hollywood Twp.,2050,0.83512945,5.51937,-4.68424055
PLDV,HEVSales,Hollywood Twp.,2015,0.48672939,0.3757,0.11102939
PLDV,HEVSales,Hollywood Twp.,2018,0.53226289,0.86878,-0.33651711
PLDV,HEVSales,Hollywood Twp.,2020,0.56261855,1.1975,-0.63488145
PLDV,HEVSales,Hollywood Twp.,2025,1.34138526,3.01721,-1.67582474
PLDV,HEVSales,Hollywood Twp.,2030,3.06799061,7.38265,-4.31465939
PLDV,HEVSales,Hollywood Twp.,2035,4.27168097,13.85153,-9.57984903
PLDV,HEVSales,Hollywood Twp.,2040,4.22586081,20.86871,-16.64284919
PLDV,HEVSales,Hollywood Twp.,2045,4.97368709,24.96731,-19.99362291
PLDV,HEVSales,Hollywood Twp.,2050,5.72151338,29.06591,-23.34439662
PLDV,PHEVSales,Hollywood Twp.,2015,0.02625207,0.0154,0.01085207
PLDV,PHEVSales,Hollywood Twp.,2018,0.09891988,0.19728,-0.09836012
PLDV,PHEVSales,Hollywood Twp.,2020,0.14736509,0.31854,-0.17117491
PLDV,PHEVSales,Hollywood Twp.,2025,0.56327142,4.26199,-3.69871858
PLDV,PHEVSales,Hollywood Twp.,2030,1.70473964,7.67615,-5.97141036
PLDV,PHEVSales,Hollywood Twp.,2035,3.80251986,9.5629,-5.76038014
PLDV,PHEVSales,Hollywood Twp.,2040,8.04980163,13.28404,-5.23423837
PLDV,PHEVSales,Hollywood Twp.,2045,9.65451154,15.93777,-6.28325846
PLDV,PHEVSales,Hollywood Twp.,2050,11.25922145,18.59149,-7.33226855
PLDV,BEVSales,Hollywood Twp.,2015,0.01904291,0.01557,0.00347291
PLDV,BEVSales,Hollywood Twp.,2018,0.01463038,0.31027,-0.29563962
PLDV,BEVSales,Hollywood Twp.,2020,0.0116887,0.50674,-0.4950513
PLDV,BEVSales,Hollywood Twp.,2025,0.35652525,8.36322,-8.00669475
PLDV,BEVSales,Hollywood Twp.,2030,2.31437852,10.5582,-8.24382148
PLDV,BEVSales,Hollywood Twp.,2035,9.01061617,11.85214,-2.84152383
PLDV,BEVSales,Hollywood Twp.,2040,15.95595616,27.43129,-11.47533384
PLDV,BEVSales,Hollywood Twp.,2045,19.14333882,32.91443,-13.77109118
PLDV,BEVSales,Hollywood Twp.,2050,22.33072147,38.39757,-16.06684853
PLDV,TotSales,Hopkins,2015,443.8516452,3845.33869,-3401.487045
PLDV,TotSales,Hopkins,2018,485.5500388,3990.15506,-3504.605021
PLDV,TotSales,Hopkins,2020,513.3489679,4086.6993,-3573.350332
PLDV,TotSales,Hopkins,2025,658.1544433,4137.1346,-3478.980157
PLDV,TotSales,Hopkins,2030,732.1573204,4236.4532,-3504.29588
PLDV,TotSales,Hopkins,2035,789.1007027,4262.95948,-3473.858777
PLDV,TotSales,Hopkins,2040,677.8442143,4294.36555,-3616.521336
PLDV,TotSales,Hopkins,2045,724.6427281,4384.17092,-3659.528192
PLDV,TotSales,Hopkins,2050,771.441242,4473.97629,-3702.535048
PLDV,SISales,Hopkins,2015,424.6953095,3783.43468,-3358.739371
PLDV,SISales,Hopkins,2018,463.7182654,3904.23685,-3440.518585
PLDV,SISales,Hopkins,2020,489.7335694,3984.77162,-3495.038051
PLDV,SISales,Hopkins,2025,604.2497395,3744.22667,-3139.976931
PLDV,SISales,Hopkins,2030,598.8098363,3702.88038,-3104.070544
PLDV,SISales,Hopkins,2035,504.4577237,3631.37942,-3126.921696
PLDV,SISales,Hopkins,2040,251.4238269,3340.34232,-3088.918493
PLDV,SISales,Hopkins,2045,216.7695304,3251.72385,-3034.95432
PLDV,SISales,Hopkins,2050,182.1152338,3163.10538,-2980.990146
PLDV,CISales,Hopkins,2015,7.53297969,54.96882,-47.43584031
PLDV,CISales,Hopkins,2018,7.88165883,56.7063,-48.82464117
PLDV,CISales,Hopkins,2020,8.11411159,57.86461,-49.75049841
PLDV,CISales,Hopkins,2025,9.43547815,56.66386,-47.22838185
PLDV,CISales,Hopkins,2030,10.64281026,59.36355,-48.72073974
PLDV,CISales,Hopkins,2035,11.14313737,61.97783,-50.83469263
PLDV,CISales,Hopkins,2040,8.58168581,62.86715,-54.28546419
PLDV,CISales,Hopkins,2045,8.79142703,64.44682,-55.65539297
PLDV,CISales,Hopkins,2050,9.00116825,66.02649,-57.02532175
PLDV,HEVSales,Hopkins,2015,9.89741358,6.0499,3.84751358
PLDV,HEVSales,Hopkins,2018,10.47149861,15.14314,-4.67164139
PLDV,HEVSales,Hopkins,2020,10.85422197,21.20531,-10.35108803
PLDV,HEVSales,Hopkins,2025,22.60357766,48.71278,-26.10920234
PLDV,HEVSales,Hopkins,2030,44.71217302,106.30919,-61.59701698
PLDV,HEVSales,Hopkins,2035,55.78800395,183.0439,-127.2558961
PLDV,HEVSales,Hopkins,2040,50.30832564,256.43662,-206.1282944
PLDV,HEVSales,Hopkins,2045,58.39050806,306.51397,-248.1234619
PLDV,HEVSales,Hopkins,2050,66.47269047,356.59131,-290.1186195
PLDV,PHEVSales,Hopkins,2015,1.04670923,0.47714,0.56956923
PLDV,PHEVSales,Hopkins,2018,3.02154039,5.78531,-2.76376961
PLDV,PHEVSales,Hopkins,2020,4.33809449,9.3241,-4.98600551
PLDV,PHEVSales,Hopkins,2025,14.64252272,109.26077,-94.61824728
PLDV,PHEVSales,Hopkins,2030,37.16044206,169.6356,-132.4751579
PLDV,PHEVSales,Hopkins,2035,72.79585661,188.48624,-115.6903834
PLDV,PHEVSales,Hopkins,2040,139.797401,236.13505,-96.337649
PLDV,PHEVSales,Hopkins,2045,167.5475394,283.26663,-115.7190906
PLDV,PHEVSales,Hopkins,2050,195.2976778,330.39821,-135.1005322
PLDV,BEVSales,Hopkins,2015,0.67923323,0.40815,0.27108323
PLDV,BEVSales,Hopkins,2018,0.45707555,8.28346,-7.82638445
PLDV,BEVSales,Hopkins,2020,0.30897043,13.53367,-13.22469957
PLDV,BEVSales,Hopkins,2025,7.22312529,178.27052,-171.0473947
PLDV,BEVSales,Hopkins,2030,40.83205867,198.26449,-157.4324313
PLDV,BEVSales,Hopkins,2035,144.915981,198.07208,-53.156099
PLDV,BEVSales,Hopkins,2040,227.7329749,398.5844,-170.8514251
PLDV,BEVSales,Hopkins,2045,273.1437233,478.21965,-205.0759267
PLDV,BEVSales,Hopkins,2050,318.5544716,557.8549,-239.3004284
PLDV,TotSales,Hugo,2015,362.7166055,3968.32411,-3605.607505
PLDV,TotSales,Hugo,2018,428.4611647,4335.74565,-3907.284485
PLDV,TotSales,Hugo,2020,472.2908709,4580.69335,-4108.402479
PLDV,TotSales,Hugo,2025,746.8150212,5370.79741,-4623.982389
PLDV,TotSales,Hugo,2030,979.46316,6202.12747,-5222.66431
PLDV,TotSales,Hugo,2035,1200.884582,7049.90467,-5849.020088
PLDV,TotSales,Hugo,2040,1138.440441,7892.80624,-6754.365799
PLDV,TotSales,Hugo,2045,1293.585208,8677.70266,-7384.117452
PLDV,TotSales,Hugo,2050,1448.729975,9462.59909,-8013.869115
PLDV,SISales,Hugo,2015,346.8862919,3905.47426,-3558.587968
PLDV,SISales,Hugo,2018,409.2137709,4250.80596,-3841.592189
PLDV,SISales,Hugo,2020,450.7654235,4481.0271,-4030.261677
PLDV,SISales,Hugo,2025,689.8578133,4988.3107,-4298.452887
PLDV,SISales,Hugo,2030,816.830186,5577.68002,-4760.849834
PLDV,SISales,Hugo,2035,811.7185427,6151.00948,-5339.290937
PLDV,SISales,Hugo,2040,467.1053442,6323.31313,-5856.207786
PLDV,SISales,Hugo,2045,491.1491547,6806.8809,-6315.731745
PLDV,SISales,Hugo,2050,515.1929651,7290.44868,-6775.255715
PLDV,CISales,Hugo,2015,6.43031526,56.53456,-50.10424474
PLDV,CISales,Hugo,2018,7.14676809,60.20593,-53.05916191
PLDV,CISales,Hugo,2020,7.62440331,62.6535,-55.02909669
PLDV,CISales,Hugo,2025,10.80048421,69.43006,-58.62957579
PLDV,CISales,Hugo,2030,14.63862404,83.72561,-69.08698596
PLDV,CISales,Hugo,2035,18.17269099,101.68616,-83.51346901
PLDV,CISales,Hugo,2040,16.05771335,117.84551,-101.7877967
PLDV,CISales,Hugo,2045,17.98319297,130.1077,-112.124507
PLDV,CISales,Hugo,2050,19.90867259,142.36989,-122.4612174
PLDV,HEVSales,Hugo,2015,8.5412116,5.756,2.7852116
PLDV,HEVSales,Hugo,2018,9.69294304,15.1095,-5.41655696
PLDV,HEVSales,Hugo,2020,10.460764,21.34517,-10.884406
PLDV,HEVSales,Hugo,2025,26.51839682,59.22471,-32.70631318
PLDV,HEVSales,Hugo,2030,63.03579473,151.59694,-88.56114527
PLDV,HEVSales,Hugo,2035,92.05606896,304.77673,-212.720661
PLDV,HEVSales,Hugo,2040,95.70787383,488.36103,-392.6531562
PLDV,HEVSales,Hugo,2045,113.1412063,584.88203,-471.7408237
PLDV,HEVSales,Hugo,2050,130.5745387,681.40304,-550.8285013
PLDV,PHEVSales,Hugo,2015,0.56728763,0.32277,0.24451763
PLDV,PHEVSales,Hugo,2018,2.17270023,4.36734,-2.19463977
PLDV,PHEVSales,Hugo,2020,3.2429753,7.06372,-3.8207447
PLDV,PHEVSales,Hugo,2025,12.96848602,98.61713,-85.64864398
PLDV,PHEVSales,Hugo,2030,40.2444264,185.26782,-145.0233936
PLDV,PHEVSales,Hugo,2035,94.72258848,246.80493,-152.0823415
PLDV,PHEVSales,Hugo,2040,211.7182572,358.56892,-146.8506628
PLDV,PHEVSales,Hugo,2045,253.9484511,430.21815,-176.2696989
PLDV,PHEVSales,Hugo,2050,296.178645,501.86738,-205.688735
PLDV,BEVSales,Hugo,2015,0.29149906,0.23652,0.05497906
PLDV,BEVSales,Hugo,2018,0.23498254,5.25692,-5.02193746
PLDV,BEVSales,Hugo,2020,0.19730485,8.60385,-8.40654515
PLDV,BEVSales,Hugo,2025,6.66984077,155.2148,-148.5449592
PLDV,BEVSales,Hugo,2030,44.71412885,203.85708,-159.1429512
PLDV,BEVSales,Hugo,2035,184.2146911,245.62737,-61.4126789
PLDV,BEVSales,Hugo,2040,347.8512523,604.71765,-256.8663977
PLDV,BEVSales,Hugo,2045,417.3632029,725.61388,-308.2506771
PLDV,BEVSales,Hugo,2050,486.8751536,846.51011,-359.6349564
PLDV,TotSales,Independence,2015,96.79739441,838.99958,-742.2021856
PLDV,TotSales,Independence,2018,106.4097466,874.47673,-768.0669834
PLDV,TotSales,Independence,2020,112.8179814,898.12816,-785.3101786
PLDV,TotSales,Independence,2025,148.8485214,935.65633,-786.8078086
PLDV,TotSales,Independence,2030,170.0261648,983.81573,-813.7895652
PLDV,TotSales,Independence,2035,188.6148658,1018.95427,-830.3394042
PLDV,TotSales,Independence,2040,166.4947675,1054.79899,-888.3042225
PLDV,TotSales,Independence,2045,180.4342421,1097.95887,-917.5246279
PLDV,TotSales,Independence,2050,194.3737167,1141.11876,-946.7450433
PLDV,SISales,Independence,2015,92.66262723,825.49298,-732.8303528
PLDV,SISales,Independence,2018,101.641886,855.63379,-753.991904
PLDV,SISales,Independence,2020,107.6280585,875.72766,-768.0996015
PLDV,SISales,Independence,2025,136.657408,846.79608,-710.138672
PLDV,SISales,Independence,2030,139.0593758,859.9061,-720.8467242
PLDV,SISales,Independence,2035,120.5780524,867.99079,-747.4127376
PLDV,SISales,Independence,2040,61.75571129,820.46805,-758.7123387
PLDV,SISales,Independence,2045,55.5743281,819.46306,-763.8887319
PLDV,SISales,Independence,2050,49.39294491,818.45807,-769.0651251
PLDV,CISales,Independence,2015,1.64359171,11.99343,-10.34983829
PLDV,CISales,Independence,2018,1.72737283,12.42747,-10.70009717
PLDV,CISales,Independence,2020,1.7832269,12.71682,-10.9335931
PLDV,CISales,Independence,2025,2.13393222,12.81512,-10.68118778
PLDV,CISales,Independence,2030,2.47154015,13.78578,-11.31423985
PLDV,CISales,Independence,2035,2.6634894,14.81426,-12.1507706
PLDV,CISales,Independence,2040,2.10786749,15.44168,-13.33381251
PLDV,CISales,Independence,2045,2.20072265,16.13133,-13.93060735
PLDV,CISales,Independence,2050,2.2935778,16.82098,-14.5274022
PLDV,HEVSales,Independence,2015,2.15947839,1.32,0.83947839
PLDV,HEVSales,Independence,2018,2.29504163,3.32416,-1.02911837
PLDV,HEVSales,Independence,2020,2.38541711,4.66026,-2.27484289
PLDV,HEVSales,Independence,2025,5.11203586,11.01691,-5.90487414
PLDV,HEVSales,Independence,2030,10.38334124,24.68779,-14.30444876
PLDV,HEVSales,Independence,2035,13.33473262,43.75208,-30.41734738
PLDV,HEVSales,Independence,2040,12.35692922,62.98697,-50.63004078
PLDV,HEVSales,Independence,2045,14.39641939,75.32037,-60.92395061
PLDV,HEVSales,Independence,2050,16.43590956,87.65376,-71.21785044
PLDV,PHEVSales,Independence,2015,0.20501145,0.10411,0.10090145
PLDV,PHEVSales,Independence,2018,0.65403074,1.27113,-0.61709926
PLDV,PHEVSales,Independence,2020,0.95337693,2.04914,-1.09576307
PLDV,PHEVSales,Independence,2025,3.31155989,24.71047,-21.39891011
PLDV,PHEVSales,Independence,2030,8.62963092,39.39384,-30.76420908
PLDV,PHEVSales,Independence,2035,17.40003611,45.05294,-27.65290389
PLDV,PHEVSales,Independence,2040,34.33758863,58.00042,-23.66283137
PLDV,PHEVSales,Independence,2045,41.16410406,69.57968,-28.41557594
PLDV,PHEVSales,Independence,2050,47.99061949,81.15895,-33.16833051
PLDV,BEVSales,Independence,2015,0.12668563,0.08905,0.03763563
PLDV,BEVSales,Independence,2018,0.09141545,1.82019,-1.72877455
PLDV,BEVSales,Independence,2020,0.067902,2.97427,-2.906368
PLDV,BEVSales,Independence,2025,1.63358545,40.31775,-38.68416455
PLDV,BEVSales,Independence,2030,9.48227675,46.04222,-36.55994325
PLDV,BEVSales,Independence,2035,34.63855528,47.3442,-12.70564472
PLDV,BEVSales,Independence,2040,55.93667086,97.90187,-41.96519914
PLDV,BEVSales,Independence,2045,67.09866791,117.46444,-50.36577209
PLDV,BEVSales,Independence,2050,78.26066496,137.027,-58.76633504
PLDV,TotSales,Inver Grove Heights,2015,1545.365794,9049.02707,-7503.661276
PLDV,TotSales,Inver Grove Heights,2018,1636.995033,9494.17757,-7857.182537
PLDV,TotSales,Inver Grove Heights,2020,1698.081193,9790.94458,-8092.863387
PLDV,TotSales,Inver Grove Heights,2025,2025.559225,10290.91843,-8265.359205
PLDV,TotSales,Inver Grove Heights,2030,2107.629594,10954.36246,-8846.732866
PLDV,TotSales,Inver Grove Heights,2035,2097.847626,11535.10085,-9437.253224
PLDV,TotSales,Inver Grove Heights,2040,1670.079059,12120.88008,-10450.80102
PLDV,TotSales,Inver Grove Heights,2045,1695.021712,12735.25068,-11040.22897
PLDV,TotSales,Inver Grove Heights,2050,1719.964365,13349.62129,-11629.65693
PLDV,SISales,Inver Grove Heights,2015,1493.965048,8903.01284,-7409.047792
PLDV,SISales,Inver Grove Heights,2018,1579.428709,9293.33519,-7713.906481
PLDV,SISales,Inver Grove Heights,2020,1636.404483,9553.55009,-7917.145607
PLDV,SISales,Inver Grove Heights,2025,1897.598068,9518.63812,-7621.040052
PLDV,SISales,Inver Grove Heights,2030,1836.069611,9924.64747,-8088.577859
PLDV,SISales,Inver Grove Heights,2035,1564.493146,10275.67553,-8711.182384
PLDV,SISales,Inver Grove Heights,2040,842.5592008,10158.27379,-9315.714589
PLDV,SISales,Inver Grove Heights,2045,712.2780315,10409.32598,-9697.047949
PLDV,SISales,Inver Grove Heights,2050,581.9968621,10660.37817,-10078.38131
PLDV,CISales,Inver Grove Heights,2015,21.51505212,128.9121,-107.3970479
PLDV,CISales,Inver Grove Heights,2018,22.97795242,136.99785,-114.0198976
PLDV,CISales,Inver Grove Heights,2020,23.95321929,142.38835,-118.4351307
PLDV,CISales,Inver Grove Heights,2025,29.03218023,154.10759,-125.0754098
PLDV,CISales,Inver Grove Heights,2030,30.20712861,162.84578,-132.6386514
PLDV,CISales,Inver Grove Heights,2035,30.60525567,169.31416,-138.7089043
PLDV,CISales,Inver Grove Heights,2040,25.50504509,178.01129,-152.5062449
PLDV,CISales,Inver Grove Heights,2045,26.30304368,187.83113,-161.5280863
PLDV,CISales,Inver Grove Heights,2050,27.10104228,197.65097,-170.5499277
PLDV,HEVSales,Inver Grove Heights,2015,27.34215619,15.35018,11.99197619
PLDV,HEVSales,Inver Grove Heights,2018,28.67391788,39.37967,-10.70575212
PLDV,HEVSales,Inver Grove Heights,2020,29.561759,55.39933,-25.837571
PLDV,HEVSales,Inver Grove Heights,2025,62.33706081,124.90888,-62.57181919
PLDV,HEVSales,Inver Grove Heights,2030,117.1460973,272.28927,-155.1431727
PLDV,HEVSales,Inver Grove Heights,2035,153.2725902,474.76924,-321.4966498
PLDV,HEVSales,Inver Grove Heights,2040,151.636831,708.47897,-556.842139
PLDV,HEVSales,Inver Grove Heights,2045,176.4957659,847.10473,-670.6089641
PLDV,HEVSales,Inver Grove Heights,2050,201.3547009,985.73049,-784.3757891
PLDV,PHEVSales,Inver Grove Heights,2015,1.41842632,0.8559,0.56252632
PLDV,PHEVSales,Inver Grove Heights,2018,5.12490956,9.9064,-4.78149044
PLDV,PHEVSales,Inver Grove Heights,2020,7.59589839,15.94007,-8.34417161
PLDV,PHEVSales,Inver Grove Heights,2025,24.96833922,177.98584,-153.0175008
PLDV,PHEVSales,Inver Grove Heights,2030,63.63267019,272.47896,-208.8462898
PLDV,PHEVSales,Inver Grove Heights,2035,131.3336031,314.81396,-183.4803569
PLDV,PHEVSales,Inver Grove Heights,2040,279.7539779,442.21714,-162.4631621
PLDV,PHEVSales,Inver Grove Heights,2045,335.4210882,530.48939,-195.0683018
PLDV,PHEVSales,Inver Grove Heights,2050,391.0881986,618.76164,-227.6734414
PLDV,BEVSales,Inver Grove Heights,2015,1.12511141,0.89605,0.22906141
PLDV,BEVSales,Inver Grove Heights,2018,0.78954495,14.55846,-13.76891505
PLDV,BEVSales,Inver Grove Heights,2020,0.56583398,23.66674,-23.10090602
PLDV,BEVSales,Inver Grove Heights,2025,11.62357722,315.278,-303.6544228
PLDV,BEVSales,Inver Grove Heights,2030,60.57408681,322.10097,-261.5268832
PLDV,BEVSales,Inver Grove Heights,2035,218.1430307,300.52796,-82.3849293
PLDV,BEVSales,Inver Grove Heights,2040,370.6240038,633.89888,-263.2748762
PLDV,BEVSales,Inver Grove Heights,2045,444.5237823,760.49944,-315.9756577
PLDV,BEVSales,Inver Grove Heights,2050,518.4235608,887.10001,-368.6764492
PLDV,TotSales,Jackson Twp.,2015,29.16523343,352.34814,-323.1829066
PLDV,TotSales,Jackson Twp.,2018,32.15997078,356.46973,-324.3097592
PLDV,TotSales,Jackson Twp.,2020,34.15646235,359.21746,-325.0609977
PLDV,TotSales,Jackson Twp.,2025,47.10315572,359.506,-312.4028443
PLDV,TotSales,Jackson Twp.,2030,53.94836687,363.00858,-309.0602131
PLDV,TotSales,Jackson Twp.,2035,53.874358,359.82788,-305.953522
PLDV,TotSales,Jackson Twp.,2040,39.00494254,357.14823,-318.1432875
PLDV,TotSales,Jackson Twp.,2045,40.97288437,358.10825,-317.1353656
PLDV,TotSales,Jackson Twp.,2050,42.94082619,359.06827,-316.1274438
PLDV,SISales,Jackson Twp.,2015,28.00381201,346.85262,-318.848808
PLDV,SISales,Jackson Twp.,2018,30.87233337,350.22162,-319.3492866
PLDV,SISales,Jackson Twp.,2020,32.78468095,352.46763,-319.6829491
PLDV,SISales,Jackson Twp.,2025,44.33854314,346.11743,-301.7788869
PLDV,SISales,Jackson Twp.,2030,47.84388055,342.27787,-294.4339895
PLDV,SISales,Jackson Twp.,2035,43.08748862,330.42119,-287.3337014
PLDV,SISales,Jackson Twp.,2040,23.69509323,311.84639,-288.1512968
PLDV,SISales,Jackson Twp.,2045,22.83334947,304.84515,-282.0118005
PLDV,SISales,Jackson Twp.,2050,21.97160572,297.8439,-275.8722943
PLDV,CISales,Jackson Twp.,2015,0.49947343,5.001,-4.50152657
PLDV,CISales,Jackson Twp.,2018,0.52825687,4.89529,-4.36703313
PLDV,CISales,Jackson Twp.,2020,0.54744583,4.82482,-4.27737417
PLDV,CISales,Jackson Twp.,2025,0.69035884,4.5814,-3.89104116
PLDV,CISales,Jackson Twp.,2030,0.84632274,4.89573,-4.04940726
PLDV,CISales,Jackson Twp.,2035,0.94666145,5.27189,-4.32522855
PLDV,CISales,Jackson Twp.,2040,0.79338978,5.66157,-4.86818022
PLDV,CISales,Jackson Twp.,2045,0.85217305,5.79369,-4.94151695
PLDV,CISales,Jackson Twp.,2050,0.91095632,5.9258,-5.01484368
PLDV,HEVSales,Jackson Twp.,2015,0.65276799,0.47957,0.17319799
PLDV,HEVSales,Jackson Twp.,2018,0.70522365,1.13219,-0.42696635
PLDV,HEVSales,Jackson Twp.,2020,0.74019409,1.56727,-0.82707591
PLDV,HEVSales,Jackson Twp.,2025,1.6598874,3.78853,-2.1286426
PLDV,HEVSales,Jackson Twp.,2030,3.59597559,8.68248,-5.08650441
PLDV,HEVSales,Jackson Twp.,2035,4.85878301,15.66631,-10.80752699
PLDV,HEVSales,Jackson Twp.,2040,4.90312274,23.67293,-18.76980726
PLDV,HEVSales,Jackson Twp.,2045,5.75319369,28.3116,-22.55840631
PLDV,HEVSales,Jackson Twp.,2050,6.60326463,32.95028,-26.34701537
PLDV,PHEVSales,Jackson Twp.,2015,0.00616493,0.00863,-0.00246507
PLDV,PHEVSales,Jackson Twp.,2018,0.05037209,0.10874,-0.05836791
PLDV,PHEVSales,Jackson Twp.,2020,0.07984352,0.17547,-0.09562648
PLDV,PHEVSales,Jackson Twp.,2025,0.28212634,2.19214,-1.91001366
PLDV,PHEVSales,Jackson Twp.,2030,0.82932762,3.71719,-2.88786238
PLDV,PHEVSales,Jackson Twp.,2035,1.82121142,4.50267,-2.68145858
PLDV,PHEVSales,Jackson Twp.,2040,3.88722398,6.30808,-2.42085602
PLDV,PHEVSales,Jackson Twp.,2045,4.66343579,7.56796,-2.90452421
PLDV,PHEVSales,Jackson Twp.,2050,5.4396476,8.82785,-3.3882024
PLDV,BEVSales,Jackson Twp.,2015,0.00301508,0.00632,-0.00330492
PLDV,BEVSales,Jackson Twp.,2018,0.0037848,0.11189,-0.1081052
PLDV,BEVSales,Jackson Twp.,2020,0.00429795,0.18227,-0.17797205
PLDV,BEVSales,Jackson Twp.,2025,0.13224,2.8265,-2.69426
PLDV,BEVSales,Jackson Twp.,2030,0.83286037,3.43531,-2.60244963
PLDV,BEVSales,Jackson Twp.,2035,3.16021349,3.96582,-0.80560651
PLDV,BEVSales,Jackson Twp.,2040,5.72611283,9.65926,-3.93314717
PLDV,BEVSales,Jackson Twp.,2045,6.87073237,11.58985,-4.71911763
PLDV,BEVSales,Jackson Twp.,2050,8.01535192,13.52044,-5.50508808
PLDV,TotSales,Jordan,2015,140.2691553,1694.57166,-1554.302505
PLDV,TotSales,Jordan,2018,167.3660066,1847.91295,-1680.546943
PLDV,TotSales,Jordan,2020,185.4305741,1950.14047,-1764.709896
PLDV,TotSales,Jordan,2025,286.0955305,2183.57049,-1897.47496
PLDV,TotSales,Jordan,2030,361.6489709,2433.46901,-2071.820039
PLDV,TotSales,Jordan,2035,403.4397277,2694.58176,-2291.142032
PLDV,TotSales,Jordan,2040,322.7053001,2954.84676,-2632.14146
PLDV,TotSales,Jordan,2045,359.1925291,3206.90178,-2847.709251
PLDV,TotSales,Jordan,2050,395.679758,3458.9568,-3063.277042
PLDV,SISales,Jordan,2015,134.6806206,1668.14168,-1533.461059
PLDV,SISales,Jordan,2018,160.6622691,1815.35462,-1654.692351
PLDV,SISales,Jordan,2020,177.9833681,1913.49659,-1735.513222
PLDV,SISales,Jordan,2025,269.3038041,2102.25084,-1832.947036
PLDV,SISales,Jordan,2030,320.7268574,2294.49839,-1973.771533
PLDV,SISales,Jordan,2035,322.6619364,2474.36888,-2151.706944
PLDV,SISales,Jordan,2040,196.0400829,2580.0444,-2384.004317
PLDV,SISales,Jordan,2045,208.3119754,2762.42494,-2554.112965
PLDV,SISales,Jordan,2050,220.5838679,2944.80549,-2724.221622
PLDV,CISales,Jordan,2015,2.40215121,24.05163,-21.64947879
PLDV,CISales,Jordan,2018,2.7440638,25.3366,-22.5925362
PLDV,CISales,Jordan,2020,2.97200553,26.19325,-23.22124447
PLDV,CISales,Jordan,2025,4.19310717,27.82657,-23.63346283
PLDV,CISales,Jordan,2030,5.67342007,32.81909,-27.14566993
PLDV,CISales,Jordan,2035,7.08910231,39.47872,-32.38961769
PLDV,CISales,Jordan,2040,6.56406775,46.8407,-40.27663225
PLDV,CISales,Jordan,2045,7.39645106,51.39852,-44.00206894
PLDV,CISales,Jordan,2050,8.22883437,55.95633,-47.72749563
PLDV,HEVSales,Jordan,2015,3.13940108,2.30645,0.83295108
PLDV,HEVSales,Jordan,2018,3.66680548,6.02769,-2.36088452
PLDV,HEVSales,Jordan,2020,4.01840841,8.50851,-4.49010159
PLDV,HEVSales,Jordan,2025,10.0818376,23.01082,-12.9289824
PLDV,HEVSales,Jordan,2030,24.10602856,58.20398,-34.09795144
PLDV,HEVSales,Jordan,2035,36.38514069,117.31762,-80.93247931
PLDV,HEVSales,Jordan,2040,40.56572297,195.85674,-155.291017
PLDV,HEVSales,Jordan,2045,48.05098735,234.5668,-186.5158127
PLDV,HEVSales,Jordan,2050,55.53625173,273.27686,-217.7406083
PLDV,PHEVSales,Jordan,2015,0.03149162,0.04151,-0.01001838
PLDV,PHEVSales,Jordan,2018,0.27267213,0.58817,-0.31549787
PLDV,PHEVSales,Jordan,2020,0.43345913,0.95261,-0.51915087
PLDV,PHEVSales,Jordan,2025,1.71358127,13.31464,-11.60105873
PLDV,PHEVSales,Jordan,2030,5.55949138,24.91858,-19.35908862
PLDV,PHEVSales,Jordan,2035,13.63819576,33.7184,-20.08020424
PLDV,PHEVSales,Jordan,2040,32.16073909,52.18952,-20.02878091
PLDV,PHEVSales,Jordan,2045,38.58658859,62.61913,-24.03254141
PLDV,PHEVSales,Jordan,2050,45.01243808,73.04873,-28.03629192
PLDV,BEVSales,Jordan,2015,0.01549077,0.03039,-0.01489923
PLDV,BEVSales,Jordan,2018,0.02019608,0.60587,-0.58567392
PLDV,BEVSales,Jordan,2020,0.02333296,0.98952,-0.96618704
PLDV,BEVSales,Jordan,2025,0.80320039,17.16762,-16.36441961
PLDV,BEVSales,Jordan,2030,5.58317355,23.02897,-17.44579645
PLDV,BEVSales,Jordan,2035,23.66535247,29.69815,-6.03279753
PLDV,BEVSales,Jordan,2040,47.37468733,79.91539,-32.54070267
PLDV,BEVSales,Jordan,2045,56.84652665,95.89239,-39.04586335
PLDV,BEVSales,Jordan,2050,66.31836596,111.86939,-45.55102404
PLDV,TotSales,Lake Elmo,2015,227.5317149,2489.60214,-2262.070425
PLDV,TotSales,Lake Elmo,2018,270.155234,2733.32326,-2463.168026
PLDV,TotSales,Lake Elmo,2020,298.5709134,2895.80401,-2597.233097
PLDV,TotSales,Lake Elmo,2025,476.5415438,3427.09776,-2950.556216
PLDV,TotSales,Lake Elmo,2030,629.2185788,3984.31916,-3355.100581
PLDV,TotSales,Lake Elmo,2035,787.0258776,4620.30864,-3833.282762
PLDV,TotSales,Lake Elmo,2040,757.5084403,5251.80513,-4494.29669
PLDV,TotSales,Lake Elmo,2045,863.5037854,5804.24572,-4940.741935
PLDV,TotSales,Lake Elmo,2050,969.4991305,6356.68632,-5387.18719
PLDV,SISales,Lake Elmo,2015,217.6255846,2450.17212,-2232.546535
PLDV,SISales,Lake Elmo,2018,258.0280602,2679.74729,-2421.71923
PLDV,SISales,Lake Elmo,2020,284.9630439,2832.79741,-2547.834366
PLDV,SISales,Lake Elmo,2025,440.197235,3183.03357,-2742.836335
PLDV,SISales,Lake Elmo,2030,524.741256,3583.16682,-3058.425564
PLDV,SISales,Lake Elmo,2035,531.9774339,4031.19809,-3499.220656
PLDV,SISales,Lake Elmo,2040,310.8078632,4207.47796,-3896.670097
PLDV,SISales,Lake Elmo,2045,329.4443189,4558.93913,-4229.494811
PLDV,SISales,Lake Elmo,2050,348.0807746,4910.4003,-4562.319525
PLDV,CISales,Lake Elmo,2015,4.0341782,35.46801,-31.4338318
PLDV,CISales,Lake Elmo,2018,4.50564976,37.95203,-33.44638024
PLDV,CISales,Lake Elmo,2020,4.81996414,39.60804,-34.78807586
PLDV,CISales,Lake Elmo,2025,6.89177276,44.30322,-37.41144724
PLDV,CISales,Lake Elmo,2030,9.40402314,53.78631,-44.38228686
PLDV,CISales,Lake Elmo,2035,11.90986901,66.64224,-54.73237099
PLDV,CISales,Lake Elmo,2040,10.68466383,78.41339,-67.72872617
PLDV,CISales,Lake Elmo,2045,12.01476095,87.00246,-74.98769905
PLDV,CISales,Lake Elmo,2050,13.34485807,95.59154,-82.24668193
PLDV,HEVSales,Lake Elmo,2015,5.35848839,3.61113,1.74735839
PLDV,HEVSales,Lake Elmo,2018,6.11122119,9.5408,-3.42957881
PLDV,HEVSales,Lake Elmo,2020,6.61304305,13.4939,-6.88085695
PLDV,HEVSales,Lake Elmo,2025,16.9213492,37.7912,-20.8698508
PLDV,HEVSales,Lake Elmo,2030,40.49493109,97.38764,-56.89270891
PLDV,HEVSales,Lake Elmo,2035,60.33095064,199.74207,-139.4111194
PLDV,HEVSales,Lake Elmo,2040,63.68319292,324.95121,-261.2680171
PLDV,HEVSales,Lake Elmo,2045,75.34813383,389.21923,-313.8710962
PLDV,HEVSales,Lake Elmo,2050,87.01307474,453.48724,-366.4741653
PLDV,PHEVSales,Lake Elmo,2015,0.34084742,0.20249,0.13835742
PLDV,PHEVSales,Lake Elmo,2018,1.3664175,2.7603,-1.3938825
PLDV,PHEVSales,Lake Elmo,2020,2.05013088,4.46551,-2.41537912
PLDV,PHEVSales,Lake Elmo,2025,8.27517146,62.92744,-54.65226854
PLDV,PHEVSales,Lake Elmo,2030,25.85348977,119.01821,-93.16472023
PLDV,PHEVSales,Lake Elmo,2035,62.07851232,161.74899,-99.67047768
PLDV,PHEVSales,Lake Elmo,2040,140.8755004,238.58866,-97.7131596
PLDV,PHEVSales,Lake Elmo,2045,168.982431,286.2659,-117.283469
PLDV,PHEVSales,Lake Elmo,2050,197.0893616,333.94313,-136.8537684
PLDV,BEVSales,Lake Elmo,2015,0.17261627,0.14838,0.02423627
PLDV,BEVSales,Lake Elmo,2018,0.14388533,3.32284,-3.17895467
PLDV,BEVSales,Lake Elmo,2020,0.12473137,5.43915,-5.31441863
PLDV,BEVSales,Lake Elmo,2025,4.25601538,99.04233,-94.78631462
PLDV,BEVSales,Lake Elmo,2030,28.72487885,130.96017,-102.2352912
PLDV,BEVSales,Lake Elmo,2035,120.7291117,160.97725,-40.2481383
PLDV,BEVSales,Lake Elmo,2040,231.45722,402.37391,-170.91669
PLDV,BEVSales,Lake Elmo,2045,277.7141407,482.81901,-205.1048693
PLDV,BEVSales,Lake Elmo,2050,323.9710615,563.26411,-239.2930485
PLDV,TotSales,Lake St. Croix Beach,2015,19.71897402,215.70145,-195.982476
PLDV,TotSales,Lake St. Croix Beach,2018,21.64019041,219.66543,-198.0252396
PLDV,TotSales,Lake St. Croix Beach,2020,22.92100134,222.30808,-199.3870787
PLDV,TotSales,Lake St. Croix Beach,2025,31.18168622,224.24632,-193.0646338
PLDV,TotSales,Lake St. Croix Beach,2030,36.06017945,228.3392,-192.2790206
PLDV,TotSales,Lake St. Croix Beach,2035,38.55461891,226.33848,-187.7838611
PLDV,TotSales,Lake St. Croix Beach,2040,32.40342811,224.65293,-192.2495019
PLDV,TotSales,Lake St. Croix Beach,2045,34.94031893,226.44322,-191.5029011
PLDV,TotSales,Lake St. Croix Beach,2050,37.47720974,228.23352,-190.7563103
PLDV,SISales,Lake St. Croix Beach,2015,18.85528347,212.2852,-193.4299165
PLDV,SISales,Lake St. Croix Beach,2018,20.66791638,215.39675,-194.7288336
PLDV,SISales,Lake St. Croix Beach,2020,21.87633832,217.47113,-195.5947917
PLDV,SISales,Lake St. Croix Beach,2025,28.80355812,208.27639,-179.4728319
PLDV,SISales,Lake St. Croix Beach,2030,30.07264009,205.34937,-175.2767299
PLDV,SISales,Lake St. Croix Beach,2035,26.06037211,197.47928,-171.4189079
PLDV,SISales,Lake St. Croix Beach,2040,13.29521853,179.98045,-166.6852315
PLDV,SISales,Lake St. Croix Beach,2045,12.18320554,173.5195,-161.3362945
PLDV,SISales,Lake St. Croix Beach,2050,11.07119255,167.05855,-155.9873575
PLDV,CISales,Lake St. Croix Beach,2015,0.34952496,3.07298,-2.72345504
PLDV,CISales,Lake St. Croix Beach,2018,0.36182439,3.0536,-2.69177561
PLDV,CISales,Lake St. Croix Beach,2020,0.370024,3.04067,-2.670646
PLDV,CISales,Lake St. Croix Beach,2025,0.45095144,2.89891,-2.44795856
PLDV,CISales,Lake St. Croix Beach,2030,0.53893953,3.08246,-2.54352047
PLDV,CISales,Lake St. Croix Beach,2035,0.58343756,3.26465,-2.68121244
PLDV,CISales,Lake St. Croix Beach,2040,0.45705067,3.35424,-2.89718933
PLDV,CISales,Lake St. Croix Beach,2045,0.47855581,3.41049,-2.93193419
PLDV,CISales,Lake St. Croix Beach,2050,0.50006095,3.46674,-2.96667905
PLDV,HEVSales,Lake St. Croix Beach,2015,0.46426443,0.31287,0.15139443
PLDV,HEVSales,Lake St. Croix Beach,2018,0.49031194,0.7467,-0.25638806
PLDV,HEVSales,Lake St. Croix Beach,2020,0.50767694,1.03591,-0.52823306
PLDV,HEVSales,Lake St. Croix Beach,2025,1.10721973,2.4728,-1.36558027
PLDV,HEVSales,Lake St. Croix Beach,2030,2.32074279,5.58123,-3.26048721
PLDV,HEVSales,Lake St. Croix Beach,2035,2.95547691,9.78491,-6.82943309
PLDV,HEVSales,Lake St. Croix Beach,2040,2.72413303,13.90022,-11.17608697
PLDV,HEVSales,Lake St. Croix Beach,2045,3.17610675,16.61769,-13.44158325
PLDV,HEVSales,Lake St. Croix Beach,2050,3.62808047,19.33516,-15.70707953
PLDV,PHEVSales,Lake St. Croix Beach,2015,0.0327227,0.01754,0.0151827
PLDV,PHEVSales,Lake St. Croix Beach,2018,0.10752102,0.21271,-0.10518898
PLDV,PHEVSales,Lake St. Croix Beach,2020,0.15738657,0.34281,-0.18542343
PLDV,PHEVSales,Lake St. Croix Beach,2025,0.54147178,4.11755,-3.57607822
PLDV,PHEVSales,Lake St. Croix Beach,2030,1.48164964,6.82087,-5.33922036
PLDV,PHEVSales,Lake St. Croix Beach,2035,3.04108601,7.92372,-4.88263399
PLDV,PHEVSales,Lake St. Croix Beach,2040,6.02613635,10.20595,-4.17981365
PLDV,PHEVSales,Lake St. Croix Beach,2045,7.22481908,12.24363,-5.01881092
PLDV,PHEVSales,Lake St. Croix Beach,2050,8.42350181,14.28131,-5.85780819
PLDV,BEVSales,Lake St. Croix Beach,2015,0.01717846,0.01286,0.00431846
PLDV,BEVSales,Lake St. Croix Beach,2018,0.01261669,0.25568,-0.24306331
PLDV,BEVSales,Lake St. Croix Beach,2020,0.00957551,0.41756,-0.40798449
PLDV,BEVSales,Lake St. Croix Beach,2025,0.27848514,6.48067,-6.20218486
PLDV,BEVSales,Lake St. Croix Beach,2030,1.64620741,7.50526,-5.85905259
PLDV,BEVSales,Lake St. Croix Beach,2035,5.91424631,7.88591,-1.97166369
PLDV,BEVSales,Lake St. Croix Beach,2040,9.90088953,17.21208,-7.31119047
PLDV,BEVSales,Lake St. Croix Beach,2045,11.87763175,20.65192,-8.77428825
PLDV,BEVSales,Lake St. Croix Beach,2050,13.85437397,24.09177,-10.23739603
PLDV,TotSales,Lakeland,2015,57.67605444,631.00723,-573.3311756
PLDV,TotSales,Lakeland,2018,62.66645159,636.4401,-573.7736484
PLDV,TotSales,Lakeland,2020,65.99338303,640.06202,-574.068637
PLDV,TotSales,Lakeland,2025,88.4541711,636.12731,-547.6731389
PLDV,TotSales,Lakeland,2030,100.8242618,638.43639,-537.6121282
PLDV,TotSales,Lakeland,2035,108.6469161,637.82183,-529.1749139
PLDV,TotSales,Lakeland,2040,92.02573583,638.01432,-545.9885842
PLDV,TotSales,Lakeland,2045,98.89567211,639.41574,-540.5200679
PLDV,TotSales,Lakeland,2050,105.7656084,640.81716,-535.0515516
PLDV,SISales,Lakeland,2015,55.15873972,621.01341,-565.8546703
PLDV,SISales,Lakeland,2018,59.85487033,624.08674,-564.2318697
PLDV,SISales,Lakeland,2020,62.98562407,626.13562,-563.1499959
PLDV,SISales,Lakeland,2025,81.70805263,590.82487,-509.1168174
PLDV,SISales,Lakeland,2030,84.08310169,574.15684,-490.0737383
PLDV,SISales,Lakeland,2035,73.43812861,556.49662,-483.0584914
PLDV,SISales,Lakeland,2040,37.75842062,511.14448,-473.3860594
PLDV,SISales,Lakeland,2045,34.27835679,489.17069,-454.8923332
PLDV,SISales,Lakeland,2050,30.79829297,467.1969,-436.398607
PLDV,CISales,Lakeland,2015,1.02249093,8.98962,-7.96712907
PLDV,CISales,Lakeland,2018,1.04821284,8.84861,-7.80039716
PLDV,CISales,Lakeland,2020,1.06536077,8.7546,-7.68923923
PLDV,CISales,Lakeland,2025,1.2792296,8.22343,-6.9442004
PLDV,CISales,Lakeland,2030,1.50687491,8.61857,-7.11169509
PLDV,CISales,Lakeland,2035,1.64412706,9.19979,-7.55566294
PLDV,CISales,Lakeland,2040,1.29802389,9.52603,-8.22800611
PLDV,CISales,Lakeland,2045,1.35313048,9.63331,-8.28017952
PLDV,CISales,Lakeland,2050,1.40823707,9.7406,-8.33236293
PLDV,HEVSales,Lakeland,2015,1.35814669,0.91527,0.44287669
PLDV,HEVSales,Lakeland,2018,1.42027059,2.15565,-0.73537941
PLDV,HEVSales,Lakeland,2020,1.46168653,2.98257,-1.52088347
PLDV,HEVSales,Lakeland,2025,3.14088863,7.01469,-3.87380137
PLDV,HEVSales,Lakeland,2030,6.48879685,15.60513,-9.11633315
PLDV,HEVSales,Lakeland,2035,8.32853394,27.57388,-19.24534606
PLDV,HEVSales,Lakeland,2040,7.73653781,39.47662,-31.74008219
PLDV,HEVSales,Lakeland,2045,9.01221603,47.18889,-38.17667397
PLDV,HEVSales,Lakeland,2050,10.28789426,54.90116,-44.61326574
PLDV,PHEVSales,Lakeland,2015,0.09027624,0.05132,0.03895624
PLDV,PHEVSales,Lakeland,2018,0.3079958,0.61274,-0.3047442
PLDV,PHEVSales,Lakeland,2020,0.45314217,0.98702,-0.53387783
PLDV,PHEVSales,Lakeland,2025,1.5360118,11.6804,-10.1443882
PLDV,PHEVSales,Lakeland,2030,4.14269239,19.07115,-14.92845761
PLDV,PHEVSales,Lakeland,2035,8.56978037,22.32904,-13.75925963
PLDV,PHEVSales,Lakeland,2040,17.11422724,28.98489,-11.87066276
PLDV,PHEVSales,Lakeland,2045,20.51901744,34.7716,-14.25258256
PLDV,PHEVSales,Lakeland,2050,23.92380764,40.55831,-16.63450236
PLDV,BEVSales,Lakeland,2015,0.04640087,0.03761,0.00879087
PLDV,BEVSales,Lakeland,2018,0.03510204,0.73638,-0.70127796
PLDV,BEVSales,Lakeland,2020,0.02756948,1.20222,-1.17465052
PLDV,BEVSales,Lakeland,2025,0.78998844,18.38393,-17.59394156
PLDV,BEVSales,Lakeland,2030,4.60279592,20.9847,-16.38190408
PLDV,BEVSales,Lakeland,2035,16.66634611,22.2225,-5.55615389
PLDV,BEVSales,Lakeland,2040,28.11852628,48.8823,-20.76377372
PLDV,BEVSales,Lakeland,2045,33.73295136,58.65124,-24.91828864
PLDV,BEVSales,Lakeland,2050,39.34737644,68.42018,-29.07280356
PLDV,TotSales,Lakeland Shores,2015,9.96267976,109.00052,-99.03784024
PLDV,TotSales,Lakeland Shores,2018,10.86137231,110.29263,-99.43125769
PLDV,TotSales,Lakeland Shores,2020,11.46050067,111.15404,-99.69353933
PLDV,TotSales,Lakeland Shores,2025,15.90902358,114.41139,-98.50236642
PLDV,TotSales,Lakeland Shores,2030,18.75129332,118.73638,-99.98508668
PLDV,TotSales,Lakeland Shores,2035,20.81949421,122.22278,-101.4032858
PLDV,TotSales,Lakeland Shores,2040,18.14591974,125.80564,-107.6597203
PLDV,TotSales,Lakeland Shores,2045,19.78256774,129.16666,-109.3840923
PLDV,TotSales,Lakeland Shores,2050,21.41921573,132.52769,-111.1084743
PLDV,SISales,Lakeland Shores,2015,9.52814965,107.27418,-97.74603035
PLDV,SISales,Lakeland Shores,2018,10.37416135,108.15101,-97.77684865
PLDV,SISales,Lakeland Shores,2020,10.93816916,108.73556,-97.79739084
PLDV,SISales,Lakeland Shores,2025,14.69569292,106.26347,-91.56777708
PLDV,SISales,Lakeland Shores,2030,15.63777285,106.78167,-91.14389715
PLDV,SISales,Lakeland Shores,2035,14.07260094,106.63881,-92.56620906
PLDV,SISales,Lakeland Shores,2040,7.44532238,100.78905,-93.34372762
PLDV,SISales,Lakeland Shores,2045,7.02875692,99.49203,-92.46327308
PLDV,SISales,Lakeland Shores,2050,6.61219147,98.195,-91.58280853
PLDV,CISales,Lakeland Shores,2015,0.17662562,1.55287,-1.37624438
PLDV,CISales,Lakeland Shores,2018,0.18165745,1.53335,-1.35169255
PLDV,CISales,Lakeland Shores,2020,0.185012,1.52034,-1.335328
PLDV,CISales,Lakeland Shores,2025,0.23007727,1.47903,-1.24895273
PLDV,CISales,Lakeland Shores,2030,0.28024855,1.60288,-1.32263145
PLDV,CISales,Lakeland Shores,2035,0.31505629,1.76291,-1.44785371
PLDV,CISales,Lakeland Shores,2040,0.25594837,1.87837,-1.62242163
PLDV,CISales,Lakeland Shores,2045,0.27181292,1.94347,-1.67165708
PLDV,CISales,Lakeland Shores,2050,0.28767747,2.00857,-1.72089253
PLDV,HEVSales,Lakeland Shores,2015,0.23460697,0.1581,0.07650697
PLDV,HEVSales,Lakeland Shores,2018,0.24614587,0.37402,-0.12787413
PLDV,HEVSales,Lakeland Shores,2020,0.25383847,0.51796,-0.26412153
PLDV,HEVSales,Lakeland Shores,2025,0.56490803,1.26163,-0.69672197
PLDV,HEVSales,Lakeland Shores,2030,1.20678625,2.90224,-1.69545375
PLDV,HEVSales,Lakeland Shores,2035,1.59595753,5.28385,-3.68789247
PLDV,HEVSales,Lakeland Shores,2040,1.5255145,7.78412,-6.2586055
PLDV,HEVSales,Lakeland Shores,2045,1.783696,9.30933,-7.525634
PLDV,HEVSales,Lakeland Shores,2050,2.04187751,10.83453,-8.79265249
PLDV,PHEVSales,Lakeland Shores,2015,0.01540958,0.00887,0.00653958
PLDV,PHEVSales,Lakeland Shores,2018,0.0533798,0.10639,-0.0530102
PLDV,PHEVSales,Lakeland Shores,2020,0.07869329,0.17141,-0.09271671
PLDV,PHEVSales,Lakeland Shores,2025,0.27626111,2.10079,-1.82452889
PLDV,PHEVSales,Lakeland Shores,2030,0.77045781,3.54685,-2.77639219
PLDV,PHEVSales,Lakeland Shores,2035,1.64218645,4.27881,-2.63662355
PLDV,PHEVSales,Lakeland Shores,2040,3.37463636,5.71533,-2.34069364
PLDV,PHEVSales,Lakeland Shores,2045,4.04648171,6.85662,-2.81013829
PLDV,PHEVSales,Lakeland Shores,2050,4.71832707,7.99792,-3.27959293
PLDV,BEVSales,Lakeland Shores,2015,0.00788794,0.0065,0.00138794
PLDV,BEVSales,Lakeland Shores,2018,0.00602783,0.12787,-0.12184217
PLDV,BEVSales,Lakeland Shores,2020,0.00478775,0.20878,-0.20399225
PLDV,BEVSales,Lakeland Shores,2025,0.14208425,3.30646,-3.16437575
PLDV,BEVSales,Lakeland Shores,2030,0.85602785,3.90273,-3.04670215
PLDV,BEVSales,Lakeland Shores,2035,3.19369301,4.25839,-1.06469699
PLDV,BEVSales,Lakeland Shores,2040,5.54449814,9.63876,-4.09426186
PLDV,BEVSales,Lakeland Shores,2045,6.65182018,11.56522,-4.91339982
PLDV,BEVSales,Lakeland Shores,2050,7.75914222,13.49167,-5.73252778
PLDV,TotSales,Laketown Twp.,2015,30.27937283,387.67238,-357.3930072
PLDV,TotSales,Laketown Twp.,2018,30.92091117,363.43704,-332.5161288
PLDV,TotSales,Laketown Twp.,2020,31.3486034,347.28015,-315.9315466
PLDV,TotSales,Laketown Twp.,2025,31.97188176,256.73915,-224.7672682
PLDV,TotSales,Laketown Twp.,2030,24.97175763,169.5038,-144.5320424
PLDV,TotSales,Laketown Twp.,2035,13.86913108,84.0093,-70.14016892
PLDV,TotSales,Laketown Twp.,2040,0,0,0
PLDV,TotSales,Laketown Twp.,2045,0,0,0
PLDV,TotSales,Laketown Twp.,2050,0,0,0
PLDV,SISales,Laketown Twp.,2015,29.04936307,381.62757,-352.5782069
PLDV,SISales,Laketown Twp.,2018,29.62055816,356.8393,-327.2187418
PLDV,SISales,Laketown Twp.,2020,30.00135489,340.31379,-310.3124351
PLDV,SISales,Laketown Twp.,2025,29.65638942,240.82092,-211.1645306
PLDV,SISales,Laketown Twp.,2030,21.0013771,154.34002,-133.3386429
PLDV,SISales,Laketown Twp.,2035,9.45382324,74.1567,-64.70287676
PLDV,SISales,Laketown Twp.,2040,0,0,0
PLDV,SISales,Laketown Twp.,2045,0,0,0
PLDV,SISales,Laketown Twp.,2050,0,0,0
PLDV,CISales,Laketown Twp.,2015,0.50894948,5.49182,-4.98287052
PLDV,CISales,Laketown Twp.,2018,0.50216923,4.94773,-4.44556077
PLDV,CISales,Laketown Twp.,2020,0.49764907,4.585,-4.08735093
PLDV,CISales,Laketown Twp.,2025,0.46213072,3.09704,-2.63490928
PLDV,CISales,Laketown Twp.,2030,0.3724342,2.15868,-1.7862458
PLDV,CISales,Laketown Twp.,2035,0.20833222,1.16853,-0.96019778
PLDV,CISales,Laketown Twp.,2040,0,0,0
PLDV,CISales,Laketown Twp.,2045,0,0,0
PLDV,CISales,Laketown Twp.,2050,0,0,0
PLDV,HEVSales,Laketown Twp.,2015,0.66184816,0.51087,0.15097816
PLDV,HEVSales,Laketown Twp.,2018,0.66214987,1.05022,-0.38807013
PLDV,HEVSales,Laketown Twp.,2020,0.66235101,1.40978,-0.74742899
PLDV,HEVSales,Laketown Twp.,2025,1.09945684,2.47303,-1.37357316
PLDV,HEVSales,Laketown Twp.,2030,1.55754143,3.74799,-2.19044857
PLDV,HEVSales,Laketown Twp.,2035,1.05186129,3.41081,-2.35894871
PLDV,HEVSales,Laketown Twp.,2040,0,0,0
PLDV,HEVSales,Laketown Twp.,2045,0,0,0
PLDV,HEVSales,Laketown Twp.,2050,0,0,0
PLDV,PHEVSales,Laketown Twp.,2015,0.03446933,0.02094,0.01352933
PLDV,PHEVSales,Laketown Twp.,2018,0.11788037,0.23338,-0.11549963
PLDV,PHEVSales,Laketown Twp.,2020,0.17348773,0.375,-0.20151227
PLDV,PHEVSales,Laketown Twp.,2025,0.46168139,3.49331,-3.03162861
PLDV,PHEVSales,Laketown Twp.,2030,0.86545331,3.89699,-3.03153669
PLDV,PHEVSales,Laketown Twp.,2035,0.93633478,2.35477,-1.41843522
PLDV,PHEVSales,Laketown Twp.,2040,0,0,0
PLDV,PHEVSales,Laketown Twp.,2045,0,0,0
PLDV,PHEVSales,Laketown Twp.,2050,0,0,0
PLDV,BEVSales,Laketown Twp.,2015,0.0247428,0.02117,0.0035728
PLDV,BEVSales,Laketown Twp.,2018,0.01815354,0.36641,-0.34825646
PLDV,BEVSales,Laketown Twp.,2020,0.0137607,0.59657,-0.5828093
PLDV,BEVSales,Laketown Twp.,2025,0.29222337,6.85485,-6.56262663
PLDV,BEVSales,Laketown Twp.,2030,1.17495159,5.36013,-4.18517841
PLDV,BEVSales,Laketown Twp.,2035,2.21877955,2.91848,-0.69970045
PLDV,BEVSales,Laketown Twp.,2040,0,0,0
PLDV,BEVSales,Laketown Twp.,2045,0,0,0
PLDV,BEVSales,Laketown Twp.,2050,0,0,0
PLDV,TotSales,Lakeville,2015,1683.523025,13105.58776,-11422.06474
PLDV,TotSales,Lakeville,2018,1860.297229,13889.2623,-12028.96507
PLDV,TotSales,Lakeville,2020,1978.146698,14411.71199,-12433.56529
PLDV,TotSales,Lakeville,2025,2664.068962,15463.659,-12799.59004
PLDV,TotSales,Lakeville,2030,2977.352669,16701.91505,-13724.56238
PLDV,TotSales,Lakeville,2035,3096.634926,17721.56392,-14624.92899
PLDV,TotSales,Lakeville,2040,2523.447557,18746.89959,-16223.45203
PLDV,TotSales,Lakeville,2045,2691.432463,19875.16196,-17183.7295
PLDV,TotSales,Lakeville,2050,2859.417369,21003.42432,-18144.00695
PLDV,SISales,Lakeville,2015,1614.579022,12893.75481,-11279.17579
PLDV,SISales,Lakeville,2018,1780.975757,13596.71402,-11815.73826
PLDV,SISales,Lakeville,2020,1891.906914,14065.3535,-12173.44659
PLDV,SISales,Lakeville,2025,2473.457725,14282.01779,-11808.56007
PLDV,SISales,Lakeville,2030,2529.687705,14997.27151,-12467.58381
PLDV,SISales,Lakeville,2035,2200.453372,15549.78639,-13349.33302
PLDV,SISales,Lakeville,2040,1156.422984,15366.51025,-14210.08727
PLDV,SISales,Lakeville,2045,1064.791777,15861.06134,-14796.26956
PLDV,SISales,Lakeville,2050,973.1605692,16355.61243,-15382.45186
PLDV,CISales,Lakeville,2015,28.71868321,187.97268,-159.2539968
PLDV,CISales,Lakeville,2018,30.49686763,201.23847,-170.7416024
PLDV,CISales,Lakeville,2020,31.68232391,210.08232,-178.3999961
PLDV,CISales,Lakeville,2025,38.67739977,227.42486,-188.7474602
PLDV,CISales,Lakeville,2030,45.34008254,250.39942,-205.0593375
PLDV,CISales,Lakeville,2035,49.28304638,272.54832,-223.2652736
PLDV,CISales,Lakeville,2040,40.17518012,294.70174,-254.5265599
PLDV,CISales,Lakeville,2045,42.4664795,316.04755,-273.5810705
PLDV,CISales,Lakeville,2050,44.75777889,337.39336,-292.6355811
PLDV,HEVSales,Lakeville,2015,37.49333858,21.72593,15.76740858
PLDV,HEVSales,Lakeville,2018,40.29180472,57.15936,-16.86755528
PLDV,HEVSales,Lakeville,2020,42.15744881,80.78164,-38.62419119
PLDV,HEVSales,Lakeville,2025,92.71273425,198.35873,-105.6459958
PLDV,HEVSales,Lakeville,2030,189.7202592,449.59399,-259.8737308
PLDV,HEVSales,Lakeville,2035,245.7218587,804.28322,-558.5613613
PLDV,HEVSales,Lakeville,2040,234.5900364,1198.90801,-964.3179736
PLDV,HEVSales,Lakeville,2045,274.009376,1434.34443,-1160.335054
PLDV,HEVSales,Lakeville,2050,313.4287155,1669.78084,-1356.352125
PLDV,PHEVSales,Lakeville,2015,1.88229184,1.25617,0.62612184
PLDV,PHEVSales,Lakeville,2018,7.77955944,15.54169,-7.76213056
PLDV,PHEVSales,Lakeville,2020,11.71107118,25.06536,-13.35428882
PLDV,PHEVSales,Lakeville,2025,41.20827058,307.32254,-266.1142694
PLDV,PHEVSales,Lakeville,2030,109.1074063,497.44062,-388.3332137
PLDV,PHEVSales,Lakeville,2035,223.9488861,577.93656,-353.9876739
PLDV,PHEVSales,Lakeville,2040,456.4872879,771.81618,-315.3288921
PLDV,PHEVSales,Lakeville,2045,547.4082871,925.92818,-378.5198929
PLDV,PHEVSales,Lakeville,2050,638.3292864,1080.04018,-441.7108936
PLDV,BEVSales,Lakeville,2015,0.84968906,0.87817,-0.02848094
PLDV,BEVSales,Lakeville,2018,0.7532401,18.60877,-17.8555299
PLDV,BEVSales,Lakeville,2020,0.68894079,30.42917,-29.74022921
PLDV,BEVSales,Lakeville,2025,18.01283228,448.53508,-430.5222477
PLDV,BEVSales,Lakeville,2030,103.4972162,507.20953,-403.7123138
PLDV,BEVSales,Lakeville,2035,377.2277633,517.00944,-139.7816767
PLDV,BEVSales,Lakeville,2040,635.7720678,1114.96342,-479.1913522
PLDV,BEVSales,Lakeville,2045,762.7565435,1337.78047,-575.0239265
PLDV,BEVSales,Lakeville,2050,889.7410193,1560.59751,-670.8564907
PLDV,TotSales,Landfall,2015,7.35656695,80.48562,-73.12905305
PLDV,TotSales,Landfall,2018,7.90884374,80.361,-72.45215626
PLDV,TotSales,Landfall,2020,8.27702826,80.27792,-72.00089174
PLDV,TotSales,Landfall,2025,11.03025635,79.32523,-68.29497365
PLDV,TotSales,Landfall,2030,12.50086221,79.15759,-66.65672779
PLDV,TotSales,Landfall,2035,13.36560122,78.46401,-65.09840878
PLDV,TotSales,Landfall,2040,11.23318841,77.87968,-66.64649159
PLDV,TotSales,Landfall,2045,12.0085127,77.3585,-65.3499873
PLDV,TotSales,Landfall,2050,12.78383699,76.83731,-64.05347301
PLDV,SISales,Landfall,2015,7.03555354,79.21089,-72.17533646
PLDV,SISales,Landfall,2018,7.55409472,78.8031,-71.24900528
PLDV,SISales,Landfall,2020,7.89978884,78.53124,-70.63145116
PLDV,SISales,Landfall,2025,10.18901376,73.676,-63.48698624
PLDV,SISales,Landfall,2030,10.4251819,71.18778,-60.7625981
PLDV,SISales,Landfall,2035,9.03426233,68.45948,-59.42521767
PLDV,SISales,Landfall,2040,4.60900909,62.39322,-57.78421091
PLDV,SISales,Landfall,2045,4.1237002,59.02969,-54.9059898
PLDV,SISales,Landfall,2050,3.63839131,55.66615,-52.02775869
PLDV,CISales,Landfall,2015,0.13041976,1.14663,-1.01621024
PLDV,CISales,Landfall,2018,0.13233977,1.11747,-0.98513023
PLDV,CISales,Landfall,2020,0.13361978,1.09802,-0.96440022
PLDV,CISales,Landfall,2025,0.15952024,1.02546,-0.86593976
PLDV,CISales,Landfall,2030,0.18683237,1.06859,-0.88175763
PLDV,CISales,Landfall,2035,0.20225836,1.13175,-0.92949164
PLDV,CISales,Landfall,2040,0.15844423,1.1628,-1.00435577
PLDV,CISales,Landfall,2045,0.16404912,1.16604,-1.00199088
PLDV,CISales,Landfall,2050,0.16965402,1.16927,-0.99961598
PLDV,HEVSales,Landfall,2015,0.173233,0.11674,0.056493
PLDV,HEVSales,Landfall,2018,0.17928987,0.27115,-0.09186013
PLDV,HEVSales,Landfall,2020,0.18332779,0.37408,-0.19075221
PLDV,HEVSales,Landfall,2025,0.39166957,0.87473,-0.48306043
PLDV,HEVSales,Landfall,2030,0.80452417,1.93483,-1.13030583
PLDV,HEVSales,Landfall,2035,1.02456533,3.3921,-2.36753467
PLDV,HEVSales,Landfall,2040,0.94436612,4.81874,-3.87437388
PLDV,HEVSales,Landfall,2045,1.09859274,5.75914,-4.66054726
PLDV,HEVSales,Landfall,2050,1.25281937,6.69954,-5.44672063
PLDV,PHEVSales,Landfall,2015,0.01147187,0.00655,0.00492187
PLDV,PHEVSales,Landfall,2018,0.03868917,0.07689,-0.03820083
PLDV,PHEVSales,Landfall,2020,0.05683404,0.12379,-0.06695596
PLDV,PHEVSales,Landfall,2025,0.19154104,1.45655,-1.26500896
PLDV,PHEVSales,Landfall,2030,0.51363854,2.36457,-1.85093146
PLDV,PHEVSales,Landfall,2035,1.05424315,2.74689,-1.69264685
PLDV,PHEVSales,Landfall,2040,2.0890606,3.53806,-1.4489994
PLDV,PHEVSales,Landfall,2045,2.50457835,4.24436,-1.73978165
PLDV,PHEVSales,Landfall,2050,2.92009609,4.95067,-2.03057391
PLDV,BEVSales,Landfall,2015,0.00588879,0.0048,0.00108879
PLDV,BEVSales,Landfall,2018,0.00443021,0.09239,-0.08795979
PLDV,BEVSales,Landfall,2020,0.00345782,0.15078,-0.14732218
PLDV,BEVSales,Landfall,2025,0.09851175,2.29248,-2.19396825
PLDV,BEVSales,Landfall,2030,0.57068524,2.60182,-2.03113476
PLDV,BEVSales,Landfall,2035,2.05027206,2.73378,-0.68350794
PLDV,BEVSales,Landfall,2040,3.43230837,5.96685,-2.53454163
PLDV,BEVSales,Landfall,2045,4.11759229,7.15926,-3.04166771
PLDV,BEVSales,Landfall,2050,4.80287621,8.35168,-3.54880379
PLDV,TotSales,Lauderdale,2015,71.75528379,582.39591,-510.6406262
PLDV,TotSales,Lauderdale,2018,77.36683096,596.60038,-519.233549
PLDV,TotSales,Lauderdale,2020,81.10786241,606.07002,-524.9621576
PLDV,TotSales,Lauderdale,2025,100.1591188,597.1777,-497.0185812
PLDV,TotSales,Lauderdale,2030,103.5378509,596.16386,-492.6260091
PLDV,TotSales,Lauderdale,2035,96.13123879,590.4482,-494.3169612
PLDV,TotSales,Lauderdale,2040,66.650239,585.56274,-518.912501
PLDV,TotSales,Lauderdale,2045,65.62923004,586.19611,-520.56688
PLDV,TotSales,Lauderdale,2050,64.60822109,586.82947,-522.2212489
PLDV,SISales,Lauderdale,2015,69.35166274,573.22726,-503.8755973
PLDV,SISales,Lauderdale,2018,74.65807706,585.52896,-510.8708829
PLDV,SISales,Lauderdale,2020,78.1956866,593.7301,-515.5344134
PLDV,SISales,Lauderdale,2025,94.47595407,569.39722,-474.9212659
PLDV,SISales,Lauderdale,2030,92.41811081,557.09274,-464.6746292
PLDV,SISales,Lauderdale,2035,77.43561276,540.25724,-462.8216272
PLDV,SISales,Lauderdale,2040,40.75114961,512.18883,-471.4376804
PLDV,SISales,Lauderdale,2045,35.03104698,499.98115,-464.950103
PLDV,SISales,Lauderdale,2050,29.31094435,487.77346,-458.4625157
PLDV,CISales,Lauderdale,2015,1.04608648,8.26412,-7.21803352
PLDV,CISales,Lauderdale,2018,1.13249015,8.35746,-7.22496985
PLDV,CISales,Lauderdale,2020,1.1900926,8.41968,-7.2295874
PLDV,CISales,Lauderdale,2025,1.45324739,8.36747,-6.91422261
PLDV,CISales,Lauderdale,2030,1.56046225,8.60266,-7.04219775
PLDV,CISales,Lauderdale,2035,1.57888234,8.76062,-7.18173766
PLDV,CISales,Lauderdale,2040,1.28557991,9.07509,-7.78951009
PLDV,CISales,Lauderdale,2045,1.33347859,9.23729,-7.90381141
PLDV,CISales,Lauderdale,2050,1.38137728,9.39948,-8.01810272
PLDV,HEVSales,Lauderdale,2015,1.32414888,0.86175,0.46239888
PLDV,HEVSales,Lauderdale,2018,1.41993631,2.09462,-0.67468369
PLDV,HEVSales,Lauderdale,2020,1.48379459,2.91654,-1.43274541
PLDV,HEVSales,Lauderdale,2025,3.19295195,6.62349,-3.43053805
PLDV,HEVSales,Lauderdale,2030,6.12326404,14.36409,-8.24082596
PLDV,HEVSales,Lauderdale,2035,7.88249351,24.62793,-16.74543649
PLDV,HEVSales,Lauderdale,2040,7.63792754,36.16792,-28.52999246
PLDV,HEVSales,Lauderdale,2045,8.90068327,43.22915,-34.32846673
PLDV,HEVSales,Lauderdale,2050,10.163439,50.29038,-40.126941
PLDV,PHEVSales,Lauderdale,2015,0.0222747,0.02438,-0.0021053
PLDV,PHEVSales,Lauderdale,2018,0.14442321,0.29456,-0.15013679
PLDV,PHEVSales,Lauderdale,2020,0.22585554,0.47468,-0.24882446
PLDV,PHEVSales,Lauderdale,2025,0.76166832,5.50376,-4.74209168
PLDV,PHEVSales,Lauderdale,2030,1.96727667,8.5069,-6.53962333
PLDV,PHEVSales,Lauderdale,2035,4.01245286,9.67645,-5.66399714
PLDV,PHEVSales,Lauderdale,2040,8.29617348,13.24386,-4.94768652
PLDV,PHEVSales,Lauderdale,2045,9.95095323,15.88775,-5.93679677
PLDV,PHEVSales,Lauderdale,2050,11.60573299,18.53165,-6.92591701
PLDV,BEVSales,Lauderdale,2015,0.01111099,0.01842,-0.00730901
PLDV,BEVSales,Lauderdale,2018,0.01190424,0.32478,-0.31287576
PLDV,BEVSales,Lauderdale,2020,0.01243308,0.52902,-0.51658692
PLDV,BEVSales,Lauderdale,2025,0.27529712,7.28577,-7.01047288
PLDV,BEVSales,Lauderdale,2030,1.46873716,7.59747,-6.12873284
PLDV,BEVSales,Lauderdale,2035,5.22179731,7.12596,-1.90416269
PLDV,BEVSales,Lauderdale,2040,8.67940847,14.88705,-6.20764153
PLDV,BEVSales,Lauderdale,2045,10.41306797,17.86077,-7.44770203
PLDV,BEVSales,Lauderdale,2050,12.14672747,20.8345,-8.68777253
PLDV,TotSales,Lexington,2015,57.65569826,369.54396,-311.8882617
PLDV,TotSales,Lexington,2018,59.87132619,377.05712,-317.1857938
PLDV,TotSales,Lexington,2020,61.34841148,382.0659,-320.7174885
PLDV,TotSales,Lexington,2025,75.32640086,388.76989,-313.4434891
PLDV,TotSales,Lexington,2030,75.56705974,401.42031,-325.8532503
PLDV,TotSales,Lexington,2035,69.77516249,413.74674,-343.9715775
PLDV,TotSales,Lexington,2040,49.11263115,426.39126,-377.2786289
PLDV,TotSales,Lexington,2045,47.40401772,437.76072,-390.3567023
PLDV,TotSales,Lexington,2050,45.6954043,449.13018,-403.4347757
PLDV,SISales,Lexington,2015,55.36673196,363.49581,-308.129078
PLDV,SISales,Lexington,2018,57.48525927,369.22423,-311.7389707
PLDV,SISales,Lexington,2020,58.89761081,373.04318,-314.1455692
PLDV,SISales,Lexington,2025,70.70859523,366.59754,-295.8889448
PLDV,SISales,Lexington,2030,66.66782842,370.32414,-303.6563116
PLDV,SISales,Lexington,2035,55.3604672,373.98656,-318.6260928
PLDV,SISales,Lexington,2040,29.32495598,368.59737,-339.272414
PLDV,SISales,Lexington,2045,24.11660078,369.61768,-345.5010792
PLDV,SISales,Lexington,2050,18.90824559,370.63799,-351.7297444
PLDV,CISales,Lexington,2015,0.96808083,5.32766,-4.35957917
PLDV,CISales,Lexington,2018,0.9569502,5.58304,-4.6260898
PLDV,CISales,Lexington,2020,0.94952978,5.75329,-4.80376022
PLDV,CISales,Lexington,2025,1.09928548,6.15633,-5.05704452
PLDV,CISales,Lexington,2030,1.15787209,6.34638,-5.18850791
PLDV,CISales,Lexington,2035,1.1782569,6.5254,-5.3471431
PLDV,CISales,Lexington,2040,0.95536535,6.89461,-5.93924465
PLDV,CISales,Lexington,2045,0.95282226,7.208,-6.25517774
PLDV,CISales,Lexington,2050,0.95027916,7.52139,-6.57111084
PLDV,HEVSales,Lexington,2015,1.28786249,0.68056,0.60730249
PLDV,HEVSales,Lexington,2018,1.2852874,1.72264,-0.4373526
PLDV,HEVSales,Lexington,2020,1.28357068,2.41736,-1.13378932
PLDV,HEVSales,Lexington,2025,2.61870798,5.56234,-2.94363202
PLDV,HEVSales,Lexington,2030,4.90017946,11.61182,-6.71164054
PLDV,HEVSales,Lexington,2035,5.97494718,19.53769,-13.56274282
PLDV,HEVSales,Lexington,2040,5.69249983,28.50309,-22.81059017
PLDV,HEVSales,Lexington,2045,6.5734273,34.0676,-27.4941727
PLDV,HEVSales,Lexington,2050,7.45435477,39.63211,-32.17775523
PLDV,PHEVSales,Lexington,2015,0.02434985,0.02556,-0.00121015
PLDV,PHEVSales,Lexington,2018,0.1347504,0.28175,-0.1469996
PLDV,PHEVSales,Lexington,2020,0.20835077,0.45255,-0.24419923
PLDV,PHEVSales,Lexington,2025,0.67548977,5.05908,-4.38359023
PLDV,PHEVSales,Lexington,2030,1.64387113,7.49168,-5.84780887
PLDV,PHEVSales,Lexington,2035,3.15283461,8.15674,-5.00390539
PLDV,PHEVSales,Lexington,2040,6.33254601,10.59379,-4.26124399
PLDV,PHEVSales,Lexington,2045,7.59418524,12.70744,-5.11325476
PLDV,PHEVSales,Lexington,2050,8.85582447,14.82109,-5.96526553
PLDV,BEVSales,Lexington,2015,0.00867313,0.01436,-0.00568687
PLDV,BEVSales,Lexington,2018,0.00907891,0.24546,-0.23638109
PLDV,BEVSales,Lexington,2020,0.00934943,0.39952,-0.39017057
PLDV,BEVSales,Lexington,2025,0.2243224,5.3946,-5.1702776
PLDV,BEVSales,Lexington,2030,1.19730864,5.64629,-4.44898136
PLDV,BEVSales,Lexington,2035,4.1086566,5.54035,-1.4316934
PLDV,BEVSales,Lexington,2040,6.80726397,11.80239,-4.99512603
PLDV,BEVSales,Lexington,2045,8.16698214,14.15999,-5.99300786
PLDV,BEVSales,Lexington,2050,9.52670031,16.5176,-6.99089969
PLDV,TotSales,Lilydale,2015,31.50965849,284.50044,-252.9907815
PLDV,TotSales,Lilydale,2018,38.24643192,324.40856,-286.1621281
PLDV,TotSales,Lilydale,2020,42.73761421,351.01398,-308.2763658
PLDV,TotSales,Lilydale,2025,54.3829971,346.16779,-291.7847929
PLDV,TotSales,Lilydale,2030,58.33743658,345.43622,-287.0987834
PLDV,TotSales,Lilydale,2035,58.33080354,342.40949,-284.0786865
PLDV,TotSales,Lilydale,2040,45.49288844,339.85956,-294.3666716
PLDV,TotSales,Lilydale,2045,48.28953443,350.93138,-302.6418456
PLDV,TotSales,Lilydale,2050,51.08618042,362.00321,-310.9170296
PLDV,SISales,Lilydale,2015,30.23775634,279.96952,-249.7317637
PLDV,SISales,Lilydale,2018,36.6544388,317.93834,-281.2839012
PLDV,SISales,Lilydale,2020,40.93222711,343.25089,-302.3186629
PLDV,SISales,Lilydale,2025,50.62248934,323.5245,-272.9020107
PLDV,SISales,Lilydale,2030,49.91323667,313.96332,-264.0500833
PLDV,SISales,Lilydale,2035,42.12169946,303.33699,-261.2152905
PLDV,SISales,Lilydale,2040,21.65092169,281.3815,-259.7305783
PLDV,SISales,Lilydale,2045,19.93355475,281.6639,-261.7303453
PLDV,SISales,Lilydale,2050,18.21618782,281.94629,-263.7301022
PLDV,CISales,Lilydale,2015,0.52586782,4.05863,-3.53276218
PLDV,CISales,Lilydale,2018,0.611666,4.57728,-3.965614
PLDV,CISales,Lilydale,2020,0.66886478,4.92305,-4.25418522
PLDV,CISales,Lilydale,2025,0.78767423,4.77269,-3.98501577
PLDV,CISales,Lilydale,2030,0.87614403,4.91177,-4.03562597
PLDV,CISales,Lilydale,2035,0.91283203,5.07211,-4.15927797
PLDV,CISales,Lilydale,2040,0.72050424,5.19863,-4.47812576
PLDV,CISales,Lilydale,2045,0.75943152,5.42663,-4.66719848
PLDV,CISales,Lilydale,2050,0.79835881,5.65463,-4.85627119
PLDV,HEVSales,Lilydale,2015,0.68916498,0.43477,0.25439498
PLDV,HEVSales,Lilydale,2018,0.81125566,1.23746,-0.42620434
PLDV,HEVSales,Lilydale,2020,0.89264945,1.77258,-0.87993055
PLDV,HEVSales,Lilydale,2025,1.86820496,4.06375,-2.19554504
PLDV,HEVSales,Lilydale,2030,3.67069053,8.74653,-5.07583947
PLDV,HEVSales,Lilydale,2035,4.61475061,14.97103,-10.35627939
PLDV,HEVSales,Lilydale,2040,4.31211919,21.36623,-17.05411081
PLDV,HEVSales,Lilydale,2045,5.03671004,25.55252,-20.51580996
PLDV,HEVSales,Lilydale,2050,5.76130088,29.73881,-23.97750912
PLDV,PHEVSales,Lilydale,2015,0.03736819,0.02174,0.01562819
PLDV,PHEVSales,Lilydale,2018,0.15335158,0.30786,-0.15450842
PLDV,PHEVSales,Lilydale,2020,0.23067383,0.4986,-0.26792617
PLDV,PHEVSales,Lilydale,2025,0.7702052,5.79172,-5.0215148
PLDV,PHEVSales,Lilydale,2030,1.99262599,8.99849,-7.00586401
PLDV,PHEVSales,Lilydale,2035,3.97541585,10.08825,-6.11283415
PLDV,PHEVSales,Lilydale,2040,7.88835294,13.069,-5.18064706
PLDV,PHEVSales,Lilydale,2045,9.45854988,15.67845,-6.21990012
PLDV,PHEVSales,Lilydale,2050,11.02874683,18.2879,-7.25915317
PLDV,BEVSales,Lilydale,2015,0.01950115,0.01577,0.00373115
PLDV,BEVSales,Lilydale,2018,0.01571988,0.34762,-0.33190012
PLDV,BEVSales,Lilydale,2020,0.01319904,0.56886,-0.55566096
PLDV,BEVSales,Lilydale,2025,0.33442337,8.01512,-7.68069663
PLDV,BEVSales,Lilydale,2030,1.88473937,8.8161,-6.93136063
PLDV,BEVSales,Lilydale,2035,6.70610559,8.9411,-2.23499441
PLDV,BEVSales,Lilydale,2040,10.92099039,18.84419,-7.92319961
PLDV,BEVSales,Lilydale,2045,13.10128823,22.60988,-9.50859177
PLDV,BEVSales,Lilydale,2050,15.28158608,26.37557,-11.09398392
PLDV,TotSales,Lino Lakes,2015,435.0441836,4173.44433,-3738.400146
PLDV,TotSales,Lino Lakes,2018,493.837932,4405.81846,-3911.980528
PLDV,TotSales,Lino Lakes,2020,533.0337643,4560.73455,-4027.700786
PLDV,TotSales,Lino Lakes,2025,755.8387436,5024.44379,-4268.605046
PLDV,TotSales,Lino Lakes,2030,901.7021365,5537.29072,-4635.588584
PLDV,TotSales,Lino Lakes,2035,944.6142401,5975.64067,-5031.02643
PLDV,TotSales,Lino Lakes,2040,723.8643775,6414.38212,-5690.517743
PLDV,TotSales,Lino Lakes,2045,781.6284162,6862.56968,-6080.941264
PLDV,TotSales,Lino Lakes,2050,839.392455,7310.75724,-6471.364785
PLDV,SISales,Lino Lakes,2015,421.4631537,4108.75241,-3687.289256
PLDV,SISales,Lino Lakes,2018,477.5746489,4328.72955,-3851.154901
PLDV,SISales,Lino Lakes,2020,514.9823124,4475.38098,-3960.398668
PLDV,SISales,Lino Lakes,2025,714.2874095,4817.82602,-4103.538611
PLDV,SISales,Lino Lakes,2030,809.0080686,5208.44818,-4399.440111
PLDV,SISales,Lino Lakes,2035,767.8854826,5503.37304,-4735.487557
PLDV,SISales,Lino Lakes,2040,450.5014124,5650.25907,-5199.757658
PLDV,SISales,Lino Lakes,2045,456.3090641,5958.5604,-5502.251336
PLDV,SISales,Lino Lakes,2050,462.1167159,6266.86174,-5804.745024
PLDV,CISales,Lino Lakes,2015,5.93098466,58.86026,-52.92927534
PLDV,CISales,Lino Lakes,2018,6.86044726,59.76272,-52.90227274
PLDV,CISales,Lino Lakes,2020,7.48008899,60.36436,-52.88427101
PLDV,CISales,Lino Lakes,2025,10.91425042,64.45422,-53.53996958
PLDV,CISales,Lino Lakes,2030,13.2768812,74.16771,-60.8908288
PLDV,CISales,Lino Lakes,2035,14.96900439,83.95888,-68.98987561
PLDV,CISales,Lino Lakes,2040,13.62082652,95.32775,-81.70692348
PLDV,CISales,Lino Lakes,2045,15.15879489,102.62124,-87.46244511
PLDV,CISales,Lino Lakes,2050,16.69676326,109.91474,-93.21797674
PLDV,HEVSales,Lino Lakes,2015,7.4598376,5.57498,1.8848576
PLDV,HEVSales,Lino Lakes,2018,8.44776675,13.39888,-4.95111325
PLDV,HEVSales,Lino Lakes,2020,9.10638618,18.61481,-9.50842382
PLDV,HEVSales,Lino Lakes,2025,23.1437381,47.70499,-24.5612519
PLDV,HEVSales,Lino Lakes,2030,50.84338897,119.20406,-68.36067103
PLDV,HEVSales,Lino Lakes,2035,74.73309167,230.57483,-155.8417383
PLDV,HEVSales,Lino Lakes,2040,80.87825789,375.46373,-294.5854721
PLDV,HEVSales,Lino Lakes,2045,95.56194194,449.44148,-353.8795381
PLDV,HEVSales,Lino Lakes,2050,110.245626,523.41923,-413.173604
PLDV,PHEVSales,Lino Lakes,2015,0.1198884,0.13784,-0.0179516
PLDV,PHEVSales,Lino Lakes,2018,0.87684575,1.78154,-0.90469425
PLDV,PHEVSales,Lino Lakes,2020,1.38148399,2.87735,-1.49586601
PLDV,PHEVSales,Lino Lakes,2025,5.47564548,38.75675,-33.28110452
PLDV,PHEVSales,Lino Lakes,2030,16.38835438,69.47696,-53.08860562
PLDV,PHEVSales,Lino Lakes,2035,38.03096774,90.01809,-51.98712226
PLDV,PHEVSales,Lino Lakes,2040,88.29616062,138.6045,-50.30833938
PLDV,PHEVSales,Lino Lakes,2045,105.9314151,166.29784,-60.3664249
PLDV,PHEVSales,Lino Lakes,2050,123.5666695,193.99117,-70.4245005
PLDV,BEVSales,Lino Lakes,2015,0.07031922,0.11884,-0.04852078
PLDV,BEVSales,Lino Lakes,2018,0.07822334,2.14576,-2.06753666
PLDV,BEVSales,Lino Lakes,2020,0.08349276,3.49705,-3.41355724
PLDV,BEVSales,Lino Lakes,2025,2.01770005,55.7018,-53.68409995
PLDV,BEVSales,Lino Lakes,2030,12.18544331,65.99381,-53.80836669
PLDV,BEVSales,Lino Lakes,2035,48.99569376,67.71583,-18.72013624
PLDV,BEVSales,Lino Lakes,2040,90.56772003,154.72707,-64.15934997
PLDV,BEVSales,Lino Lakes,2045,108.6672002,185.64872,-76.9815198
PLDV,BEVSales,Lino Lakes,2050,126.7666804,216.57037,-89.8036896
PLDV,TotSales,Linwood Twp.,2015,243.9250478,1563.43308,-1319.508032
PLDV,TotSales,Linwood Twp.,2018,254.7603605,1604.32391,-1349.56355
PLDV,TotSales,Linwood Twp.,2020,261.9839023,1631.58446,-1369.600558
PLDV,TotSales,Linwood Twp.,2025,310.4276794,1602.15986,-1291.732181
PLDV,TotSales,Linwood Twp.,2030,300.8927293,1598.37437,-1297.481641
PLDV,TotSales,Linwood Twp.,2035,267.1915413,1584.36934,-1317.177799
PLDV,TotSales,Linwood Twp.,2040,181.1319378,1572.5705,-1391.438562
PLDV,TotSales,Linwood Twp.,2045,168.5733159,1574.39799,-1405.824674
PLDV,TotSales,Linwood Twp.,2050,156.0146939,1576.22547,-1420.210776
PLDV,SISales,Linwood Twp.,2015,234.2405531,1537.84513,-1303.604577
PLDV,SISales,Linwood Twp.,2018,244.6069837,1570.97022,-1326.363236
PLDV,SISales,Linwood Twp.,2020,251.5179374,1593.05362,-1341.535683
PLDV,SISales,Linwood Twp.,2025,291.3972376,1510.78536,-1219.388122
PLDV,SISales,Linwood Twp.,2030,265.4577923,1474.55575,-1209.097958
PLDV,SISales,Linwood Twp.,2035,211.9930363,1432.11482,-1220.121784
PLDV,SISales,Linwood Twp.,2040,108.1531569,1359.42128,-1251.268123
PLDV,SISales,Linwood Twp.,2045,82.93567769,1323.73651,-1240.800832
PLDV,SISales,Linwood Twp.,2050,57.71819845,1288.05174,-1230.333542
PLDV,CISales,Linwood Twp.,2015,4.09566867,22.5398,-18.44413133
PLDV,CISales,Linwood Twp.,2018,4.07120595,23.75731,-19.68610405
PLDV,CISales,Linwood Twp.,2020,4.05489747,24.56898,-20.51408253
PLDV,CISales,Linwood Twp.,2025,4.5302661,25.37085,-20.8405839
PLDV,CISales,Linwood Twp.,2030,4.61041217,25.26998,-20.65956783
PLDV,CISales,Linwood Twp.,2035,4.51192467,24.98784,-20.47591533
PLDV,CISales,Linwood Twp.,2040,3.523476,25.42797,-21.904494
PLDV,CISales,Linwood Twp.,2045,3.40903747,26.0056,-22.59656253
PLDV,CISales,Linwood Twp.,2050,3.29459894,26.58324,-23.28864106
PLDV,HEVSales,Linwood Twp.,2015,5.44857193,2.87927,2.56930193
PLDV,HEVSales,Linwood Twp.,2018,5.46826558,7.3456,-1.87733442
PLDV,HEVSales,Linwood Twp.,2020,5.48139467,10.32316,-4.84176533
PLDV,HEVSales,Linwood Twp.,2025,10.79195916,22.92298,-12.13102084
PLDV,HEVSales,Linwood Twp.,2030,19.5115223,46.2359,-26.7243777
PLDV,HEVSales,Linwood Twp.,2035,22.87999467,74.81611,-51.93611533
PLDV,HEVSales,Linwood Twp.,2040,20.99446725,105.12206,-84.12759275
PLDV,HEVSales,Linwood Twp.,2045,24.10364631,125.57061,-101.4669637
PLDV,HEVSales,Linwood Twp.,2050,27.21282538,146.01917,-118.8063446
PLDV,PHEVSales,Linwood Twp.,2015,0.10340255,0.10812,-0.00471745
PLDV,PHEVSales,Linwood Twp.,2018,0.57520906,1.2028,-0.62759094
PLDV,PHEVSales,Linwood Twp.,2020,0.88974674,1.93258,-1.04283326
PLDV,PHEVSales,Linwood Twp.,2025,2.78376131,20.84897,-18.06520869
PLDV,PHEVSales,Linwood Twp.,2030,6.54556197,29.83034,-23.28477803
PLDV,PHEVSales,Linwood Twp.,2035,12.07321787,31.2348,-19.16158213
PLDV,PHEVSales,Linwood Twp.,2040,23.35501689,39.07089,-15.71587311
PLDV,PHEVSales,Linwood Twp.,2045,28.00533976,46.86345,-18.85811024
PLDV,PHEVSales,Linwood Twp.,2050,32.65566263,54.656,-22.00033737
PLDV,BEVSales,Linwood Twp.,2015,0.03685151,0.06076,-0.02390849
PLDV,BEVSales,Linwood Twp.,2018,0.03869623,1.04798,-1.00928377
PLDV,BEVSales,Linwood Twp.,2020,0.03992604,1.70613,-1.66620396
PLDV,BEVSales,Linwood Twp.,2025,0.92445518,22.2317,-21.30724482
PLDV,BEVSales,Linwood Twp.,2030,4.76744056,22.48239,-17.71494944
PLDV,BEVSales,Linwood Twp.,2035,15.73336772,21.21577,-5.48240228
PLDV,BEVSales,Linwood Twp.,2040,25.10582077,43.52831,-18.42248923
PLDV,BEVSales,Linwood Twp.,2045,30.11961462,52.22181,-22.10219538
PLDV,BEVSales,Linwood Twp.,2050,35.13340847,60.91532,-25.78191153
PLDV,TotSales,Little Canada,2015,261.3246033,2121.04657,-1859.721967
PLDV,TotSales,Little Canada,2018,280.5546997,2163.74597,-1883.19127
PLDV,TotSales,Little Canada,2020,293.3747639,2192.21224,-1898.837476
PLDV,TotSales,Little Canada,2025,372.8012702,2222.74923,-1849.94796
PLDV,TotSales,Little Canada,2030,396.2392383,2281.5184,-1885.279162
PLDV,TotSales,Little Canada,2035,369.296781,2268.25976,-1898.962979
PLDV,TotSales,Little Canada,2040,257.016982,2258.04995,-2001.032968
PLDV,TotSales,Little Canada,2045,256.1554578,2285.45063,-2029.295172
PLDV,TotSales,Little Canada,2050,255.2939335,2312.85131,-2057.557377
PLDV,SISales,Little Canada,2015,252.5740697,2087.65493,-1835.08086
PLDV,SISales,Little Canada,2018,270.734318,2123.60853,-1852.874212
PLDV,SISales,Little Canada,2020,282.8411502,2147.57759,-1864.73644
PLDV,SISales,Little Canada,2025,351.6480185,2119.34779,-1767.699772
PLDV,SISales,Little Canada,2030,353.6840055,2131.99328,-1778.309275
PLDV,SISales,Little Canada,2035,297.4758558,2075.44667,-1777.970814
PLDV,SISales,Little Canada,2040,157.1447851,1975.10511,-1817.960325
PLDV,SISales,Little Canada,2045,138.0589282,1952.59515,-1814.536222
PLDV,SISales,Little Canada,2050,118.9730713,1930.08518,-1811.112109
PLDV,CISales,Little Canada,2015,3.80977628,30.09735,-26.28757372
PLDV,CISales,Little Canada,2018,4.10671659,30.31181,-26.20509341
PLDV,CISales,Little Canada,2020,4.30467681,30.45478,-26.15010319
PLDV,CISales,Little Canada,2025,5.4091178,31.14446,-25.7353422
PLDV,CISales,Little Canada,2030,5.97188726,32.92236,-26.95047274
PLDV,CISales,Little Canada,2035,6.0654182,33.65471,-27.5892918
PLDV,CISales,Little Canada,2040,4.95745961,34.99541,-30.03795039
PLDV,CISales,Little Canada,2045,5.18699628,35.97502,-30.78802372
PLDV,CISales,Little Canada,2050,5.41653294,36.95463,-31.53809706
PLDV,HEVSales,Little Canada,2015,4.82246075,3.13843,1.68403075
PLDV,HEVSales,Little Canada,2018,5.14919902,7.58501,-2.43581098
PLDV,HEVSales,Little Canada,2020,5.36702453,10.54939,-5.18236547
PLDV,HEVSales,Little Canada,2025,11.88445503,24.65321,-12.76875497
PLDV,HEVSales,Little Canada,2030,23.43372456,54.97137,-31.53764544
PLDV,HEVSales,Little Canada,2035,30.28130624,94.61041,-64.32910376
PLDV,HEVSales,Little Canada,2040,29.45341403,139.4709,-110.017486
PLDV,HEVSales,Little Canada,2045,34.37960468,166.73739,-132.3577853
PLDV,HEVSales,Little Canada,2050,39.30579534,194.00389,-154.6980947
PLDV,PHEVSales,Little Canada,2015,0.07901619,0.08878,-0.00976381
PLDV,PHEVSales,Little Canada,2018,0.52177092,1.0657,-0.54392908
PLDV,PHEVSales,Little Canada,2020,0.81694073,1.71698,-0.90003927
PLDV,PHEVSales,Little Canada,2025,2.83499814,20.48548,-17.65048186
PLDV,PHEVSales,Little Canada,2030,7.5287656,32.55589,-25.0271244
PLDV,PHEVSales,Little Canada,2035,15.41419774,37.17296,-21.75876226
PLDV,PHEVSales,Little Canada,2040,31.99174529,51.07103,-19.07928471
PLDV,PHEVSales,Little Canada,2045,38.37429112,61.26748,-22.89318888
PLDV,PHEVSales,Little Canada,2050,44.75683694,71.46393,-26.70709306
PLDV,BEVSales,Little Canada,2015,0.03928044,0.06707,-0.02778956
PLDV,BEVSales,Little Canada,2018,0.04269514,1.17493,-1.13223486
PLDV,BEVSales,Little Canada,2020,0.04497161,1.9135,-1.86852839
PLDV,BEVSales,Little Canada,2025,1.0246807,27.11829,-26.0936093
PLDV,BEVSales,Little Canada,2030,5.62085543,29.0755,-23.45464457
PLDV,BEVSales,Little Canada,2035,20.060003,27.375,-7.314997
PLDV,BEVSales,Little Canada,2040,33.46957798,57.4075,-23.93792202
PLDV,BEVSales,Little Canada,2045,40.15563748,68.87559,-28.71995252
PLDV,BEVSales,Little Canada,2050,46.84169699,80.34367,-33.50197301
PLDV,TotSales,Long Lake,2015,59.24053274,513.32959,-454.0890573
PLDV,TotSales,Long Lake,2018,64.23504679,528.05582,-463.8207732
PLDV,TotSales,Long Lake,2020,67.56472282,537.8733,-470.3085772
PLDV,TotSales,Long Lake,2025,88.62717866,557.10718,-468.4800013
PLDV,TotSales,Long Lake,2030,100.7078053,582.72163,-482.0138247
PLDV,TotSales,Long Lake,2035,108.7023343,587.24272,-478.5403857
PLDV,TotSales,Long Lake,2040,93.51129647,592.42475,-498.9134535
PLDV,TotSales,Long Lake,2045,100.3654492,608.24378,-507.8783308
PLDV,TotSales,Long Lake,2050,107.219602,624.06281,-516.843208
PLDV,SISales,Long Lake,2015,56.69426994,505.06578,-448.3715101
PLDV,SISales,Long Lake,2018,61.35164903,516.70113,-455.349481
PLDV,SISales,Long Lake,2020,64.45656842,524.45803,-460.0014616
PLDV,SISales,Long Lake,2025,81.36836295,504.19814,-422.8297771
PLDV,SISales,Long Lake,2030,82.36593796,509.329,-426.963062
PLDV,SISales,Long Lake,2035,69.49142478,500.2396,-430.7481752
PLDV,SISales,Long Lake,2040,34.68491361,460.81347,-426.1285564
PLDV,SISales,Long Lake,2045,30.28304234,451.963,-421.6799577
PLDV,SISales,Long Lake,2050,25.88117108,443.11254,-417.2313689
PLDV,CISales,Long Lake,2015,1.00560749,7.33801,-6.33240251
PLDV,CISales,Long Lake,2018,1.0430091,7.50473,-6.4617209
PLDV,CISales,Long Lake,2020,1.06794351,7.61588,-6.54793649
PLDV,CISales,Long Lake,2025,1.27058294,7.63036,-6.35977706
PLDV,CISales,Long Lake,2030,1.46391224,8.16542,-6.70150776
PLDV,CISales,Long Lake,2035,1.5350196,8.53774,-7.0027204
PLDV,CISales,Long Lake,2040,1.18387758,8.67277,-7.48889242
PLDV,CISales,Long Lake,2045,1.21953159,8.93973,-7.72019841
PLDV,CISales,Long Lake,2050,1.25518561,9.20668,-7.95149439
PLDV,HEVSales,Long Lake,2015,1.3212452,0.80762,0.5136252
PLDV,HEVSales,Long Lake,2018,1.38564892,1.99762,-0.61197108
PLDV,HEVSales,Long Lake,2020,1.42858474,2.79095,-1.36236526
PLDV,HEVSales,Long Lake,2025,3.04380125,6.55967,-3.51586875
PLDV,HEVSales,Long Lake,2030,6.15013289,14.62277,-8.47263711
PLDV,HEVSales,Long Lake,2035,7.68506001,25.21516,-17.53009999
PLDV,HEVSales,Long Lake,2040,6.94023296,35.37645,-28.43621704
PLDV,HEVSales,Long Lake,2045,8.06403051,42.29021,-34.22617949
PLDV,HEVSales,Long Lake,2050,9.18782806,49.20398,-40.01615194
PLDV,PHEVSales,Long Lake,2015,0.13408661,0.0637,0.07038661
PLDV,PHEVSales,Long Lake,2018,0.39621114,0.7618,-0.36558886
PLDV,PHEVSales,Long Lake,2020,0.57096083,1.2272,-0.65623917
PLDV,PHEVSales,Long Lake,2025,1.97176436,14.71307,-12.74130564
PLDV,PHEVSales,Long Lake,2030,5.11139677,23.33328,-18.22188323
PLDV,PHEVSales,Long Lake,2035,10.02797173,25.96487,-15.93689827
PLDV,PHEVSales,Long Lake,2040,19.28560566,32.57577,-13.29016434
PLDV,PHEVSales,Long Lake,2045,23.11590947,39.07818,-15.96227053
PLDV,PHEVSales,Long Lake,2050,26.94621328,45.58059,-18.63437672
PLDV,BEVSales,Long Lake,2015,0.08532351,0.05449,0.03083351
PLDV,BEVSales,Long Lake,2018,0.0585286,1.09054,-1.0320114
PLDV,BEVSales,Long Lake,2020,0.04066532,1.78124,-1.74057468
PLDV,BEVSales,Long Lake,2025,0.97266716,24.00594,-23.03327284
PLDV,BEVSales,Long Lake,2030,5.61642546,27.27116,-21.65473454
PLDV,BEVSales,Long Lake,2035,19.96285818,27.28536,-7.32250182
PLDV,BEVSales,Long Lake,2040,31.41666667,54.9863,-23.56963333
PLDV,BEVSales,Long Lake,2045,37.6829353,65.97266,-28.2897247
PLDV,BEVSales,Long Lake,2050,43.94920393,76.95902,-33.00981607
PLDV,TotSales,Loretto,2015,22.66323218,196.3849,-173.7216678
PLDV,TotSales,Loretto,2018,24.30428674,199.86946,-175.5651733
PLDV,TotSales,Loretto,2020,25.39832312,202.1925,-176.7941769
PLDV,TotSales,Loretto,2025,32.27660121,202.88953,-170.6129288
PLDV,TotSales,Loretto,2030,35.60376956,206.0127,-170.4089304
PLDV,TotSales,Loretto,2035,38.45184239,207.72842,-169.2765776
PLDV,TotSales,Loretto,2040,33.09632295,209.67607,-176.5797471
PLDV,TotSales,Loretto,2045,35.1829411,212.3343,-177.1513589
PLDV,TotSales,Loretto,2050,37.26955926,214.99253,-177.7229707
PLDV,SISales,Loretto,2015,21.68957108,193.22341,-171.5338389
PLDV,SISales,Loretto,2018,23.21378863,195.57909,-172.3653014
PLDV,SISales,Loretto,2020,24.22993366,197.14955,-172.9196163
PLDV,SISales,Loretto,2025,29.6330566,183.6209,-153.9878434
PLDV,SISales,Loretto,2030,29.119271,180.06581,-150.946539
PLDV,SISales,Loretto,2035,24.58156332,176.95236,-152.3707967
PLDV,SISales,Loretto,2040,12.27598318,163.09507,-150.8190868
PLDV,SISales,Loretto,2045,10.3932656,157.0694,-146.6761344
PLDV,SISales,Loretto,2050,8.51054802,151.04373,-142.533182
PLDV,CISales,Loretto,2015,0.38471604,2.80731,-2.42259396
PLDV,CISales,Loretto,2018,0.39475745,2.84066,-2.44590255
PLDV,CISales,Loretto,2020,0.40145172,2.86289,-2.46143828
PLDV,CISales,Loretto,2025,0.46272599,2.77886,-2.31613401
PLDV,CISales,Loretto,2030,0.51754473,2.88677,-2.36922527
PLDV,CISales,Loretto,2035,0.54299047,3.0201,-2.47710953
PLDV,CISales,Loretto,2040,0.41900814,3.06954,-2.65053186
PLDV,CISales,Loretto,2045,0.42586656,3.12199,-2.69612344
PLDV,CISales,Loretto,2050,0.43272498,3.17444,-2.74171502
PLDV,HEVSales,Loretto,2015,0.50546981,0.30897,0.19649981
PLDV,HEVSales,Loretto,2018,0.52440036,0.75308,-0.22867964
PLDV,HEVSales,Loretto,2020,0.53702073,1.04915,-0.51212927
PLDV,HEVSales,Loretto,2025,1.10850374,2.38893,-1.28042626
PLDV,HEVSales,Loretto,2030,2.17428941,5.16966,-2.99537059
PLDV,HEVSales,Loretto,2035,2.71847627,8.91949,-6.20101373
PLDV,HEVSales,Loretto,2040,2.45634699,12.52074,-10.06439301
PLDV,HEVSales,Loretto,2045,2.84652242,14.96309,-12.11656758
PLDV,HEVSales,Loretto,2050,3.23669786,17.40544,-14.16874214
PLDV,PHEVSales,Loretto,2015,0.05105658,0.02437,0.02668658
PLDV,PHEVSales,Loretto,2018,0.14920091,0.28654,-0.13733909
PLDV,PHEVSales,Loretto,2020,0.21463046,0.46132,-0.24668954
PLDV,PHEVSales,Loretto,2025,0.71808505,5.35827,-4.64018495
PLDV,PHEVSales,Loretto,2030,1.80705947,8.24914,-6.44208053
PLDV,PHEVSales,Loretto,2035,3.54724663,9.18469,-5.63744337
PLDV,PHEVSales,Loretto,2040,6.82572756,11.5295,-4.70377244
PLDV,PHEVSales,Loretto,2045,8.18066175,13.83052,-5.64985825
PLDV,PHEVSales,Loretto,2050,9.53559595,16.13155,-6.59595405
PLDV,BEVSales,Loretto,2015,0.03241867,0.02084,0.01157867
PLDV,BEVSales,Loretto,2018,0.02213939,0.41009,-0.38795061
PLDV,BEVSales,Loretto,2020,0.01528654,0.66959,-0.65430346
PLDV,BEVSales,Loretto,2025,0.35422983,8.74258,-8.38835017
PLDV,BEVSales,Loretto,2030,1.98560496,9.64132,-7.65571504
PLDV,BEVSales,Loretto,2035,7.06156571,9.65179,-2.59022429
PLDV,BEVSales,Loretto,2040,11.11925709,19.46122,-8.34196291
PLDV,BEVSales,Loretto,2045,13.33662477,23.3493,-10.01267523
PLDV,BEVSales,Loretto,2050,15.55399246,27.23738,-11.68338754
PLDV,TotSales,Louisville Twp.,2015,14.63561827,176.81284,-162.1772217
PLDV,TotSales,Louisville Twp.,2018,16.18039224,179.32337,-163.1429778
PLDV,TotSales,Louisville Twp.,2020,17.21024155,180.99706,-163.7868185
PLDV,TotSales,Louisville Twp.,2025,23.71813782,181.02424,-157.3061022
PLDV,TotSales,Louisville Twp.,2030,27.14762661,182.67136,-155.5237334
PLDV,TotSales,Louisville Twp.,2035,27.11038423,181.07078,-153.9603958
PLDV,TotSales,Louisville Twp.,2040,19.62787156,179.72234,-160.0944684
PLDV,TotSales,Louisville Twp.,2045,20.62632222,180.30424,-159.6779178
PLDV,TotSales,Louisville Twp.,2050,21.62477288,180.88614,-159.2613671
PLDV,SISales,Louisville Twp.,2015,14.05267434,174.05512,-160.0024457
PLDV,SISales,Louisville Twp.,2018,15.53249919,176.17968,-160.6471808
PLDV,SISales,Louisville Twp.,2020,16.51904909,177.59606,-161.0770109
PLDV,SISales,Louisville Twp.,2025,22.32605567,174.28261,-151.9565543
PLDV,SISales,Louisville Twp.,2030,24.07575762,172.23936,-148.1636024
PLDV,SISales,Louisville Twp.,2035,21.68226992,166.27289,-144.5906201
PLDV,SISales,Louisville Twp.,2040,11.92372598,156.92578,-145.002054
PLDV,SISales,Louisville Twp.,2045,11.4979363,153.49991,-142.0019737
PLDV,SISales,Louisville Twp.,2050,11.07214663,150.07404,-139.0018934
PLDV,CISales,Louisville Twp.,2015,0.25064221,2.50956,-2.25891779
PLDV,CISales,Louisville Twp.,2018,0.26576012,2.46246,-2.19669988
PLDV,CISales,Louisville Twp.,2020,0.27583873,2.43106,-2.15522127
PLDV,CISales,Louisville Twp.,2025,0.34762058,2.3069,-1.95927942
PLDV,CISales,Louisville Twp.,2030,0.42588228,2.46361,-2.03772772
PLDV,CISales,Louisville Twp.,2035,0.47637423,2.65289,-2.17651577
PLDV,CISales,Louisville Twp.,2040,0.39924562,2.84899,-2.44974438
PLDV,CISales,Louisville Twp.,2045,0.42896631,2.91687,-2.48790369
PLDV,CISales,Louisville Twp.,2050,0.45868699,2.98476,-2.52607301
PLDV,HEVSales,Louisville Twp.,2015,0.3275674,0.24066,0.0869074
PLDV,HEVSales,Louisville Twp.,2018,0.35480164,0.57008,-0.21527836
PLDV,HEVSales,Louisville Twp.,2020,0.3729578,0.78969,-0.4167322
PLDV,HEVSales,Louisville Twp.,2025,0.83581318,1.90766,-1.07184682
PLDV,HEVSales,Louisville Twp.,2030,1.8095488,4.36915,-2.5596012
PLDV,HEVSales,Louisville Twp.,2035,2.44501242,7.88352,-5.43850758
PLDV,HEVSales,Louisville Twp.,2040,2.46732483,11.91257,-9.44524517
PLDV,HEVSales,Louisville Twp.,2045,2.89527632,14.24696,-11.35168368
PLDV,HEVSales,Louisville Twp.,2050,3.3232278,16.58134,-13.2581122
PLDV,PHEVSales,Louisville Twp.,2015,0.00317677,0.00433,-0.00115323
PLDV,PHEVSales,Louisville Twp.,2018,0.02540892,0.05478,-0.02937108
PLDV,PHEVSales,Louisville Twp.,2020,0.04023035,0.08841,-0.04817965
PLDV,PHEVSales,Louisville Twp.,2025,0.14206079,1.10382,-0.96175921
PLDV,PHEVSales,Louisville Twp.,2030,0.41733009,1.87054,-1.45320991
PLDV,PHEVSales,Louisville Twp.,2035,0.91646088,2.26581,-1.34934912
PLDV,PHEVSales,Louisville Twp.,2040,1.95610936,3.17432,-1.21821064
PLDV,PHEVSales,Louisville Twp.,2045,2.34669587,3.80832,-1.46162413
PLDV,PHEVSales,Louisville Twp.,2050,2.73728239,4.44231,-1.70502761
PLDV,BEVSales,Louisville Twp.,2015,0.00155754,0.00317,-0.00161246
PLDV,BEVSales,Louisville Twp.,2018,0.00192237,0.05637,-0.05444763
PLDV,BEVSales,Louisville Twp.,2020,0.00216559,0.09184,-0.08967441
PLDV,BEVSales,Louisville Twp.,2025,0.06658761,1.42324,-1.35665239
PLDV,BEVSales,Louisville Twp.,2030,0.41910782,1.7287,-1.30959218
PLDV,BEVSales,Louisville Twp.,2035,1.59026678,1.99566,-0.40539322
PLDV,BEVSales,Louisville Twp.,2040,2.88146578,4.86069,-1.97922422
PLDV,BEVSales,Louisville Twp.,2045,3.45744742,5.83219,-2.37474258
PLDV,BEVSales,Louisville Twp.,2050,4.03342907,6.80369,-2.77026093
PLDV,TotSales,Mahtomedi,2015,129.2767798,1414.41333,-1285.13655
PLDV,TotSales,Mahtomedi,2018,142.4396756,1445.73483,-1303.295154
PLDV,TotSales,Mahtomedi,2020,151.2149394,1466.61583,-1315.400891
PLDV,TotSales,Mahtomedi,2025,203.1599988,1461.04613,-1257.886131
PLDV,TotSales,Mahtomedi,2030,232.1113618,1469.76866,-1237.657298
PLDV,TotSales,Mahtomedi,2035,250.2837344,1469.31395,-1219.030216
PLDV,TotSales,Mahtomedi,2040,212.1308423,1470.70288,-1258.572038
PLDV,TotSales,Mahtomedi,2045,228.7016548,1481.96079,-1253.259135
PLDV,TotSales,Mahtomedi,2050,245.2724673,1493.2187,-1247.946233
PLDV,SISales,Mahtomedi,2015,123.6392442,1392.01202,-1268.372776
PLDV,SISales,Mahtomedi,2018,136.0495369,1417.62802,-1281.578483
PLDV,SISales,Mahtomedi,2020,144.3230653,1434.70535,-1290.382285
PLDV,SISales,Mahtomedi,2025,187.6656314,1356.99627,-1169.330639
PLDV,SISales,Mahtomedi,2030,193.5709014,1321.78826,-1128.217359
PLDV,SISales,Mahtomedi,2035,169.175249,1281.96968,-1112.794431
PLDV,SISales,Mahtomedi,2040,87.03788671,1178.25201,-1091.214123
PLDV,SISales,Mahtomedi,2045,79.7176152,1135.50001,-1055.782395
PLDV,SISales,Mahtomedi,2050,72.3973437,1092.74801,-1020.350666
PLDV,CISales,Mahtomedi,2015,2.29193064,20.15038,-17.85844936
PLDV,CISales,Mahtomedi,2018,2.3814506,20.09614,-17.7146894
PLDV,CISales,Mahtomedi,2020,2.44113057,20.05998,-17.61884943
PLDV,CISales,Mahtomedi,2025,2.93811225,18.88742,-15.94930775
PLDV,CISales,Mahtomedi,2030,3.46903396,19.84114,-16.37210604
PLDV,CISales,Mahtomedi,2035,3.78748219,21.19304,-17.40555781
PLDV,CISales,Mahtomedi,2040,2.99210757,21.9587,-18.96659243
PLDV,CISales,Mahtomedi,2045,3.13214296,22.32036,-19.18821704
PLDV,CISales,Mahtomedi,2050,3.27217834,22.68202,-19.40984166
PLDV,HEVSales,Mahtomedi,2015,3.04430867,2.05159,0.99271867
PLDV,HEVSales,Mahtomedi,2018,3.22727804,4.92113,-1.69385196
PLDV,HEVSales,Mahtomedi,2020,3.34925761,6.83415,-3.48489239
PLDV,HEVSales,Mahtomedi,2025,7.21393828,16.11121,-8.89727172
PLDV,HEVSales,Mahtomedi,2030,14.93810564,35.92516,-20.98705436
PLDV,HEVSales,Mahtomedi,2035,19.18597095,63.52039,-44.33441905
PLDV,HEVSales,Mahtomedi,2040,17.83368823,90.99856,-73.16487177
PLDV,HEVSales,Mahtomedi,2045,20.79156414,108.78795,-87.99638586
PLDV,HEVSales,Mahtomedi,2050,23.74944005,126.57734,-102.8279
PLDV,PHEVSales,Mahtomedi,2015,0.19935449,0.11504,0.08431449
PLDV,PHEVSales,Mahtomedi,2018,0.70273031,1.40299,-0.70025969
PLDV,PHEVSales,Mahtomedi,2020,1.03831419,2.26161,-1.22329581
PLDV,PHEVSales,Mahtomedi,2025,3.52788513,26.82733,-23.29944487
PLDV,PHEVSales,Mahtomedi,2030,9.53704948,43.90442,-34.36737052
PLDV,PHEVSales,Mahtomedi,2035,19.74171667,51.43813,-31.69641333
PLDV,PHEVSales,Mahtomedi,2040,39.45043642,66.8138,-27.36336358
PLDV,PHEVSales,Mahtomedi,2045,47.3006528,80.15355,-32.8528972
PLDV,PHEVSales,Mahtomedi,2050,55.15086919,93.4933,-38.34243081
PLDV,BEVSales,Mahtomedi,2015,0.10194176,0.0843,0.01764176
PLDV,BEVSales,Mahtomedi,2018,0.07867975,1.68656,-1.60788025
PLDV,BEVSales,Mahtomedi,2020,0.06317175,2.75472,-2.69154825
PLDV,BEVSales,Mahtomedi,2025,1.81443169,42.2239,-40.40946831
PLDV,BEVSales,Mahtomedi,2030,10.59627127,48.30967,-37.71339873
PLDV,BEVSales,Mahtomedi,2035,38.39331564,51.19271,-12.79939436
PLDV,BEVSales,Mahtomedi,2040,64.81672338,112.67982,-47.86309662
PLDV,BEVSales,Mahtomedi,2045,77.75967971,135.19893,-57.43925029
PLDV,BEVSales,Mahtomedi,2050,90.70263603,157.71803,-67.01539397
PLDV,TotSales,Maple Grove,2015,2451.469135,13749.37859,-11297.90946
PLDV,TotSales,Maple Grove,2018,2590.43746,14504.32649,-11913.88903
PLDV,TotSales,Maple Grove,2020,2683.08301,15007.62508,-12324.54207
PLDV,TotSales,Maple Grove,2025,3090.889658,15626.30108,-12535.41142
PLDV,TotSales,Maple Grove,2030,3220.930098,16503.48328,-13282.55318
PLDV,TotSales,Maple Grove,2035,3371.005293,17234.29984,-13863.29455
PLDV,TotSales,Maple Grove,2040,2886.738293,17974.85709,-15088.1188
PLDV,TotSales,Maple Grove,2045,2973.792124,18819.9528,-15846.16068
PLDV,TotSales,Maple Grove,2050,3060.845956,19665.0485,-16604.20254
PLDV,SISales,Maple Grove,2015,2365.867803,13524.92674,-11159.05894
PLDV,SISales,Maple Grove,2018,2492.281057,14163.1992,-11670.91814
PLDV,SISales,Maple Grove,2020,2576.556559,14588.71417,-12012.15761
PLDV,SISales,Maple Grove,2025,2864.773518,13955.05021,-11090.27669
PLDV,SISales,Maple Grove,2030,2703.169518,14402.73892,-11699.5694
PLDV,SISales,Maple Grove,2035,2249.551978,14815.6472,-12566.09522
PLDV,SISales,Maple Grove,2040,1146.867647,14207.27511,-13060.40746
PLDV,SISales,Maple Grove,2045,903.0676161,14343.74478,-13440.67716
PLDV,SISales,Maple Grove,2050,659.267585,14480.21446,-13820.94688
PLDV,CISales,Maple Grove,2015,34.73335507,196.33679,-161.6034349
PLDV,CISales,Maple Grove,2018,37.42587815,212.42575,-174.9998719
PLDV,CISales,Maple Grove,2020,39.22089353,223.15171,-183.9308165
PLDV,CISales,Maple Grove,2025,44.05571174,235.13651,-191.0807983
PLDV,CISales,Maple Grove,2030,45.81252921,245.36479,-199.5522608
PLDV,CISales,Maple Grove,2035,46.17211042,253.21743,-207.0453196
PLDV,CISales,Maple Grove,2040,36.68399674,258.73349,-222.0494933
PLDV,CISales,Maple Grove,2045,37.07412508,271.21282,-234.1386949
PLDV,CISales,Maple Grove,2050,37.46425341,283.69216,-246.2279066
PLDV,HEVSales,Maple Grove,2015,43.1838704,23.79856,19.3853104
PLDV,HEVSales,Maple Grove,2018,45.96098112,62.55561,-16.59462888
PLDV,HEVSales,Maple Grove,2020,47.81238826,88.39364,-40.58125174
PLDV,HEVSales,Maple Grove,2025,95.31256208,190.86195,-95.54938792
PLDV,HEVSales,Maple Grove,2030,176.2400564,408.31739,-232.0773336
PLDV,HEVSales,Maple Grove,2035,228.2175547,705.3533,-477.1357453
PLDV,HEVSales,Maple Grove,2040,215.3483004,1019.70981,-804.3615096
PLDV,HEVSales,Maple Grove,2045,249.7811864,1218.89206,-969.1108736
PLDV,HEVSales,Maple Grove,2050,284.2140724,1418.07431,-1133.860238
PLDV,PHEVSales,Maple Grove,2015,3.8942763,1.91305,1.9812263
PLDV,PHEVSales,Maple Grove,2018,12.27216082,22.91887,-10.64670918
PLDV,PHEVSales,Maple Grove,2020,17.85741717,36.92275,-19.06533283
PLDV,PHEVSales,Maple Grove,2025,56.24491797,401.27397,-345.029052
PLDV,PHEVSales,Maple Grove,2030,139.4232551,596.71549,-457.2922349
PLDV,PHEVSales,Maple Grove,2035,285.049879,679.1649,-394.115021
PLDV,PHEVSales,Maple Grove,2040,580.5193294,924.48617,-343.9668406
PLDV,PHEVSales,Maple Grove,2045,695.84434,1109.00079,-413.15645
PLDV,PHEVSales,Maple Grove,2050,811.1693507,1293.51541,-482.3460593
PLDV,BEVSales,Maple Grove,2015,3.78983053,2.40345,1.38638053
PLDV,BEVSales,Maple Grove,2018,2.49738338,43.22706,-40.72967662
PLDV,BEVSales,Maple Grove,2020,1.63575195,70.44281,-68.80705805
PLDV,BEVSales,Maple Grove,2025,30.50294764,843.97845,-813.4755024
PLDV,BEVSales,Maple Grove,2030,156.2847397,850.34668,-694.0619403
PLDV,BEVSales,Maple Grove,2035,562.0137704,780.91701,-218.9032396
PLDV,BEVSales,Maple Grove,2040,907.3190188,1564.65253,-657.3335112
PLDV,BEVSales,Maple Grove,2045,1088.024856,1877.10234,-789.077484
PLDV,BEVSales,Maple Grove,2050,1268.730694,2189.55216,-920.821466
PLDV,TotSales,Maple Plain,2015,49.07268825,425.24511,-376.1724218
PLDV,TotSales,Maple Plain,2018,53.41143671,439.0347,-385.6232633
PLDV,TotSales,Maple Plain,2020,56.30393568,448.22775,-391.9238143
PLDV,TotSales,Maple Plain,2025,74.74581333,469.84943,-395.1036167
PLDV,TotSales,Maple Plain,2030,85.85243941,496.7646,-410.9121606
PLDV,TotSales,Maple Plain,2035,96.78133212,522.84188,-426.0605479
PLDV,TotSales,Maple Plain,2040,86.68084582,549.1516,-462.4707542
PLDV,TotSales,Maple Plain,2045,94.20247733,573.9329,-479.7304227
PLDV,TotSales,Maple Plain,2050,101.7241088,598.7142,-496.9900912
PLDV,SISales,Maple Plain,2015,46.96585108,418.39932,-371.4334689
PLDV,SISales,Maple Plain,2018,51.01462464,429.58875,-378.5741254
PLDV,SISales,Maple Plain,2020,53.71380702,437.04836,-383.334553
PLDV,SISales,Maple Plain,2025,68.62392056,425.22735,-356.6034294
PLDV,SISales,Maple Plain,2030,70.21617317,434.19809,-363.9819168
PLDV,SISales,Maple Plain,2035,61.87054496,445.38009,-383.509545
PLDV,SISales,Maple Plain,2040,32.15138451,427.15375,-395.0023655
PLDV,SISales,Maple Plain,2045,29.1884912,428.90464,-399.7161488
PLDV,SISales,Maple Plain,2050,26.22559788,430.65552,-404.4299221
PLDV,CISales,Maple Plain,2015,0.83305088,6.07885,-5.24579912
PLDV,CISales,Maple Plain,2018,0.86719211,6.23948,-5.37228789
PLDV,CISales,Maple Plain,2020,0.88995293,6.34657,-5.45661707
PLDV,CISales,Maple Plain,2025,1.07157597,6.43525,-5.36367403
PLDV,CISales,Maple Plain,2030,1.24797116,6.96094,-5.71296884
PLDV,CISales,Maple Plain,2035,1.36667941,7.60143,-6.23475059
PLDV,CISales,Maple Plain,2040,1.09740228,8.03928,-6.94187772
PLDV,CISales,Maple Plain,2045,1.15027256,8.43136,-7.28108744
PLDV,CISales,Maple Plain,2050,1.20314283,8.82345,-7.62030717
PLDV,HEVSales,Maple Plain,2015,1.09452693,0.66904,0.42548693
PLDV,HEVSales,Maple Plain,2018,1.15210314,1.66309,-0.51098686
PLDV,HEVSales,Maple Plain,2020,1.19048728,2.32579,-1.13530272
PLDV,HEVSales,Maple Plain,2025,2.56706129,5.53225,-2.96518871
PLDV,HEVSales,Maple Plain,2030,5.24292938,12.46577,-7.22284062
PLDV,HEVSales,Maple Plain,2035,6.84226655,22.4499,-15.60763345
PLDV,HEVSales,Maple Plain,2040,6.43328972,32.79241,-26.35912028
PLDV,HEVSales,Maple Plain,2045,7.50104228,39.21708,-31.71603772
PLDV,HEVSales,Maple Plain,2050,8.56879484,45.64175,-37.07295516
PLDV,PHEVSales,Maple Plain,2015,0.10977859,0.05277,0.05700859
PLDV,PHEVSales,Maple Plain,2018,0.32939185,0.6347,-0.30530815
PLDV,PHEVSales,Maple Plain,2020,0.47580069,1.02266,-0.54685931
PLDV,PHEVSales,Maple Plain,2025,1.6629338,12.40862,-10.7456862
PLDV,PHEVSales,Maple Plain,2030,4.35741679,19.89139,-15.53397321
PLDV,PHEVSales,Maple Plain,2035,8.92823939,23.11739,-14.18915061
PLDV,PHEVSales,Maple Plain,2040,17.8769055,30.1963,-12.3193945
PLDV,PHEVSales,Maple Plain,2045,21.43033089,36.225,-14.79466911
PLDV,PHEVSales,Maple Plain,2050,24.98375627,42.25371,-17.26995373
PLDV,BEVSales,Maple Plain,2015,0.06948077,0.04514,0.02434077
PLDV,BEVSales,Maple Plain,2018,0.04812497,0.90868,-0.86055503
PLDV,BEVSales,Maple Plain,2020,0.03388777,1.48437,-1.45048223
PLDV,BEVSales,Maple Plain,2025,0.8203217,20.24597,-19.4256483
PLDV,BEVSales,Maple Plain,2030,4.78794891,23.24841,-18.46046109
PLDV,BEVSales,Maple Plain,2035,17.77360183,24.29307,-6.51946817
PLDV,BEVSales,Maple Plain,2040,29.1218638,50.96987,-21.8480062
PLDV,BEVSales,Maple Plain,2045,34.93234041,61.15482,-26.22247959
PLDV,BEVSales,Maple Plain,2050,40.74281702,71.33977,-30.59695298
PLDV,TotSales,Maplewood,2015,1324.956598,8464.76346,-7139.806862
PLDV,TotSales,Maplewood,2018,1420.579884,8873.26362,-7452.683736
PLDV,TotSales,Maplewood,2020,1484.328742,9145.59705,-7661.268308
PLDV,TotSales,Maplewood,2025,1765.406223,9485.58627,-7720.180047
PLDV,TotSales,Maplewood,2030,1880.21299,9968.05576,-8087.84277
PLDV,TotSales,Maplewood,2035,1951.207069,10247.8969,-8296.689831
PLDV,TotSales,Maplewood,2040,1668.986937,10536.02783,-8867.040893
PLDV,TotSales,Maplewood,2045,1737.793005,10950.2807,-9212.487695
PLDV,TotSales,Maplewood,2050,1806.599073,11364.53357,-9557.934497
PLDV,SISales,Maplewood,2015,1280.51946,8328.87562,-7048.35616
PLDV,SISales,Maplewood,2018,1367.244351,8677.60186,-7310.357509
PLDV,SISales,Maplewood,2020,1425.060945,8910.08601,-7485.025065
PLDV,SISales,Maplewood,2025,1634.370359,8571.18052,-6936.810161
PLDV,SISales,Maplewood,2030,1580.753597,8765.72012,-7184.966523
PLDV,SISales,Maplewood,2035,1320.623275,8846.97759,-7526.354315
PLDV,SISales,Maplewood,2040,676.0400534,8402.43229,-7726.392237
PLDV,SISales,Maplewood,2045,555.144172,8417.14362,-7861.999448
PLDV,SISales,Maplewood,2050,434.2482907,8431.85495,-7997.606659
PLDV,CISales,Maplewood,2015,18.16046935,120.22383,-102.0633607
PLDV,CISales,Maplewood,2018,20.08915497,126.86485,-106.775695
PLDV,CISales,Maplewood,2020,21.37494539,131.2922,-109.9172546
PLDV,CISales,Maplewood,2025,25.07114467,136.26027,-111.1891253
PLDV,CISales,Maplewood,2030,26.5862176,143.20906,-116.6228424
PLDV,CISales,Maplewood,2035,26.79024504,147.29322,-120.502975
PLDV,CISales,Maplewood,2040,21.41341083,150.36157,-128.9481592
PLDV,CISales,Maplewood,2045,22.06399913,156.38912,-134.3251209
PLDV,CISales,Maplewood,2050,22.71458743,162.41667,-139.7020826
PLDV,HEVSales,Maplewood,2015,22.30860548,13.39041,8.91819548
PLDV,HEVSales,Maplewood,2018,24.27865634,34.31001,-10.03135366
PLDV,HEVSales,Maplewood,2020,25.59202358,48.25642,-22.66439642
PLDV,HEVSales,Maplewood,2025,53.2567787,106.39353,-53.1367513
PLDV,HEVSales,Maplewood,2030,100.6329591,232.87926,-132.2463009
PLDV,HEVSales,Maplewood,2035,132.0963009,404.32529,-272.2289891
PLDV,HEVSales,Maplewood,2040,125.7127828,588.00358,-462.2907972
PLDV,HEVSales,Maplewood,2045,146.3936182,702.92621,-556.5325918
PLDV,HEVSales,Maplewood,2050,167.0744537,817.84885,-650.7743963
PLDV,PHEVSales,Maplewood,2015,2.3231021,1.18583,1.1372721
PLDV,PHEVSales,Maplewood,2018,7.85870242,14.67519,-6.81648758
PLDV,PHEVSales,Maplewood,2020,11.54910263,23.66809,-12.11898737
PLDV,PHEVSales,Maplewood,2025,38.57341578,272.49401,-233.9205942
PLDV,PHEVSales,Maplewood,2030,98.14762216,414.34419,-316.1965678
PLDV,PHEVSales,Maplewood,2035,201.9183307,473.24296,-271.3246293
PLDV,PHEVSales,Maplewood,2040,413.2905571,651.29481,-238.0042529
PLDV,PHEVSales,Maplewood,2045,495.4840481,781.31661,-285.8325619
PLDV,PHEVSales,Maplewood,2050,577.6775391,911.3384,-333.6608609
PLDV,BEVSales,Maplewood,2015,1.64496063,1.08777,0.55719063
PLDV,BEVSales,Maplewood,2018,1.10901971,19.81171,-18.70269029
PLDV,BEVSales,Maplewood,2020,0.75172577,32.29433,-31.54260423
PLDV,BEVSales,Maplewood,2025,14.13452467,399.25796,-385.1234353
PLDV,BEVSales,Maplewood,2030,74.09259401,411.90313,-337.810536
PLDV,BEVSales,Maplewood,2035,269.7789172,376.05785,-106.2789328
PLDV,BEVSales,Maplewood,2040,432.5301327,743.93558,-311.4054473
PLDV,BEVSales,Maplewood,2045,518.7071671,892.50514,-373.7979729
PLDV,BEVSales,Maplewood,2050,604.8842016,1041.0747,-436.1904984
PLDV,TotSales,Marine on St. Croix,2015,22.49429027,246.05602,-223.5617297
PLDV,TotSales,Marine on St. Croix,2018,25.23342539,255.89064,-230.6572146
PLDV,TotSales,Marine on St. Croix,2020,27.05951547,262.44704,-235.3875245
PLDV,TotSales,Marine on St. Croix,2025,39.29528824,282.59613,-243.3008418
PLDV,TotSales,Marine on St. Croix,2030,48.20043987,305.21339,-257.0129501
PLDV,TotSales,Marine on St. Croix,2035,54.68330115,321.02341,-266.3401089
PLDV,TotSales,Marine on St. Croix,2040,48.60514216,336.97939,-288.3742478
PLDV,TotSales,Marine on St. Croix,2045,53.82731254,355.16407,-301.3367575
PLDV,TotSales,Marine on St. Croix,2050,59.04948292,373.34874,-314.2992571
PLDV,SISales,Marine on St. Croix,2015,21.50869224,242.15902,-220.6503278
PLDV,SISales,Marine on St. Croix,2018,24.09921654,250.90566,-226.8064435
PLDV,SISales,Marine on St. Croix,2020,25.82623274,256.73675,-230.9105173
PLDV,SISales,Marine on St. Croix,2025,36.29836151,262.47076,-226.1723985
PLDV,SISales,Marine on St. Croix,2030,40.19709558,274.48366,-234.2865644
PLDV,SISales,Marine on St. Croix,2035,36.96229444,280.09145,-243.1291556
PLDV,SISales,Marine on St. Croix,2040,19.94282779,269.97067,-250.0278422
PLDV,SISales,Marine on St. Croix,2045,19.6296549,275.53301,-255.9033551
PLDV,SISales,Marine on St. Croix,2050,19.31648201,281.09534,-261.778858
PLDV,CISales,Marine on St. Croix,2015,0.39871184,3.50543,-3.10671816
PLDV,CISales,Marine on St. Croix,2018,0.42158507,3.55598,-3.13439493
PLDV,CISales,Marine on St. Croix,2020,0.43683389,3.58968,-3.15284611
PLDV,CISales,Marine on St. Croix,2025,0.56829085,3.65321,-3.08491915
PLDV,CISales,Marine on St. Croix,2030,0.7203825,4.12023,-3.3998475
PLDV,CISales,Marine on St. Croix,2035,0.82750895,4.63037,-3.80286105
PLDV,CISales,Marine on St. Croix,2040,0.685576,5.03135,-4.345774
PLDV,CISales,Marine on St. Croix,2045,0.74294883,5.33654,-4.59359117
PLDV,CISales,Marine on St. Croix,2050,0.80032166,5.64173,-4.84140834
PLDV,HEVSales,Marine on St. Croix,2015,0.52959802,0.3569,0.17269802
PLDV,HEVSales,Marine on St. Croix,2018,0.57144371,0.87653,-0.30508629
PLDV,HEVSales,Marine on St. Croix,2020,0.59934084,1.22295,-0.62360916
PLDV,HEVSales,Marine on St. Croix,2025,1.39532283,3.11624,-1.72091717
PLDV,HEVSales,Marine on St. Croix,2030,3.10205953,7.46025,-4.35819047
PLDV,HEVSales,Marine on St. Croix,2035,4.19185142,13.87827,-9.68641858
PLDV,HEVSales,Marine on St. Croix,2040,4.08619955,20.85033,-16.76413045
PLDV,HEVSales,Marine on St. Croix,2045,4.79751985,24.94901,-20.15149015
PLDV,HEVSales,Marine on St. Croix,2050,5.50884016,29.0477,-23.53885984
PLDV,PHEVSales,Marine on St. Croix,2015,0.03753919,0.02001,0.01752919
PLDV,PHEVSales,Marine on St. Croix,2018,0.12649783,0.25083,-0.12433217
PLDV,PHEVSales,Marine on St. Croix,2020,0.18580359,0.40471,-0.21890641
PLDV,PHEVSales,Marine on St. Croix,2025,0.68236495,5.18895,-4.50658505
PLDV,PHEVSales,Marine on St. Croix,2030,1.98047169,9.11723,-7.13675831
PLDV,PHEVSales,Marine on St. Croix,2035,4.31327366,11.23847,-6.92519634
PLDV,PHEVSales,Marine on St. Croix,2040,9.03920453,15.30892,-6.26971547
PLDV,PHEVSales,Marine on St. Croix,2045,10.8395376,18.3667,-7.5271624
PLDV,PHEVSales,Marine on St. Croix,2050,12.63987066,21.42448,-8.78460934
PLDV,BEVSales,Marine on St. Croix,2015,0.01974899,0.01467,0.00507899
PLDV,BEVSales,Marine on St. Croix,2018,0.01468225,0.30164,-0.28695775
PLDV,BEVSales,Marine on St. Croix,2020,0.01130442,0.49295,-0.48164558
PLDV,BEVSales,Marine on St. Croix,2025,0.3509481,8.16696,-7.8160119
PLDV,BEVSales,Marine on St. Croix,2030,2.20043057,10.03203,-7.83159943
PLDV,BEVSales,Marine on St. Croix,2035,8.38837269,11.18485,-2.79647731
PLDV,BEVSales,Marine on St. Croix,2040,14.8513343,25.81812,-10.9667857
PLDV,BEVSales,Marine on St. Croix,2045,17.81765136,30.97881,-13.16115864
PLDV,BEVSales,Marine on St. Croix,2050,20.78396843,36.1395,-15.35553157
PLDV,TotSales,Marshan Twp.,2015,34.37864313,310.5365,-276.1578569
PLDV,TotSales,Marshan Twp.,2018,37.67154056,320.67582,-283.0042794
PLDV,TotSales,Marshan Twp.,2020,39.86680552,327.43536,-287.5685545
PLDV,TotSales,Marshan Twp.,2025,52.97309486,337.19324,-284.2201451
PLDV,TotSales,Marshan Twp.,2030,59.23128476,350.729,-291.4977152
PLDV,TotSales,Marshan Twp.,2035,61.75393191,362.50371,-300.7497781
PLDV,TotSales,Marshan Twp.,2040,50.13532204,374.54136,-324.406038
PLDV,TotSales,Marshan Twp.,2045,53.28665783,387.34234,-334.0556822
PLDV,TotSales,Marshan Twp.,2050,56.43799361,400.14331,-343.7053164
PLDV,SISales,Marshan Twp.,2015,33.0049654,305.59094,-272.5859746
PLDV,SISales,Marshan Twp.,2018,36.11160105,314.35262,-278.241019
PLDV,SISales,Marshan Twp.,2020,38.18269148,320.19374,-282.0110485
PLDV,SISales,Marshan Twp.,2025,49.31007986,315.13699,-265.8269101
PLDV,SISales,Marshan Twp.,2030,50.67800897,318.77388,-268.095871
PLDV,SISales,Marshan Twp.,2035,44.59360069,321.13825,-276.5446493
PLDV,SISales,Marshan Twp.,2040,23.8603432,310.09577,-286.2354268
PLDV,SISales,Marshan Twp.,2045,22.03141876,310.99673,-288.9653112
PLDV,SISales,Marshan Twp.,2050,20.20249432,311.8977,-291.6952057
PLDV,CISales,Marshan Twp.,2015,0.57399263,4.43006,-3.85606737
PLDV,CISales,Marshan Twp.,2018,0.60395817,4.52744,-3.92348183
PLDV,CISales,Marshan Twp.,2020,0.62393521,4.59235,-3.96841479
PLDV,CISales,Marshan Twp.,2025,0.76725344,4.64896,-3.88170656
PLDV,CISales,Marshan Twp.,2030,0.88956833,4.98703,-4.09746167
PLDV,CISales,Marshan Twp.,2035,0.96640134,5.36977,-4.40336866
PLDV,CISales,Marshan Twp.,2040,0.79402987,5.72914,-4.93511013
PLDV,CISales,Marshan Twp.,2045,0.83803731,5.98896,-5.15092269
PLDV,CISales,Marshan Twp.,2050,0.88204476,6.24877,-5.36672524
PLDV,HEVSales,Marshan Twp.,2015,0.75223393,0.47456,0.27767393
PLDV,HEVSales,Marshan Twp.,2018,0.80050614,1.18193,-0.38142386
PLDV,HEVSales,Marshan Twp.,2020,0.83268761,1.65351,-0.82082239
PLDV,HEVSales,Marshan Twp.,2025,1.81977095,3.95839,-2.13861905
PLDV,HEVSales,Marshan Twp.,2030,3.72693297,8.88054,-5.15360703
PLDV,HEVSales,Marshan Twp.,2035,4.88556607,15.8496,-10.96403393
PLDV,HEVSales,Marshan Twp.,2040,4.75215999,23.5466,-18.79444001
PLDV,HEVSales,Marshan Twp.,2045,5.55214521,28.16101,-22.60886479
PLDV,HEVSales,Marshan Twp.,2050,6.35213042,32.77542,-26.42328958
PLDV,PHEVSales,Marshan Twp.,2015,0.03187228,0.02373,0.00814228
PLDV,PHEVSales,Marshan Twp.,2018,0.1418562,0.28856,-0.1467038
PLDV,PHEVSales,Marshan Twp.,2020,0.21517881,0.46511,-0.24993119
PLDV,PHEVSales,Marshan Twp.,2025,0.75023731,5.64157,-4.89133269
PLDV,PHEVSales,Marshan Twp.,2030,2.02315707,9.13637,-7.11321293
PLDV,PHEVSales,Marshan Twp.,2035,4.20871212,10.68028,-6.47156788
PLDV,PHEVSales,Marshan Twp.,2040,8.6933393,14.40266,-5.7093207
PLDV,PHEVSales,Marshan Twp.,2045,10.4256327,17.27844,-6.8528073
PLDV,PHEVSales,Marshan Twp.,2050,12.1579261,20.15423,-7.9963039
PLDV,BEVSales,Marshan Twp.,2015,0.01557889,0.01721,-0.00163111
PLDV,BEVSales,Marshan Twp.,2018,0.01361901,0.32527,-0.31165099
PLDV,BEVSales,Marshan Twp.,2020,0.01231242,0.53064,-0.51832758
PLDV,BEVSales,Marshan Twp.,2025,0.3257533,7.80733,-7.4815767
PLDV,BEVSales,Marshan Twp.,2030,1.91361741,8.95119,-7.03757259
PLDV,BEVSales,Marshan Twp.,2035,7.09965169,9.46581,-2.36615831
PLDV,BEVSales,Marshan Twp.,2040,12.03544969,20.7672,-8.73175031
PLDV,BEVSales,Marshan Twp.,2045,14.43942385,24.91719,-10.47776615
PLDV,BEVSales,Marshan Twp.,2050,16.84339801,29.06719,-12.22379199
PLDV,TotSales,May Twp.,2015,73.12261136,799.99417,-726.8715586
PLDV,TotSales,May Twp.,2018,81.63990475,828.13043,-746.4905253
PLDV,TotSales,May Twp.,2020,87.31810035,846.88794,-759.5698397
PLDV,TotSales,May Twp.,2025,126.0600726,906.57404,-780.5139674
PLDV,TotSales,May Twp.,2030,153.8567657,974.24723,-820.3904643
PLDV,TotSales,May Twp.,2035,176.1909365,1034.34529,-858.1543535
PLDV,TotSales,May Twp.,2040,157.9065342,1094.76582,-936.8592858
PLDV,TotSales,May Twp.,2045,174.8633188,1153.72015,-978.8568312
PLDV,TotSales,May Twp.,2050,191.8201034,1212.67448,-1020.854377
PLDV,SISales,May Twp.,2015,69.93053049,787.32395,-717.3934195
PLDV,SISales,May Twp.,2018,77.9752712,812.00644,-734.0311688
PLDV,SISales,May Twp.,2020,83.33843168,828.46144,-745.1230083
PLDV,SISales,May Twp.,2025,116.4458715,842.01146,-725.5655885
PLDV,SISales,May Twp.,2030,128.309931,876.15731,-747.847379
PLDV,SISales,May Twp.,2035,119.0934186,902.46152,-783.3681014
PLDV,SISales,May Twp.,2040,64.7894992,877.07044,-812.2809408
PLDV,SISales,May Twp.,2045,63.76129294,895.01974,-831.2584471
PLDV,SISales,May Twp.,2050,62.73308668,912.96904,-850.2359533
PLDV,CISales,May Twp.,2015,1.29631919,11.39708,-10.10076081
PLDV,CISales,May Twp.,2018,1.36429683,11.50894,-10.14464317
PLDV,CISales,May Twp.,2020,1.40961525,11.58351,-10.17389475
PLDV,CISales,May Twp.,2025,1.82308843,11.71958,-9.89649157
PLDV,CISales,May Twp.,2030,2.29947531,13.15185,-10.85237469
PLDV,CISales,May Twp.,2035,2.6662541,14.91915,-12.2528959
PLDV,CISales,May Twp.,2040,2.22727318,16.34567,-14.11839682
PLDV,CISales,May Twp.,2045,2.41346398,17.33539,-14.92192602
PLDV,CISales,May Twp.,2050,2.59965478,18.32511,-15.72545522
PLDV,HEVSales,May Twp.,2015,1.72186527,1.16038,0.56148527
PLDV,HEVSales,May Twp.,2018,1.84915055,2.83196,-0.98280945
PLDV,HEVSales,May Twp.,2020,1.9340074,3.94634,-2.0123326
PLDV,HEVSales,May Twp.,2025,4.47622361,9.99695,-5.52072639
PLDV,HEVSales,May Twp.,2030,9.90183592,23.81326,-13.91142408
PLDV,HEVSales,May Twp.,2035,13.50624801,44.71612,-31.20987199
PLDV,HEVSales,May Twp.,2040,13.27508942,67.73775,-54.46266058
PLDV,HEVSales,May Twp.,2045,15.58573425,81.05323,-65.46749575
PLDV,HEVSales,May Twp.,2050,17.89637908,94.3687,-76.47232092
PLDV,PHEVSales,May Twp.,2015,0.11481684,0.06507,0.04974684
PLDV,PHEVSales,May Twp.,2018,0.40566747,0.8096,-0.40393253
PLDV,PHEVSales,May Twp.,2020,0.59956789,1.30595,-0.70638211
PLDV,PHEVSales,May Twp.,2025,2.18904045,16.64627,-14.45722955
PLDV,PHEVSales,May Twp.,2030,6.32170513,29.10238,-22.78067487
PLDV,PHEVSales,May Twp.,2035,13.89747343,36.21063,-22.31315657
PLDV,PHEVSales,May Twp.,2040,29.36622332,49.73503,-20.36880668
PLDV,PHEVSales,May Twp.,2045,35.21650462,59.66903,-24.45252538
PLDV,PHEVSales,May Twp.,2050,41.06678592,69.60302,-28.53623408
PLDV,BEVSales,May Twp.,2015,0.05907958,0.04768,0.01139958
PLDV,BEVSales,May Twp.,2018,0.0455187,0.97349,-0.9279713
PLDV,BEVSales,May Twp.,2020,0.03647812,1.5907,-1.55422188
PLDV,BEVSales,May Twp.,2025,1.12584855,26.19978,-25.07393145
PLDV,BEVSales,May Twp.,2030,7.02381828,32.02243,-24.99861172
PLDV,BEVSales,May Twp.,2035,27.02754238,36.03786,-9.01031762
PLDV,BEVSales,May Twp.,2040,48.24844911,83.87691,-35.62846089
PLDV,BEVSales,May Twp.,2045,57.88632302,100.64276,-42.75643698
PLDV,BEVSales,May Twp.,2050,67.52419693,117.4086,-49.88440307
PLDV,TotSales,Mayer,2015,48.06253269,615.37002,-567.3074873
PLDV,TotSales,Mayer,2018,56.75148331,661.86663,-605.1151467
PLDV,TotSales,Mayer,2020,62.54411706,692.86437,-630.3202529
PLDV,TotSales,Mayer,2025,98.53722559,791.26915,-692.7319244
PLDV,TotSales,Mayer,2030,131.8670272,895.08965,-763.2226228
PLDV,TotSales,Mayer,2035,162.9171392,986.83576,-823.9186208
PLDV,TotSales,Mayer,2040,153.6373411,1078.33406,-924.6967189
PLDV,TotSales,Mayer,2045,174.7523028,1170.92687,-996.1745672
PLDV,TotSales,Mayer,2050,195.8672645,1263.51968,-1067.652416
PLDV,SISales,Mayer,2015,46.11137652,605.77482,-559.6634435
PLDV,SISales,Mayer,2018,54.35827018,649.68933,-595.3310598
PLDV,SISales,Mayer,2020,59.85619928,678.96567,-619.1094707
PLDV,SISales,Mayer,2025,91.40088648,742.20921,-650.8083235
PLDV,SISales,Mayer,2030,110.9008508,815.01508,-704.1142292
PLDV,SISales,Mayer,2035,111.0516462,871.09986,-760.0482138
PLDV,SISales,Mayer,2040,64.17302724,872.16517,-807.9921428
PLDV,SISales,Mayer,2045,67.78535738,925.44324,-857.6578826
PLDV,SISales,Mayer,2050,71.39768753,978.7213,-907.3236125
PLDV,CISales,Mayer,2015,0.80787867,8.71742,-7.90954133
PLDV,CISales,Mayer,2018,0.91887221,8.97554,-8.05666779
PLDV,CISales,Mayer,2020,0.99286789,9.14762,-8.15475211
PLDV,CISales,Mayer,2025,1.42428524,9.54508,-8.12079476
PLDV,CISales,Mayer,2030,1.96669338,11.39921,-9.43251662
PLDV,CISales,Mayer,2035,2.44722534,13.72646,-11.27923466
PLDV,CISales,Mayer,2040,2.17502651,15.75735,-13.58232349
PLDV,CISales,Mayer,2045,2.44845608,17.16533,-14.71687392
PLDV,CISales,Mayer,2050,2.72188564,18.57332,-15.85143436
PLDV,HEVSales,Mayer,2015,1.05058171,0.81093,0.23965171
PLDV,HEVSales,Mayer,2018,1.21311316,2.01198,-0.79886684
PLDV,HEVSales,Mayer,2020,1.32146746,2.81268,-1.49121254
PLDV,HEVSales,Mayer,2025,3.38852207,7.62187,-4.23334793
PLDV,HEVSales,Mayer,2030,8.22482589,19.79179,-11.56696411
PLDV,HEVSales,Mayer,2035,12.35594583,40.06591,-27.70996417
PLDV,HEVSales,Mayer,2040,13.06593093,64.52391,-51.45797907
PLDV,HEVSales,Mayer,2045,15.46900077,77.26651,-61.79750923
PLDV,HEVSales,Mayer,2050,17.87207062,90.0091,-72.13702938
PLDV,PHEVSales,Mayer,2015,0.05404225,0.03324,0.02080225
PLDV,PHEVSales,Mayer,2018,0.22929384,0.4622,-0.23290616
PLDV,PHEVSales,Mayer,2020,0.34612824,0.74817,-0.40204176
PLDV,PHEVSales,Mayer,2025,1.42290041,10.76636,-9.34345959
PLDV,PHEVSales,Mayer,2030,4.57015307,20.57861,-16.00845693
PLDV,PHEVSales,Mayer,2035,10.99888539,27.66092,-16.66203461
PLDV,PHEVSales,Mayer,2040,24.88916621,41.07289,-16.18372379
PLDV,PHEVSales,Mayer,2045,29.856191,49.28082,-19.424629
PLDV,PHEVSales,Mayer,2050,34.8232158,57.48875,-22.6655342
PLDV,BEVSales,Mayer,2015,0.03865354,0.0336,0.00505354
PLDV,BEVSales,Mayer,2018,0.03193393,0.72758,-0.69564607
PLDV,BEVSales,Mayer,2020,0.02745419,1.19023,-1.16277581
PLDV,BEVSales,Mayer,2025,0.90063139,21.12664,-20.22600861
PLDV,BEVSales,Mayer,2030,6.20450413,28.30496,-22.10045587
PLDV,BEVSales,Mayer,2035,26.06343643,34.28261,-8.21917357
PLDV,BEVSales,Mayer,2040,49.33419026,84.81474,-35.48054974
PLDV,BEVSales,Mayer,2045,59.1932976,101.77097,-42.5776724
PLDV,BEVSales,Mayer,2050,69.05240495,118.7272,-49.67479505
PLDV,TotSales,Medicine Lake,2015,5.83841124,50.59096,-44.75254876
PLDV,TotSales,Medicine Lake,2018,6.3006129,51.80317,-45.5025571
PLDV,TotSales,Medicine Lake,2020,6.60874734,52.61131,-46.00256266
PLDV,TotSales,Medicine Lake,2025,8.25116121,51.8665,-43.61533879
PLDV,TotSales,Medicine Lake,2030,8.9447894,51.75688,-42.8120906
PLDV,TotSales,Medicine Lake,2035,9.49658093,51.30339,-41.80680907
PLDV,TotSales,Medicine Lake,2040,8.03767843,50.92133,-42.88365157
PLDV,TotSales,Medicine Lake,2045,8.47753187,50.98741,-42.50987813
PLDV,TotSales,Medicine Lake,2050,8.91738531,51.05348,-42.13609469
PLDV,SISales,Medicine Lake,2015,5.58747733,49.77652,-44.18904267
PLDV,SISales,Medicine Lake,2018,6.01782751,50.69008,-44.67225249
PLDV,SISales,Medicine Lake,2020,6.30472764,51.29912,-44.99439236
PLDV,SISales,Medicine Lake,2025,7.57536785,46.94068,-39.36531215
PLDV,SISales,Medicine Lake,2030,7.31567892,45.23821,-37.92253108
PLDV,SISales,Medicine Lake,2035,6.07099142,43.70252,-37.63152858
PLDV,SISales,Medicine Lake,2040,2.9813102,39.6088,-36.6274898
PLDV,SISales,Medicine Lake,2045,2.46007678,37.57526,-35.11518322
PLDV,SISales,Medicine Lake,2050,1.93884335,35.54171,-33.60286665
PLDV,CISales,Medicine Lake,2015,0.09910718,0.72319,-0.62408282
PLDV,CISales,Medicine Lake,2018,0.1023185,0.73624,-0.6339215
PLDV,CISales,Medicine Lake,2020,0.10445938,0.74494,-0.64048062
PLDV,CISales,Medicine Lake,2025,0.11829085,0.71038,-0.59208915
PLDV,CISales,Medicine Lake,2030,0.13002355,0.72525,-0.59522645
PLDV,CISales,Medicine Lake,2035,0.13410418,0.74588,-0.61177582
PLDV,CISales,Medicine Lake,2040,0.10175912,0.74546,-0.64370088
PLDV,CISales,Medicine Lake,2045,0.10228951,0.74991,-0.64762049
PLDV,CISales,Medicine Lake,2050,0.1028199,0.75437,-0.6515501
PLDV,HEVSales,Medicine Lake,2015,0.1302147,0.0796,0.0506147
PLDV,HEVSales,Medicine Lake,2018,0.13592687,0.19563,-0.05970313
PLDV,HEVSales,Medicine Lake,2020,0.13973499,0.27299,-0.13325501
PLDV,HEVSales,Medicine Lake,2025,0.2833769,0.6107,-0.3273231
PLDV,HEVSales,Medicine Lake,2030,0.54625005,1.29878,-0.75252995
PLDV,HEVSales,Medicine Lake,2035,0.67139123,2.20288,-1.53148877
PLDV,HEVSales,Medicine Lake,2040,0.59654141,3.04075,-2.44420859
PLDV,HEVSales,Medicine Lake,2045,0.68980675,3.63298,-2.94317325
PLDV,HEVSales,Medicine Lake,2050,0.78307209,4.22521,-3.44213791
PLDV,PHEVSales,Medicine Lake,2015,0.01320871,0.00628,0.00692871
PLDV,PHEVSales,Medicine Lake,2018,0.03879212,0.07453,-0.03573788
PLDV,PHEVSales,Medicine Lake,2020,0.05584772,0.12004,-0.06419228
PLDV,PHEVSales,Medicine Lake,2025,0.18357061,1.36978,-1.18620939
PLDV,PHEVSales,Medicine Lake,2030,0.45399031,2.07244,-1.61844969
PLDV,PHEVSales,Medicine Lake,2035,0.87607544,2.26837,-1.39229456
PLDV,PHEVSales,Medicine Lake,2040,1.65767669,2.80002,-1.14234331
PLDV,PHEVSales,Medicine Lake,2045,1.98657029,3.35877,-1.37219971
PLDV,PHEVSales,Medicine Lake,2050,2.31546389,3.91752,-1.60205611
PLDV,BEVSales,Medicine Lake,2015,0.00840332,0.00537,0.00303332
PLDV,BEVSales,Medicine Lake,2018,0.0057479,0.10669,-0.1009421
PLDV,BEVSales,Medicine Lake,2020,0.00397762,0.17423,-0.17025238
PLDV,BEVSales,Medicine Lake,2025,0.09055499,2.23494,-2.14438501
PLDV,BEVSales,Medicine Lake,2030,0.49884657,2.4222,-1.92335343
PLDV,BEVSales,Medicine Lake,2035,1.74401865,2.38374,-0.63972135
PLDV,BEVSales,Medicine Lake,2040,2.70039101,4.7263,-2.02590899
PLDV,BEVSales,Medicine Lake,2045,3.23878855,5.67048,-2.43169145
PLDV,BEVSales,Medicine Lake,2050,3.77718608,6.61467,-2.83748392
PLDV,TotSales,Medina,2015,128.2868925,1112.02376,-983.7368675
PLDV,TotSales,Medina,2018,148.5508117,1218.89213,-1070.341318
PLDV,TotSales,Medina,2020,162.0600911,1290.13771,-1128.077619
PLDV,TotSales,Medina,2025,226.0878842,1421.18012,-1195.092236
PLDV,TotSales,Medina,2030,270.8429613,1567.16801,-1296.325049
PLDV,TotSales,Medina,2035,315.9515967,1706.86561,-1390.914013
PLDV,TotSales,Medina,2040,291.4515389,1846.44115,-1554.989611
PLDV,TotSales,Medina,2045,324.0844682,1993.32462,-1669.240152
PLDV,TotSales,Medina,2050,356.7173975,2140.2081,-1783.490703
PLDV,SISales,Medina,2015,122.8165613,1094.1219,-971.3053387
PLDV,SISales,Medina,2018,141.8895657,1192.42474,-1050.535174
PLDV,SISales,Medina,2020,154.604902,1257.95997,-1103.355068
PLDV,SISales,Medina,2025,207.5706493,1286.20918,-1078.638531
PLDV,SISales,Medina,2030,221.5144544,1369.78633,-1148.271876
PLDV,SISales,Medina,2035,201.9821079,1453.98442,-1252.002312
PLDV,SISales,Medina,2040,108.1042808,1436.24138,-1328.137099
PLDV,SISales,Medina,2045,105.1618247,1504.66528,-1399.503455
PLDV,SISales,Medina,2050,102.2193686,1573.08918,-1470.869811
PLDV,CISales,Medina,2015,2.17844333,15.89629,-13.71784667
PLDV,CISales,Medina,2018,2.40831272,17.31895,-14.91063728
PLDV,CISales,Medina,2020,2.56155899,18.26739,-15.70583101
PLDV,CISales,Medina,2025,3.24125639,19.46505,-16.22379361
PLDV,CISales,Medina,2030,3.93703671,21.96003,-18.02299329
PLDV,CISales,Medina,2035,4.46165114,24.81558,-20.35392886
PLDV,CISales,Medina,2040,3.68985304,27.03088,-23.34102696
PLDV,CISales,Medina,2045,3.99213498,29.2578,-25.26566502
PLDV,CISales,Medina,2050,4.29441693,31.48472,-27.19030307
PLDV,HEVSales,Medina,2015,2.86220797,1.74955,1.11265797
PLDV,HEVSales,Medina,2018,3.20083691,4.71643,-1.51559309
PLDV,HEVSales,Medina,2020,3.42658954,6.69434,-3.26775046
PLDV,HEVSales,Medina,2025,7.76473532,16.73372,-8.96898468
PLDV,HEVSales,Medina,2030,16.54013012,39.32638,-22.78624988
PLDV,HEVSales,Medina,2035,22.33721104,73.28978,-50.95256896
PLDV,HEVSales,Medina,2040,21.63098633,110.25962,-88.62863367
PLDV,HEVSales,Medina,2045,25.384742,131.96164,-106.576898
PLDV,HEVSales,Medina,2050,29.13849767,153.66365,-124.5251523
PLDV,PHEVSales,Medina,2015,0.2664,0.13798,0.12842
PLDV,PHEVSales,Medina,2018,0.92826068,1.82132,-0.89305932
PLDV,PHEVSales,Medina,2020,1.36950112,2.94354,-1.57403888
PLDV,PHEVSales,Medina,2025,5.02996981,37.53304,-32.50307019
PLDV,PHEVSales,Medina,2030,13.7465595,62.75237,-49.0058105
PLDV,PHEVSales,Medina,2035,29.14706203,75.46886,-46.32179797
PLDV,PHEVSales,Medina,2040,60.10845385,101.53059,-41.42213615
PLDV,PHEVSales,Medina,2045,72.07686462,121.80911,-49.73224538
PLDV,PHEVSales,Medina,2050,84.04527539,142.08763,-58.04235461
PLDV,BEVSales,Medina,2015,0.16327995,0.11803,0.04524995
PLDV,BEVSales,Medina,2018,0.12383565,2.61069,-2.48685435
PLDV,BEVSales,Medina,2020,0.09753945,4.27247,-4.17493055
PLDV,BEVSales,Medina,2025,2.4812734,61.23913,-58.7578566
PLDV,BEVSales,Medina,2030,15.1047806,73.3429,-58.2381194
PLDV,BEVSales,Medina,2035,58.02356459,79.30697,-21.28340541
PLDV,BEVSales,Medina,2040,97.91796494,171.37867,-73.46070506
PLDV,BEVSales,Medina,2045,117.4689019,205.63079,-88.1618881
PLDV,BEVSales,Medina,2050,137.0198389,239.88292,-102.8630811
PLDV,TotSales,Mendota,2015,8.55434941,77.26619,-68.71184059
PLDV,TotSales,Mendota,2018,9.52380184,81.02413,-71.50032816
PLDV,TotSales,Mendota,2020,10.17010345,83.52943,-73.35932655
PLDV,TotSales,Mendota,2025,14.37923313,91.52911,-77.14987687
PLDV,TotSales,Mendota,2030,16.96729511,100.46925,-83.50195489
PLDV,TotSales,Mendota,2035,18.5076719,108.64247,-90.1347981
PLDV,TotSales,Mendota,2040,15.63721657,116.81952,-101.1823034
PLDV,TotSales,Mendota,2045,17.05379,124.73019,-107.6764
PLDV,TotSales,Mendota,2050,18.47036343,132.64086,-114.1704966
PLDV,SISales,Mendota,2015,8.21213594,76.03566,-67.82352406
PLDV,SISales,Mendota,2018,9.12914389,79.42351,-70.29436611
PLDV,SISales,Mendota,2020,9.74048252,81.68208,-71.94159748
PLDV,SISales,Mendota,2025,13.38492939,85.54207,-72.15714061
PLDV,SISales,Mendota,2030,14.51713799,91.31543,-76.79829201
PLDV,SISales,Mendota,2035,13.36471549,96.24523,-82.88051451
PLDV,SISales,Mendota,2040,7.44204562,96.71893,-89.27688438
PLDV,SISales,Mendota,2045,7.28802756,100.85558,-93.56755244
PLDV,SISales,Mendota,2050,7.1340095,104.99224,-97.8582305
PLDV,CISales,Mendota,2015,0.14281807,1.10227,-0.95945193
PLDV,CISales,Mendota,2018,0.15262752,1.14382,-0.99119248
PLDV,CISales,Mendota,2020,0.15916714,1.17152,-1.01235286
PLDV,CISales,Mendota,2025,0.20826641,1.26193,-1.05366359
PLDV,CISales,Mendota,2030,0.25482426,1.42858,-1.17375574
PLDV,CISales,Mendota,2035,0.28963077,1.60932,-1.31968923
PLDV,CISales,Mendota,2040,0.24765807,1.78692,-1.53926193
PLDV,CISales,Mendota,2045,0.26862607,1.92385,-1.65522393
PLDV,CISales,Mendota,2050,0.28959407,2.06078,-1.77118593
PLDV,HEVSales,Mendota,2015,0.18716721,0.11808,0.06908721
PLDV,HEVSales,Mendota,2018,0.20231907,0.30032,-0.09800093
PLDV,HEVSales,Mendota,2020,0.21242031,0.42181,-0.20938969
PLDV,HEVSales,Mendota,2025,0.49396606,1.07448,-0.58051394
PLDV,HEVSales,Mendota,2030,1.06761101,2.54391,-1.47629899
PLDV,HEVSales,Mendota,2035,1.46420562,4.75013,-3.28592438
PLDV,HEVSales,Mendota,2040,1.48219961,7.34419,-5.86199039
PLDV,HEVSales,Mendota,2045,1.7412061,8.78941,-7.0482039
PLDV,HEVSales,Mendota,2050,2.00021258,10.23463,-8.23441742
PLDV,PHEVSales,Mendota,2015,0.00819315,0.00591,0.00228315
PLDV,PHEVSales,Mendota,2018,0.03621279,0.07355,-0.03733721
PLDV,PHEVSales,Mendota,2020,0.05489255,0.11865,-0.06375745
PLDV,PHEVSales,Mendota,2025,0.20364748,1.53137,-1.32772252
PLDV,PHEVSales,Mendota,2030,0.5795502,2.61719,-2.0376398
PLDV,PHEVSales,Mendota,2035,1.26135229,3.20088,-1.93952771
PLDV,PHEVSales,Mendota,2040,2.7114542,4.49219,-1.7807358
PLDV,PHEVSales,Mendota,2045,3.2521064,5.38945,-2.1373436
PLDV,PHEVSales,Mendota,2050,3.79275861,6.28671,-2.49395139
PLDV,BEVSales,Mendota,2015,0.00403504,0.00428,-0.00024496
PLDV,BEVSales,Mendota,2018,0.00349857,0.08293,-0.07943143
PLDV,BEVSales,Mendota,2020,0.00314092,0.13537,-0.13222908
PLDV,BEVSales,Mendota,2025,0.08842381,2.11925,-2.03082619
PLDV,BEVSales,Mendota,2030,0.54817165,2.56414,-2.01596835
PLDV,BEVSales,Mendota,2035,2.12776774,2.8369,-0.70913226
PLDV,BEVSales,Mendota,2040,3.75385907,6.47729,-2.72343093
PLDV,BEVSales,Mendota,2045,4.50382387,7.77189,-3.26806613
PLDV,BEVSales,Mendota,2050,5.25378868,9.0665,-3.81271132
PLDV,TotSales,Mendota Heights,2015,299.7417742,2707.38775,-2407.645976
PLDV,TotSales,Mendota Heights,2018,330.7050927,2814.37345,-2483.668357
PLDV,TotSales,Mendota Heights,2020,351.347305,2885.69726,-2534.349955
PLDV,TotSales,Mendota Heights,2025,449.3193392,2860.08292,-2410.763581
PLDV,TotSales,Mendota Heights,2030,484.3889089,2868.23492,-2383.846011
PLDV,TotSales,Mendota Heights,2035,486.7310411,2857.17525,-2370.444209
PLDV,TotSales,Mendota Heights,2040,381.4769472,2849.86493,-2468.387983
PLDV,TotSales,Mendota Heights,2045,397.8239818,2878.36036,-2480.536378
PLDV,TotSales,Mendota Heights,2050,414.1710164,2906.8558,-2492.684784
PLDV,SISales,Mendota Heights,2015,287.7511619,2664.27027,-2376.519108
PLDV,SISales,Mendota Heights,2018,317.0035605,2758.83409,-2441.83053
PLDV,SISales,Mendota Heights,2020,336.5051595,2821.87664,-2485.371481
PLDV,SISales,Mendota Heights,2025,418.2495389,2673.00118,-2254.751641
PLDV,SISales,Mendota Heights,2030,414.4408748,2606.90835,-2192.467475
PLDV,SISales,Mendota Heights,2035,351.477048,2531.14173,-2179.664682
PLDV,SISales,Mendota Heights,2040,181.5520577,2359.50189,-2177.949832
PLDV,SISales,Mendota Heights,2045,160.3122369,2298.54821,-2138.235973
PLDV,SISales,Mendota Heights,2050,139.0724161,2237.59453,-2098.522114
PLDV,CISales,Mendota Heights,2015,5.004309,38.62312,-33.618811
PLDV,CISales,Mendota Heights,2018,5.30097896,39.73278,-34.43180104
PLDV,CISales,Mendota Heights,2020,5.49875893,40.47255,-34.97379107
PLDV,CISales,Mendota Heights,2025,6.50786614,39.43259,-32.92472386
PLDV,CISales,Mendota Heights,2030,7.27482169,40.78356,-33.50873831
PLDV,CISales,Mendota Heights,2035,7.61696489,42.32336,-34.70639511
PLDV,CISales,Mendota Heights,2040,6.0417302,43.59273,-37.5509998
PLDV,CISales,Mendota Heights,2045,6.24921443,44.58665,-38.33743557
PLDV,CISales,Mendota Heights,2050,6.45669867,45.58057,-39.12387133
PLDV,HEVSales,Mendota Heights,2015,6.55829162,4.13741,2.42088162
PLDV,HEVSales,Mendota Heights,2018,7.0264166,10.39843,-3.3720134
PLDV,HEVSales,Mendota Heights,2020,7.33849992,14.57244,-7.23394008
PLDV,HEVSales,Mendota Heights,2025,15.43535043,33.57522,-18.13986957
PLDV,HEVSales,Mendota Heights,2030,30.47857232,72.6244,-42.14582768
PLDV,HEVSales,Mendota Heights,2035,38.5069677,124.9231,-86.4161323
PLDV,HEVSales,Mendota Heights,2040,36.15892774,179.1648,-143.0058723
PLDV,HEVSales,Mendota Heights,2045,42.07905496,214.17028,-172.091225
PLDV,HEVSales,Mendota Heights,2050,47.99918218,249.17576,-201.1765778
PLDV,PHEVSales,Mendota Heights,2015,0.2867993,0.20692,0.0798793
PLDV,PHEVSales,Mendota Heights,2018,1.25254592,2.54219,-1.28964408
PLDV,PHEVSales,Mendota Heights,2020,1.896377,4.09904,-2.202663
PLDV,PHEVSales,Mendota Heights,2025,6.36353477,47.85196,-41.48842523
PLDV,PHEVSales,Mendota Heights,2030,16.54522354,74.7165,-58.17127646
PLDV,PHEVSales,Mendota Heights,2035,33.17215228,84.17965,-51.00749772
PLDV,PHEVSales,Mendota Heights,2040,66.14714738,109.58905,-43.44190262
PLDV,PHEVSales,Mendota Heights,2045,79.31921699,131.46547,-52.14625301
PLDV,PHEVSales,Mendota Heights,2050,92.4912866,153.34189,-60.8506034
PLDV,BEVSales,Mendota Heights,2015,0.14121238,0.15003,-0.00881762
PLDV,BEVSales,Mendota Heights,2018,0.12159077,2.86596,-2.74436923
PLDV,BEVSales,Mendota Heights,2020,0.10850969,4.67659,-4.56808031
PLDV,BEVSales,Mendota Heights,2025,2.76304899,66.22197,-63.45892101
PLDV,BEVSales,Mendota Heights,2030,15.64941656,73.20211,-57.55269344
PLDV,BEVSales,Mendota Heights,2035,55.95790826,74.60742,-18.64951174
PLDV,BEVSales,Mendota Heights,2040,91.57708416,158.01647,-66.43938584
PLDV,BEVSales,Mendota Heights,2045,109.8642585,189.58976,-79.7255015
PLDV,BEVSales,Mendota Heights,2050,128.1514329,221.16305,-93.0116171
PLDV,TotSales,Miesville,2015,7.60418204,68.68106,-61.07687796
PLDV,TotSales,Miesville,2018,8.46572799,72.02145,-63.55572201
PLDV,TotSales,Miesville,2020,9.04009195,74.24838,-65.20828805
PLDV,TotSales,Miesville,2025,11.50338651,73.22329,-61.71990349
PLDV,TotSales,Miesville,2030,12.33985099,73.06854,-60.72868901
PLDV,TotSales,Miesville,2035,12.33844793,72.42831,-60.08986207
PLDV,TotSales,Miesville,2040,9.6229025,71.88894,-62.2660375
PLDV,TotSales,Miesville,2045,10.0266466,72.53051,-62.5038634
PLDV,TotSales,Miesville,2050,10.43039069,73.17209,-62.74169931
PLDV,SISales,Miesville,2015,7.29967639,67.58725,-60.28757361
PLDV,SISales,Miesville,2018,8.11479457,70.59868,-62.48388543
PLDV,SISales,Miesville,2020,8.65820668,72.60629,-63.94808332
PLDV,SISales,Miesville,2025,10.70794351,68.43366,-57.72571649
PLDV,SISales,Miesville,2030,10.55791854,66.41122,-55.85330146
PLDV,SISales,Miesville,2035,8.90981033,64.16349,-55.25367967
PLDV,SISales,Miesville,2040,4.57972038,59.51934,-54.93961962
PLDV,SISales,Miesville,2045,4.03572918,57.90576,-53.87003082
PLDV,SISales,Miesville,2050,3.49173798,56.29218,-52.80044202
PLDV,CISales,Miesville,2015,0.1269494,0.97979,-0.8528406
PLDV,CISales,Miesville,2018,0.1356689,1.01673,-0.8810611
PLDV,CISales,Miesville,2020,0.14148191,1.04135,-0.89986809
PLDV,CISales,Miesville,2025,0.16661313,1.00955,-0.84293687
PLDV,CISales,Miesville,2030,0.18532674,1.03896,-0.85363326
PLDV,CISales,Miesville,2035,0.19308718,1.07288,-0.87979282
PLDV,CISales,Miesville,2040,0.15240497,1.09964,-0.94723503
PLDV,CISales,Miesville,2045,0.15749608,1.12361,-0.96611392
PLDV,CISales,Miesville,2050,0.16258719,1.14758,-0.98499281
PLDV,HEVSales,Miesville,2015,0.16637085,0.10496,0.06141085
PLDV,HEVSales,Miesville,2018,0.17983917,0.26695,-0.08711083
PLDV,HEVSales,Miesville,2020,0.18881805,0.37495,-0.18613195
PLDV,HEVSales,Miesville,2025,0.39517285,0.85959,-0.46441715
PLDV,HEVSales,Miesville,2030,0.77644437,1.85011,-1.07366563
PLDV,HEVSales,Miesville,2035,0.97613708,3.16675,-2.19061292
PLDV,HEVSales,Miesville,2040,0.91212284,4.5195,-3.60737716
PLDV,HEVSales,Miesville,2045,1.06127324,5.40241,-4.34113676
PLDV,HEVSales,Miesville,2050,1.21042363,6.28532,-5.07489637
PLDV,PHEVSales,Miesville,2015,0.0074787,0.00525,0.0022287
PLDV,PHEVSales,Miesville,2018,0.03226751,0.06538,-0.03311249
PLDV,PHEVSales,Miesville,2020,0.04879338,0.10547,-0.05667662
PLDV,PHEVSales,Miesville,2025,0.16291798,1.2251,-1.06218202
PLDV,PHEVSales,Miesville,2030,0.42149106,1.90341,-1.48191894
PLDV,PHEVSales,Miesville,2035,0.84090152,2.13392,-1.29301848
PLDV,PHEVSales,Miesville,2040,1.6685872,2.76443,-1.0958428
PLDV,PHEVSales,Miesville,2045,2.0008089,3.31626,-1.3154511
PLDV,PHEVSales,Miesville,2050,2.33303059,3.8681,-1.53506941
PLDV,BEVSales,Miesville,2015,0.0037067,0.00381,-0.0001033
PLDV,BEVSales,Miesville,2018,0.00315784,0.07372,-0.07056216
PLDV,BEVSales,Miesville,2020,0.00279193,0.12033,-0.11753807
PLDV,BEVSales,Miesville,2025,0.07073904,1.6954,-1.62466096
PLDV,BEVSales,Miesville,2030,0.39867029,1.86483,-1.46615971
PLDV,BEVSales,Miesville,2035,1.41851183,1.89127,-0.47275817
PLDV,BEVSales,Miesville,2040,2.31006712,3.98603,-1.67596288
PLDV,BEVSales,Miesville,2045,2.7713392,4.78247,-2.0111308
PLDV,BEVSales,Miesville,2050,3.23261129,5.57891,-2.34629871
PLDV,TotSales,Minneapolis,2015,10973.98872,64605.56158,-53631.57286
PLDV,TotSales,Minneapolis,2018,11624.06685,67457.84889,-55833.78204
PLDV,TotSales,Minneapolis,2020,12057.45227,69359.37374,-57301.92147
PLDV,TotSales,Minneapolis,2025,13340.5703,69923.45744,-56582.88714
PLDV,TotSales,Minneapolis,2030,13683.62582,71661.45513,-57977.82931
PLDV,TotSales,Minneapolis,2035,14023.28039,72865.08613,-58841.80574
PLDV,TotSales,Minneapolis,2040,12061.32887,74140.35034,-62079.02147
PLDV,TotSales,Minneapolis,2045,12278.79689,76047.30808,-63768.51119
PLDV,TotSales,Minneapolis,2050,12496.26492,77954.26582,-65458.0009
PLDV,SISales,Minneapolis,2015,10654.01101,63580.43721,-52926.4262
PLDV,SISales,Minneapolis,2018,11258.21418,66055.08611,-54796.87193
PLDV,SISales,Minneapolis,2020,11661.01629,67704.85203,-56043.83574
PLDV,SISales,Minneapolis,2025,12524.50694,64352.46041,-51827.95347
PLDV,SISales,Minneapolis,2030,11940.99023,64752.11097,-52811.12074
PLDV,SISales,Minneapolis,2035,10309.329,64867.69171,-54558.36271
PLDV,SISales,Minneapolis,2040,6010.909895,61484.38283,-55473.47294
PLDV,SISales,Minneapolis,2045,5082.289672,61065.17194,-55982.88227
PLDV,SISales,Minneapolis,2050,4153.669448,60645.96106,-56492.29161
PLDV,CISales,Minneapolis,2015,131.8694283,910.94096,-779.0715317
PLDV,CISales,Minneapolis,2018,147.7326323,946.46449,-798.7318577
PLDV,CISales,Minneapolis,2020,158.3081016,970.14684,-811.8387384
PLDV,CISales,Minneapolis,2025,188.760787,981.75502,-792.994233
PLDV,CISales,Minneapolis,2030,186.3192404,1000.30724,-813.9879996
PLDV,CISales,Minneapolis,2035,184.2287494,1001.72829,-817.4995406
PLDV,CISales,Minneapolis,2040,159.553358,1001.8918,-842.338442
PLDV,CISales,Minneapolis,2045,165.0901439,1020.08197,-854.9918261
PLDV,CISales,Minneapolis,2050,170.6269299,1038.27213,-867.6452001
PLDV,HEVSales,Minneapolis,2015,161.2666418,99.23602,62.0306218
PLDV,HEVSales,Minneapolis,2018,174.4178862,249.63714,-75.2192538
PLDV,HEVSales,Minneapolis,2020,183.1853824,349.90455,-166.7191676
PLDV,HEVSales,Minneapolis,2025,375.1047671,731.24528,-356.1405129
PLDV,HEVSales,Minneapolis,2030,683.9358932,1569.12865,-885.1927568
PLDV,HEVSales,Minneapolis,2035,943.6772825,2715.47341,-1771.796128
PLDV,HEVSales,Minneapolis,2040,1049.911305,4071.19307,-3021.281765
PLDV,HEVSales,Minneapolis,2045,1227.640237,4865.58448,-3637.944243
PLDV,HEVSales,Minneapolis,2050,1405.36917,5659.97589,-4254.60672
PLDV,PHEVSales,Minneapolis,2015,10.58212765,5.30213,5.27999765
PLDV,PHEVSales,Minneapolis,2018,33.79333604,63.00159,-29.20825396
PLDV,PHEVSales,Minneapolis,2020,49.26747496,101.4679,-52.20042504
PLDV,PHEVSales,Minneapolis,2025,158.8818464,1091.02234,-932.1404936
PLDV,PHEVSales,Minneapolis,2030,404.2378415,1633.33583,-1229.097989
PLDV,PHEVSales,Minneapolis,2035,854.4657715,1898.09414,-1043.628369
PLDV,PHEVSales,Minneapolis,2040,1894.461167,2766.17463,-871.713463
PLDV,PHEVSales,Minneapolis,2045,2271.236975,3318.34913,-1047.112155
PLDV,PHEVSales,Minneapolis,2050,2648.012783,3870.52363,-1222.510847
PLDV,BEVSales,Minneapolis,2015,16.25951281,9.64526,6.61425281
PLDV,BEVSales,Minneapolis,2018,9.90881563,143.65956,-133.7507444
PLDV,BEVSales,Minneapolis,2020,5.67501751,233.00243,-227.3274125
PLDV,BEVSales,Minneapolis,2025,93.31595939,2766.97439,-2673.658431
PLDV,BEVSales,Minneapolis,2030,468.1426155,2706.57245,-2238.429835
PLDV,BEVSales,Minneapolis,2035,1731.57959,2382.09859,-650.519
PLDV,BEVSales,Minneapolis,2040,2946.493141,4816.70801,-1870.214869
PLDV,BEVSales,Minneapolis,2045,3532.539866,5778.12056,-2245.580694
PLDV,BEVSales,Minneapolis,2050,4118.586592,6739.53311,-2620.946518
PLDV,TotSales,Minnetonka,2015,1910.429461,11878.99514,-9968.565679
PLDV,TotSales,Minnetonka,2018,2015.642229,12334.98195,-10319.33972
PLDV,TotSales,Minnetonka,2020,2085.784075,12638.97316,-10553.18909
PLDV,TotSales,Minnetonka,2025,2451.48942,13025.43946,-10573.95004
PLDV,TotSales,Minnetonka,2030,2586.885846,13612.76663,-11025.88078
PLDV,TotSales,Minnetonka,2035,2690.123475,13925.92589,-11235.80242
PLDV,TotSales,Minnetonka,2040,2281.911594,14251.43372,-11969.52213
PLDV,TotSales,Minnetonka,2045,2356.208021,14725.92144,-12369.71342
PLDV,TotSales,Minnetonka,2050,2430.504447,15200.40916,-12769.90471
PLDV,SISales,Minnetonka,2015,1840.064242,11685.84376,-9845.779518
PLDV,SISales,Minnetonka,2018,1937.052508,12054.49334,-10117.44083
PLDV,SISales,Minnetonka,2020,2001.711352,12300.25973,-10298.54838
PLDV,SISales,Minnetonka,2025,2269.280332,11700.85234,-9431.572008
PLDV,SISales,Minnetonka,2030,2165.114013,11916.51483,-9751.400817
PLDV,SISales,Minnetonka,2035,1795.117684,11980.47736,-10185.35968
PLDV,SISales,Minnetonka,2040,912.7839888,11274.59588,-10361.81189
PLDV,SISales,Minnetonka,2045,727.3279381,11192.3463,-10465.01836
PLDV,SISales,Minnetonka,2050,541.8718874,11110.09673,-10568.22484
PLDV,CISales,Minnetonka,2015,27.88950814,169.57087,-141.6813619
PLDV,CISales,Minnetonka,2018,29.37534018,178.29537,-148.9200298
PLDV,CISales,Minnetonka,2020,30.36589488,184.11171,-153.7458151
PLDV,CISales,Minnetonka,2025,34.9107994,189.82392,-154.9131206
PLDV,CISales,Minnetonka,2030,36.4637423,197.44403,-160.9802877
PLDV,CISales,Minnetonka,2035,36.44020516,201.29249,-164.8522848
PLDV,CISales,Minnetonka,2040,28.68285143,202.74664,-174.0637886
PLDV,CISales,Minnetonka,2045,28.84152009,209.38179,-180.5402699
PLDV,CISales,Minnetonka,2050,29.00018875,216.01694,-187.0167513
PLDV,HEVSales,Minnetonka,2015,35.557958,20.07768,15.480278
PLDV,HEVSales,Minnetonka,2018,37.06522249,50.98536,-13.92013751
PLDV,HEVSales,Minnetonka,2020,38.07006549,71.59048,-33.52041451
PLDV,HEVSales,Minnetonka,2025,76.93444298,156.60143,-79.66698702
PLDV,HEVSales,Minnetonka,2030,143.7055485,335.39542,-191.6898715
PLDV,HEVSales,Minnetonka,2035,181.9163017,570.47811,-388.5618083
PLDV,HEVSales,Minnetonka,2040,169.5151704,809.61883,-640.1036596
PLDV,HEVSales,Minnetonka,2045,196.3066129,967.52706,-771.2204471
PLDV,HEVSales,Minnetonka,2050,223.0980554,1125.43529,-902.3372346
PLDV,PHEVSales,Minnetonka,2015,3.57406618,1.62058,1.95348618
PLDV,PHEVSales,Minnetonka,2018,10.0681762,18.82694,-8.7587638
PLDV,PHEVSales,Minnetonka,2020,14.39758288,30.29784,-15.90025712
PLDV,PHEVSales,Minnetonka,2025,46.18639999,333.13505,-286.94865
PLDV,PHEVSales,Minnetonka,2030,114.6062994,498.53553,-383.9292306
PLDV,PHEVSales,Minnetonka,2035,227.6580884,555.00322,-327.3451316
PLDV,PHEVSales,Minnetonka,2040,455.4204538,731.89354,-276.4730862
PLDV,PHEVSales,Minnetonka,2045,545.7897314,877.94813,-332.1583986
PLDV,PHEVSales,Minnetonka,2050,636.1590089,1024.00272,-387.8437111
PLDV,BEVSales,Minnetonka,2015,3.34368637,1.88224,1.46144637
PLDV,BEVSales,Minnetonka,2018,2.08098259,32.38094,-30.29995741
PLDV,BEVSales,Minnetonka,2020,1.23918007,52.71341,-51.47422993
PLDV,BEVSales,Minnetonka,2025,24.17744513,645.02672,-620.8492749
PLDV,BEVSales,Minnetonka,2030,126.9962428,664.87682,-537.8805772
PLDV,BEVSales,Minnetonka,2035,448.991195,618.67471,-169.683515
PLDV,BEVSales,Minnetonka,2040,715.5091296,1232.57884,-517.0697104
PLDV,BEVSales,Minnetonka,2045,857.9422182,1478.71816,-620.7759418
PLDV,BEVSales,Minnetonka,2050,1000.375307,1724.85748,-724.482173
PLDV,TotSales,Minnetonka Beach,2015,7.09315965,61.47568,-54.38252035
PLDV,TotSales,Minnetonka Beach,2018,7.50226198,61.72767,-54.22540802
PLDV,TotSales,Minnetonka Beach,2020,7.77499687,61.89566,-54.12066313
PLDV,TotSales,Minnetonka Beach,2025,9.70724848,61.01941,-51.31216152
PLDV,TotSales,Minnetonka Beach,2030,10.52328164,60.89045,-50.36716836
PLDV,TotSales,Minnetonka Beach,2035,11.45175936,61.86585,-50.41409064
PLDV,TotSales,Minnetonka Beach,2040,9.92889689,62.90282,-52.97392311
PLDV,TotSales,Minnetonka Beach,2045,10.49604433,63.18825,-52.69220567
PLDV,TotSales,Minnetonka Beach,2050,11.06319178,63.47368,-52.41048822
PLDV,SISales,Minnetonka Beach,2015,6.78963154,60.48602,-53.69638846
PLDV,SISales,Minnetonka Beach,2018,7.16624859,60.40555,-53.23930141
PLDV,SISales,Minnetonka Beach,2020,7.41732663,60.3519,-52.93457337
PLDV,SISales,Minnetonka Beach,2025,8.91219748,55.22433,-46.31213252
PLDV,SISales,Minnetonka Beach,2030,8.60668108,53.22142,-44.61473892
PLDV,SISales,Minnetonka Beach,2035,7.32090142,52.7001,-45.37919858
PLDV,SISales,Minnetonka Beach,2040,3.68279495,48.92852,-45.24572505
PLDV,SISales,Minnetonka Beach,2045,3.06142764,46.61702,-43.55559236
PLDV,SISales,Minnetonka Beach,2050,2.44006032,44.30552,-41.86545968
PLDV,CISales,Minnetonka Beach,2015,0.12043024,0.87879,-0.75835976
PLDV,CISales,Minnetonka Beach,2018,0.12190813,0.87735,-0.75544187
PLDV,CISales,Minnetonka Beach,2020,0.12289339,0.8764,-0.75350661
PLDV,CISales,Minnetonka Beach,2025,0.13916571,0.83575,-0.69658429
PLDV,CISales,Minnetonka Beach,2030,0.15296889,0.85323,-0.70026111
PLDV,CISales,Minnetonka Beach,2035,0.16171387,0.89945,-0.73773613
PLDV,CISales,Minnetonka Beach,2040,0.12570244,0.92086,-0.79515756
PLDV,CISales,Minnetonka Beach,2045,0.12675688,0.92928,-0.80252312
PLDV,CISales,Minnetonka Beach,2050,0.12781133,0.93769,-0.80987867
PLDV,HEVSales,Minnetonka Beach,2015,0.1582306,0.09672,0.0615106
PLDV,HEVSales,Minnetonka Beach,2018,0.1619287,0.23139,-0.0694613
PLDV,HEVSales,Minnetonka Beach,2020,0.1643941,0.32117,-0.1567759
PLDV,HEVSales,Minnetonka Beach,2025,0.33338458,0.71847,-0.38508542
PLDV,HEVSales,Minnetonka Beach,2030,0.64264712,1.52798,-0.88533288
PLDV,HEVSales,Minnetonka Beach,2035,0.80961884,2.65641,-1.84679116
PLDV,HEVSales,Minnetonka Beach,2040,0.7369041,3.75622,-3.0193159
PLDV,HEVSales,Minnetonka Beach,2045,0.8526388,4.48812,-3.6354812
PLDV,HEVSales,Minnetonka Beach,2050,0.9683735,5.22002,-4.2516465
PLDV,PHEVSales,Minnetonka Beach,2015,0.01532052,0.00763,0.00769052
PLDV,PHEVSales,Minnetonka Beach,2018,0.04555013,0.08778,-0.04222987
PLDV,PHEVSales,Minnetonka Beach,2020,0.0657032,0.14122,-0.0755168
PLDV,PHEVSales,Minnetonka Beach,2025,0.21596543,1.61151,-1.39554457
PLDV,PHEVSales,Minnetonka Beach,2030,0.53410625,2.43817,-1.90406375
PLDV,PHEVSales,Minnetonka Beach,2035,1.05644391,2.73539,-1.67894609
PLDV,PHEVSales,Minnetonka Beach,2040,2.04771827,3.45885,-1.41113173
PLDV,PHEVSales,Minnetonka Beach,2045,2.45419782,4.14909,-1.69489218
PLDV,PHEVSales,Minnetonka Beach,2050,2.86067737,4.83934,-1.97866263
PLDV,BEVSales,Minnetonka Beach,2015,0.00954676,0.00653,0.00301676
PLDV,BEVSales,Minnetonka Beach,2018,0.00662644,0.1256,-0.11897356
PLDV,BEVSales,Minnetonka Beach,2020,0.00467955,0.20498,-0.20030045
PLDV,BEVSales,Minnetonka Beach,2025,0.10653529,2.62935,-2.52281471
PLDV,BEVSales,Minnetonka Beach,2030,0.58687831,2.84965,-2.26277169
PLDV,BEVSales,Minnetonka Beach,2035,2.10308131,2.8745,-0.77141869
PLDV,BEVSales,Minnetonka Beach,2040,3.33577713,5.83837,-2.50259287
PLDV,BEVSales,Minnetonka Beach,2045,4.0010232,7.00474,-3.0037168
PLDV,BEVSales,Minnetonka Beach,2050,4.66626927,8.1711,-3.50483073
PLDV,TotSales,Minnetrista,2015,215.4277832,1867.26628,-1651.838497
PLDV,TotSales,Minnetrista,2018,248.457068,2038.84229,-1790.385222
PLDV,TotSales,Minnetrista,2020,270.4765912,2153.2263,-1882.749709
PLDV,TotSales,Minnetrista,2025,394.3084334,2478.60829,-2084.299857
PLDV,TotSales,Minnetrista,2030,488.8274789,2828.48328,-2339.655801
PLDV,TotSales,Minnetrista,2035,594.7317601,3212.91995,-2618.18819
PLDV,TotSales,Minnetrista,2040,567.4790094,3595.16575,-3027.686741
PLDV,TotSales,Minnetrista,2045,637.8892546,3940.74565,-3302.856395
PLDV,TotSales,Minnetrista,2050,708.2994998,4286.32554,-3578.02604
PLDV,SISales,Minnetrista,2015,206.2287086,1837.20618,-1630.977471
PLDV,SISales,Minnetrista,2018,237.3118587,1994.59567,-1757.283811
PLDV,SISales,Minnetrista,2020,258.0339588,2099.52199,-1841.488031
PLDV,SISales,Minnetrista,2025,362.0134614,2243.21231,-1881.198849
PLDV,SISales,Minnetrista,2030,399.7975497,2472.24146,-2072.44391
PLDV,SISales,Minnetrista,2035,380.2011947,2736.90882,-2356.707625
PLDV,SISales,Minnetrista,2040,210.487515,2796.47464,-2585.987125
PLDV,SISales,Minnetrista,2045,211.3392762,2988.32833,-2776.989054
PLDV,SISales,Minnetrista,2050,212.1910375,3180.18202,-2967.990983
PLDV,CISales,Minnetrista,2015,3.65795581,26.69243,-23.03447419
PLDV,CISales,Minnetrista,2018,4.02831137,28.96982,-24.94150863
PLDV,CISales,Minnetrista,2020,4.27521507,30.48808,-26.21286493
PLDV,CISales,Minnetrista,2025,5.65291118,33.94801,-28.29509882
PLDV,CISales,Minnetrista,2030,7.10571071,39.63429,-32.52857929
PLDV,CISales,Minnetrista,2035,8.39839286,46.71164,-38.31324714
PLDV,CISales,Minnetrista,2040,7.18443332,52.63125,-45.44681668
PLDV,CISales,Minnetrista,2045,7.88972882,57.81902,-49.92929118
PLDV,CISales,Minnetrista,2050,8.59502433,63.00678,-54.41175567
PLDV,HEVSales,Minnetrista,2015,4.80610634,2.93778,1.86832634
PLDV,HEVSales,Minnetrista,2018,5.35380772,7.87879,-2.52498228
PLDV,HEVSales,Minnetrista,2020,5.71894197,11.17279,-5.45384803
PLDV,HEVSales,Minnetrista,2025,13.54208178,29.18443,-15.64234822
PLDV,HEVSales,Minnetrista,2030,29.85224378,70.97771,-41.12546622
PLDV,HEVSales,Minnetrista,2035,42.04646843,137.95707,-95.91060157
PLDV,HEVSales,Minnetrista,2040,42.11722723,214.68414,-172.5669128
PLDV,HEVSales,Minnetrista,2045,49.57945141,257.03341,-207.4539586
PLDV,HEVSales,Minnetrista,2050,57.04167558,299.38268,-242.3410044
PLDV,PHEVSales,Minnetrista,2015,0.45456013,0.2317,0.22286013
PLDV,PHEVSales,Minnetrista,2018,1.55323385,3.04032,-1.48708615
PLDV,PHEVSales,Minnetrista,2020,2.285683,4.91274,-2.627057
PLDV,PHEVSales,Minnetrista,2025,8.77251571,65.45947,-56.68695429
PLDV,PHEVSales,Minnetrista,2030,24.81030333,113.25782,-88.44751667
PLDV,PHEVSales,Minnetrista,2035,54.86499731,142.05887,-87.19387269
PLDV,PHEVSales,Minnetrista,2040,117.0358749,197.68802,-80.6521451
PLDV,PHEVSales,Minnetrista,2045,140.3521378,237.17929,-96.8271522
PLDV,PHEVSales,Minnetrista,2050,163.6684008,276.67055,-113.0021492
PLDV,BEVSales,Minnetrista,2015,0.28045237,0.19819,0.08226237
PLDV,BEVSales,Minnetrista,2018,0.20985634,4.3577,-4.14784366
PLDV,BEVSales,Minnetrista,2020,0.16279232,7.1307,-6.96790768
PLDV,BEVSales,Minnetrista,2025,4.32746333,106.80407,-102.4766067
PLDV,BEVSales,Minnetrista,2030,27.26167143,132.372,-105.1103286
PLDV,BEVSales,Minnetrista,2035,109.2207068,149.28355,-40.0628432
PLDV,BEVSales,Minnetrista,2040,190.653959,333.68771,-143.033751
PLDV,BEVSales,Minnetrista,2045,228.7286603,400.38561,-171.6569497
PLDV,BEVSales,Minnetrista,2050,266.8033616,467.08351,-200.2801484
PLDV,TotSales,Mound,2015,365.8762262,3170.05109,-2804.174864
PLDV,TotSales,Mound,2018,394.2032128,3241.14128,-2846.938067
PLDV,TotSales,Mound,2020,413.0878706,3288.53474,-2875.446869
PLDV,TotSales,Mound,2025,531.7088256,3342.3021,-2810.593274
PLDV,TotSales,Mound,2030,593.7080749,3435.34976,-2841.641685
PLDV,TotSales,Mound,2035,640.2239973,3458.68271,-2818.458713
PLDV,TotSales,Mound,2040,550.2416657,3485.96152,-2935.719854
PLDV,TotSales,Mound,2045,587.1147535,3549.14361,-2962.028857
PLDV,TotSales,Mound,2050,623.9878414,3612.3257,-2988.337859
PLDV,SISales,Mound,2015,350.1137196,3119.01817,-2768.90445
PLDV,SISales,Mound,2018,376.4963351,3171.51587,-2795.019535
PLDV,SISales,Mound,2020,394.0847455,3206.51434,-2812.429595
PLDV,SISales,Mound,2025,488.1603742,3024.88023,-2536.719856
PLDV,SISales,Mound,2030,485.5762898,3002.67432,-2517.09803
PLDV,SISales,Mound,2035,409.2835544,2946.26053,-2536.976976
PLDV,SISales,Mound,2040,204.0938941,2711.53089,-2507.436996
PLDV,SISales,Mound,2045,174.889929,2630.03343,-2455.143501
PLDV,SISales,Mound,2050,145.6859639,2548.53597,-2402.850006
PLDV,CISales,Mound,2015,6.21009812,45.31563,-39.10553188
PLDV,CISales,Mound,2018,6.40165626,46.06417,-39.66251374
PLDV,CISales,Mound,2020,6.52936168,46.5632,-40.03383832
PLDV,CISales,Mound,2025,7.62271995,45.77751,-38.15479005
PLDV,CISales,Mound,2030,8.63027961,48.13804,-39.50776039
PLDV,CISales,Mound,2035,9.04080294,50.2847,-41.24389706
PLDV,CISales,Mound,2040,6.96620402,51.03256,-44.06635598
PLDV,CISales,Mound,2045,7.1174252,52.17595,-45.0585248
PLDV,CISales,Mound,2050,7.26864638,53.31933,-46.05068362
PLDV,HEVSales,Mound,2015,8.15930905,4.98746,3.17184905
PLDV,HEVSales,Mound,2018,8.50430777,12.23323,-3.72892223
PLDV,HEVSales,Mound,2020,8.73430692,17.06374,-8.32943308
PLDV,HEVSales,Mound,2025,18.26094445,39.35401,-21.09306555
PLDV,HEVSales,Mound,2030,36.25720516,86.20637,-49.94916484
PLDV,HEVSales,Mound,2035,45.26268798,148.50969,-103.247002
PLDV,HEVSales,Mound,2040,40.83790392,208.16304,-167.3251361
PLDV,HEVSales,Mound,2045,47.3736229,248.79816,-201.4245371
PLDV,HEVSales,Mound,2050,53.90934187,289.43328,-235.5239381
PLDV,PHEVSales,Mound,2015,0.84770685,0.39335,0.45435685
PLDV,PHEVSales,Mound,2018,2.43358102,4.65916,-2.22557898
PLDV,PHEVSales,Mound,2020,3.49083046,7.50303,-4.01219954
PLDV,PHEVSales,Mound,2025,11.82937932,88.26943,-76.44005068
PLDV,PHEVSales,Mound,2030,30.13348894,137.5579,-107.4244111
PLDV,PHEVSales,Mound,2035,59.06173211,152.92524,-93.86350789
PLDV,PHEVSales,Mound,2040,113.4808754,191.68319,-78.2023146
PLDV,PHEVSales,Mound,2045,136.0075091,229.94116,-93.9336509
PLDV,PHEVSales,Mound,2050,158.5341428,268.19913,-109.6649872
PLDV,BEVSales,Mound,2015,0.54539258,0.33647,0.20892258
PLDV,BEVSales,Mound,2018,0.36733268,6.66885,-6.30151732
PLDV,BEVSales,Mound,2020,0.24862607,10.89043,-10.64180393
PLDV,BEVSales,Mound,2025,5.83540764,144.02092,-138.1855124
PLDV,BEVSales,Mound,2030,33.1108114,160.77313,-127.6623186
PLDV,BEVSales,Mound,2035,117.5752199,160.70255,-43.1273301
PLDV,BEVSales,Mound,2040,184.8627882,323.55184,-138.6890518
PLDV,BEVSales,Mound,2045,221.7262674,388.19492,-166.4686526
PLDV,BEVSales,Mound,2050,258.5897465,452.83799,-194.2482435
PLDV,TotSales,Mounds View,2015,313.3252184,2543.20748,-2229.882262
PLDV,TotSales,Mounds View,2018,334.6370371,2581.30728,-2246.670243
PLDV,TotSales,Mounds View,2020,348.8449162,2606.70715,-2257.862234
PLDV,TotSales,Mounds View,2025,434.8265686,2592.56204,-2157.735471
PLDV,TotSales,Mounds View,2030,453.6699306,2612.20039,-2158.530459
PLDV,TotSales,Mounds View,2035,421.4864551,2588.81424,-2167.327785
PLDV,TotSales,Mounds View,2040,292.414777,2569.04104,-2276.626263
PLDV,TotSales,Mounds View,2045,288.2326887,2574.20775,-2285.975061
PLDV,TotSales,Mounds View,2050,284.0506005,2579.37446,-2295.32386
PLDV,SISales,Mounds View,2015,302.8449599,2503.16976,-2200.3248
PLDV,SISales,Mounds View,2018,322.9297728,2533.4478,-2210.518027
PLDV,SISales,Mounds View,2020,336.3196481,2553.63316,-2217.313512
PLDV,SISales,Mounds View,2025,410.153917,2471.95704,-2061.803123
PLDV,SISales,Mounds View,2030,404.9467663,2441.00319,-2036.056424
PLDV,SISales,Mounds View,2035,339.5156698,2368.75247,-2029.2368
PLDV,SISales,Mounds View,2040,178.7876308,2247.12747,-2068.339839
PLDV,SISales,Mounds View,2045,153.976165,2195.91901,-2041.942845
PLDV,SISales,Mounds View,2050,129.1646992,2144.71055,-2015.545851
PLDV,CISales,Mounds View,2015,4.56805224,36.08775,-31.51969776
PLDV,CISales,Mounds View,2018,4.89837385,36.16293,-31.26455615
PLDV,CISales,Mounds View,2020,5.11858825,36.21305,-31.09446175
PLDV,CISales,Mounds View,2025,6.30906684,36.32617,-30.01710316
PLDV,CISales,Mounds View,2030,6.83744924,37.6941,-30.85665076
PLDV,CISales,Mounds View,2035,6.92259383,38.41086,-31.48826617
PLDV,CISales,Mounds View,2040,5.64022826,39.81517,-34.17494174
PLDV,CISales,Mounds View,2045,5.85466347,40.56065,-34.70598653
PLDV,CISales,Mounds View,2050,6.06909868,41.30614,-35.23704132
PLDV,HEVSales,Mounds View,2015,5.7822956,3.76309,2.0192056
PLDV,HEVSales,Mounds View,2018,6.14199856,9.03165,-2.88965144
PLDV,HEVSales,Mounds View,2020,6.38180053,12.54403,-6.16222947
PLDV,HEVSales,Mounds View,2025,13.86174676,28.75492,-14.89317324
PLDV,HEVSales,Mounds View,2030,26.83019542,62.93889,-36.10869458
PLDV,HEVSales,Mounds View,2035,34.56071399,107.98092,-73.42020601
PLDV,HEVSales,Mounds View,2040,33.5099005,158.6796,-125.1696995
PLDV,HEVSales,Mounds View,2045,39.05542148,189.6629,-150.6074785
PLDV,HEVSales,Mounds View,2050,44.60094246,220.64621,-176.0452675
PLDV,PHEVSales,Mounds View,2015,0.0870696,0.10645,-0.0193804
PLDV,PHEVSales,Mounds View,2018,0.61767065,1.26755,-0.64987935
PLDV,PHEVSales,Mounds View,2020,0.97140469,2.04162,-1.07021531
PLDV,PHEVSales,Mounds View,2025,3.30667466,23.89378,-20.58710534
PLDV,PHEVSales,Mounds View,2030,8.61998065,37.27453,-28.65454935
PLDV,PHEVSales,Mounds View,2035,17.59255942,42.42631,-24.83375058
PLDV,PHEVSales,Mounds View,2040,36.39782474,58.10481,-21.70698526
PLDV,PHEVSales,Mounds View,2045,43.65997576,69.70449,-26.04451424
PLDV,PHEVSales,Mounds View,2050,50.92212679,81.30416,-30.38203321
PLDV,BEVSales,Mounds View,2015,0.04284106,0.08042,-0.03757894
PLDV,BEVSales,Mounds View,2018,0.04922122,1.39735,-1.34812878
PLDV,BEVSales,Mounds View,2020,0.05347467,2.2753,-2.22182533
PLDV,BEVSales,Mounds View,2025,1.19516329,31.63013,-30.43496671
PLDV,BEVSales,Mounds View,2030,6.43553905,33.28968,-26.85414095
PLDV,BEVSales,Mounds View,2035,22.8949181,31.24368,-8.3487619
PLDV,BEVSales,Mounds View,2040,38.07919268,65.31398,-27.23478732
PLDV,BEVSales,Mounds View,2045,45.68646301,78.36069,-32.67422699
PLDV,BEVSales,Mounds View,2050,53.29373333,91.4074,-38.11366667
PLDV,TotSales,New Brighton,2015,758.5006453,4066.99857,-3308.497925
PLDV,TotSales,New Brighton,2018,777.9943774,4183.66505,-3405.670673
PLDV,TotSales,New Brighton,2020,790.9901988,4261.44271,-3470.452511
PLDV,TotSales,New Brighton,2025,865.2117461,4285.13954,-3419.927794
PLDV,TotSales,New Brighton,2030,864.7392983,4385.73801,-3520.998712
PLDV,TotSales,New Brighton,2035,861.2897436,4434.48227,-3573.192526
PLDV,TotSales,New Brighton,2040,717.8619081,4487.98168,-3770.119772
PLDV,TotSales,New Brighton,2045,709.7341607,4572.1783,-3862.444139
PLDV,TotSales,New Brighton,2050,701.6064133,4656.37492,-3954.768507
PLDV,SISales,New Brighton,2015,733.4732101,4000.88917,-3267.41596
PLDV,SISales,New Brighton,2018,749.8045707,4088.31785,-3338.513279
PLDV,SISales,New Brighton,2020,760.6921444,4146.60364,-3385.911496
PLDV,SISales,New Brighton,2025,802.6128439,3859.28978,-3056.676936
PLDV,SISales,New Brighton,2030,731.6648232,3856.52645,-3124.861627
PLDV,SISales,New Brighton,2035,593.2319319,3839.50618,-3246.274248
PLDV,SISales,New Brighton,2040,302.1192692,3602.71021,-3300.590941
PLDV,SISales,New Brighton,2045,215.848481,3523.07442,-3307.225939
PLDV,SISales,New Brighton,2050,129.5776928,3443.43863,-3313.860937
PLDV,CISales,New Brighton,2015,10.04927202,57.83375,-47.78447798
PLDV,CISales,New Brighton,2018,10.57867658,60.47575,-49.89707342
PLDV,CISales,New Brighton,2020,10.93161295,62.23708,-51.30546705
PLDV,CISales,New Brighton,2025,12.23843375,63.50359,-51.26515625
PLDV,CISales,New Brighton,2030,11.9226576,63.74138,-51.8187224
PLDV,CISales,New Brighton,2035,11.43831741,63.07858,-51.64026259
PLDV,CISales,New Brighton,2040,9.04836557,62.62066,-53.57229443
PLDV,CISales,New Brighton,2045,8.84818428,63.57804,-54.72985572
PLDV,CISales,New Brighton,2050,8.64800299,64.53543,-55.88742701
PLDV,HEVSales,New Brighton,2015,12.54648126,6.96178,5.58470126
PLDV,HEVSales,New Brighton,2018,12.89866397,17.39483,-4.49616603
PLDV,HEVSales,New Brighton,2020,13.13345245,24.3502,-11.21674755
PLDV,HEVSales,New Brighton,2025,25.59222572,50.30819,-24.71596428
PLDV,HEVSales,New Brighton,2030,45.12847916,104.18412,-59.05564084
PLDV,HEVSales,New Brighton,2035,57.04465439,173.8762,-116.8315456
PLDV,HEVSales,New Brighton,2040,53.76466804,246.75061,-192.985942
PLDV,HEVSales,New Brighton,2045,62.0083054,294.70838,-232.7000746
PLDV,HEVSales,New Brighton,2050,70.25194275,342.66615,-272.4142073
PLDV,PHEVSales,New Brighton,2015,1.36515113,0.66961,0.69554113
PLDV,PHEVSales,New Brighton,2018,4.05383936,7.53282,-3.47898064
PLDV,PHEVSales,New Brighton,2020,5.84629818,12.10829,-6.26199182
PLDV,PHEVSales,New Brighton,2025,18.19118508,127.76148,-109.5702949
PLDV,PHEVSales,New Brighton,2030,43.51429794,182.53592,-139.0216221
PLDV,PHEVSales,New Brighton,2035,85.64642395,200.2629,-114.6164761
PLDV,PHEVSales,New Brighton,2040,173.3750468,269.91042,-96.5353732
PLDV,PHEVSales,New Brighton,2045,207.7770259,323.75858,-115.9815541
PLDV,PHEVSales,New Brighton,2050,242.179005,377.60674,-135.427735
PLDV,BEVSales,New Brighton,2015,1.06653079,0.64425,0.42228079
PLDV,BEVSales,New Brighton,2018,0.65862681,9.94381,-9.28518319
PLDV,BEVSales,New Brighton,2020,0.38669082,16.14351,-15.75681918
PLDV,BEVSales,New Brighton,2025,6.57705761,184.2765,-177.6994424
PLDV,BEVSales,New Brighton,2030,32.50904039,178.75014,-146.2410996
PLDV,BEVSales,New Brighton,2035,113.9284159,157.75841,-43.8299941
PLDV,BEVSales,New Brighton,2040,179.5545586,305.98978,-126.4352214
PLDV,BEVSales,New Brighton,2045,215.2521641,367.05888,-151.8067159
PLDV,BEVSales,New Brighton,2050,250.9497697,428.12798,-177.1782103
PLDV,TotSales,New Germany,2015,8.04788714,103.02159,-94.97370286
PLDV,TotSales,New Germany,2018,9.56542041,111.51263,-101.9472096
PLDV,TotSales,New Germany,2020,10.57710925,117.17332,-106.5962108
PLDV,TotSales,New Germany,2025,17.47720215,140.34464,-122.8674379
PLDV,TotSales,New Germany,2030,24.22047439,164.40422,-140.1837456
PLDV,TotSales,New Germany,2035,29.89305306,181.07078,-151.1777269
PLDV,TotSales,New Germany,2040,28.16684588,197.69458,-169.5277341
PLDV,TotSales,New Germany,2045,32.19063762,216.62918,-184.4385424
PLDV,TotSales,New Germany,2050,36.21442937,235.56377,-199.3493406
PLDV,SISales,New Germany,2015,7.71969233,101.41522,-93.69552767
PLDV,SISales,New Germany,2018,9.16140316,109.4598,-100.2983968
PLDV,SISales,New Germany,2020,10.12254371,114.82286,-104.7003163
PLDV,SISales,New Germany,2025,16.21145471,131.64304,-115.4315853
PLDV,SISales,New Germany,2030,20.36954402,149.69665,-129.327106
PLDV,SISales,New Germany,2035,20.37644884,159.83484,-139.4583912
PLDV,SISales,New Germany,2040,11.76505499,159.89695,-148.131895
PLDV,SISales,New Germany,2045,12.57412753,171.59329,-159.0191625
PLDV,SISales,New Germany,2050,13.38320006,183.28964,-169.9064399
PLDV,CISales,New Germany,2015,0.13525024,1.45942,-1.32416976
PLDV,CISales,New Germany,2018,0.15484504,1.51196,-1.35711496
PLDV,CISales,New Germany,2020,0.16790823,1.54699,-1.37908177
PLDV,CISales,New Germany,2025,0.25262048,1.69298,-1.44035952
PLDV,CISales,New Germany,2030,0.3612294,2.09373,-1.7325006
PLDV,CISales,New Germany,2035,0.44903217,2.51862,-2.06958783
PLDV,CISales,New Germany,2040,0.39875486,2.88885,-2.49009514
PLDV,CISales,New Germany,2045,0.45145578,3.17473,-2.72327422
PLDV,CISales,New Germany,2050,0.50415671,3.46062,-2.95646329
PLDV,HEVSales,New Germany,2015,0.17588214,0.13576,0.04012214
PLDV,HEVSales,New Germany,2018,0.20444034,0.3397,-0.13525966
PLDV,HEVSales,New Germany,2020,0.22347914,0.47566,-0.25218086
PLDV,HEVSales,New Germany,2025,0.60101028,1.35186,-0.75084972
PLDV,HEVSales,New Germany,2030,1.51068231,3.63523,-2.12454769
PLDV,HEVSales,New Germany,2035,2.26714602,7.35154,-5.08439398
PLDV,HEVSales,New Germany,2040,2.39542067,11.82938,-9.43395933
PLDV,HEVSales,New Germany,2045,2.83932838,14.16811,-11.32878162
PLDV,HEVSales,New Germany,2050,3.28323608,16.50683,-13.22359392
PLDV,PHEVSales,New Germany,2015,0.00984108,0.00557,0.00427108
PLDV,PHEVSales,New Germany,2018,0.03905759,0.07814,-0.03908241
PLDV,PHEVSales,New Germany,2020,0.05853526,0.12653,-0.06799474
PLDV,PHEVSales,New Germany,2025,0.25237486,1.90959,-1.65721514
PLDV,PHEVSales,New Germany,2030,0.83941587,3.77974,-2.94032413
PLDV,PHEVSales,New Germany,2035,2.01814411,5.0754,-3.05725589
PLDV,PHEVSales,New Germany,2040,4.56301381,7.53003,-2.96701619
PLDV,PHEVSales,New Germany,2045,5.47364835,9.03492,-3.56127165
PLDV,PHEVSales,New Germany,2050,6.3842829,10.53982,-4.1555371
PLDV,BEVSales,New Germany,2015,0.00722135,0.00562,0.00160135
PLDV,BEVSales,New Germany,2018,0.00567428,0.12302,-0.11734572
PLDV,BEVSales,New Germany,2020,0.0046429,0.20129,-0.1966471
PLDV,BEVSales,New Germany,2025,0.15974183,3.74716,-3.58741817
PLDV,BEVSales,New Germany,2030,1.1396028,5.19887,-4.0592672
PLDV,BEVSales,New Germany,2035,4.78228191,6.29039,-1.50810809
PLDV,BEVSales,New Germany,2040,9.04460155,15.54937,-6.50476845
PLDV,BEVSales,New Germany,2045,10.85207759,18.65812,-7.80604241
PLDV,BEVSales,New Germany,2050,12.65955363,21.76687,-9.10731637
PLDV,TotSales,New Hope,2015,572.5224863,4377.33571,-3804.813224
PLDV,TotSales,New Hope,2018,613.1405752,4478.65385,-3865.513275
PLDV,TotSales,New Hope,2020,640.2193012,4546.19927,-3905.979969
PLDV,TotSales,New Hope,2025,761.1831325,4549.52531,-3788.342178
PLDV,TotSales,New Hope,2030,820.164711,4614.66438,-3794.499669
PLDV,TotSales,New Hope,2035,871.8338066,4674.43787,-3802.604063
PLDV,TotSales,New Hope,2040,746.6098054,4739.08834,-3992.478535
PLDV,TotSales,New Hope,2045,781.4272693,4811.43887,-4030.011601
PLDV,TotSales,New Hope,2050,816.2447331,4883.7894,-4067.544667
PLDV,SISales,New Hope,2015,553.5425093,4308.18357,-3754.641061
PLDV,SISales,New Hope,2018,591.4505974,4387.49192,-3796.041323
PLDV,SISales,New Hope,2020,616.7226562,4440.36415,-3823.641494
PLDV,SISales,New Hope,2025,708.2243784,4161.85212,-3453.627742
PLDV,SISales,New Hope,2030,696.4991169,4114.4639,-3417.964783
PLDV,SISales,New Hope,2035,598.6478079,4087.16481,-3488.517002
PLDV,SISales,New Hope,2040,314.3835152,3817.46964,-3503.086125
PLDV,SISales,New Hope,2045,266.5517164,3719.32685,-3452.775134
PLDV,SISales,New Hope,2050,218.7199175,3621.18406,-3402.464143
PLDV,CISales,New Hope,2015,7.54225455,61.82787,-54.28561545
PLDV,CISales,New Hope,2018,8.27629561,61.81211,-53.53581439
PLDV,CISales,New Hope,2020,8.76565631,61.80161,-53.03595369
PLDV,CISales,New Hope,2025,10.78551208,59.85436,-49.06884792
PLDV,CISales,New Hope,2030,11.26786071,61.73835,-50.47048929
PLDV,CISales,New Hope,2035,11.40920332,63.62856,-52.21935668
PLDV,CISales,New Hope,2040,9.29621137,64.38754,-55.09132863
PLDV,CISales,New Hope,2045,9.64700273,64.89948,-55.25247727
PLDV,CISales,New Hope,2050,9.9977941,65.41141,-55.4136159
PLDV,HEVSales,New Hope,2015,9.46506951,6.31966,3.14540951
PLDV,HEVSales,New Hope,2018,10.12026213,14.97611,-4.85584787
PLDV,HEVSales,New Hope,2020,10.55705721,20.74708,-10.19002279
PLDV,HEVSales,New Hope,2025,22.50220781,45.20917,-22.70696219
PLDV,HEVSales,New Hope,2030,42.7121844,99.37143,-56.6592456
PLDV,HEVSales,New Hope,2035,57.0768817,174.42763,-117.3507483
PLDV,HEVSales,New Hope,2040,55.40294768,253.58237,-198.1794223
PLDV,HEVSales,New Hope,2045,64.59052331,303.03491,-238.4443867
PLDV,HEVSales,New Hope,2050,73.77809894,352.48745,-278.7093511
PLDV,PHEVSales,New Hope,2015,0.89990626,0.41391,0.48599626
PLDV,PHEVSales,New Hope,2018,2.64163001,4.90784,-2.26620999
PLDV,PHEVSales,New Hope,2020,3.80277917,7.9038,-4.10102083
PLDV,PHEVSales,New Hope,2025,12.75057401,89.50128,-76.75070599
PLDV,PHEVSales,New Hope,2030,33.01740852,138.45612,-105.4387115
PLDV,PHEVSales,New Hope,2035,69.21118134,161.98306,-92.77187866
PLDV,PHEVSales,New Hope,2040,145.1326173,225.45809,-80.3254727
PLDV,PHEVSales,New Hope,2045,173.9791595,270.46693,-96.4877705
PLDV,PHEVSales,New Hope,2050,202.8257017,315.47576,-112.6500583
PLDV,BEVSales,New Hope,2015,1.07274667,0.5907,0.48204667
PLDV,BEVSales,New Hope,2018,0.65179001,9.46587,-8.81407999
PLDV,BEVSales,New Hope,2020,0.37115225,15.38264,-15.01148775
PLDV,BEVSales,New Hope,2025,6.92046014,193.10839,-186.1879299
PLDV,BEVSales,New Hope,2030,36.66814051,200.63459,-163.9664495
PLDV,BEVSales,New Hope,2035,135.4887324,187.23382,-51.7450876
PLDV,BEVSales,New Hope,2040,222.3945139,378.19071,-155.7961961
PLDV,BEVSales,New Hope,2045,266.6588673,453.71071,-187.0518427
PLDV,BEVSales,New Hope,2050,310.9232208,529.23071,-218.3074892
PLDV,TotSales,New Market Twp.,2015,75.30175761,909.71741,-834.4156524
PLDV,TotSales,New Market Twp.,2018,83.54607855,925.75217,-842.2060915
PLDV,TotSales,New Market Twp.,2020,89.04229251,936.442,-847.3997075
PLDV,TotSales,New Market Twp.,2025,121.3845854,926.44509,-805.0605046
PLDV,TotSales,New Market Twp.,2030,137.4494981,924.87224,-787.4227419
PLDV,TotSales,New Market Twp.,2035,137.2609385,916.76847,-779.5075315
PLDV,TotSales,New Market Twp.,2040,99.37668344,909.94127,-810.5645866
PLDV,TotSales,New Market Twp.,2045,104.1916686,909.98604,-805.7943714
PLDV,TotSales,New Market Twp.,2050,109.0066538,910.03081,-801.0241562
PLDV,SISales,New Market Twp.,2015,72.3022279,895.52869,-823.2264621
PLDV,SISales,New Market Twp.,2018,80.20061307,909.51902,-829.3184069
PLDV,SISales,New Market Twp.,2020,85.46620318,918.8459,-833.3796968
PLDV,SISales,New Market Twp.,2025,114.2601933,891.94279,-777.6825967
PLDV,SISales,New Market Twp.,2030,121.896505,872.05461,-750.158105
PLDV,SISales,New Market Twp.,2035,109.7781829,841.84618,-732.0679971
PLDV,SISales,New Market Twp.,2040,60.37029221,794.52137,-734.1510778
PLDV,SISales,New Market Twp.,2045,57.98390507,774.3199,-716.3359949
PLDV,SISales,New Market Twp.,2050,55.59751794,754.11844,-698.5209221
PLDV,CISales,New Market Twp.,2015,1.28957591,12.91193,-11.62235409
PLDV,CISales,New Market Twp.,2018,1.37211047,12.71145,-11.33933953
PLDV,CISales,New Market Twp.,2020,1.42713351,12.57779,-11.15065649
PLDV,CISales,New Market Twp.,2025,1.77905112,11.80625,-10.02719888
PLDV,CISales,New Market Twp.,2030,2.15625871,12.47333,-10.31707129
PLDV,CISales,New Market Twp.,2035,2.41190138,13.43171,-11.01980862
PLDV,CISales,New Market Twp.,2040,2.02139625,14.42453,-12.40313375
PLDV,CISales,New Market Twp.,2045,2.16776032,14.72706,-12.55929968
PLDV,CISales,New Market Twp.,2050,2.31412438,15.02958,-12.71545562
PLDV,HEVSales,New Market Twp.,2015,1.68536268,1.2382,0.44716268
PLDV,HEVSales,New Market Twp.,2018,1.8319098,2.94671,-1.1148002
PLDV,HEVSales,New Market Twp.,2020,1.92960788,4.08572,-2.15611212
PLDV,HEVSales,New Market Twp.,2025,4.27752113,9.76303,-5.48550887
PLDV,HEVSales,New Market Twp.,2030,9.16181655,22.1212,-12.95938345
PLDV,HEVSales,New Market Twp.,2035,12.37919376,39.91458,-27.53538624
PLDV,HEVSales,New Market Twp.,2040,12.49216238,60.31383,-47.82166762
PLDV,HEVSales,New Market Twp.,2045,14.65352232,72.12896,-57.47543768
PLDV,HEVSales,New Market Twp.,2050,16.81488226,83.94409,-67.12920774
PLDV,PHEVSales,New Market Twp.,2015,0.01649609,0.02228,-0.00578391
PLDV,PHEVSales,New Market Twp.,2018,0.13148462,0.28338,-0.15189538
PLDV,PHEVSales,New Market Twp.,2020,0.20814364,0.45744,-0.24929636
PLDV,PHEVSales,New Market Twp.,2025,0.72703811,5.64914,-4.92210189
PLDV,PHEVSales,New Market Twp.,2030,2.11295859,9.47064,-7.35768141
PLDV,PHEVSales,New Market Twp.,2035,4.64007737,11.4719,-6.83182263
PLDV,PHEVSales,New Market Twp.,2040,9.90385837,16.0717,-6.16784163
PLDV,PHEVSales,New Market Twp.,2045,11.88133083,19.28158,-7.40024917
PLDV,PHEVSales,New Market Twp.,2050,13.85880329,22.49146,-8.63265671
PLDV,BEVSales,New Market Twp.,2015,0.00809502,0.01632,-0.00822498
PLDV,BEVSales,New Market Twp.,2018,0.00996059,0.29162,-0.28165941
PLDV,BEVSales,New Market Twp.,2020,0.0112043,0.47516,-0.4639557
PLDV,BEVSales,New Market Twp.,2025,0.34078179,7.28388,-6.94309821
PLDV,BEVSales,New Market Twp.,2030,2.12195931,8.75246,-6.63050069
PLDV,BEVSales,New Market Twp.,2035,8.05158309,10.1041,-2.05251691
PLDV,BEVSales,New Market Twp.,2040,14.58897423,24.60984,-10.02086577
PLDV,BEVSales,New Market Twp.,2045,17.50515007,29.52855,-12.02339993
PLDV,BEVSales,New Market Twp.,2050,20.42132591,34.44725,-14.02592409
PLDV,TotSales,New Prague,2015,140.4103978,1696.23435,-1555.823952
PLDV,TotSales,New Prague,2018,161.4424336,1785.68669,-1624.244256
PLDV,TotSales,New Prague,2020,175.4637908,1845.32158,-1669.857789
PLDV,TotSales,New Prague,2025,265.2175829,2024.22347,-1759.005887
PLDV,TotSales,New Prague,2030,329.7588269,2218.88613,-1889.127303
PLDV,TotSales,New Prague,2035,356.3744727,2380.23201,-2023.857537
PLDV,TotSales,New Prague,2040,277.6117084,2541.94789,-2264.336182
PLDV,TotSales,New Prague,2045,305.0519705,2711.0906,-2406.03863
PLDV,TotSales,New Prague,2050,332.4922327,2880.23331,-2547.741077
PLDV,SISales,New Prague,2015,134.8127676,1669.77844,-1534.965672
PLDV,SISales,New Prague,2018,154.9752277,1754.29974,-1599.324512
PLDV,SISales,New Prague,2020,168.4168677,1810.64728,-1642.230412
PLDV,SISales,New Prague,2025,249.6512401,1948.83816,-1699.18692
PLDV,SISales,New Prague,2030,292.4452183,2092.16992,-1799.724702
PLDV,SISales,New Prague,2035,285.0202139,2185.70915,-1900.688936
PLDV,SISales,New Prague,2040,168.6461993,2219.51896,-2050.872761
PLDV,SISales,New Prague,2045,175.4128856,2329.46707,-2154.054184
PLDV,SISales,New Prague,2050,182.1795719,2439.41518,-2257.235608
PLDV,CISales,New Prague,2015,2.40450817,24.07523,-21.67072183
PLDV,CISales,New Prague,2018,2.64916047,24.50132,-21.85215953
PLDV,CISales,New Prague,2020,2.812262,24.78538,-21.973118
PLDV,CISales,New Prague,2025,3.88711332,25.79591,-21.90879668
PLDV,CISales,New Prague,2030,5.17313887,29.92511,-24.75197113
PLDV,CISales,New Prague,2035,6.26208805,34.87313,-28.61104195
PLDV,CISales,New Prague,2040,5.64683029,40.29536,-34.64852971
PLDV,CISales,New Prague,2045,6.29529471,43.53939,-37.24409529
PLDV,CISales,New Prague,2050,6.94375913,46.78342,-39.83966087
PLDV,HEVSales,New Prague,2015,3.14248142,2.30871,0.83377142
PLDV,HEVSales,New Prague,2018,3.53844537,5.75419,-2.21574463
PLDV,HEVSales,New Prague,2020,3.80242134,8.05118,-4.24875866
PLDV,HEVSales,New Prague,2025,9.34611105,21.33159,-11.98547895
PLDV,HEVSales,New Prague,2030,21.98036311,53.07156,-31.09119689
PLDV,HEVSales,New Prague,2035,32.14045231,103.63135,-71.49089769
PLDV,HEVSales,New Prague,2040,34.89722559,168.48848,-133.5912544
PLDV,HEVSales,New Prague,2045,41.24817442,201.72443,-160.4762556
PLDV,HEVSales,New Prague,2050,47.59912326,234.96038,-187.3612567
PLDV,PHEVSales,New Prague,2015,0.0338611,0.04155,-0.0076889
PLDV,PHEVSales,New Prague,2018,0.25964102,0.55747,-0.29782898
PLDV,PHEVSales,New Prague,2020,0.41016096,0.90141,-0.49124904
PLDV,PHEVSales,New Prague,2025,1.58853192,12.343,-10.75446808
PLDV,PHEVSales,New Prague,2030,5.06925639,22.72126,-17.65200361
PLDV,PHEVSales,New Prague,2035,12.04716464,29.78481,-17.73764536
PLDV,PHEVSales,New Prague,2040,27.66672168,44.89676,-17.23003832
PLDV,PHEVSales,New Prague,2045,33.1932938,53.8678,-20.6745062
PLDV,PHEVSales,New Prague,2050,38.71986592,62.83885,-24.11898408
PLDV,BEVSales,New Prague,2015,0.01677952,0.03042,-0.01364048
PLDV,BEVSales,New Prague,2018,0.0199591,0.57397,-0.5540109
PLDV,BEVSales,New Prague,2020,0.02207883,0.93633,-0.91425117
PLDV,BEVSales,New Prague,2025,0.74458648,15.9148,-15.17021352
PLDV,BEVSales,New Prague,2030,5.09085027,20.99828,-15.90742973
PLDV,BEVSales,New Prague,2035,20.90455384,26.23357,-5.32901616
PLDV,BEVSales,New Prague,2040,40.75473158,68.74833,-27.99359842
PLDV,BEVSales,New Prague,2045,48.902322,82.49191,-33.589588
PLDV,BEVSales,New Prague,2050,57.04991241,96.23549,-39.18557759
PLDV,TotSales,New Trier,2015,3.14346633,28.39455,-25.25108367
PLDV,TotSales,New Trier,2018,3.55733142,30.2478,-26.69046858
PLDV,TotSales,New Trier,2020,3.83324148,31.48331,-27.65006852
PLDV,TotSales,New Trier,2025,4.87774444,31.04864,-26.17089556
PLDV,TotSales,New Trier,2030,5.23242782,30.98302,-25.75059218
PLDV,TotSales,New Trier,2035,5.23183289,30.71155,-25.47971711
PLDV,TotSales,New Trier,2040,4.08036878,30.48284,-26.40247122
PLDV,TotSales,New Trier,2045,4.26774928,30.9005,-26.63275072
PLDV,TotSales,New Trier,2050,4.45512977,31.31815,-26.86302023
PLDV,SISales,New Trier,2015,3.01787713,27.94234,-24.92446287
PLDV,SISales,New Trier,2018,3.40993798,29.64914,-26.23920202
PLDV,SISales,New Trier,2020,3.67131188,30.78701,-27.11569812
PLDV,SISales,New Trier,2025,4.54045528,29.01771,-24.47725472
PLDV,SISales,New Trier,2030,4.47684066,28.16014,-23.68329934
PLDV,SISales,New Trier,2035,3.77799857,27.20704,-23.42904143
PLDV,SISales,New Trier,2040,1.94192429,25.2378,-23.29587571
PLDV,SISales,New Trier,2045,1.72673372,24.69689,-22.97015628
PLDV,SISales,New Trier,2050,1.51154315,24.15598,-22.64443685
PLDV,CISales,New Trier,2015,0.0524842,0.40507,-0.3525858
PLDV,CISales,New Trier,2018,0.05698895,0.42696,-0.36997105
PLDV,CISales,New Trier,2020,0.05999212,0.44156,-0.38156788
PLDV,CISales,New Trier,2025,0.07064844,0.42807,-0.35742156
PLDV,CISales,New Trier,2030,0.07858351,0.44055,-0.36196649
PLDV,CISales,New Trier,2035,0.08187414,0.45493,-0.37305586
PLDV,CISales,New Trier,2040,0.06462379,0.46628,-0.40165621
PLDV,CISales,New Trier,2045,0.06705171,0.47852,-0.41146829
PLDV,CISales,New Trier,2050,0.06947963,0.49076,-0.42128037
PLDV,HEVSales,New Trier,2015,0.06878206,0.04339,0.02539206
PLDV,HEVSales,New Trier,2018,0.07555118,0.11275,-0.03719882
PLDV,HEVSales,New Trier,2020,0.08006392,0.15899,-0.07892608
PLDV,HEVSales,New Trier,2025,0.16756389,0.36449,-0.19692611
PLDV,HEVSales,New Trier,2030,0.32923324,0.7845,-0.45526676
PLDV,HEVSales,New Trier,2035,0.41390831,1.34279,-0.92888169
PLDV,HEVSales,New Trier,2040,0.38676455,1.91639,-1.52962545
PLDV,HEVSales,New Trier,2045,0.45036105,2.29099,-1.84062895
PLDV,HEVSales,New Trier,2050,0.51395755,2.66559,-2.15163245
PLDV,PHEVSales,New Trier,2015,0.00290439,0.00217,0.00073439
PLDV,PHEVSales,New Trier,2018,0.01357558,0.0277,-0.01412442
PLDV,PHEVSales,New Trier,2020,0.0206897,0.04472,-0.0240303
PLDV,PHEVSales,New Trier,2025,0.06908159,0.51947,-0.45038841
PLDV,PHEVSales,New Trier,2030,0.17872351,0.8071,-0.62837649
PLDV,PHEVSales,New Trier,2035,0.3565648,0.90484,-0.5482752
PLDV,PHEVSales,New Trier,2040,0.70752573,1.17219,-0.46466427
PLDV,PHEVSales,New Trier,2045,0.84845,1.40619,-0.55774
PLDV,PHEVSales,New Trier,2050,0.98937427,1.6402,-0.65082573
PLDV,BEVSales,New Trier,2015,0.00141855,0.00157,-0.00015145
PLDV,BEVSales,New Trier,2018,0.00127773,0.03124,-0.02996227
PLDV,BEVSales,New Trier,2020,0.00118385,0.05102,-0.04983615
PLDV,BEVSales,New Trier,2025,0.02999525,0.7189,-0.68890475
PLDV,BEVSales,New Trier,2030,0.1690469,0.79074,-0.6216931
PLDV,BEVSales,New Trier,2035,0.60148706,0.80195,-0.20046294
PLDV,BEVSales,New Trier,2040,0.97953042,1.69018,-0.71064958
PLDV,BEVSales,New Trier,2045,1.1751528,2.0279,-0.8527472
PLDV,BEVSales,New Trier,2050,1.37077517,2.36563,-0.99485483
PLDV,TotSales,Newport,2015,69.26023995,757.68173,-688.4214901
PLDV,TotSales,Newport,2018,77.77011177,788.65706,-710.8869482
PLDV,TotSales,Newport,2020,83.44335965,809.30728,-725.8639204
PLDV,TotSales,Newport,2025,122.5085724,881.03306,-758.5244876
PLDV,TotSales,Newport,2030,151.6588119,960.32942,-808.6706081
PLDV,TotSales,Newport,2035,173.6500036,1019.4285,-845.7784964
PLDV,TotSales,Newport,2040,155.6105199,1078.84755,-923.2370301
PLDV,TotSales,Newport,2045,172.8805759,1143.08072,-970.2001441
PLDV,TotSales,Newport,2050,190.1506319,1207.31388,-1017.163248
PLDV,SISales,Newport,2015,66.23183949,745.68166,-679.4498205
PLDV,SISales,Newport,2018,74.27690906,773.29174,-699.0148309
PLDV,SISales,Newport,2020,79.64028878,791.69846,-712.0581712
PLDV,SISales,Newport,2025,113.165233,818.28941,-705.124177
PLDV,SISales,Newport,2030,126.476932,863.64078,-737.163848
PLDV,SISales,Newport,2035,117.375916,889.44669,-772.070774
PLDV,SISales,Newport,2040,63.847438,864.31754,-800.470102
PLDV,SISales,Newport,2045,63.3705577,888.04472,-824.6741623
PLDV,SISales,Newport,2050,62.8936774,911.7719,-848.8782226
PLDV,CISales,Newport,2015,1.22775566,10.79428,-9.56652434
PLDV,CISales,Newport,2018,1.29934041,10.95941,-9.66006959
PLDV,CISales,Newport,2020,1.34706357,11.06949,-9.72242643
PLDV,CISales,Newport,2025,1.77172642,11.3894,-9.61767358
PLDV,CISales,Newport,2030,2.26662566,12.96397,-10.69734434
PLDV,CISales,Newport,2035,2.62780279,14.704,-12.07619721
PLDV,CISales,Newport,2040,2.19488788,16.108,-13.91311212
PLDV,CISales,Newport,2045,2.38831432,17.17075,-14.78243568
PLDV,CISales,Newport,2050,2.58174077,18.23349,-15.65174923
PLDV,HEVSales,Newport,2015,1.63079421,1.09901,0.53178421
PLDV,HEVSales,Newport,2018,1.76122918,2.70233,-0.94110082
PLDV,HEVSales,Newport,2020,1.84818582,3.77122,-1.92303418
PLDV,HEVSales,Newport,2025,4.35011461,9.7153,-5.36518539
PLDV,HEVSales,Newport,2030,9.76038112,23.47307,-13.71268888
PLDV,HEVSales,Newport,2035,13.31146801,44.07125,-30.75978199
PLDV,HEVSales,Newport,2040,13.08206514,66.75282,-53.67075486
PLDV,HEVSales,Newport,2045,15.37231933,79.88359,-64.51127067
PLDV,HEVSales,Newport,2050,17.66257351,93.01435,-75.35177649
PLDV,PHEVSales,Newport,2015,0.11177373,0.06163,0.05014373
PLDV,PHEVSales,Newport,2018,0.38848673,0.77345,-0.38496327
PLDV,PHEVSales,Newport,2020,0.57296207,1.248,-0.67503793
PLDV,PHEVSales,Newport,2025,2.12736844,16.17729,-14.04992156
PLDV,PHEVSales,Newport,2030,6.23139506,28.68663,-22.45523494
PLDV,PHEVSales,Newport,2035,13.69705138,35.68842,-21.99136862
PLDV,PHEVSales,Newport,2040,28.93922852,49.01187,-20.07264148
PLDV,PHEVSales,Newport,2045,34.70471948,58.80192,-24.09720052
PLDV,PHEVSales,Newport,2050,40.47021043,68.59197,-28.12175957
PLDV,BEVSales,Newport,2015,0.05807688,0.04516,0.01291688
PLDV,BEVSales,Newport,2018,0.04414639,0.93013,-0.88598361
PLDV,BEVSales,Newport,2020,0.03485941,1.52011,-1.48525059
PLDV,BEVSales,Newport,2025,1.09412994,25.46165,-24.36752006
PLDV,BEVSales,Newport,2030,6.92347802,31.56497,-24.64149198
PLDV,BEVSales,Newport,2035,26.63776539,35.51815,-8.88038461
PLDV,BEVSales,Newport,2040,47.54690037,82.65731,-35.11040963
PLDV,BEVSales,Newport,2045,57.04466507,99.17974,-42.13507493
PLDV,BEVSales,Newport,2050,66.54242976,115.70218,-49.15975024
PLDV,TotSales,Nininger Twp.,2015,34.64410848,312.91931,-278.2752015
PLDV,TotSales,Nininger Twp.,2018,37.16816621,316.62248,-279.4543138
PLDV,TotSales,Nininger Twp.,2020,38.85087137,319.09126,-280.2403886
PLDV,TotSales,Nininger Twp.,2025,50.67310228,322.55294,-271.8798377
PLDV,TotSales,Nininger Twp.,2030,55.6835776,329.7218,-274.0382224
PLDV,TotSales,Nininger Twp.,2035,55.81678827,327.65189,-271.8351017
PLDV,TotSales,Nininger Twp.,2040,43.64100844,326.02489,-282.3838816
PLDV,TotSales,Nininger Twp.,2045,45.44038843,328.646,-283.2056116
PLDV,TotSales,Nininger Twp.,2050,47.23976842,331.26712,-284.0273516
PLDV,SISales,Nininger Twp.,2015,33.25821948,307.9358,-274.6775805
PLDV,SISales,Nininger Twp.,2018,35.62909217,310.39483,-274.7657378
PLDV,SISales,Nininger Twp.,2020,37.20967396,312.03417,-274.824496
PLDV,SISales,Nininger Twp.,2025,47.16912853,301.45433,-254.2852015
PLDV,SISales,Nininger Twp.,2030,47.64260739,299.68065,-252.0380426
PLDV,SISales,Nininger Twp.,2035,40.30628481,290.26339,-249.9571052
PLDV,SISales,Nininger Twp.,2040,20.76957714,269.9273,-249.1577229
PLDV,SISales,Nininger Twp.,2045,18.27184868,262.3256,-244.0537513
PLDV,SISales,Nininger Twp.,2050,15.77412021,254.7239,-238.9497798
PLDV,CISales,Nininger Twp.,2015,0.57839699,4.46405,-3.88565301
PLDV,CISales,Nininger Twp.,2018,0.59618,4.47082,-3.87464
PLDV,CISales,Nininger Twp.,2020,0.60803533,4.47533,-3.86729467
PLDV,CISales,Nininger Twp.,2025,0.73394074,4.44711,-3.71316926
PLDV,CISales,Nininger Twp.,2030,0.8362869,4.68833,-3.8520431
PLDV,CISales,Nininger Twp.,2035,0.87348963,4.85351,-3.98002037
PLDV,CISales,Nininger Twp.,2040,0.69117466,4.98701,-4.29583534
PLDV,CISales,Nininger Twp.,2045,0.71373019,5.09161,-4.37787981
PLDV,CISales,Nininger Twp.,2050,0.73628572,5.1962,-4.45991428
PLDV,HEVSales,Nininger Twp.,2015,0.75800598,0.4782,0.27980598
PLDV,HEVSales,Nininger Twp.,2018,0.79008323,1.1581,-0.36801677
PLDV,HEVSales,Nininger Twp.,2020,0.81146806,1.61137,-0.79990194
PLDV,HEVSales,Nininger Twp.,2025,1.74075991,3.78653,-2.04577009
PLDV,HEVSales,Nininger Twp.,2030,3.50370522,8.34864,-4.84493478
PLDV,HEVSales,Nininger Twp.,2035,4.41585821,14.32579,-9.90993179
PLDV,HEVSales,Nininger Twp.,2040,4.13658566,20.49647,-16.35988434
PLDV,HEVSales,Nininger Twp.,2045,4.8123016,24.50013,-19.6878284
PLDV,HEVSales,Nininger Twp.,2050,5.48801754,28.50378,-23.01576246
PLDV,PHEVSales,Nininger Twp.,2015,0.03315848,0.02392,0.00923848
PLDV,PHEVSales,Nininger Twp.,2018,0.13908061,0.28152,-0.14243939
PLDV,PHEVSales,Nininger Twp.,2020,0.20969536,0.45326,-0.24356464
PLDV,PHEVSales,Nininger Twp.,2025,0.71766341,5.39662,-4.67895659
PLDV,PHEVSales,Nininger Twp.,2030,1.90197839,8.58914,-6.68716161
PLDV,PHEVSales,Nininger Twp.,2035,3.80407832,9.65346,-5.84938168
PLDV,PHEVSales,Nininger Twp.,2040,7.56724158,12.537,-4.96975842
PLDV,PHEVSales,Nininger Twp.,2045,9.0740582,15.03962,-5.9655618
PLDV,PHEVSales,Nininger Twp.,2050,10.58087482,17.54223,-6.96135518
PLDV,BEVSales,Nininger Twp.,2015,0.01632755,0.01734,-0.00101245
PLDV,BEVSales,Nininger Twp.,2018,0.01373021,0.31721,-0.30347979
PLDV,BEVSales,Nininger Twp.,2020,0.01199866,0.51712,-0.50512134
PLDV,BEVSales,Nininger Twp.,2025,0.3116097,7.46835,-7.1567403
PLDV,BEVSales,Nininger Twp.,2030,1.7989997,8.41505,-6.6160503
PLDV,BEVSales,Nininger Twp.,2035,6.41707731,8.55574,-2.13866269
PLDV,BEVSales,Nininger Twp.,2040,10.47642939,18.0771,-7.60067061
PLDV,BEVSales,Nininger Twp.,2045,12.56844976,21.68906,-9.12061024
PLDV,BEVSales,Nininger Twp.,2050,14.66047013,25.30101,-10.64053987
PLDV,TotSales,North Oaks,2015,127.8524876,1037.77167,-909.9191824
PLDV,TotSales,North Oaks,2018,138.8612338,1070.58898,-931.7277462
PLDV,TotSales,North Oaks,2020,146.200398,1092.46718,-946.266782
PLDV,TotSales,North Oaks,2025,186.690511,1113.10294,-926.412429
PLDV,TotSales,North Oaks,2030,199.339818,1147.78502,-948.445202
PLDV,TotSales,North Oaks,2035,188.4735335,1157.62431,-969.1507765
PLDV,TotSales,North Oaks,2040,133.0302665,1168.75151,-1035.721244
PLDV,TotSales,North Oaks,2045,134.0658222,1194.94748,-1060.881658
PLDV,TotSales,North Oaks,2050,135.101378,1221.14345,-1086.042072
PLDV,SISales,North Oaks,2015,123.5777746,1021.43403,-897.8562554
PLDV,SISales,North Oaks,2018,134.0017556,1050.70798,-916.7062244
PLDV,SISales,North Oaks,2020,140.9510763,1070.22395,-929.2728737
PLDV,SISales,North Oaks,2025,176.0974372,1061.32182,-885.2243828
PLDV,SISales,North Oaks,2030,177.9311549,1072.56201,-894.6308551
PLDV,SISales,North Oaks,2035,151.8191562,1059.22063,-907.4014738
PLDV,SISales,North Oaks,2040,81.33708704,1022.30116,-940.964073
PLDV,SISales,North Oaks,2045,72.88894952,1022.47459,-949.5856405
PLDV,SISales,North Oaks,2050,64.44081201,1022.64801,-958.207198
PLDV,CISales,North Oaks,2015,1.8640222,14.72583,-12.8618078
PLDV,CISales,North Oaks,2018,2.03272463,14.99644,-12.96371537
PLDV,CISales,North Oaks,2020,2.14519291,15.17684,-13.03164709
PLDV,CISales,North Oaks,2025,2.70876482,15.59645,-12.88768518
PLDV,CISales,North Oaks,2030,3.00433376,16.56256,-13.55822624
PLDV,CISales,North Oaks,2035,3.09553416,17.17595,-14.08041584
PLDV,CISales,North Oaks,2040,2.56594785,18.11339,-15.54744215
PLDV,CISales,North Oaks,2045,2.70633298,18.7909,-16.08456702
PLDV,CISales,North Oaks,2050,2.84671811,19.46841,-16.62169189
PLDV,HEVSales,North Oaks,2015,2.35950178,1.53555,0.82395178
PLDV,HEVSales,North Oaks,2018,2.54856272,3.76853,-1.21996728
PLDV,HEVSales,North Oaks,2020,2.67460334,5.25718,-2.58257666
PLDV,HEVSales,North Oaks,2025,5.95146841,12.34577,-6.39430159
PLDV,HEVSales,North Oaks,2030,11.78902526,27.65497,-15.86594474
PLDV,HEVSales,North Oaks,2035,15.45430418,48.28517,-32.83086582
PLDV,HEVSales,North Oaks,2040,15.2448896,72.1892,-56.9443104
PLDV,HEVSales,North Oaks,2045,17.82196716,86.31993,-68.49796284
PLDV,HEVSales,North Oaks,2050,20.39904473,100.45066,-80.05161527
PLDV,PHEVSales,North Oaks,2015,0.03435169,0.04344,-0.00908831
PLDV,PHEVSales,North Oaks,2018,0.25800925,0.53076,-0.27275075
PLDV,PHEVSales,North Oaks,2020,0.4071143,0.85564,-0.4485257
PLDV,PHEVSales,North Oaks,2025,1.41970346,10.25867,-8.83896654
PLDV,PHEVSales,North Oaks,2030,3.78756725,16.3782,-12.59063275
PLDV,PHEVSales,North Oaks,2035,7.86675775,18.97151,-11.10475225
PLDV,PHEVSales,North Oaks,2040,16.55871284,26.43402,-9.87530716
PLDV,PHEVSales,North Oaks,2045,19.86358507,31.71214,-11.84855493
PLDV,PHEVSales,North Oaks,2050,23.1684573,36.99026,-13.8218027
PLDV,BEVSales,North Oaks,2015,0.01683735,0.03282,-0.01598265
PLDV,BEVSales,North Oaks,2018,0.02018163,0.58527,-0.56508837
PLDV,BEVSales,North Oaks,2020,0.02241116,0.95357,-0.93115884
PLDV,BEVSales,North Oaks,2025,0.5131371,13.58023,-13.0670929
PLDV,BEVSales,North Oaks,2030,2.82773686,14.62729,-11.79955314
PLDV,BEVSales,North Oaks,2035,10.23778122,13.97105,-3.73326878
PLDV,BEVSales,North Oaks,2040,17.32362913,29.71374,-12.39011087
PLDV,BEVSales,North Oaks,2045,20.78498749,35.64992,-14.86493251
PLDV,BEVSales,North Oaks,2050,24.24634584,41.58611,-17.33976416
PLDV,TotSales,North St. Paul,2015,357.9015511,2905.02121,-2547.119659
PLDV,TotSales,North St. Paul,2018,388.2826075,2993.65689,-2605.374283
PLDV,TotSales,North St. Paul,2020,408.5366451,3052.74735,-2644.210705
PLDV,TotSales,North St. Paul,2025,514.3705653,3066.8264,-2552.455835
PLDV,TotSales,North St. Paul,2030,541.9203336,3120.34017,-2578.419836
PLDV,TotSales,North St. Paul,2035,513.013372,3150.98221,-2637.968838
PLDV,TotSales,North St. Paul,2040,362.5324808,3185.06756,-2822.535079
PLDV,TotSales,North St. Paul,2045,363.4586668,3241.07683,-2877.618163
PLDV,TotSales,North St. Paul,2050,364.3848527,3297.0861,-2932.701247
PLDV,SISales,North St. Paul,2015,345.9297122,2859.28746,-2513.357748
PLDV,SISales,North St. Paul,2018,374.692773,2938.07003,-2563.377257
PLDV,SISales,North St. Paul,2020,393.8681469,2990.59174,-2596.723593
PLDV,SISales,North St. Paul,2025,485.1844791,2924.15881,-2438.974331
PLDV,SISales,North St. Paul,2030,483.7192678,2915.84073,-2432.121462
PLDV,SISales,North St. Paul,2035,413.2424103,2883.13343,-2469.89102
PLDV,SISales,North St. Paul,2040,221.6588505,2785.96282,-2564.30397
PLDV,SISales,North St. Paul,2045,196.8046782,2771.29789,-2574.493212
PLDV,SISales,North St. Paul,2050,171.9505058,2756.63296,-2584.682454
PLDV,CISales,North St. Paul,2015,5.21793394,41.22184,-36.00390606
PLDV,CISales,North St. Paul,2018,5.68383922,41.93447,-36.25063078
PLDV,CISales,North St. Paul,2020,5.99444273,42.40956,-36.41511727
PLDV,CISales,North St. Paul,2025,7.46320145,42.97141,-35.50820855
PLDV,CISales,North St. Paul,2030,8.16750797,45.02657,-36.85906203
PLDV,CISales,North St. Paul,2035,8.42585369,46.75188,-38.32602631
PLDV,CISales,North St. Paul,2040,6.9926902,49.36239,-42.3696998
PLDV,CISales,North St. Paul,2045,7.34764145,50.9905,-43.64285855
PLDV,CISales,North St. Paul,2050,7.7025927,52.61861,-44.9160173
PLDV,HEVSales,North St. Paul,2015,6.6049237,4.29845,2.3064737
PLDV,HEVSales,North St. Paul,2018,7.12625334,10.53366,-3.40740666
PLDV,HEVSales,North St. Paul,2020,7.47380643,14.69047,-7.21666357
PLDV,HEVSales,North St. Paul,2025,16.39751348,34.01514,-17.61762652
PLDV,HEVSales,North St. Paul,2030,32.04935454,75.18211,-43.13275546
PLDV,HEVSales,North St. Paul,2035,42.06566594,131.42927,-89.36360406
PLDV,HEVSales,North St. Paul,2040,41.54518963,196.72915,-155.1839604
PLDV,HEVSales,North St. Paul,2045,48.53324281,235.21529,-186.6820472
PLDV,HEVSales,North St. Paul,2050,55.521296,273.70143,-218.180134
PLDV,PHEVSales,North St. Paul,2015,0.09983666,0.1216,-0.02176334
PLDV,PHEVSales,North St. Paul,2018,0.72250918,1.48322,-0.76071082
PLDV,PHEVSales,North St. Paul,2020,1.13762419,2.39096,-1.25333581
PLDV,PHEVSales,North St. Paul,2025,3.91157357,28.26473,-24.35315643
PLDV,PHEVSales,North St. Paul,2030,10.29678732,44.52538,-34.22859268
PLDV,PHEVSales,North St. Paul,2035,21.41283099,51.63929,-30.22645901
PLDV,PHEVSales,North St. Paul,2040,45.12560491,72.03768,-26.91207509
PLDV,PHEVSales,North St. Paul,2045,54.13075857,86.4209,-32.29014143
PLDV,PHEVSales,North St. Paul,2050,63.13591222,100.80412,-37.66820778
PLDV,BEVSales,North St. Paul,2015,0.04914466,0.09186,-0.04271534
PLDV,BEVSales,North St. Paul,2018,0.05723278,1.63552,-1.57828722
PLDV,BEVSales,North St. Paul,2020,0.06262485,2.66463,-2.60200515
PLDV,BEVSales,North St. Paul,2025,1.41379773,37.41631,-36.00251227
PLDV,BEVSales,North St. Paul,2030,7.68741597,39.76538,-32.07796403
PLDV,BEVSales,North St. Paul,2035,27.86661112,38.02833,-10.16171888
PLDV,BEVSales,North St. Paul,2040,47.21014557,80.97552,-33.76537443
PLDV,BEVSales,North St. Paul,2045,56.64234576,97.15225,-40.50990424
PLDV,BEVSales,North St. Paul,2050,66.07454594,113.32898,-47.25443406
PLDV,TotSales,Northfield,2015,395.4542599,3572.73348,-3177.27922
PLDV,TotSales,Northfield,2018,429.723466,3659.32913,-3229.605664
PLDV,TotSales,Northfield,2020,452.5696034,3717.05957,-3264.489967
PLDV,TotSales,Northfield,2025,595.1277009,3788.2068,-3193.079099
PLDV,TotSales,Northfield,2030,659.0405919,3902.40818,-3243.367588
PLDV,TotSales,Northfield,2035,677.47333,3976.85758,-3299.38425
PLDV,TotSales,Northfield,2040,542.803873,4055.07523,-3512.271357
PLDV,TotSales,Northfield,2045,572.2737956,4151.54358,-3579.269784
PLDV,TotSales,Northfield,2050,601.7437182,4248.01193,-3646.268212
PLDV,SISales,Northfield,2015,379.7233001,3515.83463,-3136.11133
PLDV,SISales,Northfield,2018,411.9602033,3587.24529,-3175.285087
PLDV,SISales,Northfield,2020,433.4514721,3634.85239,-3201.400918
PLDV,SISales,Northfield,2025,553.9754574,3540.41526,-2986.439803
PLDV,SISales,Northfield,2030,563.8720342,3546.85747,-2982.985436
PLDV,SISales,Northfield,2035,489.2154105,3523.05662,-3033.84121
PLDV,SISales,Northfield,2040,258.3305775,3357.33724,-3099.006663
PLDV,SISales,Northfield,2045,234.052033,3325.63776,-3091.585727
PLDV,SISales,Northfield,2050,209.7734885,3293.93829,-3084.164802
PLDV,CISales,Northfield,2015,6.60380558,50.96799,-44.36418442
PLDV,CISales,Northfield,2018,6.89128498,51.66675,-44.77546502
PLDV,CISales,Northfield,2020,7.08293791,52.1326,-45.04966209
PLDV,CISales,Northfield,2025,8.61973006,52.22884,-43.60910994
PLDV,CISales,Northfield,2030,9.89783767,55.48852,-45.59068233
PLDV,CISales,Northfield,2035,10.6019344,58.90923,-48.3072956
PLDV,CISales,Northfield,2040,8.59678304,62.02813,-53.43134696
PLDV,CISales,Northfield,2045,8.99537853,64.24015,-55.24477147
PLDV,CISales,Northfield,2050,9.39397402,66.45218,-57.05820598
PLDV,HEVSales,Northfield,2015,8.65447813,5.45982,3.19465813
PLDV,HEVSales,Northfield,2018,9.13341353,13.44636,-4.31294647
PLDV,HEVSales,Northfield,2020,9.45270379,18.77072,-9.31801621
PLDV,HEVSales,Northfield,2025,20.44426717,44.4707,-24.02643283
PLDV,HEVSales,Northfield,2030,41.46795266,98.80992,-57.34196734
PLDV,HEVSales,Northfield,2035,53.59724659,173.8785,-120.2812534
PLDV,HEVSales,Northfield,2040,51.45056906,254.93374,-203.4831709
PLDV,HEVSales,Northfield,2045,60.00978725,304.82853,-244.8187428
PLDV,HEVSales,Northfield,2050,68.56900544,354.72331,-286.1543046
PLDV,PHEVSales,Northfield,2015,0.32041409,0.27306,0.04735409
PLDV,PHEVSales,Northfield,2018,1.59379678,3.2772,-1.68340322
PLDV,PHEVSales,Northfield,2020,2.44271858,5.27996,-2.83724142
PLDV,PHEVSales,Northfield,2025,8.4285618,63.38037,-54.9518082
PLDV,PHEVSales,Northfield,2030,22.51078362,101.65635,-79.14556638
PLDV,PHEVSales,Northfield,2035,46.17180037,117.16833,-70.99652963
PLDV,PHEVSales,Northfield,2040,94.12083231,155.93435,-61.81351769
PLDV,PHEVSales,Northfield,2045,112.880916,187.0666,-74.185684
PLDV,PHEVSales,Northfield,2050,131.6409996,218.19886,-86.5578604
PLDV,BEVSales,Northfield,2015,0.15226202,0.19798,-0.04571798
PLDV,BEVSales,Northfield,2018,0.14476745,3.69353,-3.54876255
PLDV,BEVSales,Northfield,2020,0.13977107,6.0239,-5.88412893
PLDV,BEVSales,Northfield,2025,3.65968444,87.71163,-84.05194556
PLDV,BEVSales,Northfield,2030,21.2919837,99.59592,-78.3039363
PLDV,BEVSales,Northfield,2035,77.88693806,103.8449,-25.95796194
PLDV,BEVSales,Northfield,2040,130.305111,224.84177,-94.536659
PLDV,BEVSales,Northfield,2045,156.3356808,269.77053,-113.4348492
PLDV,BEVSales,Northfield,2050,182.3662506,314.69929,-132.3330394
PLDV,TotSales,Norwood Young America,2015,90.02856944,1152.51021,-1062.481641
PLDV,TotSales,Norwood Young America,2018,108.5401769,1264.47831,-1155.938133
PLDV,TotSales,Norwood Young America,2020,120.8812486,1339.12371,-1218.242461
PLDV,TotSales,Norwood Young America,2025,214.1120094,1719.35254,-1505.240531
PLDV,TotSales,Norwood Young America,2030,310.7397159,2109.24526,-1798.505544
PLDV,TotSales,Norwood Young America,2035,394.6452395,2390.47922,-1995.833981
PLDV,TotSales,Norwood Young America,2040,380.4353209,2670.16053,-2289.725209
PLDV,TotSales,Norwood Young America,2045,438.5166712,2973.69059,-2535.173919
PLDV,TotSales,Norwood Young America,2050,496.5980215,3277.22065,-2780.622629
PLDV,SISales,Norwood Young America,2015,86.36077578,1134.53962,-1048.178844
PLDV,SISales,Norwood Young America,2018,103.9560387,1241.17257,-1137.216531
PLDV,SISales,Norwood Young America,2020,115.6862139,1312.2612,-1196.574986
PLDV,SISales,Norwood Young America,2025,198.605424,1612.74994,-1414.144516
PLDV,SISales,Norwood Young America,2030,261.3337055,1920.55255,-1659.218845
PLDV,SISales,Norwood Young America,2035,269.007937,2110.12429,-1841.116353
PLDV,SISales,Norwood Young America,2040,158.9046389,2159.64708,-2000.742441
PLDV,SISales,Norwood Young America,2045,173.4134115,2364.66857,-2191.255159
PLDV,SISales,Norwood Young America,2050,187.9221841,2569.69006,-2381.767876
PLDV,CISales,Norwood Young America,2015,1.51305457,16.32663,-14.81357543
PLDV,CISales,Norwood Young America,2018,1.75659257,17.13861,-15.38201743
PLDV,CISales,Norwood Young America,2020,1.91895123,17.67993,-15.76097877
PLDV,CISales,Norwood Young America,2025,3.09483623,20.74054,-17.64570377
PLDV,CISales,Norwood Young America,2030,4.63443936,26.86181,-22.22737064
PLDV,CISales,Norwood Young America,2035,5.92807997,33.25053,-27.32245003
PLDV,CISales,Norwood Young America,2040,5.38577993,39.01819,-33.63241007
PLDV,CISales,Norwood Young America,2045,6.160325,43.5565,-37.396175
PLDV,CISales,Norwood Young America,2050,6.93487007,48.09481,-41.15993993
PLDV,HEVSales,Norwood Young America,2015,1.96760666,1.51877,0.44883666
PLDV,HEVSales,Norwood Young America,2018,2.31947108,3.8692,-1.54972892
PLDV,HEVSales,Norwood Young America,2020,2.55404735,5.43616,-2.88211265
PLDV,HEVSales,Norwood Young America,2025,7.36293584,16.5616,-9.19866416
PLDV,HEVSales,Norwood Young America,2030,19.38149448,46.63861,-27.25711552
PLDV,HEVSales,Norwood Young America,2035,29.93064589,97.05438,-67.12373411
PLDV,HEVSales,Norwood Young America,2040,32.35373373,159.7735,-127.4197663
PLDV,HEVSales,Norwood Young America,2045,38.43095914,191.42444,-152.9934809
PLDV,HEVSales,Norwood Young America,2050,44.50818456,223.07539,-178.5672054
PLDV,PHEVSales,Norwood Young America,2015,0.10818584,0.06226,0.04592584
PLDV,PHEVSales,Norwood Young America,2018,0.44465898,0.89252,-0.44786102
PLDV,PHEVSales,Norwood Young America,2020,0.6689744,1.44602,-0.7770456
PLDV,PHEVSales,Norwood Young America,2025,3.09182712,23.39427,-20.30244288
PLDV,PHEVSales,Norwood Young America,2030,10.76939471,48.49272,-37.72332529
PLDV,PHEVSales,Norwood Young America,2035,26.64334632,67.00492,-40.36157368
PLDV,PHEVSales,Norwood Young America,2040,61.63031634,101.70431,-40.07399366
PLDV,PHEVSales,Norwood Young America,2045,73.93474244,122.03272,-48.09797756
PLDV,PHEVSales,Norwood Young America,2050,86.23916854,142.36113,-56.12196146
PLDV,BEVSales,Norwood Young America,2015,0.0789466,0.06292,0.0160266
PLDV,BEVSales,Norwood Young America,2018,0.06341566,1.40541,-1.34199434
PLDV,BEVSales,Norwood Young America,2020,0.0530617,2.3004,-2.2473383
PLDV,BEVSales,Norwood Young America,2025,1.95698626,45.90617,-43.94918374
PLDV,BEVSales,Norwood Young America,2030,14.62068183,66.69958,-52.07889817
PLDV,BEVSales,Norwood Young America,2035,63.13523038,83.0451,-19.90986962
PLDV,BEVSales,Norwood Young America,2040,122.1608521,210.01745,-87.8565979
PLDV,BEVSales,Norwood Young America,2045,146.5772332,252.00835,-105.4311168
PLDV,BEVSales,Norwood Young America,2050,170.9936143,293.99926,-123.0056457
PLDV,TotSales,Nowthen,2015,218.9164928,1403.20922,-1184.292727
PLDV,TotSales,Nowthen,2018,231.3014363,1456.43613,-1225.134694
PLDV,TotSales,Nowthen,2020,239.5580653,1491.92074,-1252.362675
PLDV,TotSales,Nowthen,2025,306.8919051,1583.91125,-1277.019345
PLDV,TotSales,Nowthen,2030,319.8059866,1698.84361,-1379.037623
PLDV,TotSales,Nowthen,2035,302.3081438,1792.60074,-1490.292596
PLDV,TotSales,Nowthen,2040,217.3583254,1887.0846,-1669.726275
PLDV,TotSales,Nowthen,2045,217.0466919,1983.85968,-1766.812988
PLDV,TotSales,Nowthen,2050,216.7350585,2080.63476,-1863.899702
PLDV,SISales,Nowthen,2015,210.2350955,1380.24357,-1170.008475
PLDV,SISales,Nowthen,2018,222.0868308,1426.11031,-1204.023479
PLDV,SISales,Nowthen,2020,229.9879876,1456.68814,-1226.700152
PLDV,SISales,Nowthen,2025,288.0782203,1493.5775,-1205.49928
PLDV,SISales,Nowthen,2030,282.1437107,1567.24212,-1285.098409
PLDV,SISales,Nowthen,2035,239.8549782,1620.33563,-1380.480652
PLDV,SISales,Nowthen,2040,129.7837883,1631.30554,-1501.521752
PLDV,SISales,Nowthen,2045,113.6935269,1681.51793,-1567.824403
PLDV,SISales,Nowthen,2050,97.60326546,1731.73032,-1634.127055
PLDV,CISales,Nowthen,2015,3.67593605,20.22987,-16.55393395
PLDV,CISales,Nowthen,2018,3.69505323,21.57148,-17.87642677
PLDV,CISales,Nowthen,2020,3.70779801,22.46588,-18.75808199
PLDV,CISales,Nowthen,2025,4.47866633,25.08188,-20.60321367
PLDV,CISales,Nowthen,2030,4.90020951,26.85838,-21.95817049
PLDV,CISales,Nowthen,2035,5.10492049,28.27196,-23.16703951
PLDV,CISales,Nowthen,2040,4.2281712,30.51356,-26.2853888
PLDV,CISales,Nowthen,2045,4.33861824,32.5703,-28.23168176
PLDV,CISales,Nowthen,2050,4.44906527,34.62704,-30.17797473
PLDV,HEVSales,Nowthen,2015,4.89019098,2.58419,2.30600098
PLDV,HEVSales,Nowthen,2018,4.96338858,6.69737,-1.73398142
PLDV,HEVSales,Nowthen,2020,5.01218698,9.43949,-4.42730302
PLDV,HEVSales,Nowthen,2025,10.66903864,22.66189,-11.99285136
PLDV,HEVSales,Nowthen,2030,20.73796084,49.14216,-28.40419916
PLDV,HEVSales,Nowthen,2035,25.88707968,84.64908,-58.76200032
PLDV,HEVSales,Nowthen,2040,25.1933607,126.14647,-100.9531093
PLDV,HEVSales,Nowthen,2045,29.25399464,150.85892,-121.6049254
PLDV,HEVSales,Nowthen,2050,33.31462859,175.57138,-142.2567514
PLDV,PHEVSales,Nowthen,2015,0.08525494,0.09704,-0.01178506
PLDV,PHEVSales,Nowthen,2018,0.5222526,1.09911,-0.5768574
PLDV,PHEVSales,Nowthen,2020,0.81358437,1.76715,-0.95356563
PLDV,PHEVSales,Nowthen,2025,2.75205425,20.6115,-17.85944575
PLDV,PHEVSales,Nowthen,2030,6.95699729,31.70539,-24.74839271
PLDV,PHEVSales,Nowthen,2035,13.65998365,35.33994,-21.67995635
PLDV,PHEVSales,Nowthen,2040,28.02602027,46.88507,-18.85904973
PLDV,PHEVSales,Nowthen,2045,33.61417334,56.24268,-22.62850666
PLDV,PHEVSales,Nowthen,2050,39.20232641,65.60029,-26.39796359
PLDV,BEVSales,Nowthen,2015,0.03001533,0.05454,-0.02452467
PLDV,BEVSales,Nowthen,2018,0.03391115,0.95786,-0.92394885
PLDV,BEVSales,Nowthen,2020,0.03650837,1.56008,-1.52357163
PLDV,BEVSales,Nowthen,2025,0.91392563,21.97849,-21.06456437
PLDV,BEVSales,Nowthen,2030,5.06710825,23.89557,-18.82846175
PLDV,BEVSales,Nowthen,2035,17.80118177,24.00413,-6.20294823
PLDV,BEVSales,Nowthen,2040,30.12698492,52.23397,-22.10698508
PLDV,BEVSales,Nowthen,2045,36.14637884,62.66985,-26.52347116
PLDV,BEVSales,Nowthen,2050,42.16577275,73.10574,-30.93996725
PLDV,TotSales,Oak Grove,2015,376.3186539,2412.09199,-2035.773336
PLDV,TotSales,Oak Grove,2018,400.2949154,2520.33961,-2120.044695
PLDV,TotSales,Oak Grove,2020,416.2790898,2592.50469,-2176.2256
PLDV,TotSales,Oak Grove,2025,533.0063885,2750.91913,-2217.912742
PLDV,TotSales,Oak Grove,2030,555.1856616,2949.20563,-2394.019968
PLDV,TotSales,Oak Grove,2035,527.4635067,3127.70758,-2600.244073
PLDV,TotSales,Oak Grove,2040,380.9343985,3307.23674,-2926.302342
PLDV,TotSales,Oak Grove,2045,381.8575474,3486.26568,-3104.408133
PLDV,TotSales,Oak Grove,2050,382.7806964,3665.29463,-3282.513934
PLDV,SISales,Oak Grove,2015,361.3904346,2372.61444,-2011.224005
PLDV,SISales,Oak Grove,2018,384.3456963,2467.81446,-2083.468764
PLDV,SISales,Oak Grove,2020,399.6492041,2531.28114,-2131.631936
PLDV,SISales,Oak Grove,2025,500.3309935,2594.0285,-2093.697507
PLDV,SISales,Oak Grove,2030,489.8036599,2720.74441,-2230.94075
PLDV,SISales,Oak Grove,2035,418.4959966,2827.14155,-2408.645553
PLDV,SISales,Oak Grove,2040,227.4544085,2858.96752,-2631.513112
PLDV,SISales,Oak Grove,2045,200.6672033,2956.23814,-2755.570937
PLDV,SISales,Oak Grove,2050,173.8799981,3053.50875,-2879.628752
PLDV,CISales,Oak Grove,2015,6.31886947,34.7748,-28.45593053
PLDV,CISales,Oak Grove,2018,6.39336323,37.33324,-30.93987677
PLDV,CISales,Oak Grove,2020,6.44302574,39.03886,-32.59583426
PLDV,CISales,Oak Grove,2025,7.77849701,43.56192,-35.78342299
PLDV,CISales,Oak Grove,2030,8.50680154,46.62635,-38.11954846
PLDV,CISales,Oak Grove,2035,8.90700207,49.32856,-40.42155793
PLDV,CISales,Oak Grove,2040,7.41014107,53.47697,-46.06682893
PLDV,CISales,Oak Grove,2045,7.62839539,57.21741,-49.58901461
PLDV,CISales,Oak Grove,2050,7.84664971,60.95784,-53.11119029
PLDV,HEVSales,Oak Grove,2015,8.40615236,4.44218,3.96397236
PLDV,HEVSales,Oak Grove,2018,8.58825527,11.61865,-3.03039473
PLDV,HEVSales,Oak Grove,2020,8.70965722,16.40297,-7.69331278
PLDV,HEVSales,Oak Grove,2025,18.5298656,39.35891,-20.8290444
PLDV,HEVSales,Oak Grove,2030,36.00126012,85.31116,-49.30989988
PLDV,HEVSales,Oak Grove,2035,45.16745614,147.69467,-102.5272139
PLDV,HEVSales,Oak Grove,2040,44.15297958,221.07977,-176.9267904
PLDV,HEVSales,Oak Grove,2045,51.30234503,264.40729,-213.104945
PLDV,HEVSales,Oak Grove,2050,58.45171048,307.7348,-249.2830895
PLDV,PHEVSales,Oak Grove,2015,0.15015456,0.16682,-0.01666544
PLDV,PHEVSales,Oak Grove,2018,0.9083192,1.90919,-1.0008708
PLDV,PHEVSales,Oak Grove,2020,1.41376229,3.07077,-1.65700771
PLDV,PHEVSales,Oak Grove,2025,4.77973668,35.79782,-31.01808332
PLDV,PHEVSales,Oak Grove,2030,12.077401,55.04081,-42.963409
PLDV,PHEVSales,Oak Grove,2035,23.83377036,61.66069,-37.82691964
PLDV,PHEVSales,Oak Grove,2040,49.11739707,82.1691,-33.05170293
PLDV,PHEVSales,Oak Grove,2045,58.91084557,98.56955,-39.65870443
PLDV,PHEVSales,Oak Grove,2050,68.70429407,114.97001,-46.26571593
PLDV,BEVSales,Oak Grove,2015,0.05304286,0.09375,-0.04070714
PLDV,BEVSales,Oak Grove,2018,0.05928141,1.66407,-1.60478859
PLDV,BEVSales,Oak Grove,2020,0.06344044,2.71095,-2.64750956
PLDV,BEVSales,Oak Grove,2025,1.58729569,38.17198,-36.58468431
PLDV,BEVSales,Oak Grove,2030,8.79653904,41.48289,-32.68635096
PLDV,BEVSales,Oak Grove,2035,31.05928157,41.88211,-10.82282843
PLDV,BEVSales,Oak Grove,2040,52.79947229,91.54337,-38.74389771
PLDV,BEVSales,Oak Grove,2045,63.34875817,109.8333,-46.48454183
PLDV,BEVSales,Oak Grove,2050,73.89804406,128.12322,-54.22517594
PLDV,TotSales,Oak Park Heights,2015,98.45612928,1076.99609,-978.5399607
PLDV,TotSales,Oak Park Heights,2018,111.3871402,1129.1634,-1017.77626
PLDV,TotSales,Oak Park Heights,2020,120.0078142,1163.94161,-1043.933796
PLDV,TotSales,Oak Park Heights,2025,167.926562,1207.66123,-1039.734668
PLDV,TotSales,Oak Park Heights,2030,199.3818837,1262.52003,-1063.138146
PLDV,TotSales,Oak Park Heights,2035,221.1933565,1298.53618,-1077.342824
PLDV,TotSales,Oak Park Heights,2040,192.6430092,1335.59376,-1142.950751
PLDV,TotSales,Oak Park Heights,2045,211.4803851,1387.31329,-1175.832905
PLDV,TotSales,Oak Park Heights,2050,230.3177611,1439.03282,-1208.715059
PLDV,SISales,Oak Park Heights,2015,94.14432127,1059.93875,-965.7944287
PLDV,SISales,Oak Park Heights,2018,106.3806827,1107.14551,-1000.764827
PLDV,SISales,Oak Park Heights,2020,114.538257,1138.61669,-1024.078433
PLDV,SISales,Oak Park Heights,2025,155.1193369,1121.65643,-966.5370931
PLDV,SISales,Oak Park Heights,2030,166.2759231,1135.406,-969.1300769
PLDV,SISales,Oak Park Heights,2035,149.5120777,1132.96686,-983.4547823
PLDV,SISales,Oak Park Heights,2040,79.04197346,1070.00948,-990.9675065
PLDV,SISales,Oak Park Heights,2045,76.02150389,1072.02363,-996.0021261
PLDV,SISales,Oak Park Heights,2050,73.00103433,1074.03778,-1001.036746
PLDV,CISales,Oak Park Heights,2015,1.7451761,15.34338,-13.5982039
PLDV,CISales,Oak Park Heights,2018,1.86047441,15.6894,-13.82892559
PLDV,CISales,Oak Park Heights,2020,1.93733996,15.92008,-13.98274004
PLDV,CISales,Oak Park Heights,2025,2.42856414,15.61183,-13.18326586
PLDV,CISales,Oak Park Heights,2030,2.97987362,17.04339,-14.06351638
PLDV,CISales,Oak Park Heights,2035,3.34726465,18.72978,-15.38251535
PLDV,CISales,Oak Park Heights,2040,2.71723149,19.94142,-17.22418851
PLDV,CISales,Oak Park Heights,2045,2.91164257,20.86102,-17.94937743
PLDV,CISales,Oak Park Heights,2050,3.10605365,21.78063,-18.67457635
PLDV,HEVSales,Oak Park Heights,2015,2.3180696,1.56217,0.7558996
PLDV,HEVSales,Oak Park Heights,2018,2.5220587,3.87912,-1.3570613
PLDV,HEVSales,Oak Park Heights,2020,2.65805142,5.42375,-2.76569858
PLDV,HEVSales,Oak Park Heights,2025,5.96284633,13.31709,-7.35424367
PLDV,HEVSales,Oak Park Heights,2030,12.83171844,30.85944,-18.02772156
PLDV,HEVSales,Oak Park Heights,2035,16.95599325,56.13744,-39.18144675
PLDV,HEVSales,Oak Park Heights,2040,16.19536003,82.63879,-66.44342997
PLDV,HEVSales,Oak Park Heights,2045,18.97081812,98.85411,-79.88329188
PLDV,HEVSales,Oak Park Heights,2050,21.7462762,115.06944,-93.3231638
PLDV,PHEVSales,Oak Park Heights,2015,0.16303927,0.0876,0.07543927
PLDV,PHEVSales,Oak Park Heights,2018,0.55963438,1.11196,-0.55232562
PLDV,PHEVSales,Oak Park Heights,2020,0.82403112,1.79487,-0.97083888
PLDV,PHEVSales,Oak Park Heights,2025,2.91605446,22.17475,-19.25869554
PLDV,PHEVSales,Oak Park Heights,2030,8.19225252,37.71356,-29.52130748
PLDV,PHEVSales,Oak Park Heights,2035,17.44714487,45.4595,-28.01235513
PLDV,PHEVSales,Oak Park Heights,2040,35.82624149,60.67581,-24.84956851
PLDV,PHEVSales,Oak Park Heights,2045,42.95888194,72.79345,-29.83456806
PLDV,PHEVSales,Oak Park Heights,2050,50.09152238,84.91109,-34.81956762
PLDV,BEVSales,Oak Park Heights,2015,0.08552304,0.06419,0.02133304
PLDV,BEVSales,Oak Park Heights,2018,0.06428999,1.33741,-1.27312001
PLDV,BEVSales,Oak Park Heights,2020,0.05013462,2.18622,-2.13608538
PLDV,BEVSales,Oak Park Heights,2025,1.49976018,34.90113,-33.40136982
PLDV,BEVSales,Oak Park Heights,2030,9.10211594,41.49764,-32.39552406
PLDV,BEVSales,Oak Park Heights,2035,33.93087598,45.2426,-11.31172402
PLDV,BEVSales,Oak Park Heights,2040,58.86220269,102.32826,-43.46605731
PLDV,BEVSales,Oak Park Heights,2045,70.61753862,122.78107,-52.16353138
PLDV,BEVSales,Oak Park Heights,2050,82.37287455,143.23389,-60.86101545
PLDV,TotSales,Oakdale,2015,1075.242409,5704.62332,-4629.380911
PLDV,TotSales,Oakdale,2018,1091.748489,5873.17246,-4781.423971
PLDV,TotSales,Oakdale,2020,1102.752543,5985.53855,-4882.786007
PLDV,TotSales,Oakdale,2025,1257.615222,5990.46038,-4732.845158
PLDV,TotSales,Oakdale,2030,1223.042969,6102.59333,-4879.550361
PLDV,TotSales,Oakdale,2035,1174.526226,6122.49892,-4947.972694
PLDV,TotSales,Oakdale,2040,933.5335532,6149.73486,-5216.201307
PLDV,TotSales,Oakdale,2045,905.1917822,6238.75717,-5333.565388
PLDV,TotSales,Oakdale,2050,876.8500111,6327.77948,-5450.929469
PLDV,SISales,Oakdale,2015,1024.66874,5606.28642,-4581.61768
PLDV,SISales,Oakdale,2018,1039.443636,5721.7285,-4682.284864
PLDV,SISales,Oakdale,2020,1049.293566,5798.68989,-4749.396324
PLDV,SISales,Oakdale,2025,1156.112675,5315.72744,-4159.614765
PLDV,SISales,Oakdale,2030,1006.936053,5270.26792,-4263.331867
PLDV,SISales,Oakdale,2035,775.2887603,5191.1374,-4415.84864
PLDV,SISales,Oakdale,2040,365.8829832,4804.46893,-4438.585947
PLDV,SISales,Oakdale,2045,234.1258318,4644.10543,-4409.979598
PLDV,SISales,Oakdale,2050,102.3686805,4483.74194,-4381.37326
PLDV,CISales,Oakdale,2015,20.22785037,83.80324,-63.57538963
PLDV,CISales,Oakdale,2018,19.12747462,92.45106,-73.32358538
PLDV,CISales,Oakdale,2020,18.39389079,98.21628,-79.82238921
PLDV,CISales,Oakdale,2025,18.23131663,101.79255,-83.56123337
PLDV,CISales,Oakdale,2030,18.46114357,100.4632,-82.00205643
PLDV,CISales,Oakdale,2035,17.97558537,98.86617,-80.89058463
PLDV,CISales,Oakdale,2040,13.07392575,97.34083,-84.26690425
PLDV,CISales,Oakdale,2045,11.64314083,100.04835,-88.40520917
PLDV,CISales,Oakdale,2050,10.21235591,102.75587,-92.54351409
PLDV,HEVSales,Oakdale,2015,27.25052606,12.71141,14.53911606
PLDV,HEVSales,Oakdale,2018,26.42382746,33.4004,-6.97657254
PLDV,HEVSales,Oakdale,2020,25.87269506,47.19305,-21.32035494
PLDV,HEVSales,Oakdale,2025,46.3182318,99.78158,-53.4633482
PLDV,HEVSales,Oakdale,2030,81.47787893,193.85312,-112.3752411
PLDV,HEVSales,Oakdale,2035,90.63105833,306.02967,-215.3986117
PLDV,HEVSales,Oakdale,2040,76.53664096,407.21394,-330.677299
PLDV,HEVSales,Oakdale,2045,86.39386394,486.11444,-399.7205761
PLDV,HEVSales,Oakdale,2050,96.25108693,565.01495,-468.7638631
PLDV,PHEVSales,Oakdale,2015,2.1325441,1.10231,1.0302341
PLDV,PHEVSales,Oakdale,2018,6.06454179,11.82858,-5.76403821
PLDV,PHEVSales,Oakdale,2020,8.68587359,18.97943,-10.29355641
PLDV,PHEVSales,Oakdale,2025,24.58061101,187.12436,-162.543749
PLDV,PHEVSales,Oakdale,2030,55.13396404,259.34621,-204.212246
PLDV,PHEVSales,Oakdale,2035,98.5451033,266.17895,-167.6338467
PLDV,PHEVSales,Oakdale,2040,179.0359784,312.90011,-133.8641316
PLDV,PHEVSales,Oakdale,2045,214.4166652,375.25967,-160.8430048
PLDV,PHEVSales,Oakdale,2050,249.797352,437.61923,-187.821878
PLDV,BEVSales,Oakdale,2015,0.96274821,0.71994,0.24280821
PLDV,BEVSales,Oakdale,2018,0.68900997,13.76392,-13.07491003
PLDV,BEVSales,Oakdale,2020,0.50651781,22.4599,-21.95338219
PLDV,BEVSales,Oakdale,2025,12.37238759,286.03445,-273.6620624
PLDV,BEVSales,Oakdale,2030,61.03392982,278.66288,-217.6289502
PLDV,BEVSales,Oakdale,2035,192.0857191,260.28675,-68.2010309
PLDV,BEVSales,Oakdale,2040,299.004025,527.81105,-228.807025
PLDV,BEVSales,Oakdale,2045,358.6122804,633.22927,-274.6169896
PLDV,BEVSales,Oakdale,2050,418.2205357,738.6475,-320.4269643
PLDV,TotSales,Orono,2015,191.9056328,1663.15476,-1471.249127
PLDV,TotSales,Orono,2018,211.1561841,1735.15318,-1523.996996
PLDV,TotSales,Orono,2020,223.9898849,1783.15213,-1559.162245
PLDV,TotSales,Orono,2025,295.2508163,1855.93576,-1560.684944
PLDV,TotSales,Orono,2030,336.9765248,1949.83406,-1612.857535
PLDV,TotSales,Orono,2035,374.9082564,2025.36723,-1650.458974
PLDV,TotSales,Orono,2040,331.8237339,2102.21225,-1770.388516
PLDV,TotSales,Orono,2045,359.8073541,2190.02375,-1830.216396
PLDV,TotSales,Orono,2050,387.7909743,2277.83524,-1890.044266
PLDV,SISales,Orono,2015,183.6857773,1636.38054,-1452.694763
PLDV,SISales,Orono,2018,201.6857687,1697.75899,-1496.073221
PLDV,SISales,Orono,2020,213.6857629,1738.67796,-1524.992197
PLDV,SISales,Orono,2025,271.0689423,1679.67563,-1408.606688
PLDV,SISales,Orono,2030,275.6031416,1704.25635,-1428.653208
PLDV,SISales,Orono,2035,239.6720279,1725.29834,-1485.626312
PLDV,SISales,Orono,2040,123.0790073,1635.19115,-1512.112143
PLDV,SISales,Orono,2045,110.9576533,1634.95328,-1523.995627
PLDV,SISales,Orono,2050,98.83629932,1634.7154,-1535.879101
PLDV,CISales,Orono,2015,3.2581034,23.77467,-20.5165666
PLDV,CISales,Orono,2018,3.42750267,24.65873,-21.23122733
PLDV,CISales,Orono,2020,3.54043552,25.2481,-21.70766448
PLDV,CISales,Orono,2025,4.23279468,25.41964,-21.18684532
PLDV,CISales,Orono,2030,4.89836968,27.32217,-22.42380032
PLDV,CISales,Orono,2035,5.29419653,29.44618,-24.15198347
PLDV,CISales,Orono,2040,4.20097563,30.77523,-26.57425437
PLDV,CISales,Orono,2045,4.38955008,32.17535,-27.78579992
PLDV,CISales,Orono,2050,4.57812453,33.57546,-28.99733547
PLDV,HEVSales,Orono,2015,4.2807492,2.61665,1.6640992
PLDV,HEVSales,Orono,2018,4.55391747,6.59818,-2.04426253
PLDV,HEVSales,Orono,2020,4.73602965,9.25252,-4.51649035
PLDV,HEVSales,Orono,2025,10.1400588,21.85276,-11.7127012
PLDV,HEVSales,Orono,2030,20.57884592,48.92897,-28.35012408
PLDV,HEVSales,Orono,2035,26.50534111,86.96567,-60.46032889
PLDV,HEVSales,Orono,2040,24.62733488,125.53291,-100.9055751
PLDV,HEVSales,Orono,2045,28.69665201,150.11616,-121.419508
PLDV,HEVSales,Orono,2050,32.76596915,174.69942,-141.9334509
PLDV,PHEVSales,Orono,2015,0.41882969,0.20637,0.21245969
PLDV,PHEVSales,Orono,2018,1.30323801,2.52358,-1.22034199
PLDV,PHEVSales,Orono,2020,1.89284356,4.06839,-2.17554644
PLDV,PHEVSales,Orono,2025,6.5686965,49.01484,-42.4461435
PLDV,PHEVSales,Orono,2030,17.10315021,78.07504,-60.97188979
PLDV,PHEVSales,Orono,2035,34.58591227,89.55137,-54.96545773
PLDV,PHEVSales,Orono,2040,68.43474448,115.59472,-47.15997552
PLDV,PHEVSales,Orono,2045,82.03792744,138.67239,-56.63446256
PLDV,PHEVSales,Orono,2050,95.6411104,161.75006,-66.1089496
PLDV,BEVSales,Orono,2015,0.26217315,0.17653,0.08564315
PLDV,BEVSales,Orono,2018,0.18575722,3.6137,-3.42794278
PLDV,BEVSales,Orono,2020,0.13481327,5.90515,-5.77033673
PLDV,BEVSales,Orono,2025,3.240324,79.9729,-76.732576
PLDV,BEVSales,Orono,2030,18.79301736,91.25153,-72.45851264
PLDV,BEVSales,Orono,2035,68.85077861,94.10568,-25.25490139
PLDV,BEVSales,Orono,2040,111.4816716,195.11823,-83.6365584
PLDV,BEVSales,Orono,2045,133.7255713,234.10657,-100.3809987
PLDV,BEVSales,Orono,2050,155.9694709,273.09491,-117.1254391
PLDV,TotSales,Osseo,2015,64.44366169,558.34021,-493.8965483
PLDV,TotSales,Osseo,2018,71.26119638,585.42571,-514.1645136
PLDV,TotSales,Osseo,2020,75.80621951,603.48271,-527.6764905
PLDV,TotSales,Osseo,2025,98.2858909,617.82149,-519.5355991
PLDV,TotSales,Osseo,2030,110.4944573,639.34975,-528.8552927
PLDV,TotSales,Osseo,2035,121.5003737,656.38158,-534.8812063
PLDV,TotSales,Osseo,2040,106.3810381,673.95879,-567.5777519
PLDV,TotSales,Osseo,2045,114.7685133,697.0825,-582.3139867
PLDV,TotSales,Osseo,2050,123.1559886,720.20622,-597.0502314
PLDV,SISales,Osseo,2015,61.66543159,549.3518,-487.6863684
PLDV,SISales,Osseo,2018,68.05753343,572.79935,-504.7418166
PLDV,SISales,Osseo,2020,72.31893465,588.43105,-516.1121154
PLDV,SISales,Osseo,2025,90.23599943,559.14635,-468.9103506
PLDV,SISales,Osseo,2030,90.37015137,558.82492,-468.4547686
PLDV,SISales,Osseo,2035,77.67297852,559.13517,-481.4621915
PLDV,SISales,Osseo,2040,39.45851735,524.23415,-484.7756327
PLDV,SISales,Osseo,2045,35.01713451,519.21062,-484.1934855
PLDV,SISales,Osseo,2050,30.57575166,514.18709,-483.6113383
PLDV,CISales,Osseo,2015,1.09378285,7.98143,-6.88764715
PLDV,CISales,Osseo,2018,1.15643944,8.31949,-7.16305056
PLDV,CISales,Osseo,2020,1.1982105,8.54486,-7.3466495
PLDV,CISales,Osseo,2025,1.40905282,8.46193,-7.05287718
PLDV,CISales,Osseo,2030,1.60617331,8.95893,-7.35275669
PLDV,CISales,Osseo,2035,1.71574471,9.54293,-7.82718529
PLDV,CISales,Osseo,2040,1.34681189,9.86639,-8.51957811
PLDV,CISales,Osseo,2045,1.39741769,10.24338,-8.84596231
PLDV,CISales,Osseo,2050,1.4480235,10.62037,-9.1723465
PLDV,HEVSales,Osseo,2015,1.43709682,0.87844,0.55865682
PLDV,HEVSales,Osseo,2018,1.53654422,2.23021,-0.69366578
PLDV,HEVSales,Osseo,2020,1.60284248,3.13139,-1.52854752
PLDV,HEVSales,Osseo,2025,3.37551891,7.27455,-3.89903109
PLDV,HEVSales,Osseo,2030,6.74779471,16.04379,-9.29599529
PLDV,HEVSales,Osseo,2035,8.58985843,28.18386,-19.59400157
PLDV,HEVSales,Osseo,2040,7.89540103,40.24523,-32.34982897
PLDV,HEVSales,Osseo,2045,9.18706187,48.11858,-38.93151813
PLDV,HEVSales,Osseo,2050,10.47872271,55.99194,-45.51321729
PLDV,PHEVSales,Osseo,2015,0.15032209,0.06928,0.08104209
PLDV,PHEVSales,Osseo,2018,0.44449257,0.85385,-0.40935743
PLDV,PHEVSales,Osseo,2020,0.64060622,1.37689,-0.73628378
PLDV,PHEVSales,Osseo,2025,2.18664997,16.31652,-14.12987003
PLDV,PHEVSales,Osseo,2030,5.60811558,25.60077,-19.99265442
PLDV,PHEVSales,Osseo,2035,11.20861222,29.02183,-17.81321778
PLDV,PHEVSales,Osseo,2040,21.93983857,37.05909,-15.11925143
PLDV,PHEVSales,Osseo,2045,26.29774187,44.45705,-18.15930813
PLDV,PHEVSales,Osseo,2050,30.65564517,51.85502,-21.19937483
PLDV,BEVSales,Osseo,2015,0.09702835,0.05926,0.03776835
PLDV,BEVSales,Osseo,2018,0.06618673,1.22281,-1.15662327
PLDV,BEVSales,Osseo,2020,0.04562565,1.99852,-1.95289435
PLDV,BEVSales,Osseo,2025,1.07866977,26.62214,-25.54347023
PLDV,BEVSales,Osseo,2030,6.16222229,29.92134,-23.75911771
PLDV,BEVSales,Osseo,2035,22.31317978,30.49779,-8.18461022
PLDV,BEVSales,Osseo,2040,35.74046921,62.55393,-26.81346079
PLDV,BEVSales,Osseo,2045,42.86915739,75.05287,-32.18371261
PLDV,BEVSales,Osseo,2050,49.99784556,87.5518,-37.55395444
PLDV,TotSales,Pine Springs,2015,5.14913144,56.33993,-51.19079856
PLDV,TotSales,Pine Springs,2018,5.64105904,57.27161,-51.63055096
PLDV,TotSales,Pine Springs,2020,5.96901077,57.89273,-51.92371923
PLDV,TotSales,Pine Springs,2025,7.95451179,57.20569,-49.25117821
PLDV,TotSales,Pine Springs,2030,9.01504486,57.0848,-48.06975514
PLDV,TotSales,Pine Springs,2035,9.63865473,56.58462,-46.94596527
PLDV,TotSales,Pine Springs,2040,8.10085703,56.16323,-48.06237297
PLDV,TotSales,Pine Springs,2045,8.69120214,56.12789,-47.43668786
PLDV,TotSales,Pine Springs,2050,9.28154726,56.09255,-46.81100274
PLDV,SISales,Pine Springs,2015,4.92488748,55.44763,-50.52274252
PLDV,SISales,Pine Springs,2018,5.38813285,56.15891,-50.77077715
PLDV,SISales,Pine Springs,2020,5.6969631,56.63311,-50.9361469
PLDV,SISales,Pine Springs,2025,7.34784646,53.13173,-45.78388354
PLDV,SISales,Pine Springs,2030,7.51816002,51.33734,-43.81917998
PLDV,SISales,Pine Springs,2035,6.51509303,49.36982,-42.85472697
PLDV,SISales,Pine Springs,2040,3.32380463,44.99511,-41.67130537
PLDV,SISales,Pine Springs,2045,3.00358806,42.90461,-39.90102194
PLDV,SISales,Pine Springs,2050,2.68337149,40.81411,-38.13073851
PLDV,CISales,Pine Springs,2015,0.09129383,0.80264,-0.71134617
PLDV,CISales,Pine Springs,2018,0.09433378,0.79616,-0.70182622
PLDV,CISales,Pine Springs,2020,0.09636042,0.79184,-0.69547958
PLDV,CISales,Pine Springs,2025,0.11503863,0.73952,-0.62448137
PLDV,CISales,Pine Springs,2030,0.13473488,0.77062,-0.63588512
PLDV,CISales,Pine Springs,2035,0.14585939,0.81616,-0.67030061
PLDV,CISales,Pine Springs,2040,0.11426267,0.83856,-0.72429733
PLDV,CISales,Pine Springs,2045,0.11885643,0.84574,-0.72688357
PLDV,CISales,Pine Springs,2050,0.1234502,0.85293,-0.7294798
PLDV,HEVSales,Pine Springs,2015,0.1212631,0.08172,0.0395431
PLDV,HEVSales,Pine Springs,2018,0.12782976,0.19455,-0.06672024
PLDV,HEVSales,Pine Springs,2020,0.13220754,0.26977,-0.13756246
PLDV,HEVSales,Pine Springs,2025,0.28245401,0.63082,-0.34836599
PLDV,HEVSales,Pine Springs,2030,0.5801857,1.39531,-0.8151243
PLDV,HEVSales,Pine Springs,2035,0.73886923,2.44623,-1.70736077
PLDV,HEVSales,Pine Springs,2040,0.68103326,3.47505,-2.79401674
PLDV,HEVSales,Pine Springs,2045,0.79298729,4.15372,-3.36073271
PLDV,HEVSales,Pine Springs,2050,0.90494132,4.83239,-3.92744868
PLDV,PHEVSales,Pine Springs,2015,0.00775364,0.00458,0.00317364
PLDV,PHEVSales,Pine Springs,2018,0.02769311,0.0554,-0.02770689
PLDV,PHEVSales,Pine Springs,2020,0.04098609,0.08927,-0.04828391
PLDV,PHEVSales,Pine Springs,2025,0.13813056,1.0504,-0.91226944
PLDV,PHEVSales,Pine Springs,2030,0.37041241,1.70522,-1.33480759
PLDV,PHEVSales,Pine Springs,2035,0.7602715,1.98093,-1.2206585
PLDV,PHEVSales,Pine Springs,2040,1.50653409,2.55149,-1.04495591
PLDV,PHEVSales,Pine Springs,2045,1.80629018,3.06087,-1.25457982
PLDV,PHEVSales,Pine Springs,2050,2.10604627,3.57025,-1.46420373
PLDV,BEVSales,Pine Springs,2015,0.0039334,0.00336,0.0005734
PLDV,BEVSales,Pine Springs,2018,0.00306953,0.06659,-0.06352047
PLDV,BEVSales,Pine Springs,2020,0.00249362,0.10874,-0.10624638
PLDV,BEVSales,Pine Springs,2025,0.07104213,1.65323,-1.58218787
PLDV,BEVSales,Pine Springs,2030,0.41155185,1.87631,-1.46475815
PLDV,BEVSales,Pine Springs,2035,1.47856158,1.97148,-0.49291842
PLDV,BEVSales,Pine Springs,2040,2.47522238,4.30302,-1.82779762
PLDV,BEVSales,Pine Springs,2045,2.96948018,5.16295,-2.19346982
PLDV,BEVSales,Pine Springs,2050,3.46373798,6.02288,-2.55914202
PLDV,TotSales,Plymouth,2015,2751.691662,15756.2857,-13004.59404
PLDV,TotSales,Plymouth,2018,2868.375308,16346.64213,-13478.26682
PLDV,TotSales,Plymouth,2020,2946.164405,16740.21308,-13794.04868
PLDV,TotSales,Plymouth,2025,3287.682405,16808.93965,-13521.25725
PLDV,TotSales,Plymouth,2030,3330.183834,17164.01628,-13833.83245
PLDV,TotSales,Plymouth,2035,3376.999126,17322.43813,-13945.439
PLDV,TotSales,Plymouth,2040,2810.131501,17499.95146,-14689.81996
PLDV,TotSales,Plymouth,2045,2821.819469,17848.68461,-15026.86514
PLDV,TotSales,Plymouth,2050,2833.507436,18197.41776,-15363.91032
PLDV,SISales,Plymouth,2015,2654.164637,15499.2968,-12845.13216
PLDV,SISales,Plymouth,2018,2759.912651,15968.84303,-13208.93038
PLDV,SISales,Plymouth,2020,2830.411327,16281.87385,-13451.46252
PLDV,SISales,Plymouth,2025,3048.067563,15064.41389,-12016.34633
PLDV,SISales,Plymouth,2030,2799.080771,15023.63536,-12224.55459
PLDV,SISales,Plymouth,2035,2269.737799,14927.40324,-12657.66544
PLDV,SISales,Plymouth,2040,1137.13828,13883.31879,-12746.18051
PLDV,SISales,Plymouth,2045,833.7330091,13560.12319,-12726.39018
PLDV,SISales,Plymouth,2050,530.3277377,13236.92758,-12706.59984
PLDV,CISales,Plymouth,2015,38.92676277,224.85187,-185.9251072
PLDV,CISales,Plymouth,2018,40.95363995,237.60714,-196.6535001
PLDV,CISales,Plymouth,2020,42.3048914,246.11066,-203.8057686
PLDV,CISales,Plymouth,2025,46.76988484,249.10005,-202.3301652
PLDV,CISales,Plymouth,2030,46.74060955,251.38147,-204.6408605
PLDV,CISales,Plymouth,2035,45.47278452,250.64689,-205.1741055
PLDV,CISales,Plymouth,2040,35.32600252,248.06902,-212.7430175
PLDV,CISales,Plymouth,2045,34.60585047,252.71245,-218.1065995
PLDV,CISales,Plymouth,2050,33.88569842,257.35588,-223.4701816
PLDV,HEVSales,Plymouth,2015,49.17262332,27.19051,21.98211332
PLDV,HEVSales,Plymouth,2018,50.99250933,69.19398,-18.20147067
PLDV,HEVSales,Plymouth,2020,52.20576667,97.19629,-44.99052333
PLDV,HEVSales,Plymouth,2025,101.2864646,203.43496,-102.1484954
PLDV,HEVSales,Plymouth,2030,181.499608,421.68873,-240.189122
PLDV,HEVSales,Plymouth,2035,226.6127866,703.42575,-476.8129634
PLDV,HEVSales,Plymouth,2040,208.8944647,985.1877,-776.2932353
PLDV,HEVSales,Plymouth,2045,240.838833,1176.78714,-935.948307
PLDV,HEVSales,Plymouth,2050,272.7832012,1368.38658,-1095.603379
PLDV,PHEVSales,Plymouth,2015,4.71970671,2.20625,2.51345671
PLDV,PHEVSales,Plymouth,2018,13.58175932,25.32554,-11.74378068
PLDV,PHEVSales,Plymouth,2020,19.48979439,40.73839,-21.24859561
PLDV,PHEVSales,Plymouth,2025,59.75948568,427.33656,-367.5770743
PLDV,PHEVSales,Plymouth,2030,143.4304991,616.44266,-473.0121609
PLDV,PHEVSales,Plymouth,2035,281.3342374,675.83315,-394.4989126
PLDV,PHEVSales,Plymouth,2040,558.1582357,887.86217,-329.7039343
PLDV,PHEVSales,Plymouth,2045,668.8459415,1064.99336,-396.1474185
PLDV,PHEVSales,Plymouth,2050,779.5336473,1242.12454,-462.5908927
PLDV,BEVSales,Plymouth,2015,4.70793235,2.74026,1.96767235
PLDV,BEVSales,Plymouth,2018,2.9347484,45.67244,-42.7376916
PLDV,BEVSales,Plymouth,2020,1.75262577,74.2939,-72.54127423
PLDV,BEVSales,Plymouth,2025,31.79900652,864.6542,-832.8551935
PLDV,BEVSales,Plymouth,2030,159.4323464,850.86805,-691.4357036
PLDV,BEVSales,Plymouth,2035,553.8415182,765.1291,-211.2875818
PLDV,BEVSales,Plymouth,2040,870.6145176,1495.51377,-624.8992524
PLDV,BEVSales,Plymouth,2045,1043.795835,1794.06848,-750.272645
PLDV,BEVSales,Plymouth,2050,1216.977152,2092.62318,-875.646028
PLDV,TotSales,Prior Lake,2015,1225.950638,5568.27895,-4342.328312
PLDV,TotSales,Prior Lake,2018,1290.91254,6044.53254,-4753.62
PLDV,TotSales,Prior Lake,2020,1334.220474,6362.03493,-5027.814456
PLDV,TotSales,Prior Lake,2025,1534.468915,6839.8627,-5305.393785
PLDV,TotSales,Prior Lake,2030,1521.53452,7446.54411,-5925.00959
PLDV,TotSales,Prior Lake,2035,1412.380044,7995.81945,-6583.439406
PLDV,TotSales,Prior Lake,2040,1010.514212,8546.22029,-7535.706078
PLDV,TotSales,Prior Lake,2045,967.4269266,9141.80856,-8174.381633
PLDV,TotSales,Prior Lake,2050,924.3396413,9737.39683,-8813.057189
PLDV,SISales,Prior Lake,2015,1189.125874,5477.78693,-4288.661056
PLDV,SISales,Prior Lake,2018,1250.500096,5918.21454,-4667.714444
PLDV,SISales,Prior Lake,2020,1291.416244,6211.83295,-4920.416706
PLDV,SISales,Prior Lake,2025,1453.820074,6461.22975,-5007.409676
PLDV,SISales,Prior Lake,2030,1374.133762,6935.21008,-5561.076318
PLDV,SISales,Prior Lake,2035,1163.928585,7338.84958,-6174.920995
PLDV,SISales,Prior Lake,2040,648.2491471,7529.23827,-6880.989123
PLDV,SISales,Prior Lake,2045,540.0738016,7939.52854,-7399.454738
PLDV,SISales,Prior Lake,2050,431.8984562,8349.81881,-7917.920354
PLDV,CISales,Prior Lake,2015,16.01959175,79.39658,-63.37698825
PLDV,CISales,Prior Lake,2018,17.27185921,89.10446,-71.83260079
PLDV,CISales,Prior Lake,2020,18.10670418,95.57637,-77.46966582
PLDV,CISales,Prior Lake,2025,22.09322175,110.60236,-88.50913825
PLDV,CISales,Prior Lake,2030,21.97319554,116.68862,-94.71542446
PLDV,CISales,Prior Lake,2035,21.77231981,120.21384,-98.44152019
PLDV,CISales,Prior Lake,2040,18.79056324,128.90109,-110.1105268
PLDV,CISales,Prior Lake,2045,19.34475754,138.802,-119.4572425
PLDV,CISales,Prior Lake,2050,19.89895184,148.7029,-128.8039482
PLDV,HEVSales,Prior Lake,2015,20.24255348,10.4217,9.82085348
PLDV,HEVSales,Prior Lake,2018,21.21587769,28.09466,-6.87878231
PLDV,HEVSales,Prior Lake,2020,21.86476049,39.87664,-18.01187951
PLDV,HEVSales,Prior Lake,2025,45.86230436,89.16675,-43.30444564
PLDV,HEVSales,Prior Lake,2030,83.36396851,192.13352,-108.7695515
PLDV,HEVSales,Prior Lake,2035,109.4220448,333.06248,-223.6404352
PLDV,HEVSales,Prior Lake,2040,112.4982563,511.0329,-398.5346437
PLDV,HEVSales,Prior Lake,2045,130.9493968,611.15515,-480.2057532
PLDV,HEVSales,Prior Lake,2050,149.4005374,711.27739,-561.8768526
PLDV,PHEVSales,Prior Lake,2015,0.29110749,0.29454,-0.00343251
PLDV,PHEVSales,Prior Lake,2018,1.67979099,3.38246,-1.70266901
PLDV,PHEVSales,Prior Lake,2020,2.60557999,5.44107,-2.83549001
PLDV,PHEVSales,Prior Lake,2025,8.36388378,58.60603,-50.24214622
PLDV,PHEVSales,Prior Lake,2030,20.98857871,87.85905,-66.87047129
PLDV,PHEVSales,Prior Lake,2035,43.76444727,102.42539,-58.66094273
PLDV,PHEVSales,Prior Lake,2040,97.24194296,150.42813,-53.18618704
PLDV,PHEVSales,Prior Lake,2045,116.6321101,180.45485,-63.8227399
PLDV,PHEVSales,Prior Lake,2050,136.0222772,210.48157,-74.4592928
PLDV,BEVSales,Prior Lake,2015,0.27151139,0.3792,-0.10768861
PLDV,BEVSales,Prior Lake,2018,0.2449152,5.73642,-5.4915048
PLDV,BEVSales,Prior Lake,2020,0.2271844,9.3079,-9.0807156
PLDV,BEVSales,Prior Lake,2025,4.32943024,120.25781,-115.9283798
PLDV,BEVSales,Prior Lake,2030,21.07501488,114.65284,-93.57782512
PLDV,BEVSales,Prior Lake,2035,73.49264728,101.26816,-27.77551272
PLDV,BEVSales,Prior Lake,2040,133.7343024,226.61989,-92.8855876
PLDV,BEVSales,Prior Lake,2045,160.4268605,271.86803,-111.4411695
PLDV,BEVSales,Prior Lake,2050,187.1194187,317.11617,-129.9967513
PLDV,TotSales,Ramsey,2015,1152.939923,6263.8649,-5110.924977
PLDV,TotSales,Ramsey,2018,1215.127066,6621.16049,-5406.033424
PLDV,TotSales,Ramsey,2020,1256.585161,6859.35756,-5602.772399
PLDV,TotSales,Ramsey,2025,1545.626214,7401.70169,-5856.075476
PLDV,TotSales,Ramsey,2030,1584.321549,8064.65495,-6480.333401
PLDV,TotSales,Ramsey,2035,1485.553639,8594.14272,-7108.589081
PLDV,TotSales,Ramsey,2040,1068.548868,9125.8232,-8057.274332
PLDV,TotSales,Ramsey,2045,1051.670657,9698.21486,-8646.544203
PLDV,TotSales,Ramsey,2050,1034.792446,10270.60652,-9235.814074
PLDV,SISales,Ramsey,2015,1112.831657,6161.57648,-5048.744823
PLDV,SISales,Ramsey,2018,1171.751121,6482.54646,-5310.795339
PLDV,SISales,Ramsey,2020,1211.030764,6696.52645,-5485.495686
PLDV,SISales,Ramsey,2025,1456.5329,6978.65623,-5522.12333
PLDV,SISales,Ramsey,2030,1411.807049,7461.68651,-6049.879461
PLDV,SISales,Ramsey,2035,1196.874335,7812.96226,-6616.087925
PLDV,SISales,Ramsey,2040,655.8174818,7951.65488,-7295.837398
PLDV,SISales,Ramsey,2045,564.4146467,8309.67056,-7745.255913
PLDV,SISales,Ramsey,2050,473.0118116,8667.68624,-8194.674428
PLDV,CISales,Ramsey,2015,17.19188851,89.9067,-72.71481149
PLDV,CISales,Ramsey,2018,17.83842379,97.99433,-80.15590621
PLDV,CISales,Ramsey,2020,18.26944731,103.38609,-85.11664269
PLDV,CISales,Ramsey,2025,22.40069529,118.72198,-96.32128471
PLDV,CISales,Ramsey,2030,23.60034198,127.24148,-103.641138
PLDV,CISales,Ramsey,2035,23.99063263,132.64848,-108.6578474
PLDV,CISales,Ramsey,2040,20.24331699,142.87868,-122.635363
PLDV,CISales,Ramsey,2045,20.85360269,153.47307,-132.6194673
PLDV,CISales,Ramsey,2050,21.46388839,164.06747,-142.6035816
PLDV,HEVSales,Ramsey,2015,22.31745894,11.64111,10.67634894
PLDV,HEVSales,Ramsey,2018,22.952464,30.62274,-7.670276
PLDV,HEVSales,Ramsey,2020,23.37580071,43.27716,-19.90135929
PLDV,HEVSales,Ramsey,2025,49.93721074,101.62046,-51.68324926
PLDV,HEVSales,Ramsey,2030,94.61707625,221.17643,-126.5593538
PLDV,HEVSales,Ramsey,2035,120.7517351,381.99258,-261.2408449
PLDV,HEVSales,Ramsey,2040,120.3502723,577.07932,-456.7290477
PLDV,HEVSales,Ramsey,2045,139.956835,690.16696,-550.210125
PLDV,HEVSales,Ramsey,2050,159.5633976,803.2546,-643.6912024
PLDV,PHEVSales,Ramsey,2015,0.40638359,0.4329,-0.02651641
PLDV,PHEVSales,Ramsey,2018,2.39018131,4.91998,-2.52979869
PLDV,PHEVSales,Ramsey,2020,3.71271312,7.91138,-4.19866688
PLDV,PHEVSales,Ramsey,2025,12.41923573,90.1947,-77.77546427
PLDV,PHEVSales,Ramsey,2030,31.29919289,137.58945,-106.2902571
PLDV,PHEVSales,Ramsey,2035,62.73441565,155.38582,-92.65140435
PLDV,PHEVSales,Ramsey,2040,132.9883918,214.87953,-81.8911382
PLDV,PHEVSales,Ramsey,2045,159.5047935,257.76885,-98.2640565
PLDV,PHEVSales,Ramsey,2050,186.0211951,300.65818,-114.6369849
PLDV,BEVSales,Ramsey,2015,0.19253488,0.30771,-0.11517512
PLDV,BEVSales,Ramsey,2018,0.19487576,5.07697,-4.88209424
PLDV,BEVSales,Ramsey,2020,0.19643635,8.25648,-8.06004365
PLDV,BEVSales,Ramsey,2025,4.33617306,112.50832,-108.1721469
PLDV,BEVSales,Ramsey,2030,22.99788913,116.96108,-93.96319087
PLDV,BEVSales,Ramsey,2035,81.20252124,111.15358,-29.95105876
PLDV,BEVSales,Ramsey,2040,139.1494052,239.3308,-100.1813948
PLDV,BEVSales,Ramsey,2045,166.9407792,287.13542,-120.1946408
PLDV,BEVSales,Ramsey,2050,194.7321533,334.94004,-140.2078867
PLDV,TotSales,Randolph,2015,11.81314919,106.70093,-94.88778081
PLDV,TotSales,Randolph,2018,12.86134243,109.50392,-96.64257757
PLDV,TotSales,Randolph,2020,13.56013793,111.37257,-97.81243207
PLDV,TotSales,Randolph,2025,17.25507976,109.83493,-92.57985024
PLDV,TotSales,Randolph,2030,18.50977649,109.60281,-91.09303351
PLDV,TotSales,Randolph,2035,18.5076719,108.64247,-90.1347981
PLDV,TotSales,Randolph,2040,14.43435376,107.83341,-93.39905624
PLDV,TotSales,Randolph,2045,14.95859467,108.0599,-93.10130533
PLDV,TotSales,Randolph,2050,15.48283558,108.2864,-92.80356442
PLDV,SISales,Randolph,2015,11.34056868,105.00163,-93.66106132
PLDV,SISales,Randolph,2018,12.32861349,107.34631,-95.01769651
PLDV,SISales,Randolph,2020,12.98731003,108.90944,-95.92212997
PLDV,SISales,Randolph,2025,16.06191526,102.65049,-86.58857474
PLDV,SISales,Randolph,2030,15.8368778,99.61684,-83.7799622
PLDV,SISales,Randolph,2035,13.36471549,96.24523,-82.88051451
PLDV,SISales,Randolph,2040,6.86958058,89.27901,-82.40942942
PLDV,SISales,Randolph,2045,5.97538295,86.13449,-80.15910705
PLDV,SISales,Randolph,2050,5.08118533,82.98997,-77.90878467
PLDV,CISales,Randolph,2015,0.19722496,1.52218,-1.32495504
PLDV,CISales,Randolph,2018,0.2062237,1.54609,-1.3398663
PLDV,CISales,Randolph,2020,0.21222286,1.56203,-1.34980714
PLDV,CISales,Randolph,2025,0.24991969,1.51432,-1.26440031
PLDV,CISales,Randolph,2030,0.2779901,1.55845,-1.2804599
PLDV,CISales,Randolph,2035,0.28963077,1.60932,-1.31968923
PLDV,CISales,Randolph,2040,0.22860745,1.64946,-1.42085255
PLDV,CISales,Randolph,2045,0.23488395,1.67492,-1.44003605
PLDV,CISales,Randolph,2050,0.24116044,1.70038,-1.45921956
PLDV,HEVSales,Randolph,2015,0.25846901,0.16306,0.09540901
PLDV,HEVSales,Randolph,2018,0.27332385,0.40267,-0.12934615
PLDV,HEVSales,Randolph,2020,0.28322708,0.56242,-0.27919292
PLDV,HEVSales,Randolph,2025,0.59275927,1.28938,-0.69662073
PLDV,HEVSales,Randolph,2030,1.16466655,2.77517,-1.61050345
PLDV,HEVSales,Randolph,2035,1.46420562,4.75013,-3.28592438
PLDV,HEVSales,Randolph,2040,1.36818426,6.77925,-5.41106574
PLDV,HEVSales,Randolph,2045,1.59012731,8.10249,-6.51236269
PLDV,HEVSales,Randolph,2050,1.81207036,9.42573,-7.61365964
PLDV,PHEVSales,Randolph,2015,0.01131435,0.00815,0.00316435
PLDV,PHEVSales,Randolph,2018,0.04843978,0.09818,-0.04974022
PLDV,PHEVSales,Randolph,2020,0.07319007,0.1582,-0.08500993
PLDV,PHEVSales,Randolph,2025,0.24437697,1.83764,-1.59326303
PLDV,PHEVSales,Randolph,2030,0.63223659,2.85511,-2.22287341
PLDV,PHEVSales,Randolph,2035,1.26135229,3.20088,-1.93952771
PLDV,PHEVSales,Randolph,2040,2.5028808,4.14664,-1.6437592
PLDV,PHEVSales,Randolph,2045,3.00119408,4.97434,-1.97314592
PLDV,PHEVSales,Randolph,2050,3.49950737,5.80203,-2.30252263
PLDV,BEVSales,Randolph,2015,0.0055722,0.00591,-0.0003378
PLDV,BEVSales,Randolph,2018,0.00474162,0.11066,-0.10591838
PLDV,BEVSales,Randolph,2020,0.0041879,0.18049,-0.1763021
PLDV,BEVSales,Randolph,2025,0.10610857,2.5431,-2.43699143
PLDV,BEVSales,Randolph,2030,0.59800544,2.79725,-2.19924456
PLDV,BEVSales,Randolph,2035,2.12776774,2.8369,-0.70913226
PLDV,BEVSales,Randolph,2040,3.46510068,5.97904,-2.51393932
PLDV,BEVSales,Randolph,2045,4.15700638,7.17366,-3.01665362
PLDV,BEVSales,Randolph,2050,4.84891207,8.36829,-3.51937793
PLDV,TotSales,Randolph Twp.,2015,17.48140459,157.90511,-140.4237054
PLDV,TotSales,Randolph Twp.,2018,19.15148552,163.02612,-143.8746345
PLDV,TotSales,Randolph Twp.,2020,20.2648728,166.44012,-146.1752472
PLDV,TotSales,Randolph Twp.,2025,26.31399663,167.49827,-141.1842734
PLDV,TotSales,Randolph Twp.,2030,28.79298565,170.49327,-141.7002844
PLDV,TotSales,Randolph Twp.,2035,28.78971185,168.9994,-140.2096882
PLDV,TotSales,Randolph Twp.,2040,22.45343918,167.74085,-145.2874108
PLDV,TotSales,Randolph Twp.,2045,23.44784609,169.708,-146.2601539
PLDV,TotSales,Randolph Twp.,2050,24.44225301,171.67515,-147.232897
PLDV,SISales,Randolph Twp.,2015,16.78273813,155.39034,-138.6076019
PLDV,SISales,Randolph Twp.,2018,18.35838324,159.8116,-141.4532168
PLDV,SISales,Randolph Twp.,2020,19.40881332,162.7591,-143.3502867
PLDV,SISales,Randolph Twp.,2025,24.49442078,156.54199,-132.0475692
PLDV,SISales,Randolph Twp.,2030,24.63514325,154.95952,-130.3243768
PLDV,SISales,Randolph Twp.,2035,20.78955743,149.7148,-128.9252426
PLDV,SISales,Randolph Twp.,2040,10.68601423,138.87846,-128.1924458
PLDV,SISales,Randolph Twp.,2045,9.46666945,135.57609,-126.1094206
PLDV,SISales,Randolph Twp.,2050,8.24732467,132.27371,-124.0263853
PLDV,CISales,Randolph Twp.,2015,0.29187026,2.25265,-1.96077974
PLDV,CISales,Randolph Twp.,2018,0.30704127,2.30167,-1.99462873
PLDV,CISales,Randolph Twp.,2020,0.31715527,2.33436,-2.01720473
PLDV,CISales,Randolph Twp.,2025,0.38112753,2.30934,-1.92821247
PLDV,CISales,Randolph Twp.,2030,0.43242905,2.42425,-1.99182095
PLDV,CISales,Randolph Twp.,2035,0.45053676,2.50339,-2.05285324
PLDV,CISales,Randolph Twp.,2040,0.35561158,2.56583,-2.21021842
PLDV,CISales,Randolph Twp.,2045,0.36835985,2.62847,-2.26011015
PLDV,CISales,Randolph Twp.,2050,0.38110811,2.69111,-2.31000189
PLDV,HEVSales,Randolph Twp.,2015,0.38250442,0.24131,0.14119442
PLDV,HEVSales,Randolph Twp.,2018,0.40696205,0.60083,-0.19386795
PLDV,HEVSales,Randolph Twp.,2020,0.42326714,0.8405,-0.41723286
PLDV,HEVSales,Randolph Twp.,2025,0.90395788,1.9663,-1.06234212
PLDV,HEVSales,Randolph Twp.,2030,1.81170353,4.31693,-2.50522647
PLDV,HEVSales,Randolph Twp.,2035,2.27765318,7.38909,-5.11143682
PLDV,HEVSales,Randolph Twp.,2040,2.12828663,10.5455,-8.41721337
PLDV,HEVSales,Randolph Twp.,2045,2.47744307,12.60634,-10.12889693
PLDV,HEVSales,Randolph Twp.,2050,2.82659951,14.66718,-11.84058049
PLDV,PHEVSales,Randolph Twp.,2015,0.0163088,0.01207,0.0042388
PLDV,PHEVSales,Randolph Twp.,2018,0.07215061,0.14668,-0.07452939
PLDV,PHEVSales,Randolph Twp.,2020,0.10937849,0.23642,-0.12704151
PLDV,PHEVSales,Randolph Twp.,2025,0.37267488,2.80241,-2.42973512
PLDV,PHEVSales,Randolph Twp.,2030,0.98347913,4.44129,-3.45781087
PLDV,PHEVSales,Randolph Twp.,2035,1.96210355,4.97915,-3.01704645
PLDV,PHEVSales,Randolph Twp.,2040,3.89337013,6.45033,-2.55695987
PLDV,PHEVSales,Randolph Twp.,2045,4.66878239,7.73798,-3.06919761
PLDV,PHEVSales,Randolph Twp.,2050,5.44419466,9.02563,-3.58143534
PLDV,BEVSales,Randolph Twp.,2015,0.00798298,0.00875,-0.00076702
PLDV,BEVSales,Randolph Twp.,2018,0.00694834,0.16534,-0.15839166
PLDV,BEVSales,Randolph Twp.,2020,0.00625858,0.26973,-0.26347142
PLDV,BEVSales,Randolph Twp.,2025,0.16181556,3.87823,-3.71641444
PLDV,BEVSales,Randolph Twp.,2030,0.93023069,4.35127,-3.42103931
PLDV,BEVSales,Randolph Twp.,2035,3.30986093,4.41296,-1.10309907
PLDV,BEVSales,Randolph Twp.,2040,5.39015661,9.30073,-3.91057339
PLDV,BEVSales,Randolph Twp.,2045,6.46659134,11.15912,-4.69252866
PLDV,BEVSales,Randolph Twp.,2050,7.54302606,13.01752,-5.47449394
PLDV,TotSales,Ravenna Twp.,2015,54.9855784,496.71123,-441.7256516
PLDV,TotSales,Ravenna Twp.,2018,59.96261757,510.52769,-450.5650724
PLDV,TotSales,Ravenna Twp.,2020,63.28064368,519.73867,-456.4580263
PLDV,TotSales,Ravenna Twp.,2025,84.35816771,536.97078,-452.6126123
PLDV,TotSales,Ravenna Twp.,2030,94.60552427,560.19216,-465.5866357
PLDV,TotSales,Ravenna Twp.,2035,98.65617327,579.12472,-480.4685467
PLDV,TotSales,Ravenna Twp.,2040,80.11066334,598.4754,-518.3647367
PLDV,TotSales,Ravenna Twp.,2045,85.13568033,618.82824,-533.6925597
PLDV,TotSales,Ravenna Twp.,2050,90.16069732,639.18107,-549.0203727
PLDV,SISales,Ravenna Twp.,2015,52.79230248,488.80067,-436.0083675
PLDV,SISales,Ravenna Twp.,2018,57.48138907,500.46669,-442.9853009
PLDV,SISales,Ravenna Twp.,2020,60.60744679,508.24403,-447.6365832
PLDV,SISales,Ravenna Twp.,2025,78.52491906,501.84682,-423.3219009
PLDV,SISales,Ravenna Twp.,2030,80.94404211,509.15272,-428.2086779
PLDV,SISales,Ravenna Twp.,2035,71.24135841,513.04054,-441.7991816
PLDV,SISales,Ravenna Twp.,2040,38.12617219,495.49852,-457.3723478
PLDV,SISales,Ravenna Twp.,2045,35.19294614,496.83808,-461.6451339
PLDV,SISales,Ravenna Twp.,2050,32.25972008,498.17765,-465.9179299
PLDV,CISales,Ravenna Twp.,2015,0.91811617,7.08599,-6.16787383
PLDV,CISales,Ravenna Twp.,2018,0.96147047,7.20807,-6.24659953
PLDV,CISales,Ravenna Twp.,2020,0.99037334,7.28945,-6.29907666
PLDV,CISales,Ravenna Twp.,2025,1.22182959,7.40333,-6.18150041
PLDV,CISales,Ravenna Twp.,2030,1.42083831,7.9654,-6.54456169
PLDV,CISales,Ravenna Twp.,2035,1.54389292,8.57858,-7.03468708
PLDV,CISales,Ravenna Twp.,2040,1.26877133,9.15453,-7.88575867
PLDV,CISales,Ravenna Twp.,2045,1.33890236,9.56824,-8.22933764
PLDV,CISales,Ravenna Twp.,2050,1.40903339,9.98194,-8.57290661
PLDV,HEVSales,Ravenna Twp.,2015,1.20321778,0.75907,0.44414778
PLDV,HEVSales,Ravenna Twp.,2018,1.27432294,1.8784,-0.60407706
PLDV,HEVSales,Ravenna Twp.,2020,1.32172637,2.62462,-1.30289363
PLDV,HEVSales,Ravenna Twp.,2025,2.8979342,6.30363,-3.4056958
PLDV,HEVSales,Ravenna Twp.,2030,5.95274017,14.1842,-8.23145983
PLDV,HEVSales,Ravenna Twp.,2035,7.80502938,25.32083,-17.51580062
PLDV,HEVSales,Ravenna Twp.,2040,7.59342264,37.62484,-30.03141736
PLDV,HEVSales,Ravenna Twp.,2045,8.87146361,44.998,-36.12653639
PLDV,HEVSales,Ravenna Twp.,2050,10.14950458,52.37115,-42.22164542
PLDV,PHEVSales,Ravenna Twp.,2015,0.04849627,0.03796,0.01053627
PLDV,PHEVSales,Ravenna Twp.,2018,0.2243307,0.45815,-0.2338193
PLDV,PHEVSales,Ravenna Twp.,2020,0.34155366,0.73827,-0.39671634
PLDV,PHEVSales,Ravenna Twp.,2025,1.19473187,8.98404,-7.78930813
PLDV,PHEVSales,Ravenna Twp.,2030,3.23143144,14.59281,-11.36137856
PLDV,PHEVSales,Ravenna Twp.,2035,6.72370843,17.06249,-10.33878157
PLDV,PHEVSales,Ravenna Twp.,2040,13.89098842,23.01384,-9.12285158
PLDV,PHEVSales,Ravenna Twp.,2045,16.65948684,27.60902,-10.94953316
PLDV,PHEVSales,Ravenna Twp.,2050,19.42798527,32.2042,-12.77621473
PLDV,BEVSales,Ravenna Twp.,2015,0.02344571,0.02753,-0.00408429
PLDV,BEVSales,Ravenna Twp.,2018,0.02110439,0.51639,-0.49528561
PLDV,BEVSales,Ravenna Twp.,2020,0.01954352,0.84229,-0.82274648
PLDV,BEVSales,Ravenna Twp.,2025,0.51875299,12.43295,-11.91419701
PLDV,BEVSales,Ravenna Twp.,2030,3.05647225,14.29703,-11.24055775
PLDV,BEVSales,Ravenna Twp.,2035,11.34218414,15.12228,-3.78009586
PLDV,BEVSales,Ravenna Twp.,2040,19.23130877,33.18367,-13.95236123
PLDV,BEVSales,Ravenna Twp.,2045,23.07288138,39.8149,-16.74201862
PLDV,BEVSales,Ravenna Twp.,2050,26.91445399,46.44612,-19.53166601
PLDV,TotSales,Richfield,2015,2022.99104,7334.31926,-5311.32822
PLDV,TotSales,Richfield,2018,1947.177079,7588.15958,-5640.982501
PLDV,TotSales,Richfield,2020,1896.634438,7757.38645,-5860.752012
PLDV,TotSales,Richfield,2025,1799.978412,7650.6457,-5850.667288
PLDV,TotSales,Richfield,2030,1648.80956,7729.54379,-6080.73423
PLDV,TotSales,Richfield,2035,1573.701728,7756.05068,-6182.348952
PLDV,TotSales,Richfield,2040,1267.793786,7791.82291,-6524.029124
PLDV,TotSales,Richfield,2045,1116.754335,7883.32363,-6766.569295
PLDV,TotSales,Richfield,2050,965.7148839,7974.82436,-7009.109476
PLDV,SISales,Richfield,2015,1961.577387,7211.84418,-5250.266793
PLDV,SISales,Richfield,2018,1883.072237,7395.9947,-5512.922463
PLDV,SISales,Richfield,2020,1830.735471,7518.76171,-5688.026239
PLDV,SISales,Richfield,2025,1680.396032,6784.81946,-5104.423428
PLDV,SISales,Richfield,2030,1412.831531,6774.29926,-5361.467729
PLDV,SISales,Richfield,2035,1096.093343,6744.75488,-5648.661537
PLDV,SISales,Richfield,2040,545.2735369,6272.95349,-5727.679953
PLDV,SISales,Richfield,2045,262.0127668,6085.17535,-5823.162583
PLDV,SISales,Richfield,2050,0,5897.39722,-5897.39722
PLDV,CISales,Richfield,2015,24.66806366,104.42289,-79.75482634
PLDV,CISales,Richfield,2018,25.05838753,113.68592,-88.62753247
PLDV,CISales,Richfield,2020,25.31860345,119.86128,-94.54267655
PLDV,CISales,Richfield,2025,25.45385871,122.65809,-97.20423129
PLDV,CISales,Richfield,2030,22.48409781,117.52051,-95.03641219
PLDV,CISales,Richfield,2035,20.37442002,111.60742,-91.23299998
PLDV,CISales,Richfield,2040,15.81769829,107.51698,-91.69928171
PLDV,CISales,Richfield,2045,14.04762521,108.1358,-94.08817479
PLDV,CISales,Richfield,2050,12.27755214,108.75462,-96.47706786
PLDV,HEVSales,Richfield,2015,30.09325796,14.67339,15.41986796
PLDV,HEVSales,Richfield,2018,29.5915657,37.02035,-7.4287843
PLDV,HEVSales,Richfield,2020,29.2571042,51.91833,-22.6612258
PLDV,HEVSales,Richfield,2025,50.93698989,95.86382,-44.92683011
PLDV,HEVSales,Richfield,2030,82.09740298,186.93587,-104.838467
PLDV,HEVSales,Richfield,2035,101.3765831,301.01813,-199.6415469
PLDV,HEVSales,Richfield,2040,94.27143281,418.94031,-324.6688772
PLDV,HEVSales,Richfield,2045,107.1070678,499.79369,-392.6866222
PLDV,HEVSales,Richfield,2050,119.9427027,580.64707,-460.7043673
PLDV,PHEVSales,Richfield,2015,2.72008338,1.25101,1.46907338
PLDV,PHEVSales,Richfield,2018,7.21146039,12.95089,-5.73942961
PLDV,PHEVSales,Richfield,2020,10.20571173,20.7508,-10.54508827
PLDV,PHEVSales,Richfield,2025,27.52328301,188.1305,-160.607217
PLDV,PHEVSales,Richfield,2030,61.94177884,250.65615,-188.7143712
PLDV,PHEVSales,Richfield,2035,120.6700386,271.23754,-150.5675014
PLDV,PHEVSales,Richfield,2040,244.2972893,370.38845,-126.0911607
PLDV,PHEVSales,Richfield,2045,292.6127304,444.21594,-151.6032096
PLDV,PHEVSales,Richfield,2050,340.9281716,518.04343,-177.1152584
PLDV,BEVSales,Richfield,2015,3.93224745,2.12779,1.80445745
PLDV,BEVSales,Richfield,2018,2.24342744,28.50771,-26.26428256
PLDV,BEVSales,Richfield,2020,1.11754743,46.09433,-44.97678257
PLDV,BEVSales,Richfield,2025,15.66824823,459.17384,-443.5055918
PLDV,BEVSales,Richfield,2030,69.45474879,400.132,-330.6772512
PLDV,BEVSales,Richfield,2035,235.1873431,327.4327,-92.2453569
PLDV,BEVSales,Richfield,2040,368.1338284,622.02367,-253.8898416
PLDV,BEVSales,Richfield,2045,440.9741446,746.00285,-305.0287054
PLDV,BEVSales,Richfield,2050,513.8144608,869.98203,-356.1675692
PLDV,TotSales,Robbinsdale,2015,318.014481,2755.74433,-2437.729849
PLDV,TotSales,Robbinsdale,2018,341.4003673,2807.47077,-2466.070403
PLDV,TotSales,Robbinsdale,2020,356.9909581,2841.95507,-2484.964112
PLDV,TotSales,Robbinsdale,2025,456.2875697,2868.20686,-2411.91929
PLDV,TotSales,Robbinsdale,2030,506.110988,2928.49017,-2422.379182
PLDV,TotSales,Robbinsdale,2035,545.5156111,2947.03951,-2401.523899
PLDV,TotSales,Robbinsdale,2040,468.6375221,2968.97249,-2500.334968
PLDV,TotSales,Robbinsdale,2045,498.7621303,3011.61813,-2512.856
PLDV,TotSales,Robbinsdale,2050,528.8867385,3054.26376,-2525.377022
PLDV,SISales,Robbinsdale,2015,304.3559452,2711.38111,-2407.025165
PLDV,SISales,Robbinsdale,2018,326.0834409,2747.19621,-2421.112769
PLDV,SISales,Robbinsdale,2020,340.568438,2771.07295,-2430.504512
PLDV,SISales,Robbinsdale,2025,418.9163318,2595.81031,-2176.893978
PLDV,SISales,Robbinsdale,2030,413.933221,2559.65268,-2145.719459
PLDV,SISales,Robbinsdale,2035,348.738206,2510.41997,-2161.681764
PLDV,SISales,Robbinsdale,2040,173.8255439,2309.39457,-2135.569026
PLDV,SISales,Robbinsdale,2045,147.7194636,2228.99726,-2081.277796
PLDV,SISales,Robbinsdale,2050,121.6133833,2148.59996,-2026.986577
PLDV,CISales,Robbinsdale,2015,5.39847534,39.39315,-33.99467466
PLDV,CISales,Robbinsdale,2018,5.54499874,39.90124,-34.35624126
PLDV,CISales,Robbinsdale,2020,5.64268101,40.23996,-34.59727899
PLDV,CISales,Robbinsdale,2025,6.54146066,39.28411,-32.74264934
PLDV,CISales,Robbinsdale,2030,7.35694784,41.03564,-33.67869216
PLDV,CISales,Robbinsdale,2035,7.70339625,42.84608,-35.14268375
PLDV,CISales,Robbinsdale,2040,5.93307413,43.46413,-37.53105587
PLDV,CISales,Robbinsdale,2045,6.03999389,44.27832,-38.23832611
PLDV,CISales,Robbinsdale,2050,6.14691364,45.09252,-38.94560636
PLDV,HEVSales,Robbinsdale,2015,7.09293604,4.33563,2.75730604
PLDV,HEVSales,Robbinsdale,2018,7.36609257,10.58215,-3.21605743
PLDV,HEVSales,Robbinsdale,2020,7.54819693,14.7465,-7.19830307
PLDV,HEVSales,Robbinsdale,2025,15.67068584,33.77176,-18.10107416
PLDV,HEVSales,Robbinsdale,2030,30.90773176,73.48728,-42.57954824
PLDV,HEVSales,Robbinsdale,2035,38.56697499,126.54064,-87.97366501
PLDV,HEVSales,Robbinsdale,2040,34.78139751,177.29121,-142.5098125
PLDV,HEVSales,Robbinsdale,2045,40.31908981,211.88233,-171.5632402
PLDV,HEVSales,Robbinsdale,2050,45.8567821,246.47345,-200.6166679
PLDV,PHEVSales,Robbinsdale,2015,0.71424611,0.34194,0.37230611
PLDV,PHEVSales,Robbinsdale,2018,2.09576599,4.02725,-1.93148401
PLDV,PHEVSales,Robbinsdale,2020,3.01677924,6.48412,-3.46734076
PLDV,PHEVSales,Robbinsdale,2025,10.15141837,75.74868,-65.59726163
PLDV,PHEVSales,Robbinsdale,2030,25.68752305,117.26228,-91.57475695
PLDV,PHEVSales,Robbinsdale,2035,50.32472543,130.303,-79.97827457
PLDV,PHEVSales,Robbinsdale,2040,96.65098002,163.25542,-66.60443998
PLDV,PHEVSales,Robbinsdale,2045,115.8383268,195.83812,-79.9997932
PLDV,PHEVSales,Robbinsdale,2050,135.0256736,228.42081,-93.3951364
PLDV,BEVSales,Robbinsdale,2015,0.45287833,0.2925,0.16037833
PLDV,BEVSales,Robbinsdale,2018,0.31006907,5.76391,-5.45384093
PLDV,BEVSales,Robbinsdale,2020,0.2148629,9.41152,-9.1966571
PLDV,BEVSales,Robbinsdale,2025,5.00767307,123.592,-118.5843269
PLDV,BEVSales,Robbinsdale,2030,28.22556435,137.05229,-108.8267257
PLDV,BEVSales,Robbinsdale,2035,100.1823084,136.92981,-36.7475016
PLDV,BEVSales,Robbinsdale,2040,157.4465265,275.56716,-118.1206335
PLDV,BEVSales,Robbinsdale,2045,188.8452562,330.62209,-141.7768338
PLDV,BEVSales,Robbinsdale,2050,220.2439858,385.67703,-165.4330442
PLDV,TotSales,Rockford,2015,113.2949699,981.95858,-868.6636101
PLDV,TotSales,Rockford,2018,123.2571483,1013.24618,-889.9890317
PLDV,TotSales,Rockford,2020,129.8986005,1034.10458,-904.2059795
PLDV,TotSales,Rockford,2025,171.9450317,1080.84014,-908.8951083
PLDV,TotSales,Rockford,2030,196.9841398,1139.80161,-942.8174702
PLDV,TotSales,Rockford,2035,218.3158438,1179.40789,-961.0920462
PLDV,TotSales,Rockford,2040,192.5470522,1219.84876,-1027.301708
PLDV,TotSales,Rockford,2045,208.3974686,1267.4268,-1059.029331
PLDV,TotSales,Rockford,2050,224.2478851,1315.00484,-1090.756955
PLDV,SISales,Rockford,2015,108.451618,966.15056,-857.698942
PLDV,SISales,Rockford,2018,117.7344018,991.44781,-873.7134082
PLDV,SISales,Rockford,2020,123.9229243,1008.31265,-884.3897257
PLDV,SISales,Rockford,2025,157.862249,978.19164,-820.329391
PLDV,SISales,Rockford,2030,161.1075069,996.24587,-835.1383631
PLDV,SISales,Rockford,2035,139.5653473,1004.67236,-865.1070127
PLDV,SISales,Rockford,2040,71.41894213,948.85086,-877.4319179
PLDV,SISales,Rockford,2045,64.01240695,945.39092,-881.3785131
PLDV,SISales,Rockford,2050,56.60587178,941.93098,-885.3251082
PLDV,CISales,Rockford,2015,1.92364695,14.03702,-12.11337305
PLDV,CISales,Rockford,2018,2.00138303,14.4001,-12.39871697
PLDV,CISales,Rockford,2020,2.05320709,14.64215,-12.58894291
PLDV,CISales,Rockford,2025,2.46504997,14.80362,-12.33857003
PLDV,CISales,Rockford,2030,2.86340759,15.97154,-13.10813241
PLDV,CISales,Rockford,2035,3.08290619,17.14704,-14.06413381
PLDV,CISales,Rockford,2040,2.43769626,17.85792,-15.42022374
PLDV,CISales,Rockford,2045,2.54050612,18.62209,-16.08158388
PLDV,CISales,Rockford,2050,2.64331598,19.38627,-16.74295402
PLDV,HEVSales,Rockford,2015,2.52743671,1.54492,0.98251671
PLDV,HEVSales,Rockford,2018,2.65891595,3.83746,-1.17854405
PLDV,HEVSales,Rockford,2020,2.74656877,5.36582,-2.61925123
PLDV,HEVSales,Rockford,2025,5.90525965,12.72638,-6.82112035
PLDV,HEVSales,Rockford,2030,12.02963994,28.60208,-16.57244006
PLDV,HEVSales,Rockford,2035,15.43453848,50.64168,-35.20714152
PLDV,HEVSales,Rockford,2040,14.29048091,72.84287,-58.55238909
PLDV,HEVSales,Rockford,2045,16.64308975,87.10246,-70.45937025
PLDV,HEVSales,Rockford,2050,18.99569859,101.36205,-82.36635141
PLDV,PHEVSales,Rockford,2015,0.24209933,0.12185,0.12024933
PLDV,PHEVSales,Rockford,2018,0.75547053,1.46437,-0.70889947
PLDV,PHEVSales,Rockford,2020,1.097718,2.35938,-1.261662
PLDV,PHEVSales,Rockford,2025,3.82540764,28.54474,-24.71933236
PLDV,PHEVSales,Rockford,2030,9.99787547,45.63981,-35.64193453
PLDV,PHEVSales,Rockford,2035,20.1400009,52.14738,-32.0073791
PLDV,PHEVSales,Rockford,2040,39.71056609,67.07604,-27.36547391
PLDV,PHEVSales,Rockford,2045,47.60425945,80.46688,-32.86262055
PLDV,PHEVSales,Rockford,2050,55.4979528,93.85772,-38.3597672
PLDV,BEVSales,Rockford,2015,0.15016891,0.10423,0.04593891
PLDV,BEVSales,Rockford,2018,0.10697697,2.09644,-1.98946303
PLDV,BEVSales,Rockford,2020,0.07818235,3.42458,-3.34639765
PLDV,BEVSales,Rockford,2025,1.88706544,46.57377,-44.68670456
PLDV,BEVSales,Rockford,2030,10.98570994,53.34231,-42.35660006
PLDV,BEVSales,Rockford,2035,40.09305096,54.79943,-14.70637904
PLDV,BEVSales,Rockford,2040,64.68936679,113.22108,-48.53171321
PLDV,BEVSales,Rockford,2045,77.59720637,135.84445,-58.24724363
PLDV,BEVSales,Rockford,2050,90.50504595,158.46782,-67.96277405
PLDV,TotSales,Rogers,2015,412.4892314,3575.50321,-3163.013979
PLDV,TotSales,Rogers,2018,475.8711675,3905.03744,-3429.166273
PLDV,TotSales,Rogers,2020,518.1257916,4124.72693,-3606.601138
PLDV,TotSales,Rogers,2025,756.9712368,4758.29332,-4001.322083
PLDV,TotSales,Rogers,2030,939.9395164,5438.73518,-4498.795664
PLDV,TotSales,Rogers,2035,1132.215896,6116.57101,-4984.355114
PLDV,TotSales,Rogers,2040,1071.94262,6791.10827,-5719.16565
PLDV,TotSales,Rogers,2045,1203.833298,7434.22929,-6230.395992
PLDV,TotSales,Rogers,2050,1335.723975,8077.3503,-6741.626325
PLDV,SISales,Rogers,2015,394.8935491,3517.94313,-3123.049581
PLDV,SISales,Rogers,2018,454.5318077,3820.28773,-3365.755922
PLDV,SISales,Rogers,2020,494.2906467,4021.85079,-3527.560143
PLDV,SISales,Rogers,2025,694.9731591,4306.39331,-3611.420151
PLDV,SISales,Rogers,2030,768.7487543,4753.73734,-3984.988586
PLDV,SISales,Rogers,2035,723.8050247,5210.36858,-4486.563555
PLDV,SISales,Rogers,2040,397.601558,5282.41626,-4884.814702
PLDV,SISales,Rogers,2045,398.1431598,5635.31089,-5237.16773
PLDV,SISales,Rogers,2050,398.6847615,5988.20551,-5589.520749
PLDV,CISales,Rogers,2015,7.00437471,51.11154,-44.10716529
PLDV,CISales,Rogers,2018,7.71551898,55.48645,-47.77093102
PLDV,CISales,Rogers,2020,8.18961517,58.40306,-50.21344483
PLDV,CISales,Rogers,2025,10.85214214,65.1715,-54.31935786
PLDV,CISales,Rogers,2030,13.66318092,76.2106,-62.54741908
PLDV,CISales,Rogers,2035,15.98837413,88.92691,-72.93853587
PLDV,CISales,Rogers,2040,13.57107514,99.41809,-85.84701486
PLDV,CISales,Rogers,2045,14.88441522,109.0794,-94.19498478
PLDV,CISales,Rogers,2050,16.19775531,118.74071,-102.5429547
PLDV,HEVSales,Rogers,2015,9.20289131,5.62536,3.57753131
PLDV,HEVSales,Rogers,2018,10.25429025,15.09172,-4.83742975
PLDV,HEVSales,Rogers,2020,10.95522287,21.40263,-10.44740713
PLDV,HEVSales,Rogers,2025,25.99732982,56.02663,-30.02930018
PLDV,HEVSales,Rogers,2030,57.40124031,136.47915,-79.07790969
PLDV,HEVSales,Rogers,2035,80.04563252,262.63469,-182.5890575
PLDV,HEVSales,Rogers,2040,79.5575698,405.52879,-325.9712202
PLDV,HEVSales,Rogers,2045,93.6285055,485.50948,-391.8809745
PLDV,HEVSales,Rogers,2050,107.6994412,565.49016,-457.7907188
PLDV,PHEVSales,Rogers,2015,0.8602399,0.44366,0.4165799
PLDV,PHEVSales,Rogers,2018,2.9711728,5.82398,-2.8528072
PLDV,PHEVSales,Rogers,2020,4.3784614,9.41086,-5.0323986
PLDV,PHEVSales,Rogers,2025,16.84098413,125.66543,-108.8244459
PLDV,PHEVSales,Rogers,2030,47.70636988,217.77724,-170.0708701
PLDV,PHEVSales,Rogers,2035,104.4488057,270.44346,-165.9946543
PLDV,PHEVSales,Rogers,2040,221.0755645,373.42389,-152.3483255
PLDV,PHEVSales,Rogers,2045,265.1186294,448.01993,-182.9013006
PLDV,PHEVSales,Rogers,2050,309.1616944,522.61598,-213.4542856
PLDV,BEVSales,Rogers,2015,0.52817642,0.37951,0.14866642
PLDV,BEVSales,Rogers,2018,0.39837785,8.34756,-7.94918215
PLDV,BEVSales,Rogers,2020,0.31184547,13.6596,-13.34775453
PLDV,BEVSales,Rogers,2025,8.30762162,205.03646,-196.7288384
PLDV,BEVSales,Rogers,2030,52.41997098,254.53085,-202.110879
PLDV,BEVSales,Rogers,2035,207.9280588,284.19738,-76.2693212
PLDV,BEVSales,Rogers,2040,360.1368524,630.32124,-270.1843876
PLDV,BEVSales,Rogers,2045,432.0585876,756.30959,-324.2510024
PLDV,BEVSales,Rogers,2050,503.9803228,882.29793,-378.3176072
PLDV,TotSales,Rosemount,2015,692.6322844,4913.58348,-4220.951196
PLDV,TotSales,Rosemount,2018,765.8911323,5251.03326,-4485.142128
PLDV,TotSales,Rosemount,2020,814.7303643,5475.99979,-4661.269426
PLDV,TotSales,Rosemount,2025,1084.713666,6050.90539,-4966.191724
PLDV,TotSales,Rosemount,2030,1223.585473,6702.34254,-5478.757067
PLDV,TotSales,Rosemount,2035,1299.154906,7330.94623,-6031.791324
PLDV,TotSales,Rosemount,2040,1084.390575,7958.56383,-6874.173255
PLDV,TotSales,Rosemount,2045,1162.742233,8567.5599,-7404.817667
PLDV,TotSales,Rosemount,2050,1241.093892,9176.55598,-7935.462088
PLDV,SISales,Rosemount,2015,667.1216818,4834.5414,-4167.419718
PLDV,SISales,Rosemount,2018,736.5229265,5142.31811,-4405.795184
PLDV,SISales,Rosemount,2020,782.790423,5347.50258,-4564.712157
PLDV,SISales,Rosemount,2025,1012.258853,5611.58416,-4599.325307
PLDV,SISales,Rosemount,2030,1055.098617,6064.33305,-5009.234433
PLDV,SISales,Rosemount,2035,952.7971207,6500.00174,-5547.204619
PLDV,SISales,Rosemount,2040,531.5940631,6622.69929,-6091.105227
PLDV,SISales,Rosemount,2045,504.4885394,6980.33088,-6475.842341
PLDV,SISales,Rosemount,2050,477.3830156,7337.96245,-6860.579434
PLDV,CISales,Rosemount,2015,10.60533701,70.14169,-59.53635299
PLDV,CISales,Rosemount,2018,11.44343532,75.11112,-63.66768468
PLDV,CISales,Rosemount,2020,12.00216752,78.42407,-66.42190248
PLDV,CISales,Rosemount,2025,15.61149222,87.48999,-71.87849778
PLDV,CISales,Rosemount,2030,17.82695192,97.81641,-79.98945808
PLDV,CISales,Rosemount,2035,19.42118265,108.00334,-88.58215735
PLDV,CISales,Rosemount,2040,16.67678067,118.7286,-102.0518193
PLDV,CISales,Rosemount,2045,17.8910694,128.44598,-110.5549106
PLDV,CISales,Rosemount,2050,19.10535814,138.16336,-119.0580019
PLDV,HEVSales,Rosemount,2015,13.8256621,8.0595,5.7661621
PLDV,HEVSales,Rosemount,2018,14.84295304,21.07224,-6.22928696
PLDV,HEVSales,Rosemount,2020,15.521147,29.74741,-14.226263
PLDV,HEVSales,Rosemount,2025,35.32816131,73.44878,-38.12061869
PLDV,HEVSales,Rosemount,2030,72.25336233,170.05045,-97.79708767
PLDV,HEVSales,Rosemount,2035,97.73455738,312.02036,-214.2858026
PLDV,HEVSales,Rosemount,2040,98.94897672,480.37638,-381.4274033
PLDV,HEVSales,Rosemount,2045,115.9736396,574.83976,-458.8661204
PLDV,HEVSales,Rosemount,2050,132.9983026,669.30313,-536.3048274
PLDV,PHEVSales,Rosemount,2015,0.66986683,0.45204,0.21782683
PLDV,PHEVSales,Rosemount,2018,2.75534082,5.49733,-2.74198918
PLDV,PHEVSales,Rosemount,2020,4.14565682,8.86085,-4.71519318
PLDV,PHEVSales,Rosemount,2025,14.89804441,108.88787,-93.98982559
PLDV,PHEVSales,Rosemount,2030,40.33482682,178.8892,-138.5543732
PLDV,PHEVSales,Rosemount,2035,85.83208762,214.86133,-129.0292424
PLDV,PHEVSales,Rosemount,2040,185.6879673,302.79775,-117.1097827
PLDV,PHEVSales,Rosemount,2045,222.6915874,363.26689,-140.5753026
PLDV,PHEVSales,Rosemount,2050,259.6952075,423.73603,-164.0408225
PLDV,BEVSales,Rosemount,2015,0.40973661,0.38885,0.02088661
PLDV,BEVSales,Rosemount,2018,0.32647663,7.03447,-6.70799337
PLDV,BEVSales,Rosemount,2020,0.27096997,11.46488,-11.19391003
PLDV,BEVSales,Rosemount,2025,6.61711566,169.4946,-162.8774843
PLDV,BEVSales,Rosemount,2030,38.07171441,191.25343,-153.1817156
PLDV,BEVSales,Rosemount,2035,143.3699571,196.05945,-52.6894929
PLDV,BEVSales,Rosemount,2040,251.4827874,433.96181,-182.4790226
PLDV,BEVSales,Rosemount,2045,301.6973976,520.67641,-218.9790124
PLDV,BEVSales,Rosemount,2050,351.9120078,607.391,-255.4789922
PLDV,TotSales,Roseville,2015,961.5809535,7147.5291,-6185.948147
PLDV,TotSales,Roseville,2018,1026.148601,7294.27632,-6268.127719
PLDV,TotSales,Roseville,2020,1069.1937,7392.10779,-6322.91409
PLDV,TotSales,Roseville,2025,1252.996369,7369.16118,-6116.164811
PLDV,TotSales,Roseville,2030,1335.432215,7449.64944,-6114.217225
PLDV,TotSales,Roseville,2035,1386.257438,7478.89003,-6092.632592
PLDV,TotSales,Roseville,2040,1178.659616,7517.00543,-6338.345814
PLDV,TotSales,Roseville,2045,1222.075348,7590.90069,-6368.825342
PLDV,TotSales,Roseville,2050,1265.49108,7664.79596,-6399.30488
PLDV,SISales,Roseville,2015,932.1334152,7035.27178,-6103.138365
PLDV,SISales,Roseville,2018,991.4384951,7148.92324,-6157.484745
PLDV,SISales,Roseville,2020,1030.975215,7224.69088,-6193.715665
PLDV,SISales,Roseville,2025,1166.660846,6776.9097,-5610.248854
PLDV,SISales,Roseville,2030,1141.172278,6675.23364,-5534.061362
PLDV,SISales,Roseville,2035,972.6335518,6569.81435,-5597.180798
PLDV,SISales,Roseville,2040,512.3471697,6119.37207,-5607.0249
PLDV,SISales,Roseville,2045,428.3899206,5936.19212,-5507.802199
PLDV,SISales,Roseville,2050,344.4326715,5753.01218,-5408.579509
PLDV,CISales,Roseville,2015,11.82502703,100.62353,-88.79850297
PLDV,CISales,Roseville,2018,13.22382389,99.92946,-86.70563611
PLDV,CISales,Roseville,2020,14.15635513,99.46675,-85.31039487
PLDV,CISales,Roseville,2025,17.66825365,96.26008,-78.59182635
PLDV,CISales,Roseville,2030,18.0946225,98.65224,-80.5576175
PLDV,CISales,Roseville,2035,17.96951586,100.20725,-82.23773414
PLDV,CISales,Roseville,2040,14.74670074,100.80636,-86.05965926
PLDV,CISales,Roseville,2045,15.33103548,100.84293,-85.51189452
PLDV,CISales,Roseville,2050,15.91537022,100.87949,-84.96411978
PLDV,HEVSales,Roseville,2015,14.56996043,10.04197,4.52799043
PLDV,HEVSales,Roseville,2018,15.72751058,23.50241,-7.77489942
PLDV,HEVSales,Roseville,2020,16.49921068,32.47604,-15.97682932
PLDV,HEVSales,Roseville,2025,35.53449591,69.88852,-34.35402409
PLDV,HEVSales,Roseville,2030,66.57495728,153.83427,-87.25931272
PLDV,HEVSales,Roseville,2035,89.74206503,268.75278,-179.010715
PLDV,HEVSales,Roseville,2040,88.12021361,392.77895,-304.6587364
PLDV,HEVSales,Roseville,2045,102.8302642,469.32634,-366.4960758
PLDV,HEVSales,Roseville,2050,117.5403149,545.87373,-428.3334151
PLDV,PHEVSales,Roseville,2015,1.56925691,0.75043,0.81882691
PLDV,PHEVSales,Roseville,2018,4.85773585,8.96477,-4.10703415
PLDV,PHEVSales,Roseville,2020,7.05005513,14.441,-7.39094487
PLDV,PHEVSales,Roseville,2025,24.14427433,165.72826,-141.5839857
PLDV,PHEVSales,Roseville,2030,62.67370369,255.12711,-192.4534063
PLDV,PHEVSales,Roseville,2035,131.6957171,298.31875,-166.6230329
PLDV,PHEVSales,Roseville,2040,279.2927816,424.34488,-145.0520984
PLDV,PHEVSales,Roseville,2045,334.8374865,509.06377,-174.2262835
PLDV,PHEVSales,Roseville,2050,390.3821914,593.78266,-203.4004686
PLDV,BEVSales,Roseville,2015,1.48329394,0.84139,0.64190394
PLDV,BEVSales,Roseville,2018,0.90103599,12.95643,-12.05539401
PLDV,BEVSales,Roseville,2020,0.51286402,21.03312,-20.52025598
PLDV,BEVSales,Roseville,2025,8.98849909,260.37463,-251.3861309
PLDV,BEVSales,Roseville,2030,46.91665279,266.80218,-219.8855272
PLDV,BEVSales,Roseville,2035,174.2165884,241.79689,-67.5803016
PLDV,BEVSales,Roseville,2040,284.1527499,479.70317,-195.5504201
PLDV,BEVSales,Roseville,2045,340.686641,575.47553,-234.788889
PLDV,BEVSales,Roseville,2050,397.2205322,671.24788,-274.0273478
PLDV,TotSales,San Francisco Twp.,2015,23.2429578,297.56682,-274.3238622
PLDV,TotSales,San Francisco Twp.,2018,26.33189591,307.73745,-281.4055541
PLDV,TotSales,San Francisco Twp.,2020,28.39118799,314.51787,-286.126682
PLDV,TotSales,San Francisco Twp.,2025,40.52051324,325.38599,-284.8654768
PLDV,TotSales,San Francisco Twp.,2030,49.92108889,338.85537,-288.9342811
PLDV,TotSales,San Francisco Twp.,2035,57.54412714,348.56126,-291.0171329
PLDV,TotSales,San Francisco Twp.,2040,51.08441593,358.54607,-307.4616541
PLDV,TotSales,San Francisco Twp.,2045,56.65270756,370.74193,-314.0892224
PLDV,TotSales,San Francisco Twp.,2050,62.22099918,382.93778,-320.7167808
PLDV,SISales,San Francisco Twp.,2015,22.29750419,292.92699,-270.6294858
PLDV,SISales,San Francisco Twp.,2018,25.22162471,302.09603,-276.8744053
PLDV,SISales,San Francisco Twp.,2020,27.17103839,308.20872,-281.0376816
PLDV,SISales,San Francisco Twp.,2025,37.58590531,305.21154,-267.6256347
PLDV,SISales,San Francisco Twp.,2030,41.98389351,308.54142,-266.5575265
PLDV,SISales,San Francisco Twp.,2035,39.22466402,307.68206,-268.457396
PLDV,SISales,San Francisco Twp.,2040,21.33753156,289.99492,-268.6573884
PLDV,SISales,San Francisco Twp.,2045,21.14553703,289.4085,-268.262963
PLDV,SISales,San Francisco Twp.,2050,20.9535425,288.82209,-267.8685475
PLDV,CISales,San Francisco Twp.,2015,0.39065583,4.21538,-3.82472417
PLDV,CISales,San Francisco Twp.,2018,0.42668296,4.17762,-3.75093704
PLDV,CISales,San Francisco Twp.,2020,0.45070105,4.15246,-3.70175895
PLDV,CISales,San Francisco Twp.,2025,0.58569509,3.92513,-3.33943491
PLDV,CISales,San Francisco Twp.,2030,0.74453392,4.31542,-3.57088608
PLDV,CISales,San Francisco Twp.,2035,0.86438693,4.84834,-3.98395307
PLDV,CISales,San Francisco Twp.,2040,0.72319631,5.23932,-4.51612369
PLDV,CISales,San Francisco Twp.,2045,0.78970441,5.44411,-4.65440559
PLDV,CISales,San Francisco Twp.,2050,0.85621251,5.64889,-4.79267749
PLDV,HEVSales,San Francisco Twp.,2015,0.50801672,0.39213,0.11588672
PLDV,HEVSales,San Francisco Twp.,2018,0.56312573,0.92292,-0.35979427
PLDV,HEVSales,San Francisco Twp.,2020,0.59986507,1.27678,-0.67691493
PLDV,HEVSales,San Francisco Twp.,2025,1.39342926,3.13427,-1.74084074
PLDV,HEVSales,San Francisco Twp.,2030,3.11368409,7.49261,-4.37892591
PLDV,HEVSales,San Francisco Twp.,2035,4.3642561,14.15172,-9.7874639
PLDV,HEVSales,San Francisco Twp.,2040,4.34442203,21.4542,-17.10977797
PLDV,HEVSales,San Francisco Twp.,2045,5.1117031,25.66661,-20.5549069
PLDV,HEVSales,San Francisco Twp.,2050,5.87898416,29.87903,-24.00004584
PLDV,PHEVSales,San Francisco Twp.,2015,0.02714576,0.01608,0.01106576
PLDV,PHEVSales,San Francisco Twp.,2018,0.10513088,0.2102,-0.10506912
PLDV,PHEVSales,San Francisco Twp.,2020,0.15712096,0.33962,-0.18249904
PLDV,PHEVSales,San Francisco Twp.,2025,0.58512562,4.42735,-3.84222438
PLDV,PHEVSales,San Francisco Twp.,2030,1.73012938,7.79047,-6.06034062
PLDV,PHEVSales,San Francisco Twp.,2035,3.88492741,9.77014,-5.88521259
PLDV,PHEVSales,San Francisco Twp.,2040,8.27564777,13.65674,-5.38109223
PLDV,PHEVSales,San Francisco Twp.,2045,9.92534817,16.38487,-6.45952183
PLDV,PHEVSales,San Francisco Twp.,2050,11.57504857,19.113,-7.53795143
PLDV,BEVSales,San Francisco Twp.,2015,0.0196353,0.01625,0.0033853
PLDV,BEVSales,San Francisco Twp.,2018,0.01533163,0.33067,-0.31533837
PLDV,BEVSales,San Francisco Twp.,2020,0.01246252,0.54029,-0.52782748
PLDV,BEVSales,San Francisco Twp.,2025,0.37035796,8.6877,-8.31734204
PLDV,BEVSales,San Francisco Twp.,2030,2.34884799,10.71545,-8.36660201
PLDV,BEVSales,San Francisco Twp.,2035,9.20589269,12.109,-2.90310731
PLDV,BEVSales,San Francisco Twp.,2040,16.40361826,28.2009,-11.79728174
PLDV,BEVSales,San Francisco Twp.,2045,19.68041485,33.83783,-14.15741515
PLDV,BEVSales,San Francisco Twp.,2050,22.95721144,39.47476,-16.51754856
PLDV,TotSales,Sand Creek Twp.,2015,37.00669573,447.06369,-410.0569943
PLDV,TotSales,Sand Creek Twp.,2018,40.6279696,450.42549,-409.7975204
PLDV,TotSales,Sand Creek Twp.,2020,43.04215218,452.66668,-409.6245278
PLDV,TotSales,Sand Creek Twp.,2025,58.59938017,447.24878,-388.6493998
PLDV,TotSales,Sand Creek Twp.,2030,66.26805264,445.90546,-379.6374074
PLDV,TotSales,Sand Creek Twp.,2035,66.17714304,441.99842,-375.821277
PLDV,TotSales,Sand Creek Twp.,2040,47.91213776,438.70685,-390.7947122
PLDV,TotSales,Sand Creek Twp.,2045,50.09322617,437.03548,-386.9422538
PLDV,TotSales,Sand Creek Twp.,2050,52.27431458,435.36411,-383.0897954
PLDV,SISales,Sand Creek Twp.,2015,35.53158409,440.09091,-404.5593259
PLDV,SISales,Sand Creek Twp.,2018,39.00073749,442.5329,-403.5321625
PLDV,SISales,Sand Creek Twp.,2020,41.31350642,444.1609,-402.8473936
PLDV,SISales,Sand Creek Twp.,2025,55.16002284,430.59252,-375.4324972
PLDV,SISales,Sand Creek Twp.,2030,58.76954167,420.44068,-361.6711383
PLDV,SISales,Sand Creek Twp.,2035,52.92697684,405.8764,-352.9494232
PLDV,SISales,Sand Creek Twp.,2040,29.10612084,383.05985,-353.9537292
PLDV,SISales,Sand Creek Twp.,2045,27.82102819,371.65363,-343.8326018
PLDV,SISales,Sand Creek Twp.,2050,26.53593554,360.24742,-333.7114845
PLDV,CISales,Sand Creek Twp.,2015,0.63373808,6.34533,-5.71159192
PLDV,CISales,Sand Creek Twp.,2018,0.66741246,6.18612,-5.51870754
PLDV,CISales,Sand Creek Twp.,2020,0.68986204,6.07998,-5.39011796
PLDV,CISales,Sand Creek Twp.,2025,0.85885117,5.69956,-4.84070883
PLDV,CISales,Sand Creek Twp.,2030,1.03958958,6.01372,-4.97413042
PLDV,CISales,Sand Creek Twp.,2035,1.1628417,6.47578,-5.3129383
PLDV,CISales,Sand Creek Twp.,2040,0.9745688,6.95445,-5.9798812
PLDV,CISales,Sand Creek Twp.,2045,1.04273495,7.07628,-6.03354505
PLDV,CISales,Sand Creek Twp.,2050,1.11090109,7.1981,-6.08719891
PLDV,HEVSales,Sand Creek Twp.,2015,0.82824012,0.60849,0.21975012
PLDV,HEVSales,Sand Creek Twp.,2018,0.89094792,1.42839,-0.53744208
PLDV,HEVSales,Sand Creek Twp.,2020,0.93275312,1.975,-1.04224688
PLDV,HEVSales,Sand Creek Twp.,2025,2.06500756,4.71318,-2.64817244
PLDV,HEVSales,Sand Creek Twp.,2030,4.41715503,10.66522,-6.24806497
PLDV,HEVSales,Sand Creek Twp.,2035,5.96833801,19.24388,-13.27554199
PLDV,HEVSales,Sand Creek Twp.,2040,6.02280318,29.0789,-23.05609682
PLDV,HEVSales,Sand Creek Twp.,2045,7.06171579,34.77298,-27.71126421
PLDV,HEVSales,Sand Creek Twp.,2050,8.1006284,40.46706,-32.3664316
PLDV,PHEVSales,Sand Creek Twp.,2015,0.00878655,0.01095,-0.00216345
PLDV,PHEVSales,Sand Creek Twp.,2018,0.06388335,0.13705,-0.07316665
PLDV,PHEVSales,Sand Creek Twp.,2020,0.10061455,0.22112,-0.12050545
PLDV,PHEVSales,Sand Creek Twp.,2025,0.35098346,2.72717,-2.37618654
PLDV,PHEVSales,Sand Creek Twp.,2030,1.01871344,4.56605,-3.54733656
PLDV,PHEVSales,Sand Creek Twp.,2035,2.2371045,5.53091,-3.2938055
PLDV,PHEVSales,Sand Creek Twp.,2040,4.77491309,7.74859,-2.97367691
PLDV,PHEVSales,Sand Creek Twp.,2045,5.7281384,9.29612,-3.5679816
PLDV,PHEVSales,Sand Creek Twp.,2050,6.68136371,10.84365,-4.16228629
PLDV,BEVSales,Sand Creek Twp.,2015,0.00434689,0.00802,-0.00367311
PLDV,BEVSales,Sand Creek Twp.,2018,0.00498838,0.14102,-0.13603162
PLDV,BEVSales,Sand Creek Twp.,2020,0.00541605,0.22969,-0.22427395
PLDV,BEVSales,Sand Creek Twp.,2025,0.16451514,3.51635,-3.35183486
PLDV,BEVSales,Sand Creek Twp.,2030,1.02305293,4.2198,-3.19674707
PLDV,BEVSales,Sand Creek Twp.,2035,3.881882,4.87146,-0.989578
PLDV,BEVSales,Sand Creek Twp.,2040,7.03373185,11.86506,-4.83132815
PLDV,BEVSales,Sand Creek Twp.,2045,8.43960884,14.23647,-5.79686116
PLDV,BEVSales,Sand Creek Twp.,2050,9.84548583,16.60788,-6.76239417
PLDV,TotSales,Savage,2015,1074.055901,6490.48002,-5416.424119
PLDV,TotSales,Savage,2018,1175.39699,7018.55921,-5843.16222
PLDV,TotSales,Savage,2020,1242.957716,7370.612,-6127.654284
PLDV,TotSales,Savage,2025,1523.283234,7669.17105,-6145.887816
PLDV,TotSales,Savage,2030,1544.781417,8087.84048,-6543.059063
PLDV,TotSales,Savage,2035,1428.018777,8417.8232,-6989.804423
PLDV,TotSales,Savage,2040,1001.440942,8752.99905,-7751.558108
PLDV,TotSales,Savage,2045,986.9179507,9205.50285,-8218.584899
PLDV,TotSales,Savage,2050,972.3949589,9658.00666,-8685.611701
PLDV,SISales,Savage,2015,1035.559227,6385.14803,-5349.588803
PLDV,SISales,Savage,2018,1132.510977,6874.06807,-5741.557093
PLDV,SISales,Savage,2020,1197.145477,7200.01476,-6002.869283
PLDV,SISales,Savage,2025,1435.84232,7244.32779,-5808.48547
PLDV,SISales,Savage,2030,1376.250554,7499.76708,-6123.516526
PLDV,SISales,Savage,2035,1149.615506,7664.31337,-6514.697864
PLDV,SISales,Savage,2040,612.99852,7621.71898,-7008.72046
PLDV,SISales,Savage,2045,528.4863785,7869.03317,-7340.546792
PLDV,SISales,Savage,2050,443.974237,8116.34736,-7672.373123
PLDV,CISales,Savage,2015,16.55459517,93.11218,-76.55758483
PLDV,CISales,Savage,2018,17.77589271,103.2612,-85.48530729
PLDV,CISales,Savage,2020,18.59009107,110.02721,-91.43711893
PLDV,CISales,Savage,2025,22.18006443,120.97042,-98.79035557
PLDV,CISales,Savage,2030,23.47130105,127.2737,-103.802399
PLDV,CISales,Savage,2035,23.79093938,131.43266,-107.6417206
PLDV,CISales,Savage,2040,19.5745928,139.60066,-120.0260672
PLDV,CISales,Savage,2045,20.17859232,148.89835,-128.7197577
PLDV,CISales,Savage,2050,20.78259185,158.19605,-137.4134582
PLDV,HEVSales,Savage,2015,21.44435182,11.57883,9.86552182
PLDV,HEVSales,Savage,2018,22.9438083,31.47766,-8.5338517
PLDV,HEVSales,Savage,2020,23.94344595,44.74355,-20.80010405
PLDV,HEVSales,Savage,2025,50.29972233,103.66817,-53.36844767
PLDV,HEVSales,Savage,2030,94.86006157,222.41233,-127.5522684
PLDV,HEVSales,Savage,2035,119.2247765,379.93157,-260.7067935
PLDV,HEVSales,Savage,2040,115.6741548,563.66562,-447.9914652
PLDV,HEVSales,Savage,2045,134.5201154,674.08298,-539.5628646
PLDV,HEVSales,Savage,2050,153.366076,784.50034,-631.134264
PLDV,PHEVSales,Savage,2015,0.3120773,0.33242,-0.0203427
PLDV,PHEVSales,Savage,2018,1.96122663,4.04113,-2.07990337
PLDV,PHEVSales,Savage,2020,3.06065951,6.5136,-3.45294049
PLDV,PHEVSales,Savage,2025,10.04918774,73.45185,-63.40266226
PLDV,PHEVSales,Savage,2030,25.09337819,111.2439,-86.15052181
PLDV,PHEVSales,Savage,2035,50.15621218,125.26968,-75.11346782
PLDV,PHEVSales,Savage,2040,104.1158101,170.12952,-66.0137099
PLDV,PHEVSales,Savage,2045,124.8765567,204.08894,-79.2123833
PLDV,PHEVSales,Savage,2050,145.6373033,238.04836,-92.4110567
PLDV,BEVSales,Savage,2015,0.18564961,0.30855,-0.12290039
PLDV,BEVSales,Savage,2018,0.20508532,5.71115,-5.50606468
PLDV,BEVSales,Savage,2020,0.21804246,9.31288,-9.09483754
PLDV,BEVSales,Savage,2025,4.91193932,126.75282,-121.8408807
PLDV,BEVSales,Savage,2030,25.10612254,127.14346,-102.0373375
PLDV,BEVSales,Savage,2035,85.23134238,116.87592,-31.64457762
PLDV,BEVSales,Savage,2040,149.0778648,257.88427,-108.8064052
PLDV,BEVSales,Savage,2045,178.8563078,309.39941,-130.5431022
PLDV,BEVSales,Savage,2050,208.6347508,360.91455,-152.2797992
PLDV,TotSales,Scandia,2015,98.61882194,1078.93651,-980.3176881
PLDV,TotSales,Scandia,2018,110.8846496,1124.4348,-1013.55015
PLDV,TotSales,Scandia,2020,119.0618681,1154.76699,-1035.705122
PLDV,TotSales,Scandia,2025,168.4192872,1211.20471,-1042.785423
PLDV,TotSales,Scandia,2030,201.9273889,1278.6386,-1076.711211
PLDV,TotSales,Scandia,2035,226.6960186,1330.84007,-1104.144051
PLDV,TotSales,Scandia,2040,199.6051171,1383.86204,-1184.256923
PLDV,TotSales,Scandia,2045,219.8023762,1444.84715,-1225.044774
PLDV,TotSales,Scandia,2050,239.9996352,1505.83226,-1265.832625
PLDV,SISales,Scandia,2015,94.31394033,1061.84844,-967.5344997
PLDV,SISales,Scandia,2018,105.9068305,1102.52439,-996.6175595
PLDV,SISales,Scandia,2020,113.635424,1129.64169,-1016.006266
PLDV,SISales,Scandia,2025,155.5744835,1124.94756,-969.3730765
PLDV,SISales,Scandia,2030,168.3987651,1149.90171,-981.5029449
PLDV,SISales,Scandia,2035,153.2315133,1161.15185,-1007.920337
PLDV,SISales,Scandia,2040,81.89854612,1108.67957,-1026.781024
PLDV,SISales,Scandia,2045,79.41546728,1118.0458,-1038.630333
PLDV,SISales,Scandia,2050,76.93238844,1127.41202,-1050.479632
PLDV,CISales,Scandia,2015,1.74832037,15.37102,-13.62269963
PLDV,CISales,Scandia,2018,1.85256962,15.62517,-13.77260038
PLDV,CISales,Scandia,2020,1.92206913,15.7946,-13.87253087
PLDV,CISales,Scandia,2025,2.43568996,15.65764,-13.22195004
PLDV,CISales,Scandia,2030,3.01791762,17.26098,-14.24306238
PLDV,CISales,Scandia,2035,3.43053509,19.19572,-15.76518491
PLDV,CISales,Scandia,2040,2.81543209,20.6621,-17.84666791
PLDV,CISales,Scandia,2045,3.02885444,21.72031,-18.69145556
PLDV,CISales,Scandia,2050,3.24227678,22.77853,-19.53625322
PLDV,HEVSales,Scandia,2015,2.32224605,1.56498,0.75726605
PLDV,HEVSales,Scandia,2018,2.51115823,3.85459,-1.34343177
PLDV,HEVSales,Scandia,2020,2.63709968,5.381,-2.74390032
PLDV,HEVSales,Scandia,2025,5.98034234,13.35616,-7.37581766
PLDV,HEVSales,Scandia,2030,12.99554078,31.25342,-18.25787922
PLDV,HEVSales,Scandia,2035,17.37781018,57.53398,-40.15616982
PLDV,HEVSales,Scandia,2040,16.78065947,85.62535,-68.84469053
PLDV,HEVSales,Scandia,2045,19.67234216,102.43742,-82.76507784
PLDV,HEVSales,Scandia,2050,22.56402484,119.2495,-96.68547516
PLDV,PHEVSales,Scandia,2015,0.15472397,0.08776,0.06696397
PLDV,PHEVSales,Scandia,2018,0.55241107,1.10354,-0.55112893
PLDV,PHEVSales,Scandia,2020,0.81753581,1.78072,-0.96318419
PLDV,PHEVSales,Scandia,2025,2.92461066,22.23981,-19.31519934
PLDV,PHEVSales,Scandia,2030,8.29684288,38.19505,-29.89820712
PLDV,PHEVSales,Scandia,2035,17.88118025,46.5904,-28.70921975
PLDV,PHEVSales,Scandia,2040,37.12099993,62.86863,-25.74763007
PLDV,PHEVSales,Scandia,2045,44.51425512,75.4248,-30.91054488
PLDV,PHEVSales,Scandia,2050,51.90751032,87.98098,-36.07346968
PLDV,BEVSales,Scandia,2015,0.07959122,0.06431,0.01528122
PLDV,BEVSales,Scandia,2018,0.06168015,1.32711,-1.26542985
PLDV,BEVSales,Scandia,2020,0.04973944,2.16898,-2.11924056
PLDV,BEVSales,Scandia,2025,1.50416073,35.00354,-33.49937927
PLDV,BEVSales,Scandia,2030,9.2183225,42.02744,-32.8091175
PLDV,BEVSales,Scandia,2035,34.77497975,46.36811,-11.59313025
PLDV,BEVSales,Scandia,2040,60.98947953,106.0264,-45.03692047
PLDV,BEVSales,Scandia,2045,73.17145719,127.21882,-54.04736281
PLDV,BEVSales,Scandia,2050,85.35343485,148.41123,-63.05779515
PLDV,TotSales,Sciota Twp.,2015,5.07425471,45.83847,-40.76421529
PLDV,TotSales,Sciota Twp.,2018,5.62313843,47.84912,-42.22598157
PLDV,TotSales,Sciota Twp.,2020,5.98906092,49.18955,-43.20048908
PLDV,TotSales,Sciota Twp.,2025,7.88461283,50.18846,-42.30384717
PLDV,TotSales,Sciota Twp.,2030,8.74072779,51.75688,-43.01615221
PLDV,TotSales,Sciota Twp.,2035,9.25383595,54.32123,-45.06739405
PLDV,TotSales,Sciota Twp.,2040,7.61813115,56.91208,-49.29394885
PLDV,TotSales,Sciota Twp.,2045,8.12690644,59.1268,-50.99989356
PLDV,TotSales,Sciota Twp.,2050,8.63568173,61.34152,-52.70583827
PLDV,SISales,Sciota Twp.,2015,4.87188224,45.10846,-40.23657776
PLDV,SISales,Sciota Twp.,2018,5.39039005,46.90438,-41.51398995
PLDV,SISales,Sciota Twp.,2020,5.73606193,48.10167,-42.36560807
PLDV,SISales,Sciota Twp.,2025,7.33940295,46.90557,-39.56616705
PLDV,SISales,Sciota Twp.,2030,7.47852563,47.04128,-39.56275437
PLDV,SISales,Sciota Twp.,2035,6.68235775,48.12261,-41.44025225
PLDV,SISales,Sciota Twp.,2040,3.62561197,47.11948,-43.49386803
PLDV,SISales,Sciota Twp.,2045,3.37635792,47.52168,-44.14532208
PLDV,SISales,Sciota Twp.,2050,3.12710387,47.92389,-44.79678613
PLDV,CISales,Sciota Twp.,2015,0.08472739,0.65392,-0.56919261
PLDV,CISales,Sciota Twp.,2018,0.09013001,0.67551,-0.58537999
PLDV,CISales,Sciota Twp.,2020,0.09373176,0.68989,-0.59615824
PLDV,CISales,Sciota Twp.,2025,0.11419941,0.69196,-0.57776059
PLDV,CISales,Sciota Twp.,2030,0.13127311,0.73593,-0.60465689
PLDV,CISales,Sciota Twp.,2035,0.14481539,0.80466,-0.65984461
PLDV,CISales,Sciota Twp.,2040,0.12065393,0.87055,-0.74989607
PLDV,CISales,Sciota Twp.,2045,0.12783924,0.91388,-0.78604076
PLDV,CISales,Sciota Twp.,2050,0.13502455,0.9572,-0.82217545
PLDV,HEVSales,Sciota Twp.,2015,0.11103769,0.07005,0.04098769
PLDV,HEVSales,Sciota Twp.,2018,0.11947025,0.17706,-0.05758975
PLDV,HEVSales,Sciota Twp.,2020,0.12509196,0.2484,-0.12330804
PLDV,HEVSales,Sciota Twp.,2025,0.27085806,0.58917,-0.31831194
PLDV,HEVSales,Sciota Twp.,2030,0.54998143,1.3105,-0.76051857
PLDV,HEVSales,Sciota Twp.,2035,0.73210281,2.37506,-1.64295719
PLDV,HEVSales,Sciota Twp.,2040,0.72209725,3.57794,-2.85584275
PLDV,HEVSales,Sciota Twp.,2045,0.84430916,4.27952,-3.43521084
PLDV,HEVSales,Sciota Twp.,2050,0.96652107,4.98109,-4.01456893
PLDV,PHEVSales,Sciota Twp.,2015,0.00445544,0.0035,0.00095544
PLDV,PHEVSales,Sciota Twp.,2018,0.02117755,0.04332,-0.02214245
PLDV,PHEVSales,Sciota Twp.,2020,0.03232561,0.06987,-0.03754439
PLDV,PHEVSales,Sciota Twp.,2025,0.1116667,0.8397,-0.7280333
PLDV,PHEVSales,Sciota Twp.,2030,0.29855617,1.34825,-1.04969383
PLDV,PHEVSales,Sciota Twp.,2035,0.63067614,1.60044,-0.96976386
PLDV,PHEVSales,Sciota Twp.,2040,1.32096486,2.1885,-0.86753514
PLDV,PHEVSales,Sciota Twp.,2045,1.58426675,2.6255,-1.04123325
PLDV,PHEVSales,Sciota Twp.,2050,1.84756863,3.0625,-1.21493137
PLDV,BEVSales,Sciota Twp.,2015,0.00215195,0.00254,-0.00038805
PLDV,BEVSales,Sciota Twp.,2018,0.00197057,0.04885,-0.04687943
PLDV,BEVSales,Sciota Twp.,2020,0.00184966,0.07972,-0.07787034
PLDV,BEVSales,Sciota Twp.,2025,0.04848572,1.16206,-1.11357428
PLDV,BEVSales,Sciota Twp.,2030,0.28239146,1.32092,-1.03852854
PLDV,BEVSales,Sciota Twp.,2035,1.06388387,1.41845,-0.35456613
PLDV,BEVSales,Sciota Twp.,2040,1.82880314,3.1556,-1.32679686
PLDV,BEVSales,Sciota Twp.,2045,2.19413337,3.78622,-1.59208663
PLDV,BEVSales,Sciota Twp.,2050,2.55946361,4.41683,-1.85736639
PLDV,TotSales,Shakopee,2015,1683.713862,7763.57249,-6079.858628
PLDV,TotSales,Shakopee,2018,1722.423671,8233.39595,-6510.972279
PLDV,TotSales,Shakopee,2020,1748.23021,8546.61158,-6798.38137
PLDV,TotSales,Shakopee,2025,2060.81095,8887.67554,-6826.86459
PLDV,TotSales,Shakopee,2030,1942.678957,9398.44128,-7455.762323
PLDV,TotSales,Shakopee,2035,1713.704192,9838.24475,-8124.540558
PLDV,TotSales,Shakopee,2040,1171.475103,10283.24364,-9111.768537
PLDV,TotSales,Shakopee,2045,1069.027351,10787.17786,-9718.150509
PLDV,TotSales,Shakopee,2050,966.5795994,11291.11209,-10324.53249
PLDV,SISales,Shakopee,2015,1608.242313,7628.44467,-6020.202357
PLDV,SISales,Shakopee,2018,1646.347573,8031.25106,-6384.903487
PLDV,SISales,Shakopee,2020,1671.751079,8299.78866,-6628.037581
PLDV,SISales,Shakopee,2025,1928.54889,8249.94308,-6321.39419
PLDV,SISales,Shakopee,2030,1698.279196,8552.08619,-6853.806994
PLDV,SISales,Shakopee,2035,1338.207929,8792.80333,-7454.595401
PLDV,SISales,Shakopee,2040,675.181384,8773.58082,-8098.399436
PLDV,SISales,Shakopee,2045,488.5691983,9002.60805,-8514.038852
PLDV,SISales,Shakopee,2050,301.9570126,9231.63528,-8929.678267
PLDV,CISales,Shakopee,2015,31.72764359,114.9884,-83.26075641
PLDV,CISales,Shakopee,2018,30.24907927,133.78733,-103.5382507
PLDV,CISales,Shakopee,2020,29.26336972,146.31994,-117.0565703
PLDV,CISales,Shakopee,2025,30.40269746,166.2519,-135.8492025
PLDV,CISales,Shakopee,2030,31.07812385,168.07284,-136.9947162
PLDV,CISales,Shakopee,2035,30.93152932,169.7753,-138.8437707
PLDV,CISales,Shakopee,2040,24.02793841,178.62048,-154.5925416
PLDV,CISales,Shakopee,2045,22.48799737,191.34689,-168.8588926
PLDV,CISales,Shakopee,2050,20.94805633,204.07331,-183.1252537
PLDV,HEVSales,Shakopee,2015,42.79631093,18.98966,23.80665093
PLDV,HEVSales,Shakopee,2018,41.85756404,52.14648,-10.28891596
PLDV,HEVSales,Shakopee,2020,41.23173278,74.25103,-33.01929722
PLDV,HEVSales,Shakopee,2025,77.22946486,165.55052,-88.32105514
PLDV,HEVSales,Shakopee,2030,137.2843652,326.14842,-188.8640548
PLDV,HEVSales,Shakopee,2035,156.0948689,526.95141,-370.8565411
PLDV,HEVSales,Shakopee,2040,140.7870005,748.4177,-607.6306995
PLDV,HEVSales,Shakopee,2045,160.3851384,894.30331,-733.9181716
PLDV,HEVSales,Shakopee,2050,179.9832763,1040.18891,-860.2056337
PLDV,PHEVSales,Shakopee,2015,0.7002121,0.70981,-0.0095979
PLDV,PHEVSales,Shakopee,2018,3.68274497,7.72518,-4.04243503
PLDV,PHEVSales,Shakopee,2020,5.67110023,12.40209,-6.73098977
PLDV,PHEVSales,Shakopee,2025,16.96876395,129.19187,-112.2231061
PLDV,PHEVSales,Shakopee,2030,38.25364444,179.98911,-141.7354656
PLDV,PHEVSales,Shakopee,2035,69.30607125,187.33749,-118.0314188
PLDV,PHEVSales,Shakopee,2040,132.4183441,231.38357,-98.9652259
PLDV,PHEVSales,Shakopee,2045,158.7619705,277.51832,-118.7563495
PLDV,PHEVSales,Shakopee,2050,185.1055969,323.65307,-138.5474731
PLDV,BEVSales,Shakopee,2015,0.24738245,0.43996,-0.19257755
PLDV,BEVSales,Shakopee,2018,0.28670956,8.4859,-8.19919044
PLDV,BEVSales,Shakopee,2020,0.31292764,13.84986,-13.53693236
PLDV,BEVSales,Shakopee,2025,7.66113361,176.73817,-169.0770364
PLDV,BEVSales,Shakopee,2030,37.78362739,172.14471,-134.3610826
PLDV,BEVSales,Shakopee,2035,119.1637933,161.37723,-42.2134367
PLDV,BEVSales,Shakopee,2040,199.060436,351.24107,-152.180634
PLDV,BEVSales,Shakopee,2045,238.8230467,421.4013,-182.5782533
PLDV,BEVSales,Shakopee,2050,278.5856574,491.56152,-212.9758626
PLDV,TotSales,Shoreview,2015,881.503342,5587.56767,-4706.064328
PLDV,TotSales,Shoreview,2018,932.5135435,5788.17359,-4855.660047
PLDV,TotSales,Shoreview,2020,966.5203445,5921.91087,-4955.390526
PLDV,TotSales,Shoreview,2025,1093.599105,5865.42072,-4771.821615
PLDV,TotSales,Shoreview,2030,1114.911307,5902.8944,-4787.983093
PLDV,TotSales,Shoreview,2035,1118.95938,5876.64576,-4757.68638
PLDV,TotSales,Shoreview,2040,931.0073207,5858.16531,-4927.157989
PLDV,TotSales,Shoreview,2045,940.9081165,5912.28484,-4971.376724
PLDV,TotSales,Shoreview,2050,950.8089122,5966.40437,-5015.595458
PLDV,SISales,Shoreview,2015,850.6030373,5497.37988,-4646.776843
PLDV,SISales,Shoreview,2018,897.1799002,5661.24745,-4764.06755
PLDV,SISales,Shoreview,2020,928.2311421,5770.4925,-4842.261358
PLDV,SISales,Shoreview,2025,1012.113253,5314.18696,-4302.073707
PLDV,SISales,Shoreview,2030,938.1604954,5201.89858,-4263.738085
PLDV,SISales,Shoreview,2035,766.0477918,5083.96385,-4317.916058
PLDV,SISales,Shoreview,2040,389.7194933,4695.29546,-4305.575967
PLDV,SISales,Shoreview,2045,297.5427845,4534.87858,-4237.335796
PLDV,SISales,Shoreview,2050,205.3660757,4374.4617,-4169.095624
PLDV,CISales,Shoreview,2015,12.2548561,79.44904,-67.1941839
PLDV,CISales,Shoreview,2018,12.99247772,82.36878,-69.37630228
PLDV,CISales,Shoreview,2020,13.48422546,84.31527,-70.83104454
PLDV,CISales,Shoreview,2025,15.47146193,83.19371,-67.72224807
PLDV,CISales,Shoreview,2030,15.34236534,83.23911,-67.89674466
PLDV,CISales,Shoreview,2035,14.83987609,82.42442,-67.58454391
PLDV,CISales,Shoreview,2040,11.66245313,81.31346,-69.65100687
PLDV,CISales,Shoreview,2045,11.54397254,81.68634,-70.14236746
PLDV,CISales,Shoreview,2050,11.42549194,82.05922,-70.63372806
PLDV,HEVSales,Shoreview,2015,15.67946084,9.12855,6.55091084
PLDV,HEVSales,Shoreview,2018,16.3119513,22.72141,-6.4094587
PLDV,HEVSales,Shoreview,2020,16.7336116,31.78331,-15.0496984
PLDV,HEVSales,Shoreview,2025,33.24801462,66.99855,-33.75053538
PLDV,HEVSales,Shoreview,2030,59.75611413,139.25651,-79.50039587
PLDV,HEVSales,Shoreview,2035,74.58313084,231.60584,-157.0227092
PLDV,HEVSales,Shoreview,2040,69.54763013,324.54783,-255.0001999
PLDV,HEVSales,Shoreview,2045,80.32126399,387.63169,-307.310426
PLDV,HEVSales,Shoreview,2050,91.09489785,450.71555,-359.6206522
PLDV,PHEVSales,Shoreview,2015,1.75058881,0.86582,0.88476881
PLDV,PHEVSales,Shoreview,2018,5.26453207,9.96986,-4.70532793
PLDV,PHEVSales,Shoreview,2020,7.6071609,16.03923,-8.4320691
PLDV,PHEVSales,Shoreview,2025,24.30801442,173.48675,-149.1787356
PLDV,PHEVSales,Shoreview,2030,58.43598505,250.74621,-192.310225
PLDV,PHEVSales,Shoreview,2035,112.9501796,271.79548,-158.8453004
PLDV,PHEVSales,Shoreview,2040,224.8875543,355.39858,-130.5110257
PLDV,PHEVSales,Shoreview,2045,269.5149474,426.30513,-156.7901826
PLDV,PHEVSales,Shoreview,2050,314.1423404,497.21168,-183.0693396
PLDV,BEVSales,Shoreview,2015,1.215399,0.74438,0.471019
PLDV,BEVSales,Shoreview,2018,0.76468222,11.86609,-11.10140778
PLDV,BEVSales,Shoreview,2020,0.46420437,19.28056,-18.81635563
PLDV,BEVSales,Shoreview,2025,8.45836147,227.55475,-219.0963885
PLDV,BEVSales,Shoreview,2030,43.21634709,227.754,-184.5376529
PLDV,BEVSales,Shoreview,2035,150.538402,206.85617,-56.317768
PLDV,BEVSales,Shoreview,2040,235.1901899,401.60998,-166.4197901
PLDV,BEVSales,Shoreview,2045,281.9851481,481.7831,-199.7979519
PLDV,BEVSales,Shoreview,2050,328.7801063,561.95622,-233.1761137
PLDV,TotSales,Shorewood,2015,193.0492104,1673.18097,-1480.13176
PLDV,TotSales,Shorewood,2018,207.7929817,1708.74814,-1500.955158
PLDV,TotSales,Shorewood,2020,217.6221625,1732.45959,-1514.837428
PLDV,TotSales,Shorewood,2025,277.0448717,1741.49386,-1464.448988
PLDV,TotSales,Shorewood,2030,306.122263,1771.30325,-1465.180987
PLDV,TotSales,Shorewood,2035,330.0341184,1782.94363,-1452.909512
PLDV,TotSales,Shorewood,2040,283.5882072,1796.62436,-1513.036153
PLDV,TotSales,Shorewood,2045,301.6960066,1821.31304,-1519.617033
PLDV,TotSales,Shorewood,2050,319.8038059,1846.00171,-1526.197904
PLDV,SISales,Shorewood,2015,184.7931138,1646.24534,-1461.452226
PLDV,SISales,Shorewood,2018,198.483829,1672.04799,-1473.564161
PLDV,SISales,Shorewood,2020,207.6109724,1689.24975,-1481.638778
PLDV,SISales,Shorewood,2025,254.3541159,1576.1024,-1321.748284
PLDV,SISales,Shorewood,2030,250.3683527,1548.21114,-1297.842787
PLDV,SISales,Shorewood,2035,210.9848079,1518.79108,-1307.806272
PLDV,SISales,Shorewood,2040,105.1876387,1397.49174,-1292.304101
PLDV,SISales,Shorewood,2045,89.26654369,1347.74102,-1258.474476
PLDV,SISales,Shorewood,2050,73.34544868,1297.9903,-1224.644851
PLDV,CISales,Shorewood,2015,3.27774464,23.91799,-20.64024536
PLDV,CISales,Shorewood,2018,3.37496936,24.2854,-20.91043064
PLDV,CISales,Shorewood,2020,3.43978584,24.53034,-21.09055416
PLDV,CISales,Shorewood,2025,3.97178939,23.8522,-19.88041061
PLDV,CISales,Shorewood,2030,4.4498649,24.82049,-20.3706251
PLDV,CISales,Shorewood,2035,4.66051482,25.92166,-21.26114518
PLDV,CISales,Shorewood,2040,3.59030119,26.30159,-22.71128881
PLDV,CISales,Shorewood,2045,3.65281251,26.77831,-23.12549749
PLDV,CISales,Shorewood,2050,3.71532382,27.25503,-23.53970618
PLDV,HEVSales,Shorewood,2015,4.30655539,2.63243,1.67412539
PLDV,HEVSales,Shorewood,2018,4.48345668,6.44666,-1.96320332
PLDV,HEVSales,Shorewood,2020,4.60139088,8.98949,-4.38809912
PLDV,HEVSales,Shorewood,2025,9.51479601,20.50526,-10.99046399
PLDV,HEVSales,Shorewood,2030,18.69460457,44.44893,-25.75432543
PLDV,HEVSales,Shorewood,2035,23.33282006,76.55643,-53.22360994
PLDV,HEVSales,Shorewood,2040,21.0473846,107.28483,-86.2374454
PLDV,HEVSales,Shorewood,2045,24.39555044,128.21531,-103.8197596
PLDV,HEVSales,Shorewood,2050,27.74371628,149.14579,-121.4020737
PLDV,PHEVSales,Shorewood,2015,0.41432319,0.20761,0.20671319
PLDV,PHEVSales,Shorewood,2018,1.26914885,2.45468,-1.18553115
PLDV,PHEVSales,Shorewood,2020,1.83903263,3.95273,-2.11369737
PLDV,PHEVSales,Shorewood,2025,6.16365333,45.99245,-39.82879667
PLDV,PHEVSales,Shorewood,2030,15.53715069,70.92633,-55.38917931
PLDV,PHEVSales,Shorewood,2035,30.44619816,78.83264,-48.38644184
PLDV,PHEVSales,Shorewood,2040,58.48673412,98.79131,-40.30457588
PLDV,PHEVSales,Shorewood,2045,70.10121631,118.50804,-48.40682369
PLDV,PHEVSales,Shorewood,2050,81.71569849,138.22478,-56.50908151
PLDV,BEVSales,Shorewood,2015,0.25747345,0.17759,0.07988345
PLDV,BEVSales,Shorewood,2018,0.18157781,3.5134,-3.33182219
PLDV,BEVSales,Shorewood,2020,0.13098071,5.73728,-5.60629929
PLDV,BEVSales,Shorewood,2025,3.04051707,75.04156,-72.00104293
PLDV,BEVSales,Shorewood,2030,17.07229014,82.89636,-65.82406986
PLDV,BEVSales,Shorewood,2035,60.60977754,82.84183,-22.23205246
PLDV,BEVSales,Shorewood,2040,95.27614859,166.75489,-71.47874141
PLDV,BEVSales,Shorewood,2045,114.2798836,200.07035,-85.7904664
PLDV,BEVSales,Shorewood,2050,133.2836187,233.3858,-100.1021813
PLDV,TotSales,South St. Paul,2015,1077.911517,4006.11854,-2928.207023
PLDV,TotSales,South St. Paul,2018,1045.548906,4159.80844,-3114.259534
PLDV,TotSales,South St. Paul,2020,1023.973832,4262.26837,-3238.294538
PLDV,TotSales,South St. Paul,2025,1017.212684,4222.43525,-3205.222566
PLDV,TotSales,South St. Paul,2030,915.3309442,4282.89113,-3367.560186
PLDV,TotSales,South St. Paul,2035,819.4196529,4292.21188,-3472.792227
PLDV,TotSales,South St. Paul,2040,606.0171176,4306.74642,-3700.729302
PLDV,TotSales,South St. Paul,2045,511.6382377,4366.87199,-3855.233752
PLDV,TotSales,South St. Paul,2050,417.2593578,4426.99757,-4009.738212
PLDV,SISales,South St. Paul,2015,1041.939937,3938.21175,-2896.271813
PLDV,SISales,South St. Paul,2018,1008.84588,4058.2454,-3049.39952
PLDV,SISales,South St. Paul,2020,986.7831753,4138.26783,-3151.484655
PLDV,SISales,South St. Paul,2025,953.0418678,3843.28161,-2890.239742
PLDV,SISales,South St. Paul,2030,797.7491114,3840.12674,-3042.377629
PLDV,SISales,South St. Paul,2035,612.2293264,3803.43109,-3191.201764
PLDV,SISales,South St. Paul,2040,307.2367276,3598.99184,-3291.755112
PLDV,SISales,South St. Paul,2045,160.2960857,3531.14786,-3370.851774
PLDV,SISales,South St. Paul,2050,13.35544386,3463.30388,-3449.948436
PLDV,CISales,South St. Paul,2015,14.98983319,57.82851,-42.83867681
PLDV,CISales,South St. Paul,2018,14.63217146,64.13085,-49.49867854
PLDV,CISales,South St. Paul,2020,14.39373031,68.33241,-53.93867969
PLDV,CISales,South St. Paul,2025,14.56964666,72.07048,-57.50083334
PLDV,CISales,South St. Paul,2030,13.05847136,68.91749,-55.85901864
PLDV,CISales,South St. Paul,2035,11.87878615,65.24701,-53.36822385
PLDV,CISales,South St. Paul,2040,9.21270106,63.98126,-54.76855894
PLDV,CISales,South St. Paul,2045,8.05727464,65.21181,-57.15453536
PLDV,CISales,South St. Paul,2050,6.90184821,66.44236,-59.54051179
PLDV,HEVSales,South St. Paul,2015,19.14389107,8.84857,10.29532107
PLDV,HEVSales,South St. Paul,2018,18.36954798,22.61359,-4.24404202
PLDV,HEVSales,South St. Paul,2020,17.85331925,31.79027,-13.93695075
PLDV,HEVSales,South St. Paul,2025,31.28194968,61.44526,-30.16331032
PLDV,HEVSales,South St. Paul,2030,50.78256576,117.35734,-66.57477424
PLDV,HEVSales,South St. Paul,2035,59.65128404,184.57992,-124.928636
PLDV,HEVSales,South St. Paul,2040,54.90434688,255.92157,-201.0172231
PLDV,HEVSales,South St. Paul,2045,62.05643804,305.33617,-243.279732
PLDV,HEVSales,South St. Paul,2050,69.2085292,354.75077,-285.5422408
PLDV,PHEVSales,South St. Paul,2015,1.01991288,0.60148,0.41843288
PLDV,PHEVSales,South St. Paul,2018,3.16948035,6.05559,-2.88610965
PLDV,PHEVSales,South St. Paul,2020,4.60252532,9.69166,-5.08913468
PLDV,PHEVSales,South St. Paul,2025,12.52397599,89.3276,-76.80362401
PLDV,PHEVSales,South St. Paul,2030,27.56904498,118.18394,-90.61489502
PLDV,PHEVSales,South St. Paul,2035,50.99922639,122.54313,-71.54390361
PLDV,PHEVSales,South St. Paul,2040,100.9867013,159.53416,-58.5474587
PLDV,PHEVSales,South St. Paul,2045,120.980059,191.3207,-70.340641
PLDV,PHEVSales,South St. Paul,2050,140.9734167,223.10723,-82.1338133
PLDV,BEVSales,South St. Paul,2015,0.81794284,0.62823,0.18971284
PLDV,BEVSales,South St. Paul,2018,0.5318261,8.76301,-8.2311839
PLDV,BEVSales,South St. Paul,2020,0.34108161,14.1862,-13.84511839
PLDV,BEVSales,South St. Paul,2025,5.79524376,156.3103,-150.5150562
PLDV,BEVSales,South St. Paul,2030,26.17175071,138.30562,-112.1338693
PLDV,BEVSales,South St. Paul,2035,84.66102987,116.41072,-31.74969013
PLDV,BEVSales,South St. Paul,2040,133.6766407,228.31759,-94.6409493
PLDV,BEVSales,South St. Paul,2045,160.2483803,273.85546,-113.6070797
PLDV,BEVSales,South St. Paul,2050,186.8201199,319.39333,-132.5732101
PLDV,TotSales,Spring Lake Park,2015,199.306928,1276.96178,-1077.654852
PLDV,TotSales,Spring Lake Park,2018,209.0482152,1316.19826,-1107.150045
PLDV,TotSales,Spring Lake Park,2020,215.5424067,1342.35592,-1126.813513
PLDV,TotSales,Spring Lake Park,2025,260.7384129,1345.70674,-1084.968327
PLDV,TotSales,Spring Lake Park,2030,257.9080537,1370.03517,-1112.127116
PLDV,TotSales,Spring Lake Park,2035,236.6171949,1403.07222,-1166.455025
PLDV,TotSales,Spring Lake Park,2040,165.5545912,1437.32944,-1271.774849
PLDV,TotSales,Spring Lake Park,2045,158.8041238,1469.40297,-1310.598846
PLDV,TotSales,Spring Lake Park,2050,152.0536565,1501.4765,-1349.422844
PLDV,SISales,Spring Lake Park,2015,191.3201385,1256.06237,-1064.742232
PLDV,SISales,Spring Lake Park,2018,200.687092,1288.81818,-1088.131088
PLDV,SISales,Spring Lake Park,2020,206.9317277,1310.65538,-1103.723652
PLDV,SISales,Spring Lake Park,2025,244.7541192,1268.95829,-1024.204171
PLDV,SISales,Spring Lake Park,2030,227.5352506,1263.90493,-1036.369679
PLDV,SISales,Spring Lake Park,2035,187.734976,1268.23997,-1080.504994
PLDV,SISales,Spring Lake Park,2040,98.85198543,1242.51105,-1143.659065
PLDV,SISales,Spring Lake Park,2045,80.35835482,1239.80079,-1159.442435
PLDV,SISales,Spring Lake Park,2050,61.86472421,1237.09052,-1175.225796
PLDV,CISales,Spring Lake Park,2015,3.34521024,18.40978,-15.06456976
PLDV,CISales,Spring Lake Park,2018,3.3397392,19.49212,-16.1523808
PLDV,CISales,Spring Lake Park,2020,3.33609184,20.21368,-16.87758816
PLDV,CISales,Spring Lake Park,2025,3.80511943,21.30981,-17.50469057
PLDV,CISales,Spring Lake Park,2030,3.95178186,21.65998,-17.70819814
PLDV,CISales,Spring Lake Park,2035,3.99563158,22.12852,-18.13288842
PLDV,CISales,Spring Lake Park,2040,3.22045707,23.24116,-20.02070293
PLDV,CISales,Spring Lake Park,2045,3.19550643,24.20744,-21.01193357
PLDV,CISales,Spring Lake Park,2050,3.1705558,25.17372,-22.0031642
PLDV,HEVSales,Spring Lake Park,2015,4.45021804,2.35169,2.09852804
PLDV,HEVSales,Spring Lake Park,2018,4.48591683,6.03659,-1.55067317
PLDV,HEVSales,Spring Lake Park,2020,4.50971601,8.49319,-3.98347399
PLDV,HEVSales,Spring Lake Park,2025,9.06452127,19.25376,-10.18923873
PLDV,HEVSales,Spring Lake Park,2030,16.72416197,39.63077,-22.90660803
PLDV,HEVSales,Spring Lake Park,2035,20.26186956,66.25501,-45.99314044
PLDV,HEVSales,Spring Lake Park,2040,19.18894307,96.08156,-76.89261693
PLDV,HEVSales,Spring Lake Park,2045,22.13668807,114.82753,-92.69084193
PLDV,HEVSales,Spring Lake Park,2050,25.08443307,133.57351,-108.4890769
PLDV,PHEVSales,Spring Lake Park,2015,0.13731751,0.08831,0.04900751
PLDV,PHEVSales,Spring Lake Park,2018,0.4941406,0.98932,-0.4951794
PLDV,PHEVSales,Spring Lake Park,2020,0.73202266,1.58999,-0.85796734
PLDV,PHEVSales,Spring Lake Park,2025,2.33817264,17.51174,-15.17356736
PLDV,PHEVSales,Spring Lake Park,2030,5.61048169,25.56886,-19.95837831
PLDV,PHEVSales,Spring Lake Park,2035,10.6916968,27.66064,-16.9689432
PLDV,PHEVSales,Spring Lake Park,2040,21.34648544,35.7108,-14.36431456
PLDV,PHEVSales,Spring Lake Park,2045,25.58831903,42.8353,-17.24698097
PLDV,PHEVSales,Spring Lake Park,2050,29.83015261,49.95979,-20.12963739
PLDV,BEVSales,Spring Lake Park,2015,0.05404372,0.04963,0.00441372
PLDV,BEVSales,Spring Lake Park,2018,0.04132653,0.86206,-0.82073347
PLDV,BEVSales,Spring Lake Park,2020,0.03284841,1.40368,-1.37083159
PLDV,BEVSales,Spring Lake Park,2025,0.7764803,18.67314,-17.8966597
PLDV,BEVSales,Spring Lake Park,2030,4.08637762,19.27062,-15.18424238
PLDV,BEVSales,Spring Lake Park,2035,13.93302093,18.78808,-4.85505907
PLDV,BEVSales,Spring Lake Park,2040,22.94672018,39.78487,-16.83814982
PLDV,BEVSales,Spring Lake Park,2045,27.52525547,47.73192,-20.20666453
PLDV,BEVSales,Spring Lake Park,2050,32.10379077,55.67897,-23.57517923
PLDV,TotSales,Spring Lake Twp.,2015,78.94058338,953.66512,-874.7245366
PLDV,TotSales,Spring Lake Twp.,2018,89.03301591,985.72884,-896.6958241
PLDV,TotSales,Spring Lake Twp.,2020,95.76130426,1007.10466,-911.3433557
PLDV,TotSales,Spring Lake Twp.,2025,137.9982552,1053.24581,-915.2475548
PLDV,TotSales,Spring Lake Twp.,2030,164.6956014,1108.20623,-943.5106286
PLDV,TotSales,Spring Lake Twp.,2035,166.6309644,1112.93144,-946.3004756
PLDV,TotSales,Spring Lake Twp.,2040,122.2053092,1118.97128,-996.7659708
PLDV,TotSales,Spring Lake Twp.,2045,130.8582544,1152.03251,-1021.174256
PLDV,TotSales,Spring Lake Twp.,2050,139.5111996,1185.09374,-1045.58254
PLDV,SISales,Spring Lake Twp.,2015,75.79508915,938.79095,-862.9958609
PLDV,SISales,Spring Lake Twp.,2018,85.46725648,968.42484,-882.9575835
PLDV,SISales,Spring Lake Twp.,2020,91.91536803,988.18078,-896.265412
PLDV,SISales,Spring Lake Twp.,2025,129.8987615,1014.02125,-884.1224885
PLDV,SISales,Spring Lake Twp.,2030,146.0595962,1044.91876,-898.8591638
PLDV,SISales,Spring Lake Twp.,2035,133.2676629,1021.97787,-888.7102071
PLDV,SISales,Spring Lake Twp.,2040,74.23844278,977.03733,-902.7988872
PLDV,SISales,Spring Lake Twp.,2045,73.92711351,984.6866,-910.7594865
PLDV,SISales,Spring Lake Twp.,2050,73.61578423,992.33588,-918.7200958
PLDV,CISales,Spring Lake Twp.,2015,1.35187427,13.53569,-12.18381573
PLDV,CISales,Spring Lake Twp.,2018,1.46164356,13.53041,-12.06876644
PLDV,CISales,Spring Lake Twp.,2020,1.53482309,13.52689,-11.99206691
PLDV,CISales,Spring Lake Twp.,2025,2.02254636,13.42215,-11.39960364
PLDV,CISales,Spring Lake Twp.,2030,2.58368586,14.94587,-12.36218414
PLDV,CISales,Spring Lake Twp.,2035,2.92798124,16.30572,-13.37773876
PLDV,CISales,Spring Lake Twp.,2040,2.48574761,17.73811,-15.25236239
PLDV,CISales,Spring Lake Twp.,2045,2.71252228,18.57859,-15.86606772
PLDV,CISales,Spring Lake Twp.,2050,2.93929695,19.41908,-16.47978305
PLDV,HEVSales,Spring Lake Twp.,2015,1.76678117,1.29802,0.46876117
PLDV,HEVSales,Spring Lake Twp.,2018,1.95184057,3.15562,-1.20377943
PLDV,HEVSales,Spring Lake Twp.,2020,2.0752135,4.39402,-2.3188065
PLDV,HEVSales,Spring Lake Twp.,2025,4.86297705,11.09927,-6.23629295
PLDV,HEVSales,Spring Lake Twp.,2030,10.9779294,26.5062,-15.5282706
PLDV,HEVSales,Spring Lake Twp.,2035,15.02799716,48.45519,-33.42719284
PLDV,HEVSales,Spring Lake Twp.,2040,15.36183855,74.16901,-58.80717145
PLDV,HEVSales,Spring Lake Twp.,2045,18.08085003,88.74321,-70.66235997
PLDV,HEVSales,Spring Lake Twp.,2050,20.7998615,103.31741,-82.5175485
PLDV,PHEVSales,Spring Lake Twp.,2015,0.01798109,0.02336,-0.00537891
PLDV,PHEVSales,Spring Lake Twp.,2018,0.14150236,0.30452,-0.16301764
PLDV,PHEVSales,Spring Lake Twp.,2020,0.22384988,0.49195,-0.26810012
PLDV,PHEVSales,Spring Lake Twp.,2025,0.82654638,6.42232,-5.59577362
PLDV,PHEVSales,Spring Lake Twp.,2030,2.53180252,11.34797,-8.81616748
PLDV,PHEVSales,Spring Lake Twp.,2035,5.63292496,13.92656,-8.29363504
PLDV,PHEVSales,Spring Lake Twp.,2040,12.17895419,19.76366,-7.58470581
PLDV,PHEVSales,Spring Lake Twp.,2045,14.61114881,23.71172,-9.10057119
PLDV,PHEVSales,Spring Lake Twp.,2050,17.04334343,27.65978,-10.61643657
PLDV,BEVSales,Spring Lake Twp.,2015,0.0088577,0.0171,-0.0082423
PLDV,BEVSales,Spring Lake Twp.,2018,0.01077294,0.31345,-0.30267706
PLDV,BEVSales,Spring Lake Twp.,2020,0.01204976,0.51101,-0.49896024
PLDV,BEVSales,Spring Lake Twp.,2025,0.38742392,8.28081,-7.89338608
PLDV,BEVSales,Spring Lake Twp.,2030,2.54258742,10.48743,-7.94484258
PLDV,BEVSales,Spring Lake Twp.,2035,9.77439809,12.2661,-2.49170191
PLDV,BEVSales,Spring Lake Twp.,2040,17.94032609,30.26317,-12.32284391
PLDV,BEVSales,Spring Lake Twp.,2045,21.52661977,36.31238,-14.78576023
PLDV,BEVSales,Spring Lake Twp.,2050,25.11291345,42.3616,-17.24868655
PLDV,TotSales,Spring Park,2015,49.29969821,427.03368,-377.7339818
PLDV,TotSales,Spring Park,2018,53.30786577,438.20273,-384.8948642
PLDV,TotSales,Spring Park,2020,55.97997748,445.64877,-389.6687925
PLDV,TotSales,Spring Park,2025,72.80436363,457.64555,-384.8411864
PLDV,TotSales,Spring Park,2030,82.08159682,474.94553,-392.8639332
PLDV,TotSales,Spring Park,2035,89.65889643,484.36434,-394.7054436
PLDV,TotSales,Spring Park,2040,78.01276124,494.23644,-416.2236788
PLDV,TotSales,Spring Park,2045,83.75537384,507.677,-423.9216262
PLDV,TotSales,Spring Park,2050,89.49798645,521.11755,-431.6195636
PLDV,SISales,Spring Park,2015,47.16338816,420.1591,-372.9957118
PLDV,SISales,Spring Park,2018,50.90820631,428.78386,-377.8756537
PLDV,SISales,Spring Park,2020,53.40475174,434.5337,-381.1289483
PLDV,SISales,Spring Park,2025,66.84148106,414.18248,-347.3409989
PLDV,SISales,Spring Park,2030,67.13211245,415.12709,-347.9949776
PLDV,SISales,Spring Park,2035,57.31730139,412.6032,-355.2858986
PLDV,SISales,Spring Park,2040,28.93624606,384.43837,-355.5021239
PLDV,SISales,Spring Park,2045,25.29081764,377.29423,-352.0034124
PLDV,SISales,Spring Park,2050,21.64538922,370.15009,-348.5047008
PLDV,CISales,Spring Park,2015,0.83655467,6.10441,-5.26785533
PLDV,CISales,Spring Park,2018,0.86552129,6.2278,-5.36227871
PLDV,CISales,Spring Park,2020,0.88483237,6.31005,-5.42521763
PLDV,CISales,Spring Park,2025,1.04374283,6.2681,-5.22435717
PLDV,CISales,Spring Park,2030,1.19315731,6.6552,-5.46204269
PLDV,CISales,Spring Park,2035,1.26610127,7.04202,-5.77591873
PLDV,CISales,Spring Park,2040,0.98766205,7.23535,-6.24768795
PLDV,CISales,Spring Park,2045,1.01788353,7.46154,-6.44365647
PLDV,CISales,Spring Park,2050,1.048105,7.68772,-6.639615
PLDV,HEVSales,Spring Park,2015,1.09913048,0.67185,0.42728048
PLDV,HEVSales,Spring Park,2018,1.14983471,1.65619,-0.50635529
PLDV,HEVSales,Spring Park,2020,1.18363753,2.31241,-1.12877247
PLDV,HEVSales,Spring Park,2025,2.50038438,5.38856,-2.88817562
PLDV,HEVSales,Spring Park,2030,5.0126475,11.91824,-6.9055925
PLDV,HEVSales,Spring Park,2035,6.33872312,20.79774,-14.45901688
PLDV,HEVSales,Spring Park,2040,5.78996075,29.51317,-23.72320925
PLDV,HEVSales,Spring Park,2045,6.72812681,35.28143,-28.55330319
PLDV,HEVSales,Spring Park,2050,7.66629286,41.04969,-33.38339714
PLDV,PHEVSales,Spring Park,2015,0.1207494,0.05299,0.0677594
PLDV,PHEVSales,Spring Park,2018,0.3321376,0.63126,-0.2991224
PLDV,PHEVSales,Spring Park,2020,0.47306306,1.01678,-0.54371694
PLDV,PHEVSales,Spring Park,2025,1.61974072,12.08631,-10.46656928
PLDV,PHEVSales,Spring Park,2030,4.16602872,19.01772,-14.85169128
PLDV,PHEVSales,Spring Park,2035,8.27118281,21.41611,-13.14492719
PLDV,PHEVSales,Spring Park,2040,16.08921495,27.17667,-11.08745505
PLDV,PHEVSales,Spring Park,2045,19.28290806,32.6014,-13.31849194
PLDV,PHEVSales,Spring Park,2050,22.47660117,38.02614,-15.54953883
PLDV,BEVSales,Spring Park,2015,0.07987549,0.04533,0.03454549
PLDV,BEVSales,Spring Park,2018,0.05216587,0.90363,-0.85146413
PLDV,BEVSales,Spring Park,2020,0.03369279,1.47583,-1.44213721
PLDV,BEVSales,Spring Park,2025,0.79901465,19.7201,-18.92108535
PLDV,BEVSales,Spring Park,2030,4.57765085,22.22728,-17.64962915
PLDV,BEVSales,Spring Park,2035,16.46558784,22.50527,-6.03968216
PLDV,BEVSales,Spring Park,2040,26.20967742,45.87288,-19.66320258
PLDV,BEVSales,Spring Park,2045,31.43563781,55.0384,-23.60276219
PLDV,BEVSales,Spring Park,2050,36.66159819,64.20391,-27.54231181
PLDV,TotSales,St. Anthony,2015,254.5522498,2203.22529,-1948.67304
PLDV,TotSales,St. Anthony,2018,276.7583295,2273.94252,-1997.184191
PLDV,TotSales,St. Anthony,2020,291.5623827,2321.08733,-2029.524947
PLDV,TotSales,St. Anthony,2025,368.3554112,2315.46855,-1947.113139
PLDV,TotSales,St. Anthony,2030,404.0188488,2337.75843,-1933.739581
PLDV,TotSales,St. Anthony,2035,433.9797829,2344.48939,-1910.509607
PLDV,TotSales,St. Anthony,2040,371.5737686,2354.04176,-1982.467991
PLDV,TotSales,St. Anthony,2045,394.9780724,2384.20506,-1989.226988
PLDV,TotSales,St. Anthony,2050,418.3823761,2414.36835,-1995.985974
PLDV,SISales,St. Anthony,2015,243.3334282,2167.75677,-1924.423342
PLDV,SISales,St. Anthony,2018,264.2232205,2225.02052,-1960.7973
PLDV,SISales,St. Anthony,2020,278.1497487,2263.19635,-1985.046601
PLDV,SISales,St. Anthony,2025,338.1860649,2095.56612,-1757.380055
PLDV,SISales,St. Anthony,2030,330.4350773,2043.32242,-1712.887343
PLDV,SISales,St. Anthony,2035,277.4353802,1997.14086,-1719.70548
PLDV,SISales,St. Anthony,2040,137.8229642,1831.07499,-1693.252026
PLDV,SISales,St. Anthony,2045,116.7208714,1763.73863,-1647.017759
PLDV,SISales,St. Anthony,2050,95.6187786,1696.40227,-1600.783491
PLDV,CISales,St. Anthony,2015,4.31609611,31.49493,-27.17883389
PLDV,CISales,St. Anthony,2018,4.4915396,32.31689,-27.8253504
PLDV,CISales,St. Anthony,2020,4.60850193,32.86487,-28.25636807
PLDV,CISales,St. Anthony,2025,5.28084171,31.71359,-26.43274829
PLDV,CISales,St. Anthony,2030,5.8729126,32.75798,-26.8850674
PLDV,CISales,St. Anthony,2035,6.128364,34.0858,-27.957436
PLDV,CISales,St. Anthony,2040,4.70422151,34.46188,-29.75765849
PLDV,CISales,St. Anthony,2045,4.78184659,35.05527,-30.27342341
PLDV,CISales,St. Anthony,2050,4.85947168,35.64866,-30.78918832
PLDV,HEVSales,St. Anthony,2015,5.67082217,3.46635,2.20447217
PLDV,HEVSales,St. Anthony,2018,5.96719613,8.61282,-2.64562387
PLDV,HEVSales,St. Anthony,2020,6.16477877,12.04379,-5.87901123
PLDV,HEVSales,St. Anthony,2025,12.65075428,27.26353,-14.61277572
PLDV,HEVSales,St. Anthony,2030,24.67305888,58.66351,-33.99045112
PLDV,HEVSales,St. Anthony,2035,30.68159205,100.66821,-69.98661795
PLDV,HEVSales,St. Anthony,2040,27.57750787,140.57083,-112.9933221
PLDV,HEVSales,St. Anthony,2045,31.95884501,167.99172,-136.032875
PLDV,HEVSales,St. Anthony,2050,36.34018215,195.41262,-159.0724379
PLDV,PHEVSales,St. Anthony,2015,0.71714661,0.27338,0.44376661
PLDV,PHEVSales,St. Anthony,2018,1.7651807,3.28679,-1.5216093
PLDV,PHEVSales,St. Anthony,2020,2.46387009,5.29573,-2.83185991
PLDV,PHEVSales,St. Anthony,2025,8.19511671,61.15099,-52.95587329
PLDV,PHEVSales,St. Anthony,2030,20.5058648,93.60827,-73.1024052
PLDV,PHEVSales,St. Anthony,2035,40.03535917,103.66132,-63.62596083
PLDV,PHEVSales,St. Anthony,2040,76.63272188,129.44212,-52.80939812
PLDV,PHEVSales,St. Anthony,2045,91.81583693,155.27586,-63.46002307
PLDV,PHEVSales,St. Anthony,2050,106.998952,181.10961,-74.110658
PLDV,BEVSales,St. Anthony,2015,0.51475678,0.23385,0.28090678
PLDV,BEVSales,St. Anthony,2018,0.31119267,4.7055,-4.39430733
PLDV,BEVSales,St. Anthony,2020,0.17548327,7.6866,-7.51111673
PLDV,BEVSales,St. Anthony,2025,4.04263363,99.77432,-95.73168637
PLDV,BEVSales,St. Anthony,2030,22.53193526,109.40625,-86.87431474
PLDV,BEVSales,St. Anthony,2035,79.69908756,108.93321,-29.23412244
PLDV,BEVSales,St. Anthony,2040,124.8363532,218.49196,-93.6556068
PLDV,BEVSales,St. Anthony,2045,149.7006725,262.14358,-112.4429075
PLDV,BEVSales,St. Anthony,2050,174.5649917,305.7952,-131.2302083
PLDV,TotSales,St. Bonifacius,2015,63.8681422,553.4983,-489.6301578
PLDV,TotSales,St. Bonifacius,2018,67.82380238,557.95698,-490.1331776
PLDV,TotSales,St. Bonifacius,2020,70.46090916,560.92944,-490.4685308
PLDV,TotSales,St. Bonifacius,2025,88.47752525,556.16647,-467.6889448
PLDV,TotSales,St. Bonifacius,2030,96.46341507,558.16248,-461.6990649
PLDV,TotSales,St. Bonifacius,2035,103.5197149,559.24465,-455.7249351
PLDV,TotSales,St. Bonifacius,2040,88.55236408,561.00829,-472.4559259
PLDV,TotSales,St. Bonifacius,2045,93.48920846,562.51028,-469.0210715
PLDV,TotSales,St. Bonifacius,2050,98.42605283,564.01228,-465.5862272
PLDV,SISales,St. Bonifacius,2015,61.1306705,544.58783,-483.4571595
PLDV,SISales,St. Bonifacius,2018,64.78398175,545.9986,-481.2146183
PLDV,SISales,St. Bonifacius,2020,67.21952259,546.93912,-479.7195974
PLDV,SISales,St. Bonifacius,2025,81.23096657,503.34676,-422.1157934
PLDV,SISales,St. Bonifacius,2030,78.89457659,487.86303,-408.9684534
PLDV,SISales,St. Bonifacius,2035,66.17827049,476.38959,-410.2113195
PLDV,SISales,St. Bonifacius,2040,32.84556213,436.37639,-403.5308279
PLDV,SISales,St. Bonifacius,2045,27.18854046,414.7341,-387.5455595
PLDV,SISales,St. Bonifacius,2050,21.53151878,393.09181,-371.5602912
PLDV,CISales,St. Bonifacius,2015,1.08429759,7.91222,-6.82792241
PLDV,CISales,St. Bonifacius,2018,1.10195182,7.93029,-6.82833818
PLDV,CISales,St. Bonifacius,2020,1.1137213,7.94234,-6.8286187
PLDV,CISales,St. Bonifacius,2025,1.26843747,7.61748,-6.34904253
PLDV,CISales,St. Bonifacius,2030,1.40221479,7.82128,-6.41906521
PLDV,CISales,St. Bonifacius,2035,1.46183421,8.13068,-6.66884579
PLDV,CISales,St. Bonifacius,2040,1.12109619,8.21285,-7.09175381
PLDV,CISales,St. Bonifacius,2045,1.12845591,8.27298,-7.14452409
PLDV,CISales,St. Bonifacius,2050,1.13581563,8.33311,-7.19729437
PLDV,HEVSales,St. Bonifacius,2015,1.42463436,0.87082,0.55381436
PLDV,HEVSales,St. Bonifacius,2018,1.46374666,2.09468,-0.63093334
PLDV,HEVSales,St. Bonifacius,2020,1.48982154,2.91058,-1.42075846
PLDV,HEVSales,St. Bonifacius,2025,3.03866157,6.54859,-3.50992843
PLDV,HEVSales,St. Bonifacius,2030,5.89093189,14.00648,-8.11554811
PLDV,HEVSales,St. Bonifacius,2035,7.31865812,24.01297,-16.69431188
PLDV,HEVSales,St. Bonifacius,2040,6.5721903,33.50042,-26.9282297
PLDV,HEVSales,St. Bonifacius,2045,7.60170149,40.02635,-32.42464851
PLDV,HEVSales,St. Bonifacius,2050,8.63121268,46.55227,-37.92105732
PLDV,PHEVSales,St. Bonifacius,2015,0.14038627,0.06868,0.07170627
PLDV,PHEVSales,St. Bonifacius,2018,0.41341567,0.79535,-0.38193433
PLDV,PHEVSales,St. Bonifacius,2020,0.59543527,1.2798,-0.68436473
PLDV,PHEVSales,St. Bonifacius,2025,1.9684349,14.68823,-12.7197951
PLDV,PHEVSales,St. Bonifacius,2030,4.89597392,22.34988,-17.45390608
PLDV,PHEVSales,St. Bonifacius,2035,9.54986645,24.72694,-15.17707355
PLDV,PHEVSales,St. Bonifacius,2040,18.26288415,30.84826,-12.58537585
PLDV,PHEVSales,St. Bonifacius,2045,21.88738372,37.00418,-15.11679628
PLDV,PHEVSales,St. Bonifacius,2050,25.5118833,43.1601,-17.6482167
PLDV,BEVSales,St. Bonifacius,2015,0.08815349,0.05875,0.02940349
PLDV,BEVSales,St. Bonifacius,2018,0.06070647,1.13806,-1.07735353
PLDV,BEVSales,St. Bonifacius,2020,0.04240846,1.85759,-1.81518154
PLDV,BEVSales,St. Bonifacius,2025,0.97102474,23.9654,-22.99437526
PLDV,BEVSales,St. Bonifacius,2030,5.37971788,26.1218,-20.74208212
PLDV,BEVSales,St. Bonifacius,2035,19.01108565,25.98447,-6.97338435
PLDV,BEVSales,St. Bonifacius,2040,29.75063132,52.07036,-22.31972868
PLDV,BEVSales,St. Bonifacius,2045,35.68312688,62.47268,-26.78955312
PLDV,BEVSales,St. Bonifacius,2050,41.61562245,72.875,-31.25937755
PLDV,TotSales,St. Francis,2015,369.7223325,2369.76481,-2000.042478
PLDV,TotSales,St. Francis,2018,403.0908432,2537.25347,-2134.162627
PLDV,TotSales,St. Francis,2020,425.336517,2648.91258,-2223.576063
PLDV,TotSales,St. Francis,2025,585.4754482,3021.71915,-2436.243702
PLDV,TotSales,St. Francis,2030,646.5181778,3434.37372,-2787.855542
PLDV,TotSales,St. Francis,2035,644.0143166,3818.82051,-3174.806193
PLDV,TotSales,St. Francis,2040,483.9759126,4201.8335,-3717.857587
PLDV,TotSales,St. Francis,2045,506.8266286,4568.24724,-4061.420611
PLDV,TotSales,St. Francis,2050,529.6773446,4934.66098,-4404.983635
PLDV,SISales,St. Francis,2015,355.0487869,2330.98001,-1975.931223
PLDV,SISales,St. Francis,2018,387.0263931,2484.20616,-2097.179767
PLDV,SISales,St. Francis,2020,408.3447972,2586.35692,-2178.012123
PLDV,SISales,St. Francis,2025,549.5834929,2849.38423,-2299.800737
PLDV,SISales,St. Francis,2030,570.3803098,3168.3288,-2597.94849
PLDV,SISales,St. Francis,2035,510.9688344,3451.84,-2940.871166
PLDV,SISales,St. Francis,2040,288.9800852,3632.30892,-3343.328835
PLDV,SISales,St. Francis,2045,275.7663448,3892.57471,-3616.808365
PLDV,SISales,St. Francis,2050,262.5526045,4152.84049,-3890.287886
PLDV,CISales,St. Francis,2015,6.2079865,34.16457,-27.9565835
PLDV,CISales,St. Francis,2018,6.43312271,37.59879,-31.16566729
PLDV,CISales,St. Francis,2020,6.58321351,39.88828,-33.30506649
PLDV,CISales,St. Francis,2025,8.54421095,47.85015,-39.30593905
PLDV,CISales,St. Francis,2030,9.90623896,54.29676,-44.39052104
PLDV,CISales,St. Francis,2035,10.87513501,60.22843,-49.35329499
PLDV,CISales,St. Francis,2040,9.4145601,67.94232,-58.5277599
PLDV,CISales,St. Francis,2045,10.05587482,74.69787,-64.64199518
PLDV,CISales,St. Francis,2050,10.69718953,81.45342,-70.75623047
PLDV,HEVSales,St. Francis,2015,8.25864193,4.36423,3.89441193
PLDV,HEVSales,St. Francis,2018,8.64295427,11.80161,-3.15865573
PLDV,HEVSales,St. Francis,2020,8.8991625,16.75987,-7.8607075
PLDV,HEVSales,St. Francis,2025,20.35394247,43.23339,-22.87944753
PLDV,HEVSales,St. Francis,2030,41.92375758,99.34554,-57.42178242
PLDV,HEVSales,St. Francis,2035,55.14786905,180.32997,-125.182101
PLDV,HEVSales,St. Francis,2040,56.09621675,280.88113,-224.7849133
PLDV,HEVSales,St. Francis,2045,65.66373172,336.18451,-270.5207783
PLDV,HEVSales,St. Francis,2050,75.23124668,391.48788,-316.2566333
PLDV,PHEVSales,St. Francis,2015,0.152705,0.16389,-0.011185
PLDV,PHEVSales,St. Francis,2018,0.92779581,1.9481,-1.02030419
PLDV,PHEVSales,St. Francis,2020,1.44452302,3.13758,-1.69305698
PLDV,PHEVSales,St. Francis,2025,5.25025316,39.32175,-34.07149684
PLDV,PHEVSales,St. Francis,2030,14.06423081,64.09546,-50.03122919
PLDV,PHEVSales,St. Francis,2035,29.10019203,75.28553,-46.18533797
PLDV,PHEVSales,St. Francis,2040,62.403493,104.39557,-41.992077
PLDV,PHEVSales,St. Francis,2045,74.8536506,125.24191,-50.3882594
PLDV,PHEVSales,St. Francis,2050,87.3038082,146.08824,-58.7844318
PLDV,BEVSales,St. Francis,2015,0.05421213,0.0921,-0.03788787
PLDV,BEVSales,St. Francis,2018,0.06057732,1.6988,-1.63822268
PLDV,BEVSales,St. Francis,2020,0.06482078,2.76993,-2.70510922
PLDV,BEVSales,St. Francis,2025,1.74354881,41.92963,-40.18608119
PLDV,BEVSales,St. Francis,2030,10.24364061,48.30716,-38.06351939
PLDV,BEVSales,St. Francis,2035,37.92228607,51.13658,-13.21429393
PLDV,BEVSales,St. Francis,2040,67.08155757,116.30556,-49.22400243
PLDV,BEVSales,St. Francis,2045,80.48702666,139.54825,-59.06122334
PLDV,BEVSales,St. Francis,2050,93.89249575,162.79094,-68.89844425
PLDV,TotSales,St. Lawrence Twp.,2015,9.18757301,110.9935,-101.805927
PLDV,TotSales,St. Lawrence Twp.,2018,10.75078533,118.81187,-108.0610847
PLDV,TotSales,St. Lawrence Twp.,2020,11.79292688,124.02412,-112.2311931
PLDV,TotSales,St. Lawrence Twp.,2025,18.4281936,140.64973,-122.2215364
PLDV,TotSales,St. Lawrence Twp.,2030,23.52794306,158.31518,-134.7872369
PLDV,TotSales,St. Lawrence Twp.,2035,26.20670476,175.03509,-148.8283852
PLDV,TotSales,St. Lawrence Twp.,2040,20.93639633,191.70383,-170.7674337
PLDV,TotSales,St. Lawrence Twp.,2045,23.286161,207.8459,-184.559739
PLDV,TotSales,St. Lawrence Twp.,2050,25.63592566,223.98797,-198.3520443
PLDV,SISales,St. Lawrence Twp.,2015,8.82150539,109.26235,-100.4408446
PLDV,SISales,St. Lawrence Twp.,2018,10.32018393,116.72114,-106.4009561
PLDV,SISales,St. Lawrence Twp.,2020,11.31930296,121.69366,-110.374357
PLDV,SISales,St. Lawrence Twp.,2025,17.34659269,135.41171,-118.0651173
PLDV,SISales,St. Lawrence Twp.,2030,20.8656566,149.27411,-128.4084534
PLDV,SISales,St. Lawrence Twp.,2035,20.95952759,160.73046,-139.7709324
PLDV,SISales,St. Lawrence Twp.,2040,12.71864104,167.3875,-154.668859
PLDV,SISales,St. Lawrence Twp.,2045,13.49806817,179.01253,-165.5144618
PLDV,SISales,St. Lawrence Twp.,2050,14.2774953,190.63756,-176.3600647
PLDV,CISales,St. Lawrence Twp.,2015,0.15733956,1.57537,-1.41803044
PLDV,CISales,St. Lawrence Twp.,2018,0.17634316,1.62964,-1.45329684
PLDV,CISales,St. Lawrence Twp.,2020,0.18901222,1.66583,-1.47681778
PLDV,CISales,St. Lawrence Twp.,2025,0.27008947,1.79238,-1.52229053
PLDV,CISales,St. Lawrence Twp.,2030,0.36909798,2.13512,-1.76602202
PLDV,CISales,St. Lawrence Twp.,2035,0.46049508,2.56447,-2.10397492
PLDV,CISales,St. Lawrence Twp.,2040,0.425862,3.03892,-2.613058
PLDV,CISales,St. Lawrence Twp.,2045,0.47956649,3.33163,-2.85206351
PLDV,CISales,St. Lawrence Twp.,2050,0.53327097,3.62434,-3.09106903
PLDV,HEVSales,St. Lawrence Twp.,2015,0.20562902,0.15107,0.05455902
PLDV,HEVSales,St. Lawrence Twp.,2018,0.23558812,0.3851,-0.14951188
PLDV,HEVSales,St. Lawrence Twp.,2020,0.25556086,0.54112,-0.28555914
PLDV,HEVSales,St. Lawrence Twp.,2025,0.64939866,1.48219,-0.83279134
PLDV,HEVSales,St. Lawrence Twp.,2030,1.56827563,3.7866,-2.21832437
PLDV,HEVSales,St. Lawrence Twp.,2035,2.36351201,7.62074,-5.25722799
PLDV,HEVSales,St. Lawrence Twp.,2040,2.63181315,12.70675,-10.07493685
PLDV,HEVSales,St. Lawrence Twp.,2045,3.11704998,15.21788,-12.10083002
PLDV,HEVSales,St. Lawrence Twp.,2050,3.60228681,17.72902,-14.12673319
PLDV,PHEVSales,St. Lawrence Twp.,2015,0.00207678,0.00272,-0.00064322
PLDV,PHEVSales,St. Lawrence Twp.,2018,0.01737087,0.03744,-0.02006913
PLDV,PHEVSales,St. Lawrence Twp.,2020,0.02756693,0.06058,-0.03301307
PLDV,PHEVSales,St. Lawrence Twp.,2025,0.11037644,0.85763,-0.74725356
PLDV,PHEVSales,St. Lawrence Twp.,2030,0.36168608,1.62114,-1.25945392
PLDV,PHEVSales,St. Lawrence Twp.,2035,0.88591218,2.19029,-1.30437782
PLDV,PHEVSales,St. Lawrence Twp.,2040,2.08651665,3.38594,-1.29942335
PLDV,PHEVSales,St. Lawrence Twp.,2045,2.50340462,4.06258,-1.55917538
PLDV,PHEVSales,St. Lawrence Twp.,2050,2.92029259,4.73923,-1.81893741
PLDV,BEVSales,St. Lawrence Twp.,2015,0.00102226,0.00199,-0.00096774
PLDV,BEVSales,St. Lawrence Twp.,2018,0.00129926,0.03855,-0.03725074
PLDV,BEVSales,St. Lawrence Twp.,2020,0.00148392,0.06293,-0.06144608
PLDV,BEVSales,St. Lawrence Twp.,2025,0.05173633,1.10581,-1.05407367
PLDV,BEVSales,St. Lawrence Twp.,2030,0.36322678,1.4982,-1.13497322
PLDV,BEVSales,St. Lawrence Twp.,2035,1.53725789,1.92914,-0.39188211
PLDV,BEVSales,St. Lawrence Twp.,2040,3.0735635,5.18473,-2.1111665
PLDV,BEVSales,St. Lawrence Twp.,2045,3.68807174,6.22128,-2.53320826
PLDV,BEVSales,St. Lawrence Twp.,2050,4.30257999,7.25783,-2.95525001
PLDV,TotSales,St. Louis Park,2015,1743.255454,10271.60697,-8528.351516
PLDV,TotSales,St. Louis Park,2018,1821.690292,10615.52803,-8793.837738
PLDV,TotSales,St. Louis Park,2020,1873.980184,10844.80873,-8970.828546
PLDV,TotSales,St. Louis Park,2025,2087.019581,10910.19993,-8823.180349
PLDV,TotSales,St. Louis Park,2030,2138.136577,11157.7526,-9019.616023
PLDV,TotSales,St. Louis Park,2035,2176.11863,11259.99613,-9083.8775
PLDV,TotSales,St. Louis Park,2040,1818.931571,11374.66144,-9555.729869
PLDV,TotSales,St. Louis Park,2045,1834.066795,11595.27234,-9761.205545
PLDV,TotSales,St. Louis Park,2050,1849.202018,11815.88323,-9966.681212
PLDV,SISales,St. Louis Park,2015,1686.358344,10106.5195,-8420.161156
PLDV,SISales,St. Louis Park,2018,1758.687136,10383.63502,-8624.947884
PLDV,SISales,St. Louis Park,2020,1806.90633,10568.3787,-8761.47237
PLDV,SISales,St. Louis Park,2025,1944.293455,9883.77657,-7939.483115
PLDV,SISales,St. Louis Park,2030,1822.805744,9889.71689,-8066.911146
PLDV,SISales,St. Louis Park,2035,1508.166492,9828.46424,-8320.297748
PLDV,SISales,St. Louis Park,2040,780.143053,9172.78645,-8392.643397
PLDV,SISales,St. Louis Park,2045,598.8999947,8986.03984,-8387.139845
PLDV,SISales,St. Louis Park,2050,417.6569365,8799.29323,-8381.636294
PLDV,CISales,St. Louis Park,2015,22.39556154,145.4724,-123.0768385
PLDV,CISales,St. Louis Park,2018,24.03277118,150.10556,-126.0727888
PLDV,CISales,St. Louis Park,2020,25.12424428,153.19434,-128.0700957
PLDV,CISales,St. Louis Park,2025,29.51373362,154.01971,-124.5059764
PLDV,CISales,St. Louis Park,2030,29.03141574,156.31406,-127.2826443
PLDV,CISales,St. Louis Park,2035,28.03787235,155.70833,-127.6704577
PLDV,CISales,St. Louis Park,2040,22.49456676,154.24463,-131.7500632
PLDV,CISales,St. Louis Park,2045,22.5143678,155.99907,-133.4847022
PLDV,CISales,St. Louis Park,2050,22.53416884,157.75352,-135.2193512
PLDV,HEVSales,St. Louis Park,2015,28.19926708,16.55986,11.63940708
PLDV,HEVSales,St. Louis Park,2018,29.35463088,40.79426,-11.43962912
PLDV,HEVSales,St. Louis Park,2020,30.12487342,56.95053,-26.82565658
PLDV,HEVSales,St. Louis Park,2025,60.81542915,119.39553,-58.58010085
PLDV,HEVSales,St. Louis Park,2030,109.4792112,253.10338,-143.6241688
PLDV,HEVSales,St. Louis Park,2035,140.8567966,427.63952,-286.7827234
PLDV,HEVSales,St. Louis Park,2040,134.7406397,609.12114,-474.3805003
PLDV,HEVSales,St. Louis Park,2045,156.0489142,727.6334,-571.5844858
PLDV,HEVSales,St. Louis Park,2050,177.3571887,846.14565,-668.7884613
PLDV,PHEVSales,St. Louis Park,2015,2.76700398,1.22742,1.53958398
PLDV,PHEVSales,St. Louis Park,2018,7.55747129,13.92443,-6.36695871
PLDV,PHEVSales,St. Louis Park,2020,10.75111617,22.3891,-11.63798383
PLDV,PHEVSales,St. Louis Park,2025,33.95967214,236.92893,-202.9692579
PLDV,PHEVSales,St. Louis Park,2030,83.92903533,349.29937,-265.3703347
PLDV,PHEVSales,St. Louis Park,2035,169.0253407,393.01888,-223.9935393
PLDV,PHEVSales,St. Louis Park,2040,349.5684842,538.34628,-188.7777958
PLDV,PHEVSales,St. Louis Park,2045,418.9287803,645.77005,-226.8412697
PLDV,PHEVSales,St. Louis Park,2050,488.2890763,753.19383,-264.9047537
PLDV,BEVSales,St. Louis Park,2015,3.53527678,1.8278,1.70747678
PLDV,BEVSales,St. Louis Park,2018,2.05828271,27.06875,-25.01046729
PLDV,BEVSales,St. Louis Park,2020,1.07361999,43.89606,-42.82244001
PLDV,BEVSales,St. Louis Park,2025,18.43729192,516.0792,-497.6419081
PLDV,BEVSales,St. Louis Park,2030,92.89117123,509.31889,-416.4277188
PLDV,BEVSales,St. Louis Park,2035,330.0321289,455.16517,-125.1330411
PLDV,BEVSales,St. Louis Park,2040,531.9848276,900.16294,-368.1781124
PLDV,BEVSales,St. Louis Park,2045,637.6747378,1079.82997,-442.1552322
PLDV,BEVSales,St. Louis Park,2050,743.3646479,1259.497,-516.1323521
PLDV,TotSales,St. Marys Point,2015,6.49532823,71.0573,-64.56197177
PLDV,TotSales,St. Marys Point,2018,7.18233156,72.88454,-65.70220844
PLDV,TotSales,St. Marys Point,2020,7.64033378,74.10269,-66.46235622
PLDV,TotSales,St. Marys Point,2025,10.18177509,73.22329,-63.04151491
PLDV,TotSales,St. Marys Point,2030,11.53925743,73.06854,-61.52928257
PLDV,TotSales,St. Marys Point,2035,12.33747805,72.42831,-60.09083195
PLDV,TotSales,St. Marys Point,2040,10.36909699,71.88894,-61.51984301
PLDV,TotSales,St. Marys Point,2045,11.14385075,72.05526,-60.91140925
PLDV,TotSales,St. Marys Point,2050,11.9186045,72.22159,-60.3029855
PLDV,SISales,St. Marys Point,2015,6.21138869,69.9319,-63.72051131
PLDV,SISales,St. Marys Point,2018,6.85982314,71.46699,-64.60716686
PLDV,SISales,St. Marys Point,2020,7.29211277,72.49038,-65.19826723
PLDV,SISales,St. Marys Point,2025,9.40524347,68.00862,-58.60337653
PLDV,SISales,St. Marys Point,2030,9.62324483,65.7118,-56.08855517
PLDV,SISales,St. Marys Point,2035,8.33931908,63.19337,-54.85405092
PLDV,SISales,St. Marys Point,2040,4.25446993,57.59374,-53.33927007
PLDV,SISales,St. Marys Point,2045,3.86308618,55.12611,-51.26302382
PLDV,SISales,St. Marys Point,2050,3.47170242,52.65848,-49.18677758
PLDV,CISales,St. Marys Point,2015,0.11514202,1.01231,-0.89716798
PLDV,CISales,St. Marys Point,2018,0.12006161,1.01306,-0.89299839
PLDV,CISales,St. Marys Point,2020,0.12334133,1.01356,-0.89021867
PLDV,CISales,St. Marys Point,2025,0.14724945,0.94658,-0.79933055
PLDV,CISales,St. Marys Point,2030,0.17246065,0.98639,-0.81392935
PLDV,CISales,St. Marys Point,2035,0.18670002,1.04469,-0.85798998
PLDV,CISales,St. Marys Point,2040,0.14625621,1.07336,-0.92710379
PLDV,CISales,St. Marys Point,2045,0.15247905,1.08556,-0.93308095
PLDV,CISales,St. Marys Point,2050,0.15870189,1.09777,-0.93906811
PLDV,HEVSales,St. Marys Point,2015,0.15293999,0.10307,0.04986999
PLDV,HEVSales,St. Marys Point,2018,0.16271138,0.24841,-0.08569862
PLDV,HEVSales,St. Marys Point,2020,0.16922565,0.3453,-0.17607435
PLDV,HEVSales,St. Marys Point,2025,0.36154114,0.80745,-0.44590886
PLDV,HEVSales,St. Marys Point,2030,0.74263769,1.78599,-1.04335231
PLDV,HEVSales,St. Marys Point,2035,0.94575261,3.13117,-2.18541739
PLDV,HEVSales,St. Marys Point,2040,0.87172257,4.44807,-3.57634743
PLDV,HEVSales,St. Marys Point,2045,1.01547909,5.31707,-4.30159091
PLDV,HEVSales,St. Marys Point,2050,1.1592356,6.18607,-5.0268344
PLDV,PHEVSales,St. Marys Point,2015,0.01044053,0.00578,0.00466053
PLDV,PHEVSales,St. Marys Point,2018,0.03565353,0.07087,-0.03521647
PLDV,PHEVSales,St. Marys Point,2020,0.05246219,0.11427,-0.06180781
PLDV,PHEVSales,St. Marys Point,2025,0.17680711,1.34451,-1.16770289
PLDV,PHEVSales,St. Marys Point,2030,0.47412789,2.18268,-1.70855211
PLDV,PHEVSales,St. Marys Point,2035,0.97314752,2.53559,-1.56244248
PLDV,PHEVSales,St. Marys Point,2040,1.92836363,3.2659,-1.33753637
PLDV,PHEVSales,St. Marys Point,2045,2.31194825,3.91793,-1.60598175
PLDV,PHEVSales,St. Marys Point,2050,2.69553288,4.56995,-1.87441712
PLDV,BEVSales,St. Marys Point,2015,0.00541701,0.00424,0.00117701
PLDV,BEVSales,St. Marys Point,2018,0.0040819,0.08521,-0.0811281
PLDV,BEVSales,St. Marys Point,2020,0.00319184,0.13919,-0.13599816
PLDV,BEVSales,St. Marys Point,2025,0.09093392,2.11614,-2.02520608
PLDV,BEVSales,St. Marys Point,2030,0.52678637,2.40168,-1.87489363
PLDV,BEVSales,St. Marys Point,2035,1.89255882,2.52349,-0.63093118
PLDV,BEVSales,St. Marys Point,2040,3.16828465,5.50786,-2.33957535
PLDV,BEVSales,St. Marys Point,2045,3.80085818,6.60859,-2.80773182
PLDV,BEVSales,St. Marys Point,2050,4.43343171,7.70932,-3.27588829
PLDV,TotSales,St. Paul,2015,8204.44,47154.11426,-38949.67426
PLDV,TotSales,St. Paul,2018,8659.96,49240.90819,-40580.94819
PLDV,TotSales,St. Paul,2020,8963.64,50632.10414,-41668.46414
PLDV,TotSales,St. Paul,2025,9924.86,50982.47734,-41057.61734
PLDV,TotSales,St. Paul,2030,10075.48,52205.06073,-42129.58073
PLDV,TotSales,St. Paul,2035,10167.2,52930.24525,-42763.04525
PLDV,TotSales,St. Paul,2040,8716.84,53709.87342,-44993.03342
PLDV,TotSales,St. Paul,2045,8819.32,55021.02586,-46201.70586
PLDV,TotSales,St. Paul,2050,8921.79,56332.1783,-47410.3883
PLDV,SISales,St. Paul,2015,7954.41,46399.88,-38445.47
PLDV,SISales,St. Paul,2018,8370.138,48194.05868,-39823.92068
PLDV,SISales,St. Paul,2020,8647.29,49390.18,-40742.89
PLDV,SISales,St. Paul,2025,9280.81,46849.88,-37569.07
PLDV,SISales,St. Paul,2030,8727.5,46957.07,-38229.57
PLDV,SISales,St. Paul,2035,7439.91,46838.48,-39398.57
PLDV,SISales,St. Paul,2040,4295.64,44396.07,-40100.43
PLDV,SISales,St. Paul,2045,3563.89,43995.31,-40431.42
PLDV,SISales,St. Paul,2050,2832.14,43594.55,-40762.41
PLDV,CISales,St. Paul,2015,103.91,667.44865,-563.53865
PLDV,CISales,St. Paul,2018,114.182,700.50697,-586.32497
PLDV,CISales,St. Paul,2020,121.03,722.54586,-601.51586
PLDV,CISales,St. Paul,2025,140.5,735.9407,-595.4407
PLDV,CISales,St. Paul,2030,138.64,744.55298,-605.91298
PLDV,CISales,St. Paul,2035,136.73,741.29437,-604.56437
PLDV,CISales,St. Paul,2040,116.93,741.0928,-624.1628
PLDV,CISales,St. Paul,2045,119.54,755.82224,-636.28224
PLDV,CISales,St. Paul,2050,122.14,770.55169,-648.41169
PLDV,HEVSales,St. Paul,2015,128.31,75.62009,52.68991
PLDV,HEVSales,St. Paul,2018,137.262,193.08976,-55.82776
PLDV,HEVSales,St. Paul,2020,143.23,271.40287,-128.17287
PLDV,HEVSales,St. Paul,2025,286.86,567.66225,-280.80225
PLDV,HEVSales,St. Paul,2030,519.51,1196.67631,-677.16631
PLDV,HEVSales,St. Paul,2035,700.72,2041.95632,-1341.23632
PLDV,HEVSales,St. Paul,2040,768.31,3033.42215,-2265.11215
PLDV,HEVSales,St. Paul,2045,896.31,3624.98195,-2728.67195
PLDV,HEVSales,St. Paul,2050,1024.32,4216.54,-3192.22
PLDV,PHEVSales,St. Paul,2015,9.43,5.30174,4.12826
PLDV,PHEVSales,St. Paul,2018,32.902,62.66869,-29.76669
PLDV,PHEVSales,St. Paul,2020,48.55,100.91332,-52.36332
PLDV,PHEVSales,St. Paul,2025,156.94,1097.54041,-940.60041
PLDV,PHEVSales,St. Paul,2030,388.53,1606.30627,-1217.77627
PLDV,PHEVSales,St. Paul,2035,793.65,1803.63437,-1009.98437
PLDV,PHEVSales,St. Paul,2040,1714.95,2544.44,-829.49
PLDV,PHEVSales,St. Paul,2045,2056.05,3052.26,-996.21
PLDV,PHEVSales,St. Paul,2050,2397.16,3560.09,-1162.93
PLDV,BEVSales,St. Paul,2015,8.39,5.86673,2.52327
PLDV,BEVSales,St. Paul,2018,5.48,90.58408,-85.10408
PLDV,BEVSales,St. Paul,2020,3.54,147.06232,-143.52232
PLDV,BEVSales,St. Paul,2025,59.77,1731.45614,-1671.68614
PLDV,BEVSales,St. Paul,2030,301.29,1700.45498,-1399.16498
PLDV,BEVSales,St. Paul,2035,1096.2,1504.88,-408.68
PLDV,BEVSales,St. Paul,2040,1821,2994.85,-1173.85
PLDV,BEVSales,St. Paul,2045,2183.52,3592.65,-1409.13
PLDV,BEVSales,St. Paul,2050,2546.04,4190.45,-1644.41
PLDV,TotSales,St. Paul Park,2015,112.1838979,1227.40564,-1115.221742
PLDV,TotSales,St. Paul Park,2018,127.2459077,1289.88193,-1162.636022
PLDV,TotSales,St. Paul Park,2020,137.2872476,1331.53279,-1194.245542
PLDV,TotSales,St. Paul Park,2025,203.1582311,1461.03342,-1257.875189
PLDV,TotSales,St. Paul Park,2030,253.1424598,1602.94115,-1349.79869
PLDV,TotSales,St. Paul Park,2035,294.4127086,1728.3772,-1433.964491
PLDV,TotSales,St. Paul Park,2040,267.4092905,1853.9483,-1586.53901
PLDV,TotSales,St. Paul Park,2045,298.454369,1979.25683,-1680.802461
PLDV,TotSales,St. Paul Park,2050,329.4994475,2104.56536,-1775.065913
PLDV,SISales,St. Paul Park,2015,107.2921914,1207.96613,-1100.673939
PLDV,SISales,St. Paul Park,2018,121.5349674,1264.72332,-1143.188353
PLDV,SISales,St. Paul Park,2020,131.0301514,1302.56144,-1171.531289
PLDV,SISales,St. Paul Park,2025,187.6639986,1356.98446,-1169.320461
PLDV,SISales,St. Paul Park,2030,211.1099334,1441.55258,-1230.442647
PLDV,SISales,St. Paul Park,2035,199.0035165,1508.00117,-1308.997654
PLDV,SISales,St. Paul Park,2040,109.7187909,1485.28866,-1375.569869
PLDV,SISales,St. Paul Park,2045,110.2041108,1540.75317,-1430.549059
PLDV,SISales,St. Paul Park,2050,110.6894307,1596.21767,-1485.528239
PLDV,CISales,St. Paul Park,2015,1.98890136,17.48618,-15.49727864
PLDV,CISales,St. Paul Park,2018,2.1253343,17.92188,-15.7965457
PLDV,CISales,St. Paul Park,2020,2.2162896,18.21235,-15.9960604
PLDV,CISales,St. Paul Park,2025,2.93808668,18.88726,-15.94917332
PLDV,CISales,St. Paul Park,2030,3.78335546,21.6389,-17.85554454
PLDV,CISales,St. Paul Park,2035,4.4552751,24.9297,-20.4744249
PLDV,CISales,St. Paul Park,2040,3.77181061,27.68084,-23.90902939
PLDV,CISales,St. Paul Park,2045,4.12839246,29.71977,-25.59137754
PLDV,CISales,St. Paul Park,2050,4.48497431,31.7587,-27.27372569
PLDV,HEVSales,St. Paul Park,2015,2.64180318,1.78034,0.86146318
PLDV,HEVSales,St. Paul Park,2018,2.88118529,4.43495,-1.55376471
PLDV,HEVSales,St. Paul Park,2020,3.04077336,6.20469,-3.16391664
PLDV,HEVSales,St. Paul Park,2025,7.21387551,16.11107,-8.89719449
PLDV,HEVSales,St. Paul Park,2030,16.29161441,39.18026,-22.88864559
PLDV,HEVSales,St. Paul Park,2035,22.56876057,74.72004,-52.15127943
PLDV,HEVSales,St. Paul Park,2040,22.48090784,114.71156,-92.23065216
PLDV,HEVSales,St. Paul Park,2045,26.44872877,137.2978,-110.8490712
PLDV,HEVSales,St. Paul Park,2050,30.4165497,159.88405,-129.4675003
PLDV,PHEVSales,St. Paul Park,2015,0.17272473,0.09983,0.07289473
PLDV,PHEVSales,St. Paul Park,2018,0.63469789,1.27192,-0.63722211
PLDV,PHEVSales,St. Paul Park,2020,0.94267999,2.05331,-1.11063001
PLDV,PHEVSales,St. Paul Park,2025,3.52785443,26.8271,-23.29924557
PLDV,PHEVSales,St. Paul Park,2030,10.40118047,47.88251,-37.48132953
PLDV,PHEVSales,St. Paul Park,2035,23.22249303,60.50749,-37.28499697
PLDV,PHEVSales,St. Paul Park,2040,49.73069025,84.22457,-34.49387975
PLDV,PHEVSales,St. Paul Park,2045,59.64228335,101.04952,-41.40723665
PLDV,PHEVSales,St. Paul Park,2050,69.55387646,117.87447,-48.32059354
PLDV,BEVSales,St. Paul Park,2015,0.08827725,0.07315,0.01512725
PLDV,BEVSales,St. Paul Park,2018,0.06972288,1.52986,-1.46013712
PLDV,BEVSales,St. Paul Park,2020,0.0573533,2.501,-2.4436467
PLDV,BEVSales,St. Paul Park,2025,1.81441591,42.22353,-40.40911409
PLDV,BEVSales,St. Paul Park,2030,11.55637601,52.6869,-41.13052399
PLDV,BEVSales,St. Paul Park,2035,45.1626634,60.21879,-15.0561266
PLDV,BEVSales,St. Paul Park,2040,81.70709088,142.04267,-60.33557912
PLDV,BEVSales,St. Paul Park,2045,98.0308536,170.43657,-72.4057164
PLDV,BEVSales,St. Paul Park,2050,114.3546163,198.83047,-84.4758537
PLDV,TotSales,Stillwater,2015,383.6874169,4197.61083,-3813.923413
PLDV,TotSales,Stillwater,2018,437.3765464,4432.5722,-3995.195654
PLDV,TotSales,Stillwater,2020,473.1692994,4589.21312,-4116.043821
PLDV,TotSales,Stillwater,2025,653.0042294,4696.14741,-4043.143181
PLDV,TotSales,Stillwater,2030,765.5002834,4847.27811,-4081.777827
PLDV,TotSales,Stillwater,2035,845.7380747,4964.98405,-4119.245975
PLDV,TotSales,Stillwater,2040,733.7365792,5086.99484,-4353.258261
PLDV,TotSales,Stillwater,2045,803.7464117,5264.87164,-4461.125228
PLDV,TotSales,Stillwater,2050,873.7562442,5442.74845,-4568.992206
PLDV,SISales,Stillwater,2015,366.929115,4131.12956,-3764.200445
PLDV,SISales,Stillwater,2018,417.7339357,4346.06872,-3928.334784
PLDV,SISales,Stillwater,2020,451.6038161,4489.3615,-4037.757684
PLDV,SISales,Stillwater,2025,603.2016725,4361.70657,-3758.504898
PLDV,SISales,Stillwater,2030,638.3943413,4359.24067,-3720.846329
PLDV,SISales,Stillwater,2035,571.6629955,4331.92581,-3760.262815
PLDV,SISales,Stillwater,2040,301.0542011,4075.44038,-3774.386179
PLDV,SISales,Stillwater,2045,287.8792183,4064.30255,-3776.423332
PLDV,SISales,Stillwater,2050,274.7042355,4053.16471,-3778.460475
PLDV,CISales,Stillwater,2015,6.80185393,59.80109,-52.99923607
PLDV,CISales,Stillwater,2018,7.30389208,61.58246,-54.27856792
PLDV,CISales,Stillwater,2020,7.63858417,62.77004,-55.13145583
PLDV,CISales,Stillwater,2025,9.44378684,60.70864,-51.26485316
PLDV,CISales,Stillwater,2030,11.44082934,65.43583,-53.99500066
PLDV,CISales,Stillwater,2035,12.79834625,71.61376,-58.81541375
PLDV,CISales,Stillwater,2040,10.3493615,75.95264,-65.6032785
PLDV,CISales,Stillwater,2045,11.05886301,79.18296,-68.12409699
PLDV,CISales,Stillwater,2050,11.76836452,82.41327,-70.64490548
PLDV,HEVSales,Stillwater,2015,9.03471623,6.08858,2.94613623
PLDV,HEVSales,Stillwater,2018,9.90201867,15.26635,-5.36433133
PLDV,HEVSales,Stillwater,2020,10.4802203,21.38487,-10.9046497
PLDV,HEVSales,Stillwater,2025,23.18730179,51.78523,-28.59792821
PLDV,HEVSales,Stillwater,2030,49.26568011,118.48072,-69.21503989
PLDV,HEVSales,Stillwater,2035,64.83164467,214.64285,-149.8112053
PLDV,HEVSales,Stillwater,2040,61.68470956,314.75371,-253.0690004
PLDV,HEVSales,Stillwater,2045,72.21470823,376.48673,-304.2720218
PLDV,HEVSales,Stillwater,2050,82.74470689,438.21976,-355.4750531
PLDV,PHEVSales,Stillwater,2015,0.60792698,0.34142,0.26650698
PLDV,PHEVSales,Stillwater,2018,2.192575,4.38268,-2.190105
PLDV,PHEVSales,Stillwater,2020,3.24900701,7.07685,-3.82784299
PLDV,PHEVSales,Stillwater,2025,11.3394562,86.22939,-74.8899338
PLDV,PHEVSales,Stillwater,2030,31.45306641,144.79623,-113.3431636
PLDV,PHEVSales,Stillwater,2035,66.70957459,173.81548,-107.1059054
PLDV,PHEVSales,Stillwater,2040,136.4545954,231.10136,-94.6467646
PLDV,PHEVSales,Stillwater,2045,163.6239291,277.25335,-113.6294209
PLDV,PHEVSales,Stillwater,2050,190.7932628,323.40533,-132.6120672
PLDV,BEVSales,Stillwater,2015,0.31380478,0.25018,0.06362478
PLDV,BEVSales,Stillwater,2018,0.24412501,5.27199,-5.02786499
PLDV,BEVSales,Stillwater,2020,0.19767182,8.61986,-8.42218818
PLDV,BEVSales,Stillwater,2025,5.83201209,135.71757,-129.8855579
PLDV,BEVSales,Stillwater,2030,34.94636624,159.32467,-124.3783038
PLDV,BEVSales,Stillwater,2035,129.7355137,172.98616,-43.2506463
PLDV,BEVSales,Stillwater,2040,224.1937117,389.74675,-165.5530383
PLDV,BEVSales,Stillwater,2045,268.969693,467.64606,-198.676367
PLDV,BEVSales,Stillwater,2050,313.7456744,545.54538,-231.7997056
PLDV,TotSales,Stillwater Twp.,2015,52.25851202,571.76981,-519.511298
PLDV,TotSales,Stillwater Twp.,2018,57.80621697,586.62394,-528.817723
PLDV,TotSales,Stillwater Twp.,2020,61.50468694,596.52669,-535.0220031
PLDV,TotSales,Stillwater Twp.,2025,86.41781608,621.48266,-535.0648439
PLDV,TotSales,Stillwater Twp.,2030,102.9878725,652.13674,-549.1488675
PLDV,TotSales,Stillwater Twp.,2035,114.4301089,671.7726,-557.3424911
PLDV,TotSales,Stillwater Twp.,2040,99.80255857,691.93102,-592.1284614
PLDV,TotSales,Stillwater Twp.,2045,109.3113679,715.96326,-606.6518921
PLDV,TotSales,Stillwater Twp.,2050,118.8201772,739.9955,-621.1753228
PLDV,SISales,Stillwater Twp.,2015,49.98057232,562.71419,-512.7336177
PLDV,SISales,Stillwater Twp.,2018,55.21313362,575.21419,-520.0010564
PLDV,SISales,Stillwater Twp.,2020,58.70150782,583.54753,-524.8460222
PLDV,SISales,Stillwater Twp.,2025,79.82700394,577.22315,-497.3961461
PLDV,SISales,Stillwater Twp.,2030,85.88746009,586.4778,-500.5903399
PLDV,SISales,Stillwater Twp.,2035,77.34718442,586.11851,-508.7713256
PLDV,SISales,Stillwater Twp.,2040,40.94927306,554.33978,-513.3905069
PLDV,SISales,Stillwater Twp.,2045,39.14301321,552.6649,-513.5218868
PLDV,SISales,Stillwater Twp.,2050,37.33675336,550.99002,-513.6532666
PLDV,CISales,Stillwater Twp.,2015,0.92650198,8.14569,-7.21918802
PLDV,CISales,Stillwater Twp.,2018,0.96633944,8.15376,-7.18742056
PLDV,CISales,Stillwater Twp.,2020,0.99289774,8.15913,-7.16623226
PLDV,CISales,Stillwater Twp.,2025,1.24977971,8.03411,-6.78433029
PLDV,CISales,Stillwater Twp.,2030,1.53921128,8.80352,-7.26430872
PLDV,CISales,Stillwater Twp.,2035,1.73164269,9.68949,-7.95784731
PLDV,CISales,Stillwater Twp.,2040,1.40771605,10.33105,-8.92333395
PLDV,CISales,Stillwater Twp.,2045,1.50395886,10.76812,-9.26416114
PLDV,CISales,Stillwater Twp.,2050,1.60020167,11.20519,-9.60498833
PLDV,HEVSales,Stillwater Twp.,2015,1.2306472,0.82934,0.4013072
PLDV,HEVSales,Stillwater Twp.,2018,1.30961876,1.99956,-0.68994124
PLDV,HEVSales,Stillwater Twp.,2020,1.36226646,2.7797,-1.41743354
PLDV,HEVSales,Stillwater Twp.,2025,3.0685804,6.8532,-3.7846196
PLDV,HEVSales,Stillwater Twp.,2030,6.62804142,15.94,-9.31195858
PLDV,HEVSales,Stillwater Twp.,2035,8.77185548,29.04162,-20.26976452
PLDV,HEVSales,Stillwater Twp.,2040,8.39032974,42.81267,-34.42234026
PLDV,HEVSales,Stillwater Twp.,2045,9.82226624,51.20934,-41.38707376
PLDV,HEVSales,Stillwater Twp.,2050,11.25420275,59.60601,-48.35180725
PLDV,PHEVSales,Stillwater Twp.,2015,0.07998985,0.04651,0.03347985
PLDV,PHEVSales,Stillwater Twp.,2018,0.28538832,0.57053,-0.28514168
PLDV,PHEVSales,Stillwater Twp.,2020,0.42232064,0.91988,-0.49755936
PLDV,PHEVSales,Stillwater Twp.,2025,1.50065037,11.4115,-9.91084963
PLDV,PHEVSales,Stillwater Twp.,2030,4.23159137,19.4804,-15.24880863
PLDV,PHEVSales,Stillwater Twp.,2035,9.02594327,23.51759,-14.49164673
PLDV,PHEVSales,Stillwater Twp.,2040,18.56049997,31.43431,-12.87381003
PLDV,PHEVSales,Stillwater Twp.,2045,22.25660199,37.71188,-15.45527801
PLDV,PHEVSales,Stillwater Twp.,2050,25.95270401,43.98944,-18.03673599
PLDV,BEVSales,Stillwater Twp.,2015,0.04080067,0.03408,0.00672067
PLDV,BEVSales,Stillwater Twp.,2018,0.03173684,0.6859,-0.65416316
PLDV,BEVSales,Stillwater Twp.,2020,0.02569428,1.12045,-1.09475572
PLDV,BEVSales,Stillwater Twp.,2025,0.77180166,17.96071,-17.18890834
PLDV,BEVSales,Stillwater Twp.,2030,4.70156836,21.43501,-16.73344164
PLDV,BEVSales,Stillwater Twp.,2035,17.55348305,23.40539,-5.85190695
PLDV,BEVSales,Stillwater Twp.,2040,30.49473976,53.0132,-22.51846024
PLDV,BEVSales,Stillwater Twp.,2045,36.58552758,63.60902,-27.02349242
PLDV,BEVSales,Stillwater Twp.,2050,42.6763154,74.20485,-31.5285346
PLDV,TotSales,Sunfish Lake,2015,25.32027076,228.73245,-203.4121792
PLDV,TotSales,Sunfish Lake,2018,27.30428301,232.56491,-205.260627
PLDV,TotSales,Sunfish Lake,2020,28.62695785,235.11987,-206.4929122
PLDV,TotSales,Sunfish Lake,2025,37.38600614,237.97569,-200.5896839
PLDV,TotSales,Sunfish Lake,2030,41.13283664,243.56181,-202.4289734
PLDV,TotSales,Sunfish Lake,2035,42.15636378,247.4634,-205.3070362
PLDV,TotSales,Sunfish Lake,2040,33.68015876,251.61128,-217.9311212
PLDV,TotSales,Sunfish Lake,2045,35.35213636,256.18705,-220.8349136
PLDV,TotSales,Sunfish Lake,2050,37.02411397,260.76281,-223.738696
PLDV,SISales,Sunfish Lake,2015,24.31052941,225.08969,-200.7791606
PLDV,SISales,Sunfish Lake,2018,26.17480446,227.98783,-201.8130255
PLDV,SISales,Sunfish Lake,2020,27.4176545,229.91992,-202.5022655
PLDV,SISales,Sunfish Lake,2025,34.8008164,222.40939,-187.6085736
PLDV,SISales,Sunfish Lake,2030,35.19306179,221.37075,-186.1776882
PLDV,SISales,Sunfish Lake,2035,30.44185195,219.22524,-188.7833881
PLDV,SISales,Sunfish Lake,2040,16.02902134,208.31769,-192.2886687
PLDV,SISales,Sunfish Lake,2045,14.37271973,204.96329,-190.5905703
PLDV,SISales,Sunfish Lake,2050,12.71641811,201.60889,-188.8924719
PLDV,CISales,Sunfish Lake,2015,0.42278683,3.26306,-2.84027317
PLDV,CISales,Sunfish Lake,2018,0.43793035,3.28379,-2.84585965
PLDV,CISales,Sunfish Lake,2020,0.44802604,3.29761,-2.84958396
PLDV,CISales,Sunfish Lake,2025,0.54149266,3.28102,-2.73952734
PLDV,CISales,Sunfish Lake,2030,0.61775579,3.46322,-2.84546421
PLDV,CISales,Sunfish Lake,2035,0.65971454,3.66568,-3.00596546
PLDV,CISales,Sunfish Lake,2040,0.53341738,3.84875,-3.31533262
PLDV,CISales,Sunfish Lake,2045,0.55554349,3.96589,-3.41034651
PLDV,CISales,Sunfish Lake,2050,0.5776696,4.08303,-3.5053604
PLDV,HEVSales,Sunfish Lake,2015,0.55407436,0.34955,0.20452436
PLDV,HEVSales,Sunfish Lake,2018,0.58038405,0.85222,-0.27183595
PLDV,HEVSales,Sunfish Lake,2020,0.59792384,1.18733,-0.58940616
PLDV,HEVSales,Sunfish Lake,2025,1.28431175,2.79366,-1.50934825
PLDV,HEVSales,Sunfish Lake,2030,2.5881479,6.16704,-3.5788921
PLDV,HEVSales,Sunfish Lake,2035,3.33513502,10.81974,-7.48460498
PLDV,HEVSales,Sunfish Lake,2040,3.19242994,15.81825,-12.62582006
PLDV,HEVSales,Sunfish Lake,2045,3.72010105,18.91199,-15.19188895
PLDV,HEVSales,Sunfish Lake,2050,4.24777217,22.00574,-17.75796783
PLDV,PHEVSales,Sunfish Lake,2015,0.0221754,0.01748,0.0046954
PLDV,PHEVSales,Sunfish Lake,2018,0.10157758,0.20738,-0.10580242
PLDV,PHEVSales,Sunfish Lake,2020,0.15451237,0.33398,-0.17946763
PLDV,PHEVSales,Sunfish Lake,2025,0.52948344,3.98156,-3.45207656
PLDV,PHEVSales,Sunfish Lake,2030,1.40497019,6.3447,-4.93972981
PLDV,PHEVSales,Sunfish Lake,2035,2.8730802,7.2909,-4.4178198
PLDV,PHEVSales,Sunfish Lake,2040,5.84005519,9.67549,-3.83543481
PLDV,PHEVSales,Sunfish Lake,2045,7.00363115,11.60709,-4.60345885
PLDV,PHEVSales,Sunfish Lake,2050,8.16720711,13.53869,-5.37148289
PLDV,BEVSales,Sunfish Lake,2015,0.01070476,0.01268,-0.00197524
PLDV,BEVSales,Sunfish Lake,2018,0.00958657,0.23369,-0.22410343
PLDV,BEVSales,Sunfish Lake,2020,0.00884112,0.38104,-0.37219888
PLDV,BEVSales,Sunfish Lake,2025,0.22990189,5.51006,-5.28015811
PLDV,BEVSales,Sunfish Lake,2030,1.32890098,6.2161,-4.88719902
PLDV,BEVSales,Sunfish Lake,2035,4.84658207,6.46184,-1.61525793
PLDV,BEVSales,Sunfish Lake,2040,8.08523492,13.95109,-5.86585508
PLDV,BEVSales,Sunfish Lake,2045,9.70014095,16.73877,-7.03862905
PLDV,BEVSales,Sunfish Lake,2050,11.31504698,19.52646,-8.21141302
PLDV,TotSales,Tonka Bay,2015,32.26794648,279.63002,-247.3620735
PLDV,TotSales,Tonka Bay,2018,34.94929472,287.32621,-252.3769153
PLDV,TotSales,Tonka Bay,2020,36.73686022,292.457,-255.7201398
PLDV,TotSales,Tonka Bay,2025,46.95881454,295.18138,-248.2225655
PLDV,TotSales,Tonka Bay,2030,52.09024414,301.40774,-249.3174959
PLDV,TotSales,Tonka Bay,2035,56.14155197,303.29356,-247.152008
PLDV,TotSales,Tonka Bay,2040,48.22607058,305.52798,-257.3019094
PLDV,TotSales,Tonka Bay,2045,51.4176954,310.70758,-259.2898846
PLDV,TotSales,Tonka Bay,2050,54.60932023,315.88717,-261.2778498
PLDV,SISales,Tonka Bay,2015,30.88351104,275.12841,-244.244899
PLDV,SISales,Tonka Bay,2018,33.38152541,281.14901,-247.7674846
PLDV,SISales,Tonka Bay,2020,35.04686833,285.16274,-250.1158717
PLDV,SISales,Tonka Bay,2025,43.11275528,267.1477,-224.0349447
PLDV,SISales,Tonka Bay,2030,42.60307136,263.44603,-220.8429586
PLDV,SISales,Tonka Bay,2035,35.89027283,258.35901,-222.4687372
PLDV,SISales,Tonka Bay,2040,17.8878612,237.65281,-219.7649488
PLDV,SISales,Tonka Bay,2045,15.28873123,230.15769,-214.8689588
PLDV,SISales,Tonka Bay,2050,12.68960126,222.66257,-209.9729687
PLDV,CISales,Tonka Bay,2015,0.5477924,3.99729,-3.4494976
PLDV,CISales,Tonka Bay,2018,0.56751971,4.0835,-3.51598029
PLDV,CISales,Tonka Bay,2020,0.58067124,4.14097,-3.56029876
PLDV,CISales,Tonka Bay,2025,0.67321413,4.04292,-3.36970587
PLDV,CISales,Tonka Bay,2030,0.75719599,4.22349,-3.46629401
PLDV,CISales,Tonka Bay,2035,0.79279238,4.40949,-3.61669762
PLDV,CISales,Tonka Bay,2040,0.61055472,4.47276,-3.86220528
PLDV,CISales,Tonka Bay,2045,0.62310719,4.56786,-3.94475281
PLDV,CISales,Tonka Bay,2050,0.63565965,4.66295,-4.02729035
PLDV,HEVSales,Tonka Bay,2015,0.71973218,0.43994,0.27979218
PLDV,HEVSales,Tonka Bay,2018,0.75395015,1.08649,-0.33253985
PLDV,HEVSales,Tonka Bay,2020,0.77676213,1.51752,-0.74075787
PLDV,HEVSales,Tonka Bay,2025,1.61274792,3.47562,-1.86287208
PLDV,HEVSales,Tonka Bay,2030,3.18110322,7.5635,-4.38239678
PLDV,HEVSales,Tonka Bay,2035,3.969107,13.02289,-9.053783
PLDV,HEVSales,Tonka Bay,2040,3.57924847,18.2445,-14.66525153
PLDV,HEVSales,Tonka Bay,2045,4.15115172,21.80541,-17.65425828
PLDV,HEVSales,Tonka Bay,2050,4.72305498,25.36633,-20.64327502
PLDV,PHEVSales,Tonka Bay,2015,0.07168389,0.0347,0.03698389
PLDV,PHEVSales,Tonka Bay,2018,0.21494214,0.41424,-0.19929786
PLDV,PHEVSales,Tonka Bay,2020,0.31044763,0.66726,-0.35681237
PLDV,PHEVSales,Tonka Bay,2025,1.04473276,7.79567,-6.75093724
PLDV,PHEVSales,Tonka Bay,2030,2.64382592,12.06894,-9.42511408
PLDV,PHEVSales,Tonka Bay,2035,5.17915185,13.41009,-8.23093815
PLDV,PHEVSales,Tonka Bay,2040,9.94606015,16.80012,-6.85405985
PLDV,PHEVSales,Tonka Bay,2045,11.92093541,20.15321,-8.23227459
PLDV,PHEVSales,Tonka Bay,2050,13.89581066,23.50629,-9.61047934
PLDV,BEVSales,Tonka Bay,2015,0.04522697,0.02968,0.01554697
PLDV,BEVSales,Tonka Bay,2018,0.03135732,0.59298,-0.56162268
PLDV,BEVSales,Tonka Bay,2020,0.02211089,0.96851,-0.94639911
PLDV,BEVSales,Tonka Bay,2025,0.51536445,12.71947,-12.20410555
PLDV,BEVSales,Tonka Bay,2030,2.90504765,14.10577,-11.20072235
PLDV,BEVSales,Tonka Bay,2035,10.3102279,14.09208,-3.7818521
PLDV,BEVSales,Tonka Bay,2040,16.20234604,28.35778,-12.15543396
PLDV,BEVSales,Tonka Bay,2045,19.43376986,34.0234,-14.58963014
PLDV,BEVSales,Tonka Bay,2050,22.66519367,39.68902,-17.02382633
PLDV,TotSales,Vadnais Heights,2015,372.0055114,3019.47255,-2647.467039
PLDV,TotSales,Vadnais Heights,2018,408.1950398,3146.07485,-2737.87981
PLDV,TotSales,Vadnais Heights,2020,432.321392,3230.47639,-2798.154998
PLDV,TotSales,Vadnais Heights,2025,552.3672489,3293.37364,-2741.006391
PLDV,TotSales,Vadnais Heights,2030,590.1075062,3397.79861,-2807.691104
PLDV,TotSales,Vadnais Heights,2035,557.2935024,3422.95544,-2865.661938
PLDV,TotSales,Vadnais Heights,2040,392.9135919,3451.98403,-3059.070438
PLDV,TotSales,Vadnais Heights,2045,397.095208,3538.48633,-3141.391122
PLDV,TotSales,Vadnais Heights,2050,401.2768241,3624.98862,-3223.711796
PLDV,SISales,Vadnais Heights,2015,359.5585703,2971.937,-2612.37843
PLDV,SISales,Vadnais Heights,2018,393.9027699,3087.59607,-2693.6933
PLDV,SISales,Vadnais Heights,2020,416.798903,3164.70211,-2747.903207
PLDV,SISales,Vadnais Heights,2025,521.0251791,3140.16716,-2619.141981
PLDV,SISales,Vadnais Heights,2030,526.7312428,3175.11523,-2648.383987
PLDV,SISales,Vadnais Heights,2035,448.9109305,3131.98762,-2683.07669
PLDV,SISales,Vadnais Heights,2040,240.2344058,3019.43334,-2779.198934
PLDV,SISales,Vadnais Heights,2045,216.3695729,3028.9326,-2812.563027
PLDV,SISales,Vadnais Heights,2050,192.50474,3038.43187,-2845.92713
PLDV,CISales,Vadnais Heights,2015,5.42350889,42.84589,-37.42238111
PLDV,CISales,Vadnais Heights,2018,5.97546481,44.06552,-38.09005519
PLDV,CISales,Vadnais Heights,2020,6.34343542,44.87861,-38.53517458
PLDV,CISales,Vadnais Heights,2025,8.01451003,46.14572,-38.13120997
PLDV,CISales,Vadnais Heights,2030,8.893757,49.0303,-40.136543
PLDV,CISales,Vadnais Heights,2035,9.15312109,50.78721,-41.63408891
PLDV,CISales,Vadnais Heights,2040,7.57869479,53.49908,-45.92038521
PLDV,CISales,Vadnais Heights,2045,8.00973197,55.62972,-47.61998803
PLDV,CISales,Vadnais Heights,2050,8.44076915,57.76036,-49.31959085
PLDV,HEVSales,Vadnais Heights,2015,6.86514295,4.4678,2.39734295
PLDV,HEVSales,Vadnais Heights,2018,7.49141323,11.11456,-3.62314677
PLDV,HEVSales,Vadnais Heights,2020,7.90892675,15.54574,-7.63681325
PLDV,HEVSales,Vadnais Heights,2025,17.60880194,36.52784,-18.91903806
PLDV,HEVSales,Vadnais Heights,2030,34.89916047,81.86726,-46.96809953
PLDV,HEVSales,Vadnais Heights,2035,45.69651316,142.77343,-97.07691684
PLDV,HEVSales,Vadnais Heights,2040,45.02677841,213.21553,-168.1887516
PLDV,HEVSales,Vadnais Heights,2045,52.65910551,254.96508,-202.3059745
PLDV,HEVSales,Vadnais Heights,2050,60.2914326,296.71462,-236.4231874
PLDV,PHEVSales,Vadnais Heights,2015,0.10598683,0.12639,-0.02040317
PLDV,PHEVSales,Vadnais Heights,2018,0.7647083,1.56865,-0.8039417
PLDV,PHEVSales,Vadnais Heights,2020,1.20385595,2.53016,-1.32630405
PLDV,PHEVSales,Vadnais Heights,2025,4.2005225,30.35266,-26.1521375
PLDV,PHEVSales,Vadnais Heights,2030,11.21237036,48.48454,-37.27216964
PLDV,PHEVSales,Vadnais Heights,2035,23.26105367,56.09648,-32.83542633
PLDV,PHEVSales,Vadnais Heights,2040,48.90724128,78.07462,-29.16737872
PLDV,PHEVSales,Vadnais Heights,2045,58.66749217,93.66426,-34.99676783
PLDV,PHEVSales,Vadnais Heights,2050,68.42774306,109.25391,-40.82616694
PLDV,BEVSales,Vadnais Heights,2015,0.05230237,0.09548,-0.04317763
PLDV,BEVSales,Vadnais Heights,2018,0.06068345,1.73005,-1.66936655
PLDV,BEVSales,Vadnais Heights,2020,0.06627083,2.81976,-2.75348917
PLDV,BEVSales,Vadnais Heights,2025,1.51823533,40.18026,-38.66202467
PLDV,BEVSales,Vadnais Heights,2030,8.37097556,43.30129,-34.93031444
PLDV,BEVSales,Vadnais Heights,2035,30.27188405,41.3107,-11.03881595
PLDV,BEVSales,Vadnais Heights,2040,51.16647156,87.76147,-36.59499844
PLDV,BEVSales,Vadnais Heights,2045,61.3893054,105.29466,-43.9053546
PLDV,BEVSales,Vadnais Heights,2050,71.61213924,122.82786,-51.21572076
PLDV,TotSales,Vermillion,2015,10.72643615,96.88935,-86.16291385
PLDV,TotSales,Vermillion,2018,11.52264802,98.15444,-86.63179198
PLDV,TotSales,Vermillion,2020,12.05345594,98.99784,-86.94438406
PLDV,TotSales,Vermillion,2025,15.33784867,97.63105,-82.29320133
PLDV,TotSales,Vermillion,2030,16.45313466,97.42472,-80.97158534
PLDV,TotSales,Vermillion,2035,16.96536591,99.58893,-82.62356409
PLDV,TotSales,Vermillion,2040,13.63244521,101.84266,-88.21021479
PLDV,TotSales,Vermillion,2045,14.21364703,102.83332,-88.61967297
PLDV,TotSales,Vermillion,2050,14.79484884,103.82399,-89.02914116
PLDV,SISales,Vermillion,2015,10.29775777,95.3463,-85.04854223
PLDV,SISales,Vermillion,2018,11.04566846,96.22355,-85.17788154
PLDV,SISales,Vermillion,2020,11.54427558,96.80839,-85.26411442
PLDV,SISales,Vermillion,2025,14.27725801,91.24488,-76.96762199
PLDV,SISales,Vermillion,2030,14.07722471,88.5483,-74.47107529
PLDV,SISales,Vermillion,2035,12.2509892,88.22479,-75.9738008
PLDV,SISales,Vermillion,2040,6.48793721,84.31907,-77.83113279
PLDV,SISales,Vermillion,2045,5.7259731,82.11362,-76.3876469
PLDV,SISales,Vermillion,2050,4.96400899,79.90817,-74.94416101
PLDV,CISales,Vermillion,2015,0.17908933,1.38221,-1.20312067
PLDV,CISales,Vermillion,2018,0.18482126,1.38596,-1.20113874
PLDV,CISales,Vermillion,2020,0.18864254,1.38847,-1.19982746
PLDV,CISales,Vermillion,2025,0.22215083,1.34606,-1.12390917
PLDV,CISales,Vermillion,2030,0.24710232,1.38529,-1.13818768
PLDV,CISales,Vermillion,2035,0.26549487,1.47521,-1.20971513
PLDV,CISales,Vermillion,2040,0.21590703,1.55783,-1.34192297
PLDV,CISales,Vermillion,2045,0.22327057,1.59295,-1.36967943
PLDV,CISales,Vermillion,2050,0.23063412,1.62808,-1.39744588
PLDV,HEVSales,Vermillion,2015,0.23470174,0.14807,0.08663174
PLDV,HEVSales,Vermillion,2018,0.24493514,0.35918,-0.11424486
PLDV,HEVSales,Vermillion,2020,0.2517574,0.49993,-0.2481726
PLDV,HEVSales,Vermillion,2025,0.52689713,1.14612,-0.61922287
PLDV,HEVSales,Vermillion,2030,1.03525916,2.46682,-1.43156084
PLDV,HEVSales,Vermillion,2035,1.34218848,4.35429,-3.01210152
PLDV,HEVSales,Vermillion,2040,1.29217402,6.40263,-5.11045598
PLDV,HEVSales,Vermillion,2045,1.50366848,7.65354,-6.14987152
PLDV,HEVSales,Vermillion,2050,1.71516294,8.90445,-7.18928706
PLDV,PHEVSales,Vermillion,2015,0.00999575,0.00741,0.00258575
PLDV,PHEVSales,Vermillion,2018,0.04303301,0.08734,-0.04430699
PLDV,PHEVSales,Vermillion,2020,0.06505784,0.14062,-0.07556216
PLDV,PHEVSales,Vermillion,2025,0.21722398,1.63346,-1.41623602
PLDV,PHEVSales,Vermillion,2030,0.56198808,2.53788,-1.97589192
PLDV,PHEVSales,Vermillion,2035,1.15623959,2.93414,-1.77790041
PLDV,PHEVSales,Vermillion,2040,2.36383186,3.91627,-1.55243814
PLDV,PHEVSales,Vermillion,2045,2.83459909,4.69804,-1.86344091
PLDV,PHEVSales,Vermillion,2050,3.30536631,5.47982,-2.17445369
PLDV,BEVSales,Vermillion,2015,0.00489156,0.00537,-0.00047844
PLDV,BEVSales,Vermillion,2018,0.00419017,0.09841,-0.09421983
PLDV,BEVSales,Vermillion,2020,0.00372258,0.16044,-0.15671742
PLDV,BEVSales,Vermillion,2025,0.09431873,2.26054,-2.16622127
PLDV,BEVSales,Vermillion,2030,0.53156039,2.48644,-1.95487961
PLDV,BEVSales,Vermillion,2035,1.95045376,2.6005,-0.65004624
PLDV,BEVSales,Vermillion,2040,3.27259509,5.64687,-2.37427491
PLDV,BEVSales,Vermillion,2045,3.92613579,6.77517,-2.84903421
PLDV,BEVSales,Vermillion,2050,4.57967649,7.90347,-3.32379351
PLDV,TotSales,Vermillion Twp.,2015,37.12519544,335.35673,-298.2315346
PLDV,TotSales,Vermillion Twp.,2018,40.33183737,343.43032,-303.0984826
PLDV,TotSales,Vermillion Twp.,2020,42.46959866,348.81271,-306.3431113
PLDV,TotSales,Vermillion Twp.,2025,55.77944186,355.05667,-299.2772281
PLDV,TotSales,Vermillion Twp.,2030,61.69925496,365.34271,-303.643455
PLDV,TotSales,Vermillion Twp.,2035,63.55585941,373.08126,-309.5254006
PLDV,TotSales,Vermillion Twp.,2040,51.02143098,381.16114,-330.139709
PLDV,TotSales,Vermillion Twp.,2045,53.80067809,390.32202,-336.5213419
PLDV,TotSales,Vermillion Twp.,2050,56.5799252,399.4829,-342.9029748
PLDV,SISales,Vermillion Twp.,2015,35.64295113,330.01589,-294.3729389
PLDV,SISales,Vermillion Twp.,2018,38.66250054,336.66534,-298.0028395
PLDV,SISales,Vermillion Twp.,2020,40.67553348,341.0983,-300.4227665
PLDV,SISales,Vermillion Twp.,2025,51.92237191,331.83195,-279.9095781
PLDV,SISales,Vermillion Twp.,2030,52.78959268,332.05612,-279.2665273
PLDV,SISales,Vermillion Twp.,2035,45.89480424,330.50879,-284.6139858
PLDV,SISales,Vermillion Twp.,2040,24.28205912,315.57651,-291.2944509
PLDV,SISales,Vermillion Twp.,2045,22.00988071,312.68863,-290.6787493
PLDV,SISales,Vermillion Twp.,2050,19.73770231,309.80076,-290.0630577
PLDV,CISales,Vermillion Twp.,2015,0.6198701,4.78414,-4.1642699
PLDV,CISales,Vermillion Twp.,2018,0.64675016,4.84896,-4.20220984
PLDV,CISales,Vermillion Twp.,2020,0.6646702,4.89218,-4.2275098
PLDV,CISales,Vermillion Twp.,2025,0.80790011,4.89524,-4.08733989
PLDV,CISales,Vermillion Twp.,2030,0.92663368,5.19482,-4.26818632
PLDV,CISales,Vermillion Twp.,2035,0.99460012,5.52646,-4.53185988
PLDV,CISales,Vermillion Twp.,2040,0.80806382,5.8304,-5.02233618
PLDV,CISales,Vermillion Twp.,2045,0.84570257,6.03965,-5.19394743
PLDV,CISales,Vermillion Twp.,2050,0.88334131,6.2489,-5.36555869
PLDV,HEVSales,Vermillion Twp.,2015,0.81235769,0.51249,0.29986769
PLDV,HEVSales,Vermillion Twp.,2018,0.85717396,1.26187,-0.40469604
PLDV,HEVSales,Vermillion Twp.,2020,0.88705148,1.76146,-0.87440852
PLDV,HEVSales,Vermillion Twp.,2025,1.91617666,4.1681,-2.25192334
PLDV,HEVSales,Vermillion Twp.,2030,3.88222185,9.25057,-5.36834815
PLDV,HEVSales,Vermillion Twp.,2035,5.02812276,16.31208,-11.28395724
PLDV,HEVSales,Vermillion Twp.,2040,4.83615131,23.96277,-19.12661869
PLDV,HEVSales,Vermillion Twp.,2045,5.64091003,28.65283,-23.01191997
PLDV,HEVSales,Vermillion Twp.,2050,6.44566875,33.34288,-26.89721125
PLDV,PHEVSales,Vermillion Twp.,2015,0.03365101,0.02563,0.00802101
PLDV,PHEVSales,Vermillion Twp.,2018,0.15099674,0.30754,-0.15654326
PLDV,PHEVSales,Vermillion Twp.,2020,0.22922723,0.49548,-0.26625277
PLDV,PHEVSales,Vermillion Twp.,2025,0.78998251,5.94044,-5.15045749
PLDV,PHEVSales,Vermillion Twp.,2030,2.10745528,9.51705,-7.40959472
PLDV,PHEVSales,Vermillion Twp.,2035,4.33151878,10.99192,-6.66040122
PLDV,PHEVSales,Vermillion Twp.,2040,8.84698837,14.65722,-5.81023163
PLDV,PHEVSales,Vermillion Twp.,2045,10.60965584,17.58353,-6.97387416
PLDV,PHEVSales,Vermillion Twp.,2050,12.37232331,20.50985,-8.13752669
PLDV,BEVSales,Vermillion Twp.,2015,0.01636551,0.01858,-0.00221449
PLDV,BEVSales,Vermillion Twp.,2018,0.01441596,0.34661,-0.33219404
PLDV,BEVSales,Vermillion Twp.,2020,0.01311626,0.56529,-0.55217374
PLDV,BEVSales,Vermillion Twp.,2025,0.34301068,8.22093,-7.87791932
PLDV,BEVSales,Vermillion Twp.,2030,1.99335147,9.32415,-7.33079853
PLDV,BEVSales,Vermillion Twp.,2035,7.30681352,9.74201,-2.43519648
PLDV,BEVSales,Vermillion Twp.,2040,12.24816837,21.13424,-8.88607163
PLDV,BEVSales,Vermillion Twp.,2045,14.69452894,25.35737,-10.66284106
PLDV,BEVSales,Vermillion Twp.,2050,17.14088952,29.58051,-12.43962048
PLDV,TotSales,Victoria,2015,136.2012266,1743.91888,-1607.717653
PLDV,TotSales,Victoria,2018,166.5143452,1938.67974,-1772.165395
PLDV,TotSales,Victoria,2020,186.7230909,2068.52031,-1881.797219
PLDV,TotSales,Victoria,2025,293.7990503,2359.25179,-2065.45274
PLDV,TotSales,Victoria,2030,392.7865729,2666.16456,-2273.377987
PLDV,TotSales,Victoria,2035,490.3498655,2970.18954,-2479.839675
PLDV,TotSales,Victoria,2040,466.328451,3273.01845,-2806.689999
PLDV,TotSales,Victoria,2045,532.3538959,3578.83836,-3046.484464
PLDV,TotSales,Victoria,2050,598.3793408,3884.65827,-3286.278929
PLDV,SISales,Victoria,2015,130.6766619,1716.72671,-1586.050048
PLDV,SISales,Victoria,2018,159.4897133,1902.90645,-1743.416737
PLDV,SISales,Victoria,2020,178.6984143,2027.02628,-1848.327866
PLDV,SISales,Victoria,2025,272.5213084,2212.97443,-1940.453122
PLDV,SISales,Victoria,2030,330.3355359,2427.64994,-2097.314404
PLDV,SISales,Victoria,2035,334.2445125,2621.8463,-2287.601788
PLDV,SISales,Victoria,2040,194.781478,2647.24336,-2452.461882
PLDV,SISales,Victoria,2045,207.6024412,2833.34669,-2625.744249
PLDV,SISales,Victoria,2050,220.4234045,3019.45002,-2799.026616
PLDV,CISales,Victoria,2015,2.28947596,24.70462,-22.41514404
PLDV,CISales,Victoria,2018,2.69429206,26.26776,-23.57346794
PLDV,CISales,Victoria,2020,2.96416946,27.30986,-24.34569054
PLDV,CISales,Victoria,2025,4.24665551,28.45965,-24.21299449
PLDV,CISales,Victoria,2030,5.85810394,33.95433,-28.09622606
PLDV,CISales,Victoria,2035,7.36568676,41.31405,-33.94836324
PLDV,CISales,Victoria,2040,6.60175928,47.82756,-41.22580072
PLDV,CISales,Victoria,2045,7.46421594,52.45215,-44.98793406
PLDV,CISales,Victoria,2050,8.32667261,57.07673,-48.75005739
PLDV,HEVSales,Victoria,2015,2.97728069,2.29813,0.67915069
PLDV,HEVSales,Victoria,2018,3.55802689,5.95753,-2.39950311
PLDV,HEVSales,Victoria,2020,3.94519102,8.39714,-4.45194898
PLDV,HEVSales,Victoria,2025,10.10323318,22.72541,-12.62217682
PLDV,HEVSales,Victoria,2030,24.49893079,58.95294,-34.45400921
PLDV,HEVSales,Victoria,2035,37.18906683,120.59084,-83.40177317
PLDV,HEVSales,Victoria,2040,39.65842734,195.8465,-156.1880727
PLDV,HEVSales,Victoria,2045,46.99465667,234.55618,-187.5615233
PLDV,HEVSales,Victoria,2050,54.330886,273.26586,-218.934974
PLDV,PHEVSales,Victoria,2015,0.15060349,0.09421,0.05639349
PLDV,PHEVSales,Victoria,2018,0.68025304,1.37787,-0.69761696
PLDV,PHEVSales,Victoria,2020,1.03335273,2.23364,-1.20028727
PLDV,PHEVSales,Victoria,2025,4.24252648,32.10103,-27.85850352
PLDV,PHEVSales,Victoria,2030,13.61291596,61.2966,-47.68368404
PLDV,PHEVSales,Victoria,2035,33.10457082,83.25415,-50.14957918
PLDV,PHEVSales,Victoria,2040,75.54495697,124.66669,-49.12173303
PLDV,PHEVSales,Victoria,2045,90.62382767,149.58119,-58.95736233
PLDV,PHEVSales,Victoria,2050,105.7026984,174.49569,-68.7929916
PLDV,BEVSales,Victoria,2015,0.1072045,0.09521,0.0119945
PLDV,BEVSales,Victoria,2018,0.09205987,2.17012,-2.07806013
PLDV,BEVSales,Victoria,2020,0.08196345,3.55339,-3.47142655
PLDV,BEVSales,Victoria,2025,2.68532673,62.99128,-60.30595327
PLDV,BEVSales,Victoria,2030,18.48108632,84.31075,-65.82966368
PLDV,BEVSales,Victoria,2035,78.44602854,103.1842,-24.73817146
PLDV,BEVSales,Victoria,2040,149.7418294,257.43433,-107.6925006
PLDV,BEVSales,Victoria,2045,179.6687544,308.90215,-129.2333956
PLDV,BEVSales,Victoria,2050,209.5956793,360.36998,-150.7743007
PLDV,TotSales,Waconia,2015,242.8442306,3109.09363,-2866.249399
PLDV,TotSales,Waconia,2018,293.6094847,3420.15398,-3126.544495
PLDV,TotSales,Waconia,2020,327.4529875,3627.52754,-3300.074553
PLDV,TotSales,Waconia,2025,554.5341198,4452.99471,-3898.46059
PLDV,TotSales,Waconia,2030,781.6212999,5305.5047,-4523.8834
PLDV,TotSales,Waconia,2035,949.5643962,5751.78344,-4802.219044
PLDV,TotSales,Waconia,2040,883.0763436,6198.04594,-5314.969596
PLDV,TotSales,Waconia,2045,1011.122766,6815.8364,-5804.713634
PLDV,TotSales,Waconia,2050,1139.169189,7433.62686,-6294.457671
PLDV,SISales,Waconia,2015,232.9729789,3060.61488,-2827.641901
PLDV,SISales,Waconia,2018,281.2173438,3357.10207,-3075.884726
PLDV,SISales,Waconia,2020,313.3802537,3554.7602,-3241.379946
PLDV,SISales,Waconia,2025,514.3732212,4176.90195,-3662.528729
PLDV,SISales,Waconia,2030,657.347549,4830.87517,-4173.527621
PLDV,SISales,Waconia,2035,647.2657812,5077.21543,-4429.949649
PLDV,SISales,Waconia,2040,368.8535732,5013.02887,-4644.175297
PLDV,SISales,Waconia,2045,396.029692,5403.51167,-5007.481978
PLDV,SISales,Waconia,2050,423.2058109,5793.99446,-5370.788649
PLDV,CISales,Waconia,2015,4.08172376,44.04388,-39.96215624
PLDV,CISales,Waconia,2018,4.75161649,46.35325,-41.60163351
PLDV,CISales,Waconia,2020,5.19821165,47.89283,-42.69461835
PLDV,CISales,Waconia,2025,8.01539478,53.71646,-45.70106522
PLDV,CISales,Waconia,2030,11.6572692,67.56704,-55.9097708
PLDV,CISales,Waconia,2035,14.26368067,80.00482,-65.74113933
PLDV,CISales,Waconia,2040,12.50161219,90.57004,-78.06842781
PLDV,CISales,Waconia,2045,14.18558988,99.87527,-85.68968012
PLDV,CISales,Waconia,2050,15.86956756,109.1805,-93.31093244
PLDV,HEVSales,Waconia,2015,5.30795585,4.09715,1.21080585
PLDV,HEVSales,Waconia,2018,6.27434943,10.47441,-4.20006057
PLDV,HEVSales,Waconia,2020,6.91861182,14.72591,-7.80729818
PLDV,HEVSales,Waconia,2025,19.06945415,42.89332,-23.82386585
PLDV,HEVSales,Waconia,2030,48.75137659,117.31275,-68.56137341
PLDV,HEVSales,Waconia,2035,72.01677062,233.52462,-161.5078494
PLDV,HEVSales,Waconia,2040,75.10032668,370.87039,-295.7700633
PLDV,HEVSales,Waconia,2045,89.05880085,444.22504,-355.1662392
PLDV,HEVSales,Waconia,2050,103.017275,517.57969,-414.562415
PLDV,PHEVSales,Waconia,2015,0.27990785,0.16796,0.11194785
PLDV,PHEVSales,Waconia,2018,1.19926661,2.41744,-1.21817339
PLDV,PHEVSales,Waconia,2020,1.81217244,3.9171,-2.10492756
PLDV,PHEVSales,Waconia,2025,8.00760141,60.58942,-52.58181859
PLDV,PHEVSales,Waconia,2030,27.08887168,121.9765,-94.88762832
PLDV,PHEVSales,Waconia,2035,64.10712843,161.22197,-97.11484157
PLDV,PHEVSales,Waconia,2040,143.0578903,236.07869,-93.0207997
PLDV,PHEVSales,Waconia,2045,171.6134868,283.26083,-111.6473432
PLDV,PHEVSales,Waconia,2050,200.1690833,330.44297,-130.2738867
PLDV,BEVSales,Waconia,2015,0.20166429,0.16975,0.03191429
PLDV,BEVSales,Waconia,2018,0.16690843,3.80681,-3.63990157
PLDV,BEVSales,Waconia,2020,0.14373786,6.23151,-6.08777214
PLDV,BEVSales,Waconia,2025,5.0684483,118.89356,-113.8251117
PLDV,BEVSales,Waconia,2030,36.77623347,167.77324,-130.9970065
PLDV,BEVSales,Waconia,2035,151.9110353,199.8166,-47.9055647
PLDV,BEVSales,Waconia,2040,283.5629413,487.49796,-203.9350187
PLDV,BEVSales,Waconia,2045,340.2351967,584.9636,-244.7284033
PLDV,BEVSales,Waconia,2050,396.9074521,682.42924,-285.5217879
PLDV,TotSales,Waconia Twp.,2015,26.00047166,332.88851,-306.8880383
PLDV,TotSales,Waconia Twp.,2018,29.63104335,346.19501,-316.5639667
PLDV,TotSales,Waconia Twp.,2020,32.05142448,355.06601,-323.0145855
PLDV,TotSales,Waconia Twp.,2025,46.91963883,376.77195,-329.8523112
PLDV,TotSales,Waconia Twp.,2030,59.13159707,401.37464,-342.2430429
PLDV,TotSales,Waconia Twp.,2035,67.96559276,411.68706,-343.7214672
PLDV,TotSales,Waconia Twp.,2040,60.17462528,422.34751,-362.1728847
PLDV,TotSales,Waconia Twp.,2045,67.00945601,440.23931,-373.229854
PLDV,TotSales,Waconia Twp.,2050,73.84428673,458.13111,-384.2868233
PLDV,SISales,Waconia Twp.,2015,24.94425585,327.69792,-302.7536642
PLDV,SISales,Waconia Twp.,2018,28.38208511,339.84525,-311.4631649
PLDV,SISales,Waconia Twp.,2020,30.67397128,347.94347,-317.2694987
PLDV,SISales,Waconia Twp.,2025,43.52158848,353.41149,-309.8899015
PLDV,SISales,Waconia Twp.,2030,49.72997845,365.46773,-315.7377516
PLDV,SISales,Waconia Twp.,2035,46.32840349,363.40448,-317.0760765
PLDV,SISales,Waconia Twp.,2040,25.13443567,341.59802,-316.4635843
PLDV,SISales,Waconia Twp.,2045,25.17247163,344.37804,-319.2055684
PLDV,SISales,Waconia Twp.,2050,25.2105076,347.15806,-321.9475524
PLDV,CISales,Waconia Twp.,2015,0.43702734,4.71575,-4.27872266
PLDV,CISales,Waconia Twp.,2018,0.48009462,4.69898,-4.21888538
PLDV,CISales,Waconia Twp.,2020,0.50880613,4.6878,-4.17899387
PLDV,CISales,Waconia Twp.,2025,0.67818988,4.545,-3.86681012
PLDV,CISales,Waconia Twp.,2030,0.88190143,5.11161,-4.22970857
PLDV,CISales,Waconia Twp.,2035,1.02093077,5.72639,-4.70545923
PLDV,CISales,Waconia Twp.,2040,0.85188538,6.17163,-5.31974462
PLDV,CISales,Waconia Twp.,2045,0.93485699,6.4628,-5.52794301
PLDV,CISales,Waconia Twp.,2050,1.0178286,6.75398,-5.7361514
PLDV,HEVSales,Waconia Twp.,2015,0.56831916,0.43868,0.12963916
PLDV,HEVSales,Waconia Twp.,2018,0.63364804,1.0403,-0.40665196
PLDV,HEVSales,Waconia Twp.,2020,0.67720062,1.44139,-0.76418938
PLDV,HEVSales,Waconia Twp.,2025,1.61348395,3.62924,-2.01575605
PLDV,HEVSales,Waconia Twp.,2030,3.688163,8.875,-5.186837
PLDV,HEVSales,Waconia Twp.,2035,5.15463988,16.71465,-11.56001012
PLDV,HEVSales,Waconia Twp.,2040,5.11748961,25.27187,-20.15438039
PLDV,HEVSales,Waconia Twp.,2045,6.0273237,30.2385,-24.2111763
PLDV,HEVSales,Waconia Twp.,2050,6.93715779,35.20514,-28.26798221
PLDV,PHEVSales,Waconia Twp.,2015,0.02961113,0.01798,0.01163113
PLDV,PHEVSales,Waconia Twp.,2018,0.1182708,0.23724,-0.1189692
PLDV,PHEVSales,Waconia Twp.,2020,0.17737724,0.38341,-0.20603276
PLDV,PHEVSales,Waconia Twp.,2025,0.67753048,5.12653,-4.44899952
PLDV,PHEVSales,Waconia Twp.,2030,2.04934058,9.22783,-7.17848942
PLDV,PHEVSales,Waconia Twp.,2035,4.5885029,11.53955,-6.9510471
PLDV,PHEVSales,Waconia Twp.,2040,9.74825677,16.08688,-6.33862323
PLDV,PHEVSales,Waconia Twp.,2045,11.69198589,19.30066,-7.60867411
PLDV,PHEVSales,Waconia Twp.,2050,13.63571502,22.51444,-8.87872498
PLDV,BEVSales,Waconia Twp.,2015,0.02125818,0.01817,0.00308818
PLDV,BEVSales,Waconia Twp.,2018,0.0169448,0.37324,-0.3562952
PLDV,BEVSales,Waconia Twp.,2020,0.01406921,0.60995,-0.59588079
PLDV,BEVSales,Waconia Twp.,2025,0.42884604,10.05969,-9.63084396
PLDV,BEVSales,Waconia Twp.,2030,2.78221361,12.69246,-9.91024639
PLDV,BEVSales,Waconia Twp.,2035,10.87311572,14.30198,-3.42886428
PLDV,BEVSales,Waconia Twp.,2040,19.32255785,33.21911,-13.89655215
PLDV,BEVSales,Waconia Twp.,2045,23.18281779,39.85929,-16.67647221
PLDV,BEVSales,Waconia Twp.,2050,27.04307772,46.49948,-19.45640228
PLDV,TotSales,Waterford Twp.,2015,10.00531698,90.37385,-80.36853302
PLDV,TotSales,Waterford Twp.,2018,10.78219576,91.83583,-81.05363424
PLDV,TotSales,Waterford Twp.,2020,11.30011494,92.81048,-81.51036506
PLDV,TotSales,Waterford Twp.,2025,14.73871396,93.81734,-79.07862604
PLDV,TotSales,Waterford Twp.,2030,16.19605443,95.90246,-79.70640557
PLDV,TotSales,Waterford Twp.,2035,16.19421291,95.06216,-78.86794709
PLDV,TotSales,Waterford Twp.,2040,12.63005954,94.35423,-81.72417046
PLDV,TotSales,Waterford Twp.,2045,13.15500805,95.15031,-81.99530195
PLDV,TotSales,Waterford Twp.,2050,13.67995656,95.94638,-82.26642344
PLDV,SISales,Waterford Twp.,2015,9.60526615,88.93457,-79.32930385
PLDV,SISales,Waterford Twp.,2018,10.33576147,90.02854,-79.69277853
PLDV,SISales,Waterford Twp.,2020,10.82275835,90.75786,-79.93510165
PLDV,SISales,Waterford Twp.,2025,13.71955262,87.68062,-73.96106738
PLDV,SISales,Waterford Twp.,2030,13.85726808,87.16473,-73.30746192
PLDV,SISales,Waterford Twp.,2035,11.69412605,84.21458,-72.52045395
PLDV,SISales,Waterford Twp.,2040,6.010883,78.11914,-72.108257
PLDV,SISales,Waterford Twp.,2045,5.29200638,75.95605,-70.66404362
PLDV,SISales,Waterford Twp.,2050,4.57312975,73.79296,-69.21983025
PLDV,CISales,Waterford Twp.,2015,0.16704614,1.28926,-1.12221386
PLDV,CISales,Waterford Twp.,2018,0.17292988,1.29672,-1.12379012
PLDV,CISales,Waterford Twp.,2020,0.17685238,1.30169,-1.12483762
PLDV,CISales,Waterford Twp.,2025,0.21347307,1.29348,-1.08000693
PLDV,CISales,Waterford Twp.,2030,0.24324134,1.36364,-1.12039866
PLDV,CISales,Waterford Twp.,2035,0.25342693,1.40816,-1.15473307
PLDV,CISales,Waterford Twp.,2040,0.20003152,1.44328,-1.24324848
PLDV,CISales,Waterford Twp.,2045,0.20662859,1.47409,-1.26746141
PLDV,CISales,Waterford Twp.,2050,0.21322567,1.50489,-1.29166433
PLDV,HEVSales,Waterford Twp.,2015,0.21891879,0.13811,0.08080879
PLDV,HEVSales,Waterford Twp.,2018,0.22918106,0.33645,-0.10726894
PLDV,HEVSales,Waterford Twp.,2020,0.23602257,0.46868,-0.23265743
PLDV,HEVSales,Waterford Twp.,2025,0.50631521,1.10134,-0.59502479
PLDV,HEVSales,Waterford Twp.,2030,1.01908324,2.42827,-1.40918676
PLDV,HEVSales,Waterford Twp.,2035,1.28117991,4.15636,-2.87518009
PLDV,HEVSales,Waterford Twp.,2040,1.19716123,5.93184,-4.73467877
PLDV,HEVSales,Waterford Twp.,2045,1.39280971,7.09059,-5.69778029
PLDV,HEVSales,Waterford Twp.,2050,1.5884582,8.24934,-6.6608818
PLDV,PHEVSales,Waterford Twp.,2015,0.00944818,0.00691,0.00253818
PLDV,PHEVSales,Waterford Twp.,2018,0.04037431,0.08186,-0.04148569
PLDV,PHEVSales,Waterford Twp.,2020,0.06099173,0.13183,-0.07083827
PLDV,PHEVSales,Waterford Twp.,2025,0.20873866,1.56966,-1.36092134
PLDV,PHEVSales,Waterford Twp.,2030,0.55320701,2.49823,-1.94502299
PLDV,PHEVSales,Waterford Twp.,2035,1.10368325,2.80077,-1.69708675
PLDV,PHEVSales,Waterford Twp.,2040,2.1900207,3.62831,-1.4382893
PLDV,PHEVSales,Waterford Twp.,2045,2.6261352,4.35259,-1.7264548
PLDV,PHEVSales,Waterford Twp.,2050,3.0622497,5.07687,-2.0146203
PLDV,BEVSales,Waterford Twp.,2015,0.00463773,0.00501,-0.00037227
PLDV,BEVSales,Waterford Twp.,2018,0.00394904,0.09225,-0.08830096
PLDV,BEVSales,Waterford Twp.,2020,0.00348991,0.15041,-0.14692009
PLDV,BEVSales,Waterford Twp.,2025,0.0906344,2.17223,-2.0815956
PLDV,BEVSales,Waterford Twp.,2030,0.52325476,2.44759,-1.92433524
PLDV,BEVSales,Waterford Twp.,2035,1.86179677,2.48229,-0.62049323
PLDV,BEVSales,Waterford Twp.,2040,3.03196309,5.23166,-2.19969691
PLDV,BEVSales,Waterford Twp.,2045,3.63742817,6.27699,-2.63956183
PLDV,BEVSales,Waterford Twp.,2050,4.24289324,7.32232,-3.07942676
PLDV,TotSales,Watertown,2015,88.14525533,1128.48498,-1040.339725
PLDV,TotSales,Watertown,2018,102.6871736,1198.37394,-1095.686766
PLDV,TotSales,Watertown,2020,112.3817858,1244.96657,-1132.584784
PLDV,TotSales,Watertown,2025,177.6215653,1426.32863,-1248.707065
PLDV,TotSales,Watertown,2030,238.28013,1617.40263,-1379.1225
PLDV,TotSales,Watertown,2035,285.8523199,1731.48935,-1445.63703
PLDV,TotSales,Watertown,2040,262.9972541,1845.89823,-1582.900976
PLDV,TotSales,Watertown,2045,297.9676539,1989.38088,-1691.413226
PLDV,TotSales,Watertown,2050,332.9380536,2132.86353,-1799.925476
PLDV,SISales,Watertown,2015,84.56049889,1110.88901,-1026.328511
PLDV,SISales,Watertown,2018,98.35541576,1176.35131,-1077.995894
PLDV,SISales,Watertown,2020,107.552027,1219.99284,-1112.440813
PLDV,SISales,Watertown,2025,164.757719,1337.89398,-1173.136261
PLDV,SISales,Watertown,2030,200.3948197,1472.71008,-1272.31526
PLDV,SISales,Watertown,2035,194.849792,1528.42063,-1333.570838
PLDV,SISales,Watertown,2040,109.8517445,1492.97718,-1383.125436
PLDV,SISales,Watertown,2045,114.9099937,1569.39481,-1454.484816
PLDV,SISales,Watertown,2050,119.9682428,1645.81245,-1525.844207
PLDV,CISales,Watertown,2015,1.48151343,15.98629,-14.50477657
PLDV,CISales,Watertown,2018,1.66302036,16.2566,-14.59357964
PLDV,CISales,Watertown,2020,1.78402498,16.43681,-14.65278502
PLDV,CISales,Watertown,2025,2.56739291,17.2058,-14.63840709
PLDV,CISales,Watertown,2030,3.55376142,20.59806,-17.04429858
PLDV,CISales,Watertown,2035,4.29387014,24.08427,-19.79039986
PLDV,CISales,Watertown,2040,3.72322246,26.97351,-23.25028754
PLDV,CISales,Watertown,2045,4.17156427,29.17096,-24.99939573
PLDV,CISales,Watertown,2050,4.61990607,31.3684,-26.74849393
PLDV,HEVSales,Watertown,2015,1.92658993,1.48711,0.43947993
PLDV,HEVSales,Watertown,2018,2.19531551,3.6272,-1.43188449
PLDV,HEVSales,Watertown,2020,2.3744659,5.05393,-2.6794641
PLDV,HEVSales,Watertown,2025,6.10809358,13.73906,-7.63096642
PLDV,HEVSales,Watertown,2030,14.86203658,35.76322,-20.90118342
PLDV,HEVSales,Watertown,2035,21.67958385,70.29913,-48.61954615
PLDV,HEVSales,Watertown,2040,22.36633315,110.45239,-88.08605685
PLDV,HEVSales,Watertown,2045,26.4542818,132.24545,-105.7911682
PLDV,HEVSales,Watertown,2050,30.54223044,154.0385,-123.4962696
PLDV,PHEVSales,Watertown,2015,0.1025563,0.06096,0.0415963
PLDV,PHEVSales,Watertown,2018,0.4141848,0.83099,-0.4168052
PLDV,PHEVSales,Watertown,2020,0.62193714,1.34435,-0.72241286
PLDV,PHEVSales,Watertown,2025,2.56489663,19.40726,-16.84236337
PLDV,PHEVSales,Watertown,2030,8.25814223,37.18498,-28.92683777
PLDV,PHEVSales,Watertown,2035,19.29850304,48.53349,-29.23498696
PLDV,PHEVSales,Watertown,2040,42.605413,70.30881,-27.703397
PLDV,PHEVSales,Watertown,2045,51.10598434,84.35838,-33.25239566
PLDV,PHEVSales,Watertown,2050,59.60655568,98.40795,-38.80139432
PLDV,BEVSales,Watertown,2015,0.07409679,0.06161,0.01248679
PLDV,BEVSales,Watertown,2018,0.0592372,1.30784,-1.2486028
PLDV,BEVSales,Watertown,2020,0.0493308,2.13865,-2.0893192
PLDV,BEVSales,Watertown,2025,1.62346317,38.08253,-36.45906683
PLDV,BEVSales,Watertown,2030,11.21137013,51.14629,-39.93491987
PLDV,BEVSales,Watertown,2035,45.73057081,60.15183,-14.42125919
PLDV,BEVSales,Watertown,2040,84.45054096,145.18634,-60.73579904
PLDV,BEVSales,Watertown,2045,101.3258298,174.21129,-72.8854602
PLDV,BEVSales,Watertown,2050,118.2011186,203.23623,-85.0351114
PLDV,TotSales,Watertown Twp.,2015,24.37965476,312.09256,-287.7129052
PLDV,TotSales,Watertown Twp.,2018,27.14146455,317.47922,-290.3377555
PLDV,TotSales,Watertown Twp.,2020,28.98267107,321.07033,-292.0876589
PLDV,TotSales,Watertown Twp.,2025,39.92448366,320.59978,-280.6752963
PLDV,TotSales,Watertown Twp.,2030,47.56071395,322.83357,-275.2728561
PLDV,TotSales,Watertown Twp.,2035,52.98855041,320.96682,-267.9782696
PLDV,TotSales,Watertown Twp.,2040,45.52573157,319.53135,-274.0056184
PLDV,TotSales,Watertown Twp.,2045,49.75494694,321.01911,-271.2641631
PLDV,TotSales,Watertown Twp.,2050,53.9841623,322.50687,-268.5227077
PLDV,SISales,Watertown Twp.,2015,23.38595783,307.22623,-283.8402722
PLDV,SISales,Watertown Twp.,2018,25.99664415,311.66833,-285.6716859
PLDV,SISales,Watertown Twp.,2020,27.73710169,314.62973,-286.8926283
PLDV,SISales,Watertown Twp.,2025,37.03304184,300.72208,-263.6890382
PLDV,SISales,Watertown Twp.,2030,39.998806,293.95293,-253.954124
PLDV,SISales,Watertown Twp.,2035,36.11937812,283.3239,-247.2045219
PLDV,SISales,Watertown Twp.,2040,19.01571578,258.4395,-239.4237842
PLDV,SISales,Watertown Twp.,2045,18.14166737,248.68215,-230.5404826
PLDV,SISales,Watertown Twp.,2050,17.26761896,238.9248,-221.657181
PLDV,CISales,Watertown Twp.,2015,0.40972571,4.42115,-4.01142429
PLDV,CISales,Watertown Twp.,2018,0.43994468,4.31184,-3.87189532
PLDV,CISales,Watertown Twp.,2020,0.46009065,4.23897,-3.77887935
PLDV,CISales,Watertown Twp.,2025,0.57707991,3.86739,-3.29031009
PLDV,CISales,Watertown Twp.,2030,0.70933078,4.11137,-3.40203922
PLDV,CISales,Watertown Twp.,2035,0.7959563,4.46451,-3.6685537
PLDV,CISales,Watertown Twp.,2040,0.64450265,4.66921,-4.02470735
PLDV,CISales,Watertown Twp.,2045,0.69145803,4.71882,-4.02736197
PLDV,CISales,Watertown Twp.,2050,0.73841342,4.76843,-4.03001658
PLDV,HEVSales,Watertown Twp.,2015,0.53281558,0.41127,0.12154558
PLDV,HEVSales,Watertown Twp.,2018,0.58054359,0.94654,-0.36599641
PLDV,HEVSales,Watertown Twp.,2020,0.61236226,1.30338,-0.69101774
PLDV,HEVSales,Watertown Twp.,2025,1.37293285,3.08817,-1.71523715
PLDV,HEVSales,Watertown Twp.,2030,2.9664625,7.13834,-4.1718775
PLDV,HEVSales,Watertown Twp.,2035,4.01875249,13.03138,-9.01262751
PLDV,HEVSales,Watertown Twp.,2040,3.87168939,19.11969,-15.24800061
PLDV,HEVSales,Watertown Twp.,2045,4.53946416,22.86137,-18.32190584
PLDV,HEVSales,Watertown Twp.,2050,5.20723892,26.60306,-21.39582108
PLDV,PHEVSales,Watertown Twp.,2015,0.02954144,0.01686,0.01268144
PLDV,PHEVSales,Watertown Twp.,2018,0.10805316,0.21476,-0.10670684
PLDV,PHEVSales,Watertown Twp.,2020,0.16039432,0.3467,-0.18630568
PLDV,PHEVSales,Watertown Twp.,2025,0.57651881,4.36222,-3.78570119
PLDV,PHEVSales,Watertown Twp.,2030,1.64832519,7.42212,-5.77379481
PLDV,PHEVSales,Watertown Twp.,2035,3.57737066,8.99667,-5.41929934
PLDV,PHEVSales,Watertown Twp.,2040,7.37514391,12.1707,-4.79555609
PLDV,PHEVSales,Watertown Twp.,2045,8.8442644,14.60146,-5.7571956
PLDV,PHEVSales,Watertown Twp.,2050,10.31338489,17.03223,-6.71884511
PLDV,BEVSales,Watertown Twp.,2015,0.02161421,0.01704,0.00457421
PLDV,BEVSales,Watertown Twp.,2018,0.01627897,0.33774,-0.32146103
PLDV,BEVSales,Watertown Twp.,2020,0.01272215,0.55155,-0.53882785
PLDV,BEVSales,Watertown Twp.,2025,0.36491025,8.55991,-8.19499975
PLDV,BEVSales,Watertown Twp.,2030,2.23778948,10.2088,-7.97101052
PLDV,BEVSales,Watertown Twp.,2035,8.47709285,11.15037,-2.67327715
PLDV,BEVSales,Watertown Twp.,2040,14.61867985,25.13226,-10.51358015
PLDV,BEVSales,Watertown Twp.,2045,17.53809298,30.1553,-12.61720702
PLDV,BEVSales,Watertown Twp.,2050,20.45750611,35.17834,-14.72083389
PLDV,TotSales,Wayzata,2015,108.7761159,942.34737,-833.5712541
PLDV,TotSales,Wayzata,2018,120.7775468,992.05152,-871.2739732
PLDV,TotSales,Wayzata,2020,128.7785008,1025.18763,-896.4091292
PLDV,TotSales,Wayzata,2025,168.8678055,1061.49681,-892.6290045
PLDV,TotSales,Wayzata,2030,191.8283472,1109.96885,-918.1405028
PLDV,TotSales,Wayzata,2035,207.7193321,1122.16235,-914.4430179
PLDV,TotSales,Wayzata,2040,179.2427174,1135.56144,-956.3187226
PLDV,TotSales,Wayzata,2045,193.3360378,1174.20425,-980.8682122
PLDV,TotSales,Wayzata,2050,207.4293581,1212.84706,-1005.417702
PLDV,SISales,Wayzata,2015,104.0767906,927.17704,-823.1002494
PLDV,SISales,Wayzata,2018,115.3433275,970.64167,-855.2983425
PLDV,SISales,Wayzata,2020,122.8543521,999.61809,-876.7637379
PLDV,SISales,Wayzata,2025,155.0370563,960.68536,-805.6483037
PLDV,SISales,Wayzata,2030,156.8907365,970.17049,-813.2797535
PLDV,SISales,Wayzata,2035,132.7911901,955.90804,-823.1168499
PLDV,SISales,Wayzata,2040,66.48414047,883.28855,-816.8044095
PLDV,SISales,Wayzata,2045,58.96561044,874.51086,-815.5452496
PLDV,SISales,Wayzata,2050,51.44708042,865.73316,-814.2860796
PLDV,CISales,Wayzata,2015,1.846049,13.47078,-11.624731
PLDV,CISales,Wayzata,2018,1.95972112,14.09785,-12.13812888
PLDV,CISales,Wayzata,2020,2.03550254,14.51589,-12.48038746
PLDV,CISales,Wayzata,2025,2.42093403,14.53869,-12.11775597
PLDV,CISales,Wayzata,2030,2.78846178,15.5535,-12.76503822
PLDV,CISales,Wayzata,2035,2.93326954,16.31477,-13.38150046
PLDV,CISales,Wayzata,2040,2.26925989,16.624,-14.35474011
PLDV,CISales,Wayzata,2045,2.35390206,17.25464,-14.90073794
PLDV,CISales,Wayzata,2050,2.43854424,17.88528,-15.44673576
PLDV,HEVSales,Wayzata,2015,2.4254825,1.4826,0.9428825
PLDV,HEVSales,Wayzata,2018,2.60392427,3.78477,-1.18084573
PLDV,HEVSales,Wayzata,2020,2.72288545,5.31955,-2.59666455
PLDV,HEVSales,Wayzata,2025,5.79957576,12.49862,-6.69904424
PLDV,HEVSales,Wayzata,2030,11.71478044,27.85346,-16.13867956
PLDV,HEVSales,Wayzata,2035,14.68538411,48.18366,-33.49827589
PLDV,HEVSales,Wayzata,2040,13.30305815,67.80968,-54.50662185
PLDV,HEVSales,Wayzata,2045,15.47857328,81.07509,-65.59651672
PLDV,HEVSales,Wayzata,2050,17.65408841,94.34051,-76.68642159
PLDV,PHEVSales,Wayzata,2015,0.25895915,0.11693,0.14202915
PLDV,PHEVSales,Wayzata,2018,0.75653517,1.4502,-0.69366483
PLDV,PHEVSales,Wayzata,2020,1.08825251,2.33904,-1.25078749
PLDV,PHEVSales,Wayzata,2025,3.75694596,28.03389,-24.27694404
PLDV,PHEVSales,Wayzata,2030,9.73619465,44.44525,-34.70905535
PLDV,PHEVSales,Wayzata,2035,19.16245501,49.61627,-30.45381499
PLDV,PHEVSales,Wayzata,2040,36.96670345,62.44132,-25.47461655
PLDV,PHEVSales,Wayzata,2045,44.30825231,74.9062,-30.59794769
PLDV,PHEVSales,Wayzata,2050,51.64980117,87.37108,-35.72127883
PLDV,BEVSales,Wayzata,2015,0.16883464,0.10002,0.06881464
PLDV,BEVSales,Wayzata,2018,0.11403877,2.07704,-1.96300123
PLDV,BEVSales,Wayzata,2020,0.07750819,3.39505,-3.31754181
PLDV,BEVSales,Wayzata,2025,1.85329345,45.74025,-43.88695655
PLDV,BEVSales,Wayzata,2030,10.69817389,51.94614,-41.24796611
PLDV,BEVSales,Wayzata,2035,38.14703331,52.13961,-13.99257669
PLDV,BEVSales,Wayzata,2040,60.21955549,105.39789,-45.17833451
PLDV,BEVSales,Wayzata,2045,72.22969966,126.45747,-54.22777034
PLDV,BEVSales,Wayzata,2050,84.23984383,147.51704,-63.27719617
PLDV,TotSales,West Lakeland Twp.,2015,92.26125914,1009.6032,-917.3419409
PLDV,TotSales,West Lakeland Twp.,2018,102.5419166,1040.45079,-937.9088734
PLDV,TotSales,West Lakeland Twp.,2020,109.3956882,1061.01585,-951.6201618
PLDV,TotSales,West Lakeland Twp.,2025,149.9497786,1078.37933,-928.4295514
PLDV,TotSales,West Lakeland Twp.,2030,174.6623965,1105.99203,-931.3296335
PLDV,TotSales,West Lakeland Twp.,2035,188.0063416,1103.70872,-915.7023784
PLDV,TotSales,West Lakeland Twp.,2040,159.0713744,1102.84165,-943.7702756
PLDV,TotSales,West Lakeland Twp.,2045,172.4333974,1121.48934,-949.0559426
PLDV,TotSales,West Lakeland Twp.,2050,185.7954204,1140.13703,-954.3416096
PLDV,SISales,West Lakeland Twp.,2015,88.25325258,993.61322,-905.3599674
PLDV,SISales,West Lakeland Twp.,2018,97.94717893,1020.20352,-922.2563411
PLDV,SISales,West Lakeland Twp.,2020,104.4097965,1037.93038,-933.5205835
PLDV,SISales,West Lakeland Twp.,2025,138.5135856,1001.58147,-863.0678844
PLDV,SISales,West Lakeland Twp.,2030,145.6609331,994.63767,-848.9767369
PLDV,SISales,West Lakeland Twp.,2035,127.0798509,962.98079,-835.9009391
PLDV,SISales,West Lakeland Twp.,2040,65.2674364,883.54039,-818.2729536
PLDV,SISales,West Lakeland Twp.,2045,60.67027317,861.52582,-800.8555468
PLDV,SISales,West Lakeland Twp.,2050,56.07310993,839.51126,-783.4381501
PLDV,CISales,West Lakeland Twp.,2015,1.63597193,14.38327,-12.74729807
PLDV,CISales,West Lakeland Twp.,2018,1.71400296,14.46068,-12.74667704
PLDV,CISales,West Lakeland Twp.,2020,1.76602365,14.51229,-12.74626635
PLDV,CISales,West Lakeland Twp.,2025,2.16858281,13.94056,-11.77197719
PLDV,CISales,West Lakeland Twp.,2030,2.61042708,14.93034,-12.31991292
PLDV,CISales,West Lakeland Twp.,2035,2.84505372,15.91963,-13.07457628
PLDV,CISales,West Lakeland Twp.,2040,2.24370326,16.46625,-14.22254674
PLDV,CISales,West Lakeland Twp.,2045,2.36524953,16.88285,-14.51760047
PLDV,CISales,West Lakeland Twp.,2050,2.4867958,17.29945,-14.8126542
PLDV,HEVSales,West Lakeland Twp.,2015,2.1730167,1.46442,0.7085967
PLDV,HEVSales,West Lakeland Twp.,2018,2.32300883,3.55225,-1.22924117
PLDV,HEVSales,West Lakeland Twp.,2020,2.42300359,4.94413,-2.52112641
PLDV,HEVSales,West Lakeland Twp.,2025,5.32451493,11.89148,-6.56696507
PLDV,HEVSales,West Lakeland Twp.,2030,11.24083418,27.03347,-15.79263582
PLDV,HEVSales,West Lakeland Twp.,2035,14.41198014,47.71479,-33.30280986
PLDV,HEVSales,West Lakeland Twp.,2040,13.3730167,68.23744,-54.8644233
PLDV,HEVSales,West Lakeland Twp.,2045,15.6130167,81.59204,-65.9790233
PLDV,HEVSales,West Lakeland Twp.,2050,17.8530167,94.94665,-77.0936333
PLDV,PHEVSales,West Lakeland Twp.,2015,0.1326882,0.08212,0.0505682
PLDV,PHEVSales,West Lakeland Twp.,2018,0.50377319,1.01454,-0.51076681
PLDV,PHEVSales,West Lakeland Twp.,2020,0.75116319,1.63615,-0.88498681
PLDV,PHEVSales,West Lakeland Twp.,2025,2.60388658,19.80091,-17.19702342
PLDV,PHEVSales,West Lakeland Twp.,2030,7.17657207,33.03781,-25.86123793
PLDV,PHEVSales,West Lakeland Twp.,2035,14.82944123,38.63893,-23.80948877
PLDV,PHEVSales,West Lakeland Twp.,2040,29.58285119,50.10192,-20.51906881
PLDV,PHEVSales,West Lakeland Twp.,2045,35.47288378,60.10588,-24.63299622
PLDV,PHEVSales,West Lakeland Twp.,2050,41.36291638,70.10984,-28.74692362
PLDV,BEVSales,West Lakeland Twp.,2015,0.06632973,0.06017,0.00615973
PLDV,BEVSales,West Lakeland Twp.,2018,0.05395266,1.2198,-1.16584734
PLDV,BEVSales,West Lakeland Twp.,2020,0.04570129,1.99289,-1.94718871
PLDV,BEVSales,West Lakeland Twp.,2025,1.33920866,31.16491,-29.82570134
PLDV,BEVSales,West Lakeland Twp.,2030,7.97363007,36.35274,-28.37910993
PLDV,BEVSales,West Lakeland Twp.,2035,28.84001565,38.45457,-9.61455435
PLDV,BEVSales,West Lakeland Twp.,2040,48.6043668,84.49565,-35.8912832
PLDV,BEVSales,West Lakeland Twp.,2045,58.31197422,101.38275,-43.07077578
PLDV,BEVSales,West Lakeland Twp.,2050,68.01958163,118.26984,-50.25025837
PLDV,TotSales,West St. Paul,2015,829.5192948,3370.46163,-2540.942335
PLDV,TotSales,West St. Paul,2018,818.0060433,3488.97772,-2670.971677
PLDV,TotSales,West St. Paul,2020,810.3305423,3567.98845,-2757.657908
PLDV,TotSales,West St. Paul,2025,818.929209,3556.7785,-2737.849291
PLDV,TotSales,West St. Paul,2030,757.7253677,3624.95475,-2867.229382
PLDV,TotSales,West St. Paul,2035,696.9840964,3685.99755,-2989.013454
PLDV,TotSales,West St. Paul,2040,524.7640998,3750.66152,-3225.89742
PLDV,TotSales,West St. Paul,2045,463.8130608,3826.70151,-3362.888449
PLDV,TotSales,West St. Paul,2050,402.8620218,3902.74148,-3499.879458
PLDV,SISales,West St. Paul,2015,806.291901,3315.62437,-2509.332469
PLDV,SISales,West St. Paul,2018,792.9074006,3411.1065,-2618.199099
PLDV,SISales,West St. Paul,2020,783.9844003,3474.76127,-2690.77687
PLDV,SISales,West St. Paul,2025,771.3522474,3270.44067,-2499.088423
PLDV,SISales,West St. Paul,2030,669.3337144,3288.38208,-2619.048366
PLDV,SISales,West St. Paul,2035,530.9448538,3304.34685,-2773.401996
PLDV,SISales,West St. Paul,2040,273.9087075,3172.21711,-2898.308403
PLDV,SISales,West St. Paul,2045,167.4320688,3143.53566,-2976.103591
PLDV,SISales,West St. Paul,2050,60.95543008,3114.85421,-3053.89878
PLDV,CISales,West St. Paul,2015,9.94438359,47.79532,-37.85093641
PLDV,CISales,West St. Paul,2018,10.46530477,51.44451,-40.97920523
PLDV,CISales,West St. Paul,2020,10.81258556,53.87731,-43.06472444
PLDV,CISales,West St. Paul,2025,11.67690372,57.03356,-45.35665628
PLDV,CISales,West St. Paul,2030,10.65756839,55.85319,-45.19562161
PLDV,CISales,West St. Paul,2035,9.88170021,54.13643,-44.25472979
PLDV,CISales,West St. Paul,2040,7.97396319,54.157,-46.18303681
PLDV,CISales,West St. Paul,2045,7.57987911,55.42933,-47.84945089
PLDV,CISales,West St. Paul,2050,7.18579503,56.70167,-49.51587497
PLDV,HEVSales,West St. Paul,2015,11.97459919,6.20144,5.77315919
PLDV,HEVSales,West St. Paul,2018,12.17745319,15.73266,-3.55520681
PLDV,HEVSales,West St. Paul,2020,12.31268919,22.08681,-9.77412081
PLDV,HEVSales,West St. Paul,2025,23.12567799,43.4241,-20.29842201
PLDV,HEVSales,West St. Paul,2030,38.45559612,87.43185,-48.97625388
PLDV,HEVSales,West St. Paul,2035,48.98213471,144.46988,-95.48774529
PLDV,HEVSales,West St. Paul,2040,47.4231563,209.63382,-162.2106637
PLDV,HEVSales,West St. Paul,2045,54.51286772,250.3203,-195.8074323
PLDV,HEVSales,West St. Paul,2050,61.60257914,291.00678,-229.4042009
PLDV,PHEVSales,West St. Paul,2015,0.5996382,0.34061,0.2590282
PLDV,PHEVSales,West St. Paul,2018,2.00818573,3.69601,-1.68782427
PLDV,PHEVSales,West St. Paul,2020,2.94721741,5.93294,-2.98572259
PLDV,PHEVSales,West St. Paul,2025,8.46170691,57.37844,-48.91673309
PLDV,PHEVSales,West St. Paul,2030,19.9434622,79.83793,-59.8944678
PLDV,PHEVSales,West St. Paul,2035,40.48973135,89.86436,-49.37462865
PLDV,PHEVSales,West St. Paul,2040,85.63584193,129.13942,-43.50357807
PLDV,PHEVSales,West St. Paul,2045,102.6430827,154.89918,-52.2560973
PLDV,PHEVSales,West St. Paul,2050,119.6503234,180.65894,-61.0086166
PLDV,BEVSales,West St. Paul,2015,0.70877282,0.49989,0.20888282
PLDV,BEVSales,West St. Paul,2018,0.44769902,6.99803,-6.55033098
PLDV,BEVSales,West St. Paul,2020,0.27364981,11.33012,-11.05647019
PLDV,BEVSales,West St. Paul,2025,4.31267302,128.50173,-124.189057
PLDV,BEVSales,West St. Paul,2030,19.33502663,113.4497,-94.11467337
PLDV,BEVSales,West St. Paul,2035,66.68567634,93.18003,-26.49435366
PLDV,BEVSales,West St. Paul,2040,109.8224309,185.51418,-75.6917491
PLDV,BEVSales,West St. Paul,2045,131.6451625,222.51704,-90.8718775
PLDV,BEVSales,West St. Paul,2050,153.4678941,259.51989,-106.0519959
PLDV,TotSales,White Bear Lake,2015,478.0434947,5328.37771,-4850.334215
PLDV,TotSales,White Bear Lake,2018,529.2434404,5437.80734,-4908.5639
PLDV,TotSales,White Bear Lake,2020,563.3767376,5510.76042,-4947.383682
PLDV,TotSales,White Bear Lake,2025,764.9153963,5627.7741,-4862.858704
PLDV,TotSales,White Bear Lake,2030,908.5009353,5797.28861,-4888.787675
PLDV,TotSales,White Bear Lake,2035,1020.778691,5874.75098,-4853.972289
PLDV,TotSales,White Bear Lake,2040,909.3596206,5958.30489,-5048.945269
PLDV,TotSales,White Bear Lake,2045,995.6228458,6084.29033,-5088.667484
PLDV,TotSales,White Bear Lake,2050,1081.886071,6210.27576,-5128.389689
PLDV,SISales,White Bear Lake,2015,459.6309983,5245.0029,-4785.371902
PLDV,SISales,White Bear Lake,2018,506.9595355,5333.16137,-4826.201835
PLDV,SISales,White Bear Lake,2020,538.5118937,5391.93369,-4853.421796
PLDV,SISales,White Bear Lake,2025,703.5958678,5191.69914,-4488.103272
PLDV,SISales,White Bear Lake,2030,751.0860341,5161.82403,-4410.737996
PLDV,SISales,White Bear Lake,2035,671.3854522,5080.24054,-4408.855088
PLDV,SISales,White Bear Lake,2040,351.0381417,4729.02699,-4377.988848
PLDV,SISales,White Bear Lake,2045,329.3195704,4625.83181,-4296.51224
PLDV,SISales,White Bear Lake,2050,307.600999,4522.63662,-4215.035621
PLDV,CISales,White Bear Lake,2015,7.37228567,75.38681,-68.01452433
PLDV,CISales,White Bear Lake,2018,8.09555105,74.03729,-65.94173895
PLDV,CISales,White Bear Lake,2020,8.57772797,73.13762,-64.55989203
PLDV,CISales,White Bear Lake,2025,10.90566226,68.97706,-58.07139774
PLDV,CISales,White Bear Lake,2030,13.09159118,74.20193,-61.11033882
PLDV,CISales,White Bear Lake,2035,14.39927417,80.57367,-66.17439583
PLDV,CISales,White Bear Lake,2040,11.71637089,84.74455,-73.02817911
PLDV,CISales,White Bear Lake,2045,12.58518794,86.6161,-74.03091206
PLDV,CISales,White Bear Lake,2050,13.45400498,88.48765,-75.03364502
PLDV,HEVSales,White Bear Lake,2015,9.35711856,7.08585,2.27126856
PLDV,HEVSales,White Bear Lake,2018,10.26686053,16.31091,-6.04404947
PLDV,HEVSales,White Bear Lake,2020,10.87335517,22.46094,-11.58758483
PLDV,HEVSales,White Bear Lake,2025,24.71831273,53.05975,-28.34143727
PLDV,HEVSales,White Bear Lake,2030,52.23861912,123.82603,-71.58741088
PLDV,HEVSales,White Bear Lake,2035,71.3240667,227.13175,-155.8076833
PLDV,HEVSales,White Bear Lake,2040,68.50493717,336.53159,-268.0266528
PLDV,HEVSales,White Bear Lake,2045,80.33450089,402.42073,-322.0862291
PLDV,HEVSales,White Bear Lake,2050,92.16406461,468.30988,-376.1458154
PLDV,PHEVSales,White Bear Lake,2015,1.09543122,0.5272,0.56823122
PLDV,PHEVSales,White Bear Lake,2018,3.51529602,6.67022,-3.15492398
PLDV,PHEVSales,White Bear Lake,2020,5.12853922,10.76557,-5.63703078
PLDV,PHEVSales,White Bear Lake,2025,19.08939643,139.16659,-120.0771936
PLDV,PHEVSales,White Bear Lake,2030,52.70325202,232.46737,-179.764118
PLDV,PHEVSales,White Bear Lake,2035,112.4208422,277.7262,-165.3053578
PLDV,PHEVSales,White Bear Lake,2040,230.3763676,377.12348,-146.7471124
PLDV,PHEVSales,White Bear Lake,2045,276.2325549,452.44274,-176.2101851
PLDV,PHEVSales,White Bear Lake,2050,322.0887421,527.762,-205.6732579
PLDV,BEVSales,White Bear Lake,2015,0.58766094,0.37496,0.21270094
PLDV,BEVSales,White Bear Lake,2018,0.40619729,7.62754,-7.22134271
PLDV,BEVSales,White Bear Lake,2020,0.28522152,12.4626,-12.17737848
PLDV,BEVSales,White Bear Lake,2025,6.60615708,174.87157,-168.2654129
PLDV,BEVSales,White Bear Lake,2030,39.3814388,204.96924,-165.5878012
PLDV,BEVSales,White Bear Lake,2035,151.2490554,209.07882,-57.8297646
PLDV,BEVSales,White Bear Lake,2040,247.7238033,430.87828,-183.1544767
PLDV,BEVSales,White Bear Lake,2045,297.1510318,516.97894,-219.8279082
PLDV,BEVSales,White Bear Lake,2050,346.5782602,603.0796,-256.5013398
PLDV,TotSales,White Bear Twp.,2015,338.7055729,2749.23167,-2410.526097
PLDV,TotSales,White Bear Twp.,2018,367.0387392,2829.97447,-2462.935731
PLDV,TotSales,White Bear Twp.,2020,385.9275167,2883.803,-2497.875483
PLDV,TotSales,White Bear Twp.,2025,485.6991876,2895.87934,-2410.180152
PLDV,TotSales,White Bear Twp.,2030,511.5054191,2945.21318,-2433.707761
PLDV,TotSales,White Bear Twp.,2035,481.3264423,2956.35775,-2475.031308
PLDV,TotSales,White Bear Twp.,2040,338.1687203,2971.01716,-2632.84844
PLDV,TotSales,White Bear Twp.,2045,338.0613498,3015.37425,-2677.3129
PLDV,TotSales,White Bear Twp.,2050,337.9539793,3059.73135,-2721.777371
PLDV,SISales,White Bear Twp.,2015,327.3783059,2705.95052,-2378.572214
PLDV,SISales,White Bear Twp.,2018,354.1938016,2777.43252,-2423.238718
PLDV,SISales,White Bear Twp.,2020,372.0707987,2825.08719,-2453.016391
PLDV,SISales,White Bear Twp.,2025,458.1399544,2761.16414,-2303.024186
PLDV,SISales,White Bear Twp.,2030,456.570849,2752.19113,-2295.620281
PLDV,SISales,White Bear Twp.,2035,387.7179621,2705.05299,-2317.335028
PLDV,SISales,White Bear Twp.,2040,206.7624111,2598.73399,-2391.971579
PLDV,SISales,White Bear Twp.,2045,182.6392321,2577.29069,-2394.651458
PLDV,SISales,White Bear Twp.,2050,158.5160531,2555.84738,-2397.331327
PLDV,CISales,White Bear Twp.,2015,4.93810828,39.01121,-34.07310172
PLDV,CISales,White Bear Twp.,2018,5.37286322,39.64201,-34.26914678
PLDV,CISales,White Bear Twp.,2020,5.66269985,40.06254,-34.39984015
PLDV,CISales,White Bear Twp.,2025,7.04719734,40.57615,-33.52895266
PLDV,CISales,White Bear Twp.,2030,7.70911207,42.49948,-34.79036793
PLDV,CISales,White Bear Twp.,2035,7.90542002,43.86419,-35.95876998
PLDV,CISales,White Bear Twp.,2040,6.52275098,46.04502,-39.52226902
PLDV,CISales,White Bear Twp.,2045,6.83967953,47.45179,-40.61211047
PLDV,CISales,White Bear Twp.,2050,7.15660807,48.85855,-41.70194193
PLDV,HEVSales,White Bear Twp.,2015,6.250717,4.06793,2.182787
PLDV,HEVSales,White Bear Twp.,2018,6.73640259,9.95366,-3.21725741
PLDV,HEVSales,White Bear Twp.,2020,7.06019299,13.87747,-6.81727701
PLDV,HEVSales,White Bear Twp.,2025,15.48350453,32.11911,-16.63560547
PLDV,HEVSales,White Bear Twp.,2030,30.25060606,70.96257,-40.71196394
PLDV,HEVSales,White Bear Twp.,2035,39.46742607,123.31137,-83.84394393
PLDV,HEVSales,White Bear Twp.,2040,38.75317208,183.50809,-144.7549179
PLDV,HEVSales,White Bear Twp.,2045,45.25366309,219.39612,-174.1424569
PLDV,HEVSales,White Bear Twp.,2050,51.75415411,255.28415,-203.5299959
PLDV,PHEVSales,White Bear Twp.,2015,0.09283585,0.11508,-0.02224415
PLDV,PHEVSales,White Bear Twp.,2018,0.68193399,1.40122,-0.71928601
PLDV,PHEVSales,White Bear Twp.,2020,1.07466608,2.25864,-1.18397392
PLDV,PHEVSales,White Bear Twp.,2025,3.69353971,26.68924,-22.99570029
PLDV,PHEVSales,White Bear Twp.,2030,9.71888705,42.02642,-32.30753295
PLDV,PHEVSales,White Bear Twp.,2035,20.09023999,48.44973,-28.35949001
PLDV,PHEVSales,White Bear Twp.,2040,42.09296787,67.19644,-25.10347213
PLDV,PHEVSales,White Bear Twp.,2045,50.49299428,80.61271,-30.11971572
PLDV,PHEVSales,White Bear Twp.,2050,58.89302069,94.02898,-35.13595931
PLDV,BEVSales,White Bear Twp.,2015,0.04560582,0.08694,-0.04133418
PLDV,BEVSales,White Bear Twp.,2018,0.05373778,1.54507,-1.49133222
PLDV,BEVSales,White Bear Twp.,2020,0.05915908,2.51716,-2.45800092
PLDV,BEVSales,White Bear Twp.,2025,1.33499165,35.3307,-33.99570835
PLDV,BEVSales,White Bear Twp.,2030,7.25596492,37.53357,-30.27760508
PLDV,BEVSales,White Bear Twp.,2035,26.1453941,35.67946,-9.5340659
PLDV,BEVSales,White Bear Twp.,2040,44.03741833,75.53361,-31.49619167
PLDV,BEVSales,White Bear Twp.,2045,52.83578083,90.62295,-37.78716917
PLDV,BEVSales,White Bear Twp.,2050,61.63414333,105.71228,-44.07813667
PLDV,TotSales,Willernie,2015,6.27848191,68.68106,-62.40257809
PLDV,TotSales,Willernie,2018,6.90458469,70.08147,-63.17688531
PLDV,TotSales,Willernie,2020,7.32198654,71.01508,-63.69309346
PLDV,TotSales,Willernie,2025,9.75753446,70.17232,-60.41478554
PLDV,TotSales,Willernie,2030,11.05845503,70.02402,-58.96556497
PLDV,TotSales,Willernie,2035,11.82341646,69.41047,-57.58705354
PLDV,TotSales,Willernie,2040,9.93705129,68.89356,-58.95650871
PLDV,TotSales,Willernie,2045,10.66876516,68.93607,-58.26730484
PLDV,TotSales,Willernie,2050,11.40047904,68.97857,-57.57809096
PLDV,SISales,Willernie,2015,6.00367235,67.5933,-61.58962765
PLDV,SISales,Willernie,2018,6.59443378,68.71928,-62.12484622
PLDV,SISales,Willernie,2020,6.98827474,69.46994,-62.48166526
PLDV,SISales,Willernie,2025,9.01335832,65.17493,-56.16157168
PLDV,SISales,Willernie,2030,9.22227629,62.97381,-53.75153371
PLDV,SISales,Willernie,2035,7.99184745,60.56031,-52.56846255
PLDV,SISales,Willernie,2040,4.07720035,55.194,-51.11679965
PLDV,SISales,Willernie,2045,3.69190595,52.71415,-49.02224405
PLDV,SISales,Willernie,2050,3.30661155,50.23429,-46.92767845
PLDV,CISales,Willernie,2015,0.11129153,0.97846,-0.86716847
PLDV,CISales,Willernie,2018,0.11543788,0.97418,-0.85874212
PLDV,CISales,Willernie,2020,0.11820211,0.97133,-0.85312789
PLDV,CISales,Willernie,2025,0.14111406,0.90714,-0.76602594
PLDV,CISales,Willernie,2030,0.16527479,0.94529,-0.78001521
PLDV,CISales,Willernie,2035,0.17892085,1.00116,-0.82223915
PLDV,CISales,Willernie,2040,0.1401622,1.02863,-0.8884678
PLDV,CISales,Willernie,2045,0.14593634,1.03867,-0.89273366
PLDV,CISales,Willernie,2050,0.15171047,1.0487,-0.89698953
PLDV,HEVSales,Willernie,2015,0.14782549,0.09962,0.04820549
PLDV,HEVSales,Willernie,2018,0.15643494,0.2384,-0.08196506
PLDV,HEVSales,Willernie,2020,0.16217458,0.33092,-0.16874542
PLDV,HEVSales,Willernie,2025,0.34647692,0.7738,-0.42732308
PLDV,HEVSales,Willernie,2030,0.71169446,1.71158,-0.99988554
PLDV,HEVSales,Willernie,2035,0.90634625,3.00071,-2.09436375
PLDV,HEVSales,Willernie,2040,0.8354008,4.26273,-3.4273292
PLDV,HEVSales,Willernie,2045,0.97291586,5.09536,-4.12244414
PLDV,HEVSales,Willernie,2050,1.11043092,5.92798,-4.81754908
PLDV,PHEVSales,Willernie,2015,0.01030493,0.00559,0.00471493
PLDV,PHEVSales,Willernie,2018,0.03428773,0.06794,-0.03365227
PLDV,PHEVSales,Willernie,2020,0.05027627,0.10951,-0.05923373
PLDV,PHEVSales,Willernie,2025,0.16944015,1.28849,-1.11904985
PLDV,PHEVSales,Willernie,2030,0.45437256,2.09173,-1.63735744
PLDV,PHEVSales,Willernie,2035,0.93259971,2.42994,-1.49734029
PLDV,PHEVSales,Willernie,2040,1.84801515,3.12982,-1.28180485
PLDV,PHEVSales,Willernie,2045,2.21555719,3.75467,-1.53911281
PLDV,PHEVSales,Willernie,2050,2.58309924,4.37952,-1.79642076
PLDV,BEVSales,Willernie,2015,0.00538761,0.00409,0.00129761
PLDV,BEVSales,Willernie,2018,0.00399035,0.08167,-0.07767965
PLDV,BEVSales,Willernie,2020,0.00305884,0.13339,-0.13033116
PLDV,BEVSales,Willernie,2025,0.08714501,2.02796,-1.94081499
PLDV,BEVSales,Willernie,2030,0.50483694,2.30161,-1.79677306
PLDV,BEVSales,Willernie,2035,1.8137022,2.41835,-0.6046478
PLDV,BEVSales,Willernie,2040,3.03627279,5.27837,-2.24209721
PLDV,BEVSales,Willernie,2045,3.64244983,6.33323,-2.69078017
PLDV,BEVSales,Willernie,2050,4.24862686,7.38808,-3.13945314
PLDV,TotSales,Woodbury,2015,2279.256228,13411.19378,-11131.93755
PLDV,TotSales,Woodbury,2018,2438.973455,14221.33566,-11782.36221
PLDV,TotSales,Woodbury,2020,2545.451606,14761.43025,-12215.97864
PLDV,TotSales,Woodbury,2025,2962.796168,15209.86497,-12247.0688
PLDV,TotSales,Woodbury,2030,3061.680232,15904.27,-12842.58977
PLDV,TotSales,Woodbury,2035,3091.547381,16461.31525,-13369.76787
PLDV,TotSales,Woodbury,2040,2555.732807,17029.94047,-14474.20766
PLDV,TotSales,Woodbury,2045,2611.028123,17753.68981,-15142.66169
PLDV,TotSales,Woodbury,2050,2666.323439,18477.43914,-15811.1157
PLDV,SISales,Woodbury,2015,2198.705658,13192.95704,-10994.25138
PLDV,SISales,Woodbury,2018,2348.392357,13906.91882,-11558.52646
PLDV,SISales,Woodbury,2020,2448.18349,14382.89334,-11934.70985
PLDV,SISales,Woodbury,2025,2760.292393,13851.40159,-11091.1092
PLDV,SISales,Woodbury,2030,2617.507024,14172.82685,-11555.31983
PLDV,SISales,Woodbury,2035,2190.508843,14425.18081,-12234.67197
PLDV,SISales,Woodbury,2040,1144.482862,13849.81216,-12705.3293
PLDV,SISales,Woodbury,2045,933.6383026,13981.18319,-13047.54489
PLDV,SISales,Woodbury,2050,722.7937433,14112.55421,-13389.76047
PLDV,CISales,Woodbury,2015,32.94094324,191.56773,-158.6267868
PLDV,CISales,Woodbury,2018,34.97643435,206.23086,-171.2544257
PLDV,CISales,Woodbury,2020,36.33342842,216.00628,-179.6728516
PLDV,CISales,Woodbury,2025,42.33939548,226.21722,-183.8778245
PLDV,CISales,Woodbury,2030,43.34736802,234.45172,-191.104352
PLDV,CISales,Woodbury,2035,43.27317005,239.75822,-196.48505
PLDV,CISales,Woodbury,2040,34.86573592,244.79873,-209.9329941
PLDV,CISales,Woodbury,2045,35.25069446,255.44493,-220.1942355
PLDV,CISales,Woodbury,2050,35.63565299,266.09113,-230.455477
PLDV,HEVSales,Woodbury,2015,42.47839029,23.34991,19.12848029
PLDV,HEVSales,Woodbury,2018,44.50334276,60.89675,-16.39340724
PLDV,HEVSales,Woodbury,2020,45.85331108,85.92797,-40.07465892
PLDV,HEVSales,Woodbury,2025,92.86760071,188.24757,-95.37996929
PLDV,HEVSales,Woodbury,2030,171.5431654,400.4893,-228.9461346
PLDV,HEVSales,Woodbury,2035,217.6126206,682.76997,-465.1573494
PLDV,HEVSales,Woodbury,2040,207.5235621,983.28795,-775.7643879
PLDV,HEVSales,Woodbury,2045,240.5325964,1175.27556,-934.7429636
PLDV,HEVSales,Woodbury,2050,273.5416308,1367.26317,-1093.721539
PLDV,PHEVSales,Woodbury,2015,2.78258639,1.57745,1.20513639
PLDV,PHEVSales,Woodbury,2018,9.48765265,18.39109,-8.90343735
PLDV,PHEVSales,Woodbury,2020,13.95769683,29.60019,-15.64249317
PLDV,PHEVSales,Woodbury,2025,43.35622474,312.52719,-269.1709653
PLDV,PHEVSales,Woodbury,2030,108.1903023,470.64388,-362.4535777
PLDV,PHEVSales,Woodbury,2035,219.4593532,536.67885,-317.2194968
PLDV,PHEVSales,Woodbury,2040,455.6432673,729.07817,-273.4349027
PLDV,PHEVSales,Woodbury,2045,546.2154035,874.57831,-328.3629065
PLDV,PHEVSales,Woodbury,2050,636.7875397,1020.07845,-383.2909103
PLDV,BEVSales,Woodbury,2015,2.34865025,1.74165,0.60700025
PLDV,BEVSales,Woodbury,2018,1.61366788,28.89815,-27.28448212
PLDV,BEVSales,Woodbury,2020,1.12367962,47.00248,-45.87880038
PLDV,BEVSales,Woodbury,2025,23.94055465,631.47141,-607.5308554
PLDV,BEVSales,Woodbury,2030,121.0923719,625.85826,-504.7658881
PLDV,BEVSales,Woodbury,2035,420.6933937,576.92741,-156.2340163
PLDV,BEVSales,Woodbury,2040,713.2173803,1222.96346,-509.7460797
PLDV,BEVSales,Woodbury,2045,855.3911263,1467.20782,-611.8166937
PLDV,BEVSales,Woodbury,2050,997.5648723,1711.45218,-713.8873077
PLDV,TotSales,Woodland,2015,12.56557082,108.89776,-96.33218918
PLDV,TotSales,Woodland,2018,13.57155267,111.58724,-98.01568733
PLDV,TotSales,Woodland,2020,14.24220723,113.38022,-99.13801277
PLDV,TotSales,Woodland,2025,17.78169777,111.7751,-93.99340223
PLDV,TotSales,Woodland,2030,19.27650395,111.53888,-92.26237605
PLDV,TotSales,Woodland,2035,20.46564448,110.56157,-90.09592552
PLDV,TotSales,Woodland,2040,17.32163085,109.73822,-92.41658915
PLDV,TotSales,Woodland,2045,18.27284286,109.90631,-91.63346714
PLDV,TotSales,Woodland,2050,19.22405487,110.0744,-90.85034513
PLDV,SISales,Woodland,2015,12.02712512,107.14468,-95.11755488
PLDV,SISales,Woodland,2018,12.96306706,109.18929,-96.22622294
PLDV,SISales,Woodland,2020,13.58702835,110.55237,-96.96534165
PLDV,SISales,Woodland,2025,16.32532661,101.1597,-84.83437339
PLDV,SISales,Woodland,2030,15.76568294,97.49078,-81.72509706
PLDV,SISales,Woodland,2035,13.0833142,94.18129,-81.0979758
PLDV,SISales,Woodland,2040,6.4248844,85.35911,-78.9342256
PLDV,SISales,Woodland,2045,5.30443625,81.00199,-75.69755375
PLDV,SISales,Woodland,2050,4.18398811,76.64488,-72.46089189
PLDV,CISales,Woodland,2015,0.21332962,1.55669,-1.34336038
PLDV,CISales,Woodland,2018,0.22040121,1.5859,-1.36549879
PLDV,CISales,Woodland,2020,0.2251156,1.60538,-1.3802644
PLDV,CISales,Woodland,2025,0.25492318,1.53092,-1.27599682
PLDV,CISales,Woodland,2030,0.28020778,1.56295,-1.28274222
PLDV,CISales,Woodland,2035,0.28900176,1.60742,-1.31841824
PLDV,CISales,Woodland,2040,0.2192964,1.60651,-1.3872136
PLDV,CISales,Woodland,2045,0.22048975,1.61647,-1.39598025
PLDV,CISales,Woodland,2050,0.22168311,1.62644,-1.40475689
PLDV,HEVSales,Woodland,2015,0.28028902,0.17133,0.10895902
PLDV,HEVSales,Woodland,2018,0.29279747,0.42152,-0.12872253
PLDV,HEVSales,Woodland,2020,0.30113644,0.58831,-0.28717356
PLDV,HEVSales,Woodland,2025,0.61069251,1.3161,-0.70540749
PLDV,HEVSales,Woodland,2030,1.17719834,2.79895,-1.62175166
PLDV,HEVSales,Woodland,2035,1.44688435,4.74732,-3.30043565
PLDV,HEVSales,Woodland,2040,1.28557894,6.55298,-5.26740106
PLDV,HEVSales,Woodland,2045,1.48663692,7.82931,-6.34267308
PLDV,HEVSales,Woodland,2050,1.68769491,9.10564,-7.41794509
PLDV,PHEVSales,Woodland,2015,0.02754835,0.01351,0.01403835
PLDV,PHEVSales,Woodland,2018,0.08323225,0.16062,-0.07738775
PLDV,PHEVSales,Woodland,2020,0.12035486,0.25869,-0.13833514
PLDV,PHEVSales,Woodland,2025,0.39560458,2.95195,-2.55634542
PLDV,PHEVSales,Woodland,2030,0.97837362,4.46623,-3.48785638
PLDV,PHEVSales,Woodland,2035,1.88798986,4.88847,-3.00048014
PLDV,PHEVSales,Woodland,2040,3.57238275,6.03419,-2.46180725
PLDV,PHEVSales,Woodland,2045,4.28134962,7.23833,-2.95698038
PLDV,PHEVSales,Woodland,2050,4.9903165,8.44247,-3.4521535
PLDV,BEVSales,Woodland,2015,0.01727871,0.01156,0.00571871
PLDV,BEVSales,Woodland,2018,0.01205468,0.22991,-0.21785532
PLDV,BEVSales,Woodland,2020,0.00857199,0.37547,-0.36689801
PLDV,BEVSales,Woodland,2025,0.1951509,4.81643,-4.6212791
PLDV,BEVSales,Woodland,2030,1.07504128,5.21998,-4.14493872
PLDV,BEVSales,Woodland,2035,3.75845432,5.13708,-1.37862568
PLDV,BEVSales,Woodland,2040,5.81948837,10.18543,-4.36594163
PLDV,BEVSales,Woodland,2045,6.97993031,12.2202,-5.24026969
PLDV,BEVSales,Woodland,2050,8.14037224,14.25497,-6.11459776
PLDV,TotSales,Young America Twp.,2015,17.56048843,184.54202,-166.9815316
PLDV,TotSales,Young America Twp.,2018,16.9724403,185.77747,-168.8050297
PLDV,TotSales,Young America Twp.,2020,16.58040822,186.60111,-170.0207018
PLDV,TotSales,Young America Twp.,2025,23.26400494,187.74909,-164.4850851
PLDV,TotSales,Young America Twp.,2030,27.43030178,190.43489,-163.0045882
PLDV,TotSales,Young America Twp.,2035,31.35556468,196.57497,-165.2194053
PLDV,TotSales,Young America Twp.,2040,29.00443067,202.86159,-173.8571593
PLDV,TotSales,Young America Twp.,2045,31.29321912,206.52551,-175.2322909
PLDV,TotSales,Young America Twp.,2050,33.58200756,210.18943,-176.6074224
PLDV,SISales,Young America Twp.,2015,13.62411354,178.98284,-165.3587265
PLDV,SISales,Young America Twp.,2018,14.9703511,179.58917,-164.6188189
PLDV,SISales,Young America Twp.,2020,15.86784281,179.9934,-164.1255572
PLDV,SISales,Young America Twp.,2025,21.57916119,175.23082,-153.6516588
PLDV,SISales,Young America Twp.,2030,23.06902543,169.53525,-146.4662246
PLDV,SISales,Young America Twp.,2035,21.37336251,167.65472,-146.2813575
PLDV,SISales,Young America Twp.,2040,12.11490713,164.65173,-152.5368229
PLDV,SISales,Young America Twp.,2045,11.81306585,161.78551,-149.9724442
PLDV,SISales,Young America Twp.,2050,11.51122456,158.91929,-147.4080654
PLDV,CISales,Young America Twp.,2015,0.23869664,2.57566,-2.33696336
PLDV,CISales,Young America Twp.,2018,0.25340387,2.48528,-2.23187613
PLDV,CISales,Young America Twp.,2020,0.26320869,2.42503,-2.16182131
PLDV,CISales,Young America Twp.,2025,0.33626458,2.25353,-1.91726542
PLDV,CISales,Young America Twp.,2030,0.40910146,2.37121,-1.96210854
PLDV,CISales,Young America Twp.,2035,0.47100098,2.64184,-2.17083902
PLDV,CISales,Young America Twp.,2040,0.41061245,2.97475,-2.56413755
PLDV,CISales,Young America Twp.,2045,0.44499562,3.05457,-2.60957438
PLDV,CISales,Young America Twp.,2050,0.47937878,3.13439,-2.65501122
PLDV,HEVSales,Young America Twp.,2015,0.31040593,0.2396,0.07080593
PLDV,HEVSales,Young America Twp.,2018,0.33435451,0.54322,-0.20886549
PLDV,HEVSales,Young America Twp.,2020,0.35032024,0.74564,-0.39531976
PLDV,HEVSales,Young America Twp.,2025,0.80000826,1.79948,-0.99947174
PLDV,HEVSales,Young America Twp.,2030,1.71088604,4.11699,-2.40610396
PLDV,HEVSales,Young America Twp.,2035,2.37806569,7.71122,-5.33315431
PLDV,HEVSales,Young America Twp.,2040,2.46665221,12.18115,-9.71449779
PLDV,HEVSales,Young America Twp.,2045,2.89790147,14.56946,-11.67155853
PLDV,HEVSales,Young America Twp.,2050,3.32915073,16.95777,-13.62861927
PLDV,PHEVSales,Young America Twp.,2015,0.02954405,0.00982,0.01972405
PLDV,PHEVSales,Young America Twp.,2018,0.06687265,0.12293,-0.05605735
PLDV,PHEVSales,Young America Twp.,2020,0.09175839,0.19834,-0.10658161
PLDV,PHEVSales,Young America Twp.,2025,0.33593763,2.54187,-2.20593237
PLDV,PHEVSales,Young America Twp.,2030,0.95065977,4.28066,-3.33000023
PLDV,PHEVSales,Young America Twp.,2035,2.1168814,5.32371,-3.2068286
PLDV,PHEVSales,Young America Twp.,2040,4.69870209,7.75395,-3.05524791
PLDV,PHEVSales,Young America Twp.,2045,5.6325337,9.30277,-3.6702363
PLDV,PHEVSales,Young America Twp.,2050,6.56636531,10.8516,-4.28523469
PLDV,BEVSales,Young America Twp.,2015,3.35772828,2.7341,0.62362828
PLDV,BEVSales,Young America Twp.,2018,1.34745817,3.03687,-1.68941183
PLDV,BEVSales,Young America Twp.,2020,0.00727809,3.23871,-3.23143191
PLDV,BEVSales,Young America Twp.,2025,0.21263328,5.92339,-5.71075672
PLDV,BEVSales,Young America Twp.,2030,1.29062908,10.13079,-8.84016092
PLDV,BEVSales,Young America Twp.,2035,5.0162541,13.24348,-8.2272259
PLDV,BEVSales,Young America Twp.,2040,9.31355679,15.30002,-5.98646321
PLDV,BEVSales,Young America Twp.,2045,10.50472249,17.8132,-7.30847751
PLDV,BEVSales,Young America Twp.,2050,11.69588819,20.32638,-8.63049181