mode,var,ctu,2015,2018,2020,2025,2030,2035,2040,2045,2050
CUT,TotStock,Afton,100.00,100.00,100.00,100.00,100.00,100.00,100.00,100.00,100.00
CUT,TotStock,Andover,100.00,100.00,100.00,100.00,100.00,100.00,100.00,100.00,100.00
CUT,TotStock,Anoka,100.00,100.00,100.00,100.00,100.00,100.00,100.00,100.00,100.00
CUT,TotStock,Apple Valley,100.00,100.00,100.00,100.00,100.00,100.00,100.00,100.00,100.00
CUT,TotStock,Arden Hills,100.00,100.00,100.00,100.00,100.00,100.00,100.00,100.00,100.00
CUT,TotStock,Bayport,100.00,100.00,100.00,100.00,100.00,100.00,100.00,100.00,100.00
CUT,TotStock,Baytown Twp.,100.00,100.00,100.00,100.00,100.00,100.00,100.00,100.00,100.00
CUT,TotStock,Belle Plaine,100.00,100.00,100.00,100.00,100.00,100.00,100.00,100.00,100.00
CUT,TotStock,Belle Plaine Twp.,100.00,100.00,100.00,100.00,100.00,100.00,100.00,100.00,100.00
CUT,TotStock,Benton Twp.,100.00,100.00,100.00,100.00,100.00,100.00,100.00,100.00,100.00
CUT,TotStock,Bethel,100.00,100.00,100.00,100.00,100.00,100.00,100.00,100.00,100.00
CUT,TotStock,Birchwood Village,100.00,100.00,100.00,100.00,100.00,100.00,100.00,100.00,100.00
CUT,TotStock,Blaine,100.00,100.00,100.00,100.00,100.00,100.00,100.00,100.00,100.00
CUT,TotStock,Blaine,100.00,100.00,100.00,100.00,100.00,100.00,100.00,100.00,100.00
CUT,TotStock,Blakeley Twp.,100.00,100.00,100.00,100.00,100.00,100.00,100.00,100.00,100.00
CUT,TotStock,Bloomington,100.00,100.00,100.00,100.00,100.00,100.00,100.00,100.00,100.00
CUT,TotStock,Brooklyn Center,100.00,100.00,100.00,100.00,100.00,100.00,100.00,100.00,100.00
CUT,TotStock,Brooklyn Park,100.00,100.00,100.00,100.00,100.00,100.00,100.00,100.00,100.00
CUT,TotStock,Burnsville,100.00,100.00,100.00,100.00,100.00,100.00,100.00,100.00,100.00
CUT,TotStock,Camden Twp.,100.00,100.00,100.00,100.00,100.00,100.00,100.00,100.00,100.00
CUT,TotStock,Carver,100.00,100.00,100.00,100.00,100.00,100.00,100.00,100.00,100.00
CUT,TotStock,Castle Rock Twp.,100.00,100.00,100.00,100.00,100.00,100.00,100.00,100.00,100.00
CUT,TotStock,Cedar Lake Twp.,100.00,100.00,100.00,100.00,100.00,100.00,100.00,100.00,100.00
CUT,TotStock,Centerville,100.00,100.00,100.00,100.00,100.00,100.00,100.00,100.00,100.00
CUT,TotStock,Champlin,100.00,100.00,100.00,100.00,100.00,100.00,100.00,100.00,100.00
CUT,TotStock,Chanhassen,100.00,100.00,100.00,100.00,100.00,100.00,100.00,100.00,100.00
CUT,TotStock,Chanhassen,100.00,100.00,100.00,100.00,100.00,100.00,100.00,100.00,100.00
CUT,TotStock,Chaska,100.00,100.00,100.00,100.00,100.00,100.00,100.00,100.00,100.00
CUT,TotStock,Circle Pines,100.00,100.00,100.00,100.00,100.00,100.00,100.00,100.00,100.00
CUT,TotStock,Coates,100.00,100.00,100.00,100.00,100.00,100.00,100.00,100.00,100.00
CUT,TotStock,Cologne,100.00,100.00,100.00,100.00,100.00,100.00,100.00,100.00,100.00
CUT,TotStock,Columbia Heights,100.00,100.00,100.00,100.00,100.00,100.00,100.00,100.00,100.00
CUT,TotStock,Columbus,100.00,100.00,100.00,100.00,100.00,100.00,100.00,100.00,100.00
CUT,TotStock,Coon Rapids,100.00,100.00,100.00,100.00,100.00,100.00,100.00,100.00,100.00
CUT,TotStock,Corcoran,100.00,100.00,100.00,100.00,100.00,100.00,100.00,100.00,100.00
CUT,TotStock,Cottage Grove,100.00,100.00,100.00,100.00,100.00,100.00,100.00,100.00,100.00
CUT,TotStock,Credit River Twp.,100.00,100.00,100.00,100.00,100.00,100.00,100.00,100.00,100.00
CUT,TotStock,Crystal,100.00,100.00,100.00,100.00,100.00,100.00,100.00,100.00,100.00
CUT,TotStock,Dahlgren Twp.,100.00,100.00,100.00,100.00,100.00,100.00,100.00,100.00,100.00
CUT,TotStock,Dayton,100.00,100.00,100.00,100.00,100.00,100.00,100.00,100.00,100.00
CUT,TotStock,Deephaven,100.00,100.00,100.00,100.00,100.00,100.00,100.00,100.00,100.00
CUT,TotStock,Dellwood,100.00,100.00,100.00,100.00,100.00,100.00,100.00,100.00,100.00
CUT,TotStock,Denmark Twp.,100.00,100.00,100.00,100.00,100.00,100.00,100.00,100.00,100.00
CUT,TotStock,Douglas Twp.,100.00,100.00,100.00,100.00,100.00,100.00,100.00,100.00,100.00
CUT,TotStock,Eagan,100.00,100.00,100.00,100.00,100.00,100.00,100.00,100.00,100.00
CUT,TotStock,East Bethel,100.00,100.00,100.00,100.00,100.00,100.00,100.00,100.00,100.00
CUT,TotStock,Eden Prairie,100.00,100.00,100.00,100.00,100.00,100.00,100.00,100.00,100.00
CUT,TotStock,Edina,100.00,100.00,100.00,100.00,100.00,100.00,100.00,100.00,100.00
CUT,TotStock,Elko New Market,100.00,100.00,100.00,100.00,100.00,100.00,100.00,100.00,100.00
CUT,TotStock,Empire Twp.,100.00,100.00,100.00,100.00,100.00,100.00,100.00,100.00,100.00
CUT,TotStock,Eureka Twp.,100.00,100.00,100.00,100.00,100.00,100.00,100.00,100.00,100.00
CUT,TotStock,Excelsior,100.00,100.00,100.00,100.00,100.00,100.00,100.00,100.00,100.00
CUT,TotStock,Falcon Heights,100.00,100.00,100.00,100.00,100.00,100.00,100.00,100.00,100.00
CUT,TotStock,Farmington,100.00,100.00,100.00,100.00,100.00,100.00,100.00,100.00,100.00
CUT,TotStock,Forest Lake,100.00,100.00,100.00,100.00,100.00,100.00,100.00,100.00,100.00
CUT,TotStock,Fort Snelling UT,100.00,100.00,100.00,100.00,100.00,100.00,100.00,100.00,100.00
CUT,TotStock,Fridley,100.00,100.00,100.00,100.00,100.00,100.00,100.00,100.00,100.00
CUT,TotStock,Gem Lake,100.00,100.00,100.00,100.00,100.00,100.00,100.00,100.00,100.00
CUT,TotStock,Golden Valley,100.00,100.00,100.00,100.00,100.00,100.00,100.00,100.00,100.00
CUT,TotStock,Grant,100.00,100.00,100.00,100.00,100.00,100.00,100.00,100.00,100.00
CUT,TotStock,Greenfield,100.00,100.00,100.00,100.00,100.00,100.00,100.00,100.00,100.00
CUT,TotStock,Greenvale Twp.,100.00,100.00,100.00,100.00,100.00,100.00,100.00,100.00,100.00
CUT,TotStock,Greenwood,100.00,100.00,100.00,100.00,100.00,100.00,100.00,100.00,100.00
CUT,TotStock,Grey Cloud Island Twp.,100.00,100.00,100.00,100.00,100.00,100.00,100.00,100.00,100.00
CUT,TotStock,Ham Lake,100.00,100.00,100.00,100.00,100.00,100.00,100.00,100.00,100.00
CUT,TotStock,Hamburg,100.00,100.00,100.00,100.00,100.00,100.00,100.00,100.00,100.00
CUT,TotStock,Hampton,100.00,100.00,100.00,100.00,100.00,100.00,100.00,100.00,100.00
CUT,TotStock,Hampton Twp.,100.00,100.00,100.00,100.00,100.00,100.00,100.00,100.00,100.00
CUT,TotStock,Hancock Twp.,100.00,100.00,100.00,100.00,100.00,100.00,100.00,100.00,100.00
CUT,TotStock,Hanover,100.00,100.00,100.00,100.00,100.00,100.00,100.00,100.00,100.00
CUT,TotStock,Hastings,100.00,100.00,100.00,100.00,100.00,100.00,100.00,100.00,100.00
CUT,TotStock,Hastings,100.00,100.00,100.00,100.00,100.00,100.00,100.00,100.00,100.00
CUT,TotStock,Helena Twp.,100.00,100.00,100.00,100.00,100.00,100.00,100.00,100.00,100.00
CUT,TotStock,Hilltop,100.00,100.00,100.00,100.00,100.00,100.00,100.00,100.00,100.00
CUT,TotStock,Hollywood Twp.,100.00,100.00,100.00,100.00,100.00,100.00,100.00,100.00,100.00
CUT,TotStock,Hopkins,100.00,100.00,100.00,100.00,100.00,100.00,100.00,100.00,100.00
CUT,TotStock,Hugo,100.00,100.00,100.00,100.00,100.00,100.00,100.00,100.00,100.00
CUT,TotStock,Independence,100.00,100.00,100.00,100.00,100.00,100.00,100.00,100.00,100.00
CUT,TotStock,Inver Grove Heights,100.00,100.00,100.00,100.00,100.00,100.00,100.00,100.00,100.00
CUT,TotStock,Jackson Twp.,100.00,100.00,100.00,100.00,100.00,100.00,100.00,100.00,100.00
CUT,TotStock,Jordan,100.00,100.00,100.00,100.00,100.00,100.00,100.00,100.00,100.00
CUT,TotStock,Lake Elmo,100.00,100.00,100.00,100.00,100.00,100.00,100.00,100.00,100.00
CUT,TotStock,Lake St. Croix Beach,100.00,100.00,100.00,100.00,100.00,100.00,100.00,100.00,100.00
CUT,TotStock,Lakeland,100.00,100.00,100.00,100.00,100.00,100.00,100.00,100.00,100.00
CUT,TotStock,Lakeland Shores,100.00,100.00,100.00,100.00,100.00,100.00,100.00,100.00,100.00
CUT,TotStock,Laketown Twp.,100.00,100.00,100.00,100.00,100.00,100.00,100.00,100.00,100.00
CUT,TotStock,Lakeville,100.00,100.00,100.00,100.00,100.00,100.00,100.00,100.00,100.00
CUT,TotStock,Landfall,100.00,100.00,100.00,100.00,100.00,100.00,100.00,100.00,100.00
CUT,TotStock,Lauderdale,100.00,100.00,100.00,100.00,100.00,100.00,100.00,100.00,100.00
CUT,TotStock,Lexington,100.00,100.00,100.00,100.00,100.00,100.00,100.00,100.00,100.00
CUT,TotStock,Lilydale,100.00,100.00,100.00,100.00,100.00,100.00,100.00,100.00,100.00
CUT,TotStock,Lino Lakes,100.00,100.00,100.00,100.00,100.00,100.00,100.00,100.00,100.00
CUT,TotStock,Linwood Twp.,100.00,100.00,100.00,100.00,100.00,100.00,100.00,100.00,100.00
CUT,TotStock,Little Canada,100.00,100.00,100.00,100.00,100.00,100.00,100.00,100.00,100.00
CUT,TotStock,Long Lake,100.00,100.00,100.00,100.00,100.00,100.00,100.00,100.00,100.00
CUT,TotStock,Loretto,100.00,100.00,100.00,100.00,100.00,100.00,100.00,100.00,100.00
CUT,TotStock,Louisville Twp.,100.00,100.00,100.00,100.00,100.00,100.00,100.00,100.00,100.00
CUT,TotStock,Mahtomedi,100.00,100.00,100.00,100.00,100.00,100.00,100.00,100.00,100.00
CUT,TotStock,Maple Grove,100.00,100.00,100.00,100.00,100.00,100.00,100.00,100.00,100.00
CUT,TotStock,Maple Plain,100.00,100.00,100.00,100.00,100.00,100.00,100.00,100.00,100.00
CUT,TotStock,Maplewood,100.00,100.00,100.00,100.00,100.00,100.00,100.00,100.00,100.00
CUT,TotStock,Marine on St. Croix,100.00,100.00,100.00,100.00,100.00,100.00,100.00,100.00,100.00
CUT,TotStock,Marshan Twp.,100.00,100.00,100.00,100.00,100.00,100.00,100.00,100.00,100.00
CUT,TotStock,May Twp.,100.00,100.00,100.00,100.00,100.00,100.00,100.00,100.00,100.00
CUT,TotStock,Mayer,100.00,100.00,100.00,100.00,100.00,100.00,100.00,100.00,100.00
CUT,TotStock,Medicine Lake,100.00,100.00,100.00,100.00,100.00,100.00,100.00,100.00,100.00
CUT,TotStock,Medina,100.00,100.00,100.00,100.00,100.00,100.00,100.00,100.00,100.00
CUT,TotStock,Mendota,100.00,100.00,100.00,100.00,100.00,100.00,100.00,100.00,100.00
CUT,TotStock,Mendota Heights,100.00,100.00,100.00,100.00,100.00,100.00,100.00,100.00,100.00
CUT,TotStock,Miesville,100.00,100.00,100.00,100.00,100.00,100.00,100.00,100.00,100.00
CUT,TotStock,Minneapolis,100.00,100.00,100.00,100.00,100.00,100.00,100.00,100.00,100.00
CUT,TotStock,Minnetonka,100.00,100.00,100.00,100.00,100.00,100.00,100.00,100.00,100.00
CUT,TotStock,Minnetonka Beach,100.00,100.00,100.00,100.00,100.00,100.00,100.00,100.00,100.00
CUT,TotStock,Minnetrista,100.00,100.00,100.00,100.00,100.00,100.00,100.00,100.00,100.00
CUT,TotStock,Mound,100.00,100.00,100.00,100.00,100.00,100.00,100.00,100.00,100.00
CUT,TotStock,Mounds View,100.00,100.00,100.00,100.00,100.00,100.00,100.00,100.00,100.00
CUT,TotStock,New Brighton,100.00,100.00,100.00,100.00,100.00,100.00,100.00,100.00,100.00
CUT,TotStock,New Germany,100.00,100.00,100.00,100.00,100.00,100.00,100.00,100.00,100.00
CUT,TotStock,New Hope,100.00,100.00,100.00,100.00,100.00,100.00,100.00,100.00,100.00
CUT,TotStock,New Market Twp.,100.00,100.00,100.00,100.00,100.00,100.00,100.00,100.00,100.00
CUT,TotStock,New Prague,100.00,100.00,100.00,100.00,100.00,100.00,100.00,100.00,100.00
CUT,TotStock,New Trier,100.00,100.00,100.00,100.00,100.00,100.00,100.00,100.00,100.00
CUT,TotStock,Newport,100.00,100.00,100.00,100.00,100.00,100.00,100.00,100.00,100.00
CUT,TotStock,Nininger Twp.,100.00,100.00,100.00,100.00,100.00,100.00,100.00,100.00,100.00
CUT,TotStock,North Oaks,100.00,100.00,100.00,100.00,100.00,100.00,100.00,100.00,100.00
CUT,TotStock,North St. Paul,100.00,100.00,100.00,100.00,100.00,100.00,100.00,100.00,100.00
CUT,TotStock,Northfield,100.00,100.00,100.00,100.00,100.00,100.00,100.00,100.00,100.00
CUT,TotStock,Norwood Young America,100.00,100.00,100.00,100.00,100.00,100.00,100.00,100.00,100.00
CUT,TotStock,Nowthen,100.00,100.00,100.00,100.00,100.00,100.00,100.00,100.00,100.00
CUT,TotStock,Oak Grove,100.00,100.00,100.00,100.00,100.00,100.00,100.00,100.00,100.00
CUT,TotStock,Oak Park Heights,100.00,100.00,100.00,100.00,100.00,100.00,100.00,100.00,100.00
CUT,TotStock,Oakdale,100.00,100.00,100.00,100.00,100.00,100.00,100.00,100.00,100.00
CUT,TotStock,Orono,100.00,100.00,100.00,100.00,100.00,100.00,100.00,100.00,100.00
CUT,TotStock,Osseo,100.00,100.00,100.00,100.00,100.00,100.00,100.00,100.00,100.00
CUT,TotStock,Pine Springs,100.00,100.00,100.00,100.00,100.00,100.00,100.00,100.00,100.00
CUT,TotStock,Plymouth,100.00,100.00,100.00,100.00,100.00,100.00,100.00,100.00,100.00
CUT,TotStock,Prior Lake,100.00,100.00,100.00,100.00,100.00,100.00,100.00,100.00,100.00
CUT,TotStock,Ramsey,100.00,100.00,100.00,100.00,100.00,100.00,100.00,100.00,100.00
CUT,TotStock,Randolph,100.00,100.00,100.00,100.00,100.00,100.00,100.00,100.00,100.00
CUT,TotStock,Randolph Twp.,100.00,100.00,100.00,100.00,100.00,100.00,100.00,100.00,100.00
CUT,TotStock,Ravenna Twp.,100.00,100.00,100.00,100.00,100.00,100.00,100.00,100.00,100.00
CUT,TotStock,Richfield,100.00,100.00,100.00,100.00,100.00,100.00,100.00,100.00,100.00
CUT,TotStock,Robbinsdale,100.00,100.00,100.00,100.00,100.00,100.00,100.00,100.00,100.00
CUT,TotStock,Rockford,100.00,100.00,100.00,100.00,100.00,100.00,100.00,100.00,100.00
CUT,TotStock,Rogers,100.00,100.00,100.00,100.00,100.00,100.00,100.00,100.00,100.00
CUT,TotStock,Rosemount,100.00,100.00,100.00,100.00,100.00,100.00,100.00,100.00,100.00
CUT,TotStock,Roseville,100.00,100.00,100.00,100.00,100.00,100.00,100.00,100.00,100.00
CUT,TotStock,San Francisco Twp.,100.00,100.00,100.00,100.00,100.00,100.00,100.00,100.00,100.00
CUT,TotStock,Sand Creek Twp.,100.00,100.00,100.00,100.00,100.00,100.00,100.00,100.00,100.00
CUT,TotStock,Savage,100.00,100.00,100.00,100.00,100.00,100.00,100.00,100.00,100.00
CUT,TotStock,Scandia,100.00,100.00,100.00,100.00,100.00,100.00,100.00,100.00,100.00
CUT,TotStock,Sciota Twp.,100.00,100.00,100.00,100.00,100.00,100.00,100.00,100.00,100.00
CUT,TotStock,Shakopee,100.00,100.00,100.00,100.00,100.00,100.00,100.00,100.00,100.00
CUT,TotStock,Shoreview,100.00,100.00,100.00,100.00,100.00,100.00,100.00,100.00,100.00
CUT,TotStock,Shorewood,100.00,100.00,100.00,100.00,100.00,100.00,100.00,100.00,100.00
CUT,TotStock,South St. Paul,100.00,100.00,100.00,100.00,100.00,100.00,100.00,100.00,100.00
CUT,TotStock,Spring Lake Park,100.00,100.00,100.00,100.00,100.00,100.00,100.00,100.00,100.00
CUT,TotStock,Spring Lake Park,100.00,100.00,100.00,100.00,100.00,100.00,100.00,100.00,100.00
CUT,TotStock,Spring Lake Twp.,100.00,100.00,100.00,100.00,100.00,100.00,100.00,100.00,100.00
CUT,TotStock,Spring Park,100.00,100.00,100.00,100.00,100.00,100.00,100.00,100.00,100.00
CUT,TotStock,St. Anthony,100.00,100.00,100.00,100.00,100.00,100.00,100.00,100.00,100.00
CUT,TotStock,St. Anthony,100.00,100.00,100.00,100.00,100.00,100.00,100.00,100.00,100.00
CUT,TotStock,St. Bonifacius,100.00,100.00,100.00,100.00,100.00,100.00,100.00,100.00,100.00
CUT,TotStock,St. Francis,100.00,100.00,100.00,100.00,100.00,100.00,100.00,100.00,100.00
CUT,TotStock,St. Lawrence Twp.,100.00,100.00,100.00,100.00,100.00,100.00,100.00,100.00,100.00
CUT,TotStock,St. Louis Park,100.00,100.00,100.00,100.00,100.00,100.00,100.00,100.00,100.00
CUT,TotStock,St. Marys Point,100.00,100.00,100.00,100.00,100.00,100.00,100.00,100.00,100.00
CUT,TotStock,St. Paul,100.00,100.00,100.00,100.00,100.00,100.00,100.00,100.00,100.00
CUT,TotStock,St. Paul Park,100.00,100.00,100.00,100.00,100.00,100.00,100.00,100.00,100.00
CUT,TotStock,Stillwater,100.00,100.00,100.00,100.00,100.00,100.00,100.00,100.00,100.00
CUT,TotStock,Stillwater Twp.,100.00,100.00,100.00,100.00,100.00,100.00,100.00,100.00,100.00
CUT,TotStock,Sunfish Lake,100.00,100.00,100.00,100.00,100.00,100.00,100.00,100.00,100.00
CUT,TotStock,Tonka Bay,100.00,100.00,100.00,100.00,100.00,100.00,100.00,100.00,100.00
CUT,TotStock,Vadnais Heights,100.00,100.00,100.00,100.00,100.00,100.00,100.00,100.00,100.00
CUT,TotStock,Vermillion,100.00,100.00,100.00,100.00,100.00,100.00,100.00,100.00,100.00
CUT,TotStock,Vermillion Twp.,100.00,100.00,100.00,100.00,100.00,100.00,100.00,100.00,100.00
CUT,TotStock,Victoria,100.00,100.00,100.00,100.00,100.00,100.00,100.00,100.00,100.00
CUT,TotStock,Waconia,100.00,100.00,100.00,100.00,100.00,100.00,100.00,100.00,100.00
CUT,TotStock,Waconia Twp.,100.00,100.00,100.00,100.00,100.00,100.00,100.00,100.00,100.00
CUT,TotStock,Waterford Twp.,100.00,100.00,100.00,100.00,100.00,100.00,100.00,100.00,100.00
CUT,TotStock,Watertown,100.00,100.00,100.00,100.00,100.00,100.00,100.00,100.00,100.00
CUT,TotStock,Watertown Twp.,100.00,100.00,100.00,100.00,100.00,100.00,100.00,100.00,100.00
CUT,TotStock,Wayzata,100.00,100.00,100.00,100.00,100.00,100.00,100.00,100.00,100.00
CUT,TotStock,West Lakeland Twp.,100.00,100.00,100.00,100.00,100.00,100.00,100.00,100.00,100.00
CUT,TotStock,West St. Paul,100.00,100.00,100.00,100.00,100.00,100.00,100.00,100.00,100.00
CUT,TotStock,White Bear Lake,100.00,100.00,100.00,100.00,100.00,100.00,100.00,100.00,100.00
CUT,TotStock,White Bear Lake,100.00,100.00,100.00,100.00,100.00,100.00,100.00,100.00,100.00
CUT,TotStock,White Bear Twp.,100.00,100.00,100.00,100.00,100.00,100.00,100.00,100.00,100.00
CUT,TotStock,Willernie,100.00,100.00,100.00,100.00,100.00,100.00,100.00,100.00,100.00
CUT,TotStock,Woodbury,100.00,100.00,100.00,100.00,100.00,100.00,100.00,100.00,100.00
CUT,TotStock,Woodland,100.00,100.00,100.00,100.00,100.00,100.00,100.00,100.00,100.00
CUT,TotStock,Young America Twp.,100.00,100.00,100.00,100.00,100.00,100.00,100.00,100.00,100.00
CUT,CIStock,Afton,100.00,100.00,100.00,99.64,98.69,96.03,92.53,89.83,87.61
CUT,CIStock,Andover,100.00,100.00,100.00,99.86,99.48,98.37,96.93,95.66,94.51
CUT,CIStock,Anoka,100.00,100.00,100.00,99.83,99.45,98.45,97.17,95.93,94.80
CUT,CIStock,Apple Valley,100.00,100.00,100.00,99.58,98.75,96.84,94.54,92.35,90.44
CUT,CIStock,Arden Hills,100.00,100.00,100.00,99.85,99.50,98.59,97.36,96.17,95.06
CUT,CIStock,Bayport,100.00,100.00,100.00,99.64,98.69,96.03,92.53,89.83,87.61
CUT,CIStock,Baytown Twp.,100.00,100.00,100.00,99.64,98.69,96.03,92.53,89.83,87.61
CUT,CIStock,Belle Plaine,100.00,100.00,100.00,99.90,99.63,98.71,97.20,95.95,94.78
CUT,CIStock,Belle Plaine Twp.,100.00,100.00,100.00,99.90,99.63,98.71,97.20,95.95,94.78
CUT,CIStock,Benton Twp.,100.00,100.00,100.00,99.67,98.74,96.01,92.25,89.37,86.96
CUT,CIStock,Bethel,100.00,100.00,100.00,99.83,99.45,98.45,97.17,95.93,94.80
CUT,CIStock,Birchwood Village,100.00,100.00,100.00,99.64,98.69,96.03,92.53,89.83,87.61
CUT,CIStock,Blaine,100.00,100.00,100.00,99.85,99.50,98.59,97.36,96.17,95.06
CUT,CIStock,Blaine,100.00,100.00,100.00,99.85,99.50,98.59,97.36,96.17,95.06
CUT,CIStock,Blakeley Twp.,100.00,100.00,100.00,99.90,99.63,98.71,97.20,95.95,94.78
CUT,CIStock,Bloomington,100.00,100.00,100.00,99.41,98.28,95.70,92.78,89.97,87.57
CUT,CIStock,Brooklyn Center,100.00,100.00,100.00,99.28,97.92,94.80,91.49,88.48,86.03
CUT,CIStock,Brooklyn Park,100.00,100.00,100.00,99.26,97.94,95.12,92.03,89.04,86.57
CUT,CIStock,Burnsville,100.00,100.00,100.00,99.55,98.72,96.86,94.62,92.44,90.52
CUT,CIStock,Camden Twp.,100.00,100.00,100.00,99.67,98.74,96.01,92.25,89.37,86.96
CUT,CIStock,Carver,100.00,100.00,100.00,99.67,98.74,96.01,92.25,89.37,86.96
CUT,CIStock,Castle Rock Twp.,100.00,100.00,100.00,99.71,98.99,97.00,94.48,92.32,90.46
CUT,CIStock,Cedar Lake Twp.,100.00,100.00,100.00,99.90,99.63,98.71,97.20,95.95,94.78
CUT,CIStock,Centerville,100.00,100.00,100.00,99.83,99.45,98.45,97.17,95.93,94.80
CUT,CIStock,Champlin,100.00,100.00,100.00,99.18,97.68,94.35,90.94,87.89,85.47
CUT,CIStock,Chanhassen,100.00,100.00,100.00,99.41,98.26,95.67,92.38,89.44,86.94
CUT,CIStock,Chanhassen,100.00,100.00,100.00,99.41,98.26,95.67,92.38,89.44,86.94
CUT,CIStock,Chaska,100.00,100.00,100.00,99.42,98.21,95.40,91.91,88.93,86.44
CUT,CIStock,Circle Pines,100.00,100.00,100.00,99.83,99.45,98.45,97.17,95.93,94.80
CUT,CIStock,Coates,100.00,100.00,100.00,99.71,98.99,97.00,94.48,92.32,90.46
CUT,CIStock,Cologne,100.00,100.00,100.00,99.67,98.74,96.01,92.25,89.37,86.96
CUT,CIStock,Columbia Heights,100.00,100.00,100.00,99.82,99.48,98.68,97.60,96.46,95.35
CUT,CIStock,Columbus,100.00,100.00,100.00,99.83,99.45,98.45,97.17,95.93,94.80
CUT,CIStock,Coon Rapids,100.00,100.00,100.00,99.81,99.42,98.52,97.35,96.15,95.01
CUT,CIStock,Corcoran,100.00,100.00,100.00,99.45,98.11,94.76,91.11,88.10,85.71
CUT,CIStock,Cottage Grove,100.00,100.00,100.00,99.37,98.21,95.65,92.52,89.76,87.46
CUT,CIStock,Credit River Twp.,100.00,100.00,100.00,99.90,99.63,98.71,97.20,95.95,94.78
CUT,CIStock,Crystal,100.00,100.00,100.00,99.47,98.26,95.37,92.08,89.12,86.67
CUT,CIStock,Dahlgren Twp.,100.00,100.00,100.00,99.67,98.74,96.01,92.25,89.37,86.96
CUT,CIStock,Dayton,100.00,100.00,100.00,99.45,98.11,94.76,91.11,88.10,85.71
CUT,CIStock,Deephaven,100.00,100.00,100.00,99.45,98.11,94.76,91.11,88.10,85.71
CUT,CIStock,Dellwood,100.00,100.00,100.00,99.64,98.69,96.03,92.53,89.83,87.61
CUT,CIStock,Denmark Twp.,100.00,100.00,100.00,99.64,98.69,96.03,92.53,89.83,87.61
CUT,CIStock,Douglas Twp.,100.00,100.00,100.00,99.71,98.99,97.00,94.48,92.32,90.46
CUT,CIStock,Eagan,100.00,100.00,100.00,99.63,98.84,96.99,94.72,92.56,90.66
CUT,CIStock,East Bethel,100.00,100.00,100.00,99.83,99.45,98.45,97.17,95.93,94.80
CUT,CIStock,Eden Prairie,100.00,100.00,100.00,99.38,98.11,95.25,92.06,89.09,86.63
CUT,CIStock,Edina,100.00,100.00,100.00,99.36,98.09,95.20,92.01,89.04,86.58
CUT,CIStock,Elko New Market,100.00,100.00,100.00,99.90,99.63,98.71,97.20,95.95,94.78
CUT,CIStock,Empire Twp.,100.00,100.00,100.00,99.71,98.99,97.00,94.48,92.32,90.46
CUT,CIStock,Eureka Twp.,100.00,100.00,100.00,99.71,98.99,97.00,94.48,92.32,90.46
CUT,CIStock,Excelsior,100.00,100.00,100.00,99.45,98.11,94.76,91.11,88.10,85.71
CUT,CIStock,Falcon Heights,100.00,100.00,100.00,99.85,99.50,98.59,97.36,96.17,95.06
CUT,CIStock,Farmington,100.00,100.00,100.00,99.71,98.99,97.00,94.48,92.32,90.46
CUT,CIStock,Forest Lake,100.00,100.00,100.00,99.39,98.22,95.52,92.26,89.48,87.20
CUT,CIStock,Fort Snelling UT,100.00,100.00,100.00,99.45,98.11,94.76,91.11,88.10,85.71
CUT,CIStock,Fridley,100.00,100.00,100.00,99.82,99.45,98.60,97.47,96.30,95.18
CUT,CIStock,Gem Lake,100.00,100.00,100.00,99.85,99.50,98.59,97.36,96.17,95.06
CUT,CIStock,Golden Valley,100.00,100.00,100.00,99.54,98.42,95.70,92.47,89.56,87.12
CUT,CIStock,Grant,100.00,100.00,100.00,99.64,98.69,96.03,92.53,89.83,87.61
CUT,CIStock,Greenfield,100.00,100.00,100.00,99.45,98.11,94.76,91.11,88.10,85.71
CUT,CIStock,Greenvale Twp.,100.00,100.00,100.00,99.71,98.99,97.00,94.48,92.32,90.46
CUT,CIStock,Greenwood,100.00,100.00,100.00,99.45,98.11,94.76,91.11,88.10,85.71
CUT,CIStock,Grey Cloud Island Twp.,100.00,100.00,100.00,99.64,98.69,96.03,92.53,89.83,87.61
CUT,CIStock,Ham Lake,100.00,100.00,100.00,99.83,99.45,98.45,97.17,95.93,94.80
CUT,CIStock,Hamburg,100.00,100.00,100.00,99.67,98.74,96.01,92.25,89.37,86.96
CUT,CIStock,Hampton,100.00,100.00,100.00,99.71,98.99,97.00,94.48,92.32,90.46
CUT,CIStock,Hampton Twp.,100.00,100.00,100.00,99.71,98.99,97.00,94.48,92.32,90.46
CUT,CIStock,Hancock Twp.,100.00,100.00,100.00,99.67,98.74,96.01,92.25,89.37,86.96
CUT,CIStock,Hanover,100.00,100.00,100.00,99.45,98.11,94.76,91.11,88.10,85.71
CUT,CIStock,Hastings,100.00,100.00,100.00,99.71,98.99,97.00,94.48,92.32,90.46
CUT,CIStock,Hastings,100.00,100.00,100.00,99.71,98.99,97.00,94.48,92.32,90.46
CUT,CIStock,Helena Twp.,100.00,100.00,100.00,99.90,99.63,98.71,97.20,95.95,94.78
CUT,CIStock,Hilltop,100.00,100.00,100.00,99.83,99.45,98.45,97.17,95.93,94.80
CUT,CIStock,Hollywood Twp.,100.00,100.00,100.00,99.67,98.74,96.01,92.25,89.37,86.96
CUT,CIStock,Hopkins,100.00,100.00,100.00,99.45,98.11,94.76,91.11,88.10,85.71
CUT,CIStock,Hugo,100.00,100.00,100.00,99.64,98.69,96.03,92.53,89.83,87.61
CUT,CIStock,Independence,100.00,100.00,100.00,99.45,98.11,94.76,91.11,88.10,85.71
CUT,CIStock,Inver Grove Heights,100.00,100.00,100.00,99.62,98.83,96.99,94.73,92.58,90.68
CUT,CIStock,Jackson Twp.,100.00,100.00,100.00,99.90,99.63,98.71,97.20,95.95,94.78
CUT,CIStock,Jordan,100.00,100.00,100.00,99.90,99.63,98.71,97.20,95.95,94.78
CUT,CIStock,Lake Elmo,100.00,100.00,100.00,99.64,98.69,96.03,92.53,89.83,87.61
CUT,CIStock,Lake St. Croix Beach,100.00,100.00,100.00,99.64,98.69,96.03,92.53,89.83,87.61
CUT,CIStock,Lakeland,100.00,100.00,100.00,99.64,98.69,96.03,92.53,89.83,87.61
CUT,CIStock,Lakeland Shores,100.00,100.00,100.00,99.64,98.69,96.03,92.53,89.83,87.61
CUT,CIStock,Laketown Twp.,100.00,100.00,100.00,99.67,98.74,96.01,100.00,100.00,100.00
CUT,CIStock,Lakeville,100.00,100.00,100.00,99.64,98.79,96.67,94.13,91.90,90.01
CUT,CIStock,Landfall,100.00,100.00,100.00,99.64,98.69,96.03,92.53,89.83,87.61
CUT,CIStock,Lauderdale,100.00,100.00,100.00,99.85,99.50,98.59,97.36,96.17,95.06
CUT,CIStock,Lexington,100.00,100.00,100.00,99.83,99.45,98.45,97.17,95.93,94.80
CUT,CIStock,Lilydale,100.00,100.00,100.00,99.71,98.99,97.00,94.48,92.32,90.46
CUT,CIStock,Lino Lakes,100.00,100.00,100.00,99.86,99.53,98.67,97.48,96.32,95.21
CUT,CIStock,Linwood Twp.,100.00,100.00,100.00,99.83,99.45,98.45,97.17,95.93,94.80
CUT,CIStock,Little Canada,100.00,100.00,100.00,99.85,99.50,98.59,97.36,96.17,95.06
CUT,CIStock,Long Lake,100.00,100.00,100.00,99.45,98.11,94.76,91.11,88.10,85.71
CUT,CIStock,Loretto,100.00,100.00,100.00,99.45,98.11,94.76,91.11,88.10,85.71
CUT,CIStock,Louisville Twp.,100.00,100.00,100.00,99.90,99.63,98.71,97.20,95.95,94.78
CUT,CIStock,Mahtomedi,100.00,100.00,100.00,99.64,98.69,96.03,92.53,89.83,87.61
CUT,CIStock,Maple Grove,100.00,100.00,100.00,99.31,97.92,94.86,91.56,88.55,86.10
CUT,CIStock,Maple Plain,100.00,100.00,100.00,99.45,98.11,94.76,91.11,88.10,85.71
CUT,CIStock,Maplewood,100.00,100.00,100.00,99.46,98.33,95.80,93.15,90.67,88.66
CUT,CIStock,Marine on St. Croix,100.00,100.00,100.00,99.64,98.69,96.03,92.53,89.83,87.61
CUT,CIStock,Marshan Twp.,100.00,100.00,100.00,99.71,98.99,97.00,94.48,92.32,90.46
CUT,CIStock,May Twp.,100.00,100.00,100.00,99.64,98.69,96.03,92.53,89.83,87.61
CUT,CIStock,Mayer,100.00,100.00,100.00,99.67,98.74,96.01,92.25,89.37,86.96
CUT,CIStock,Medicine Lake,100.00,100.00,100.00,99.45,98.11,94.76,91.11,88.10,85.71
CUT,CIStock,Medina,100.00,100.00,100.00,99.45,98.11,94.76,91.11,88.10,85.71
CUT,CIStock,Mendota,100.00,100.00,100.00,99.71,98.99,97.00,94.48,92.32,90.46
CUT,CIStock,Mendota Heights,100.00,100.00,100.00,99.71,98.99,97.00,94.48,92.32,90.46
CUT,CIStock,Miesville,100.00,100.00,100.00,99.71,98.99,97.00,94.48,92.32,90.46
CUT,CIStock,Minneapolis,100.00,100.00,100.00,99.50,98.49,96.22,93.49,90.76,88.37
CUT,CIStock,Minnetonka,100.00,100.00,100.00,99.37,98.03,94.95,91.61,88.61,86.17
CUT,CIStock,Minnetonka Beach,100.00,100.00,100.00,99.45,98.11,94.76,91.11,88.10,85.71
CUT,CIStock,Minnetrista,100.00,100.00,100.00,99.45,98.11,94.76,91.11,88.10,85.71
CUT,CIStock,Mound,100.00,100.00,100.00,99.45,98.11,94.76,91.11,88.10,85.71
CUT,CIStock,Mounds View,100.00,100.00,100.00,99.85,99.50,98.59,97.36,96.17,95.06
CUT,CIStock,New Brighton,100.00,100.00,100.00,99.45,98.35,95.92,93.35,90.89,88.87
CUT,CIStock,New Germany,100.00,100.00,100.00,99.67,98.74,96.01,92.25,89.37,86.96
CUT,CIStock,New Hope,100.00,100.00,100.00,99.46,98.25,95.40,92.15,89.20,86.75
CUT,CIStock,New Market Twp.,100.00,100.00,100.00,99.90,99.63,98.71,97.20,95.95,94.78
CUT,CIStock,New Prague,100.00,100.00,100.00,99.90,99.63,98.71,97.20,95.95,94.78
CUT,CIStock,New Trier,100.00,100.00,100.00,99.71,98.99,97.00,94.48,92.32,90.46
CUT,CIStock,Newport,100.00,100.00,100.00,99.64,98.69,96.03,92.53,89.83,87.61
CUT,CIStock,Nininger Twp.,100.00,100.00,100.00,99.71,98.99,97.00,94.48,92.32,90.46
CUT,CIStock,North Oaks,100.00,100.00,100.00,99.85,99.50,98.59,97.36,96.17,95.06
CUT,CIStock,North St. Paul,100.00,100.00,100.00,99.85,99.50,98.59,97.36,96.17,95.06
CUT,CIStock,Northfield,100.00,100.00,100.00,99.71,98.99,97.00,94.48,92.32,90.46
CUT,CIStock,Norwood Young America,100.00,100.00,100.00,99.67,98.74,96.01,92.25,89.37,86.96
CUT,CIStock,Nowthen,100.00,100.00,100.00,99.83,99.45,98.45,97.17,95.93,94.80
CUT,CIStock,Oak Grove,100.00,100.00,100.00,99.83,99.45,98.45,97.17,95.93,94.80
CUT,CIStock,Oak Park Heights,100.00,100.00,100.00,99.64,98.69,96.03,92.53,89.83,87.61
CUT,CIStock,Oakdale,100.00,100.00,100.00,99.40,98.18,95.25,91.79,89.00,86.75
CUT,CIStock,Orono,100.00,100.00,100.00,99.45,98.11,94.76,91.11,88.10,85.71
CUT,CIStock,Osseo,100.00,100.00,100.00,99.45,98.11,94.76,91.11,88.10,85.71
CUT,CIStock,Pine Springs,100.00,100.00,100.00,99.64,98.69,96.03,92.53,89.83,87.61
CUT,CIStock,Plymouth,100.00,100.00,100.00,99.34,98.00,94.98,91.69,88.69,86.24
CUT,CIStock,Prior Lake,100.00,100.00,100.00,99.78,99.40,98.52,97.23,95.93,94.67
CUT,CIStock,Ramsey,100.00,100.00,100.00,99.81,99.43,98.50,97.29,96.08,94.94
CUT,CIStock,Randolph,100.00,100.00,100.00,99.71,98.99,97.00,94.48,92.32,90.46
CUT,CIStock,Randolph Twp.,100.00,100.00,100.00,99.71,98.99,97.00,94.48,92.32,90.46
CUT,CIStock,Ravenna Twp.,100.00,100.00,100.00,99.71,98.99,97.00,94.48,92.32,90.46
CUT,CIStock,Richfield,100.00,100.00,100.00,99.23,97.91,95.17,92.15,89.17,86.69
CUT,CIStock,Robbinsdale,100.00,100.00,100.00,99.45,98.11,94.76,91.11,88.10,85.71
CUT,CIStock,Rockford,100.00,100.00,100.00,99.45,98.11,94.76,91.11,88.10,85.71
CUT,CIStock,Rogers,100.00,100.00,100.00,99.45,98.11,94.76,91.11,88.10,85.71
CUT,CIStock,Rosemount,100.00,100.00,100.00,99.65,98.87,96.92,94.55,92.37,90.47
CUT,CIStock,Roseville,100.00,100.00,100.00,99.55,98.55,96.26,93.71,91.29,89.27
CUT,CIStock,San Francisco Twp.,100.00,100.00,100.00,99.67,98.74,96.01,92.25,89.37,86.96
CUT,CIStock,Sand Creek Twp.,100.00,100.00,100.00,99.90,99.63,98.71,97.20,95.95,94.78
CUT,CIStock,Savage,100.00,100.00,100.00,99.80,99.39,98.39,96.95,95.60,94.32
CUT,CIStock,Scandia,100.00,100.00,100.00,99.64,98.69,96.03,92.53,89.83,87.61
CUT,CIStock,Sciota Twp.,100.00,100.00,100.00,99.71,98.99,97.00,94.48,92.32,90.46
CUT,CIStock,Shakopee,100.00,100.00,100.00,99.76,99.29,98.13,96.54,95.11,93.80
CUT,CIStock,Shoreview,100.00,100.00,100.00,99.51,98.44,95.96,93.33,90.87,88.86
CUT,CIStock,Shorewood,100.00,100.00,100.00,99.45,98.11,94.76,91.11,88.10,85.71
CUT,CIStock,South St. Paul,100.00,100.00,100.00,99.54,98.72,96.88,94.68,92.50,90.59
CUT,CIStock,Spring Lake Park,100.00,100.00,100.00,99.83,99.45,98.45,97.17,95.93,94.80
CUT,CIStock,Spring Lake Park,100.00,100.00,100.00,99.83,99.45,98.45,97.17,95.93,94.80
CUT,CIStock,Spring Lake Twp.,100.00,100.00,100.00,99.90,99.63,98.71,97.20,95.95,94.78
CUT,CIStock,Spring Park,100.00,100.00,100.00,99.45,98.11,94.76,91.11,88.10,85.71
CUT,CIStock,St. Anthony,100.00,100.00,100.00,99.45,98.11,94.76,91.11,88.10,85.71
CUT,CIStock,St. Anthony,100.00,100.00,100.00,99.45,98.11,94.76,91.11,88.10,85.71
CUT,CIStock,St. Bonifacius,100.00,100.00,100.00,99.45,98.11,94.76,91.11,88.10,85.71
CUT,CIStock,St. Francis,100.00,100.00,100.00,99.83,99.45,98.45,97.17,95.93,94.80
CUT,CIStock,St. Lawrence Twp.,100.00,100.00,100.00,99.90,99.63,98.71,97.20,95.95,94.78
CUT,CIStock,St. Louis Park,100.00,100.00,100.00,99.40,98.16,95.36,92.21,89.26,86.79
CUT,CIStock,St. Marys Point,100.00,100.00,100.00,99.64,98.69,96.03,92.53,89.83,87.61
CUT,CIStock,St. Paul,100.00,100.00,100.00,99.57,98.69,96.71,94.45,92.18,90.20
CUT,CIStock,St. Paul Park,100.00,100.00,100.00,99.64,98.69,96.03,92.53,89.83,87.61
CUT,CIStock,Stillwater,100.00,100.00,100.00,99.64,98.69,96.03,92.53,89.83,87.61
CUT,CIStock,Stillwater Twp.,100.00,100.00,100.00,99.64,98.69,96.03,92.53,89.83,87.61
CUT,CIStock,Sunfish Lake,100.00,100.00,100.00,99.71,98.99,97.00,94.48,92.32,90.46
CUT,CIStock,Tonka Bay,100.00,100.00,100.00,99.45,98.11,94.76,91.11,88.10,85.71
CUT,CIStock,Vadnais Heights,100.00,100.00,100.00,99.85,99.50,98.59,97.36,96.17,95.06
CUT,CIStock,Vermillion,100.00,100.00,100.00,99.71,98.99,97.00,94.48,92.32,90.46
CUT,CIStock,Vermillion Twp.,100.00,100.00,100.00,99.71,98.99,97.00,94.48,92.32,90.46
CUT,CIStock,Victoria,100.00,100.00,100.00,99.67,98.74,96.01,92.25,89.37,86.96
CUT,CIStock,Waconia,100.00,100.00,100.00,99.67,98.74,96.01,92.25,89.37,86.96
CUT,CIStock,Waconia Twp.,100.00,100.00,100.00,99.67,98.74,96.01,92.25,89.37,86.96
CUT,CIStock,Waterford Twp.,100.00,100.00,100.00,99.71,98.99,97.00,94.48,92.32,90.46
CUT,CIStock,Watertown,100.00,100.00,100.00,99.67,98.74,96.01,92.25,89.37,86.96
CUT,CIStock,Watertown Twp.,100.00,100.00,100.00,99.67,98.74,96.01,92.25,89.37,86.96
CUT,CIStock,Wayzata,100.00,100.00,100.00,99.45,98.11,94.76,91.11,88.10,85.71
CUT,CIStock,West Lakeland Twp.,100.00,100.00,100.00,99.64,98.69,96.03,92.53,89.83,87.61
CUT,CIStock,West St. Paul,100.00,100.00,100.00,99.55,98.76,97.07,94.98,92.84,90.94
CUT,CIStock,White Bear Lake,100.00,100.00,100.00,99.61,98.57,95.92,93.01,90.55,88.57
CUT,CIStock,White Bear Lake,100.00,100.00,100.00,99.61,98.57,95.92,93.01,90.55,88.57
CUT,CIStock,White Bear Twp.,100.00,100.00,100.00,99.85,99.50,98.59,97.36,96.17,95.06
CUT,CIStock,Willernie,100.00,100.00,100.00,99.64,98.69,96.03,92.53,89.83,87.61
CUT,CIStock,Woodbury,100.00,100.00,100.00,99.48,98.43,95.99,92.91,90.20,87.91
CUT,CIStock,Woodland,100.00,100.00,100.00,99.45,98.11,94.76,91.11,88.10,85.71
CUT,CIStock,Young America Twp.,100.00,100.00,100.00,99.60,97.86,92.45,92.56,89.73,87.37
CUT,BEVStock,Afton,0.00,0.00,0.00,0.36,1.31,3.97,7.47,10.17,12.39
CUT,BEVStock,Andover,0.00,0.00,0.00,0.14,0.52,1.63,3.07,4.34,5.49
CUT,BEVStock,Anoka,0.00,0.00,0.00,0.17,0.55,1.55,2.83,4.07,5.20
CUT,BEVStock,Apple Valley,0.00,0.00,0.00,0.42,1.25,3.16,5.46,7.65,9.56
CUT,BEVStock,Arden Hills,0.00,0.00,0.00,0.15,0.50,1.41,2.64,3.83,4.94
CUT,BEVStock,Bayport,0.00,0.00,0.00,0.36,1.31,3.97,7.47,10.17,12.39
CUT,BEVStock,Baytown Twp.,0.00,0.00,0.00,0.36,1.31,3.97,7.47,10.17,12.39
CUT,BEVStock,Belle Plaine,0.00,0.00,0.00,0.10,0.37,1.29,2.80,4.05,5.22
CUT,BEVStock,Belle Plaine Twp.,0.00,0.00,0.00,0.10,0.37,1.29,2.80,4.05,5.22
CUT,BEVStock,Benton Twp.,0.00,0.00,0.00,0.33,1.26,3.99,7.75,10.63,13.04
CUT,BEVStock,Bethel,0.00,0.00,0.00,0.17,0.55,1.55,2.83,4.07,5.20
CUT,BEVStock,Birchwood Village,0.00,0.00,0.00,0.36,1.31,3.97,7.47,10.17,12.39
CUT,BEVStock,Blaine,0.00,0.00,0.00,0.15,0.50,1.41,2.64,3.83,4.94
CUT,BEVStock,Blaine,0.00,0.00,0.00,0.15,0.50,1.41,2.64,3.83,4.94
CUT,BEVStock,Blakeley Twp.,0.00,0.00,0.00,0.10,0.37,1.29,2.80,4.05,5.22
CUT,BEVStock,Bloomington,0.00,0.00,0.00,0.59,1.72,4.30,7.22,10.03,12.43
CUT,BEVStock,Brooklyn Center,0.00,0.00,0.00,0.72,2.08,5.20,8.51,11.52,13.97
CUT,BEVStock,Brooklyn Park,0.00,0.00,0.00,0.74,2.06,4.88,7.97,10.96,13.43
CUT,BEVStock,Burnsville,0.00,0.00,0.00,0.45,1.28,3.14,5.38,7.56,9.48
CUT,BEVStock,Camden Twp.,0.00,0.00,0.00,0.33,1.26,3.99,7.75,10.63,13.04
CUT,BEVStock,Carver,0.00,0.00,0.00,0.33,1.26,3.99,7.75,10.63,13.04
CUT,BEVStock,Castle Rock Twp.,0.00,0.00,0.00,0.29,1.01,3.00,5.52,7.68,9.54
CUT,BEVStock,Cedar Lake Twp.,0.00,0.00,0.00,0.10,0.37,1.29,2.80,4.05,5.22
CUT,BEVStock,Centerville,0.00,0.00,0.00,0.17,0.55,1.55,2.83,4.07,5.20
CUT,BEVStock,Champlin,0.00,0.00,0.00,0.82,2.32,5.65,9.06,12.11,14.53
CUT,BEVStock,Chanhassen,0.00,0.00,0.00,0.59,1.74,4.33,7.62,10.56,13.06
CUT,BEVStock,Chanhassen,0.00,0.00,0.00,0.59,1.74,4.33,7.62,10.56,13.06
CUT,BEVStock,Chaska,0.00,0.00,0.00,0.58,1.79,4.60,8.09,11.07,13.56
CUT,BEVStock,Circle Pines,0.00,0.00,0.00,0.17,0.55,1.55,2.83,4.07,5.20
CUT,BEVStock,Coates,0.00,0.00,0.00,0.29,1.01,3.00,5.52,7.68,9.54
CUT,BEVStock,Cologne,0.00,0.00,0.00,0.33,1.26,3.99,7.75,10.63,13.04
CUT,BEVStock,Columbia Heights,0.00,0.00,0.00,0.18,0.52,1.32,2.40,3.54,4.65
CUT,BEVStock,Columbus,0.00,0.00,0.00,0.17,0.55,1.55,2.83,4.07,5.20
CUT,BEVStock,Coon Rapids,0.00,0.00,0.00,0.19,0.58,1.48,2.65,3.85,4.99
CUT,BEVStock,Corcoran,0.00,0.00,0.00,0.55,1.89,5.24,8.89,11.90,14.29
CUT,BEVStock,Cottage Grove,0.00,0.00,0.00,0.63,1.79,4.35,7.48,10.24,12.54
CUT,BEVStock,Credit River Twp.,0.00,0.00,0.00,0.10,0.37,1.29,2.80,4.05,5.22
CUT,BEVStock,Crystal,0.00,0.00,0.00,0.53,1.74,4.63,7.92,10.88,13.33
CUT,BEVStock,Dahlgren Twp.,0.00,0.00,0.00,0.33,1.26,3.99,7.75,10.63,13.04
CUT,BEVStock,Dayton,0.00,0.00,0.00,0.55,1.89,5.24,8.89,11.90,14.29
CUT,BEVStock,Deephaven,0.00,0.00,0.00,0.55,1.89,5.24,8.89,11.90,14.29
CUT,BEVStock,Dellwood,0.00,0.00,0.00,0.36,1.31,3.97,7.47,10.17,12.39
CUT,BEVStock,Denmark Twp.,0.00,0.00,0.00,0.36,1.31,3.97,7.47,10.17,12.39
CUT,BEVStock,Douglas Twp.,0.00,0.00,0.00,0.29,1.01,3.00,5.52,7.68,9.54
CUT,BEVStock,Eagan,0.00,0.00,0.00,0.37,1.16,3.01,5.28,7.44,9.34
CUT,BEVStock,East Bethel,0.00,0.00,0.00,0.17,0.55,1.55,2.83,4.07,5.20
CUT,BEVStock,Eden Prairie,0.00,0.00,0.00,0.62,1.89,4.75,7.94,10.91,13.37
CUT,BEVStock,Edina,0.00,0.00,0.00,0.64,1.91,4.80,7.99,10.96,13.42
CUT,BEVStock,Elko New Market,0.00,0.00,0.00,0.10,0.37,1.29,2.80,4.05,5.22
CUT,BEVStock,Empire Twp.,0.00,0.00,0.00,0.29,1.01,3.00,5.52,7.68,9.54
CUT,BEVStock,Eureka Twp.,0.00,0.00,0.00,0.29,1.01,3.00,5.52,7.68,9.54
CUT,BEVStock,Excelsior,0.00,0.00,0.00,0.55,1.89,5.24,8.89,11.90,14.29
CUT,BEVStock,Falcon Heights,0.00,0.00,0.00,0.15,0.50,1.41,2.64,3.83,4.94
CUT,BEVStock,Farmington,0.00,0.00,0.00,0.29,1.01,3.00,5.52,7.68,9.54
CUT,BEVStock,Forest Lake,0.00,0.00,0.00,0.61,1.78,4.48,7.74,10.52,12.80
CUT,BEVStock,Fort Snelling UT,0.00,0.00,0.00,0.55,1.89,5.24,8.89,11.90,14.29
CUT,BEVStock,Fridley,0.00,0.00,0.00,0.18,0.55,1.40,2.53,3.70,4.82
CUT,BEVStock,Gem Lake,0.00,0.00,0.00,0.15,0.50,1.41,2.64,3.83,4.94
CUT,BEVStock,Golden Valley,0.00,0.00,0.00,0.46,1.58,4.30,7.53,10.44,12.88
CUT,BEVStock,Grant,0.00,0.00,0.00,0.36,1.31,3.97,7.47,10.17,12.39
CUT,BEVStock,Greenfield,0.00,0.00,0.00,0.55,1.89,5.24,8.89,11.90,14.29
CUT,BEVStock,Greenvale Twp.,0.00,0.00,0.00,0.29,1.01,3.00,5.52,7.68,9.54
CUT,BEVStock,Greenwood,0.00,0.00,0.00,0.55,1.89,5.24,8.89,11.90,14.29
CUT,BEVStock,Grey Cloud Island Twp.,0.00,0.00,0.00,0.36,1.31,3.97,7.47,10.17,12.39
CUT,BEVStock,Ham Lake,0.00,0.00,0.00,0.17,0.55,1.55,2.83,4.07,5.20
CUT,BEVStock,Hamburg,0.00,0.00,0.00,0.33,1.26,3.99,7.75,10.63,13.04
CUT,BEVStock,Hampton,0.00,0.00,0.00,0.29,1.01,3.00,5.52,7.68,9.54
CUT,BEVStock,Hampton Twp.,0.00,0.00,0.00,0.29,1.01,3.00,5.52,7.68,9.54
CUT,BEVStock,Hancock Twp.,0.00,0.00,0.00,0.33,1.26,3.99,7.75,10.63,13.04
CUT,BEVStock,Hanover,0.00,0.00,0.00,0.55,1.89,5.24,8.89,11.90,14.29
CUT,BEVStock,Hastings,0.00,0.00,0.00,0.29,1.01,3.00,5.52,7.68,9.54
CUT,BEVStock,Hastings,0.00,0.00,0.00,0.29,1.01,3.00,5.52,7.68,9.54
CUT,BEVStock,Helena Twp.,0.00,0.00,0.00,0.10,0.37,1.29,2.80,4.05,5.22
CUT,BEVStock,Hilltop,0.00,0.00,0.00,0.17,0.55,1.55,2.83,4.07,5.20
CUT,BEVStock,Hollywood Twp.,0.00,0.00,0.00,0.33,1.26,3.99,7.75,10.63,13.04
CUT,BEVStock,Hopkins,0.00,0.00,0.00,0.55,1.89,5.24,8.89,11.90,14.29
CUT,BEVStock,Hugo,0.00,0.00,0.00,0.36,1.31,3.97,7.47,10.17,12.39
CUT,BEVStock,Independence,0.00,0.00,0.00,0.55,1.89,5.24,8.89,11.90,14.29
CUT,BEVStock,Inver Grove Heights,0.00,0.00,0.00,0.38,1.17,3.01,5.27,7.42,9.32
CUT,BEVStock,Jackson Twp.,0.00,0.00,0.00,0.10,0.37,1.29,2.80,4.05,5.22
CUT,BEVStock,Jordan,0.00,0.00,0.00,0.10,0.37,1.29,2.80,4.05,5.22
CUT,BEVStock,Lake Elmo,0.00,0.00,0.00,0.36,1.31,3.97,7.47,10.17,12.39
CUT,BEVStock,Lake St. Croix Beach,0.00,0.00,0.00,0.36,1.31,3.97,7.47,10.17,12.39
CUT,BEVStock,Lakeland,0.00,0.00,0.00,0.36,1.31,3.97,7.47,10.17,12.39
CUT,BEVStock,Lakeland Shores,0.00,0.00,0.00,0.36,1.31,3.97,7.47,10.17,12.39
CUT,BEVStock,Laketown Twp.,0.00,0.00,0.00,0.33,1.26,3.99,0.00,0.00,0.00
CUT,BEVStock,Lakeville,0.00,0.00,0.00,0.36,1.21,3.33,5.87,8.10,9.99
CUT,BEVStock,Landfall,0.00,0.00,0.00,0.36,1.31,3.97,7.47,10.17,12.39
CUT,BEVStock,Lauderdale,0.00,0.00,0.00,0.15,0.50,1.41,2.64,3.83,4.94
CUT,BEVStock,Lexington,0.00,0.00,0.00,0.17,0.55,1.55,2.83,4.07,5.20
CUT,BEVStock,Lilydale,0.00,0.00,0.00,0.29,1.01,3.00,5.52,7.68,9.54
CUT,BEVStock,Lino Lakes,0.00,0.00,0.00,0.14,0.47,1.33,2.52,3.68,4.79
CUT,BEVStock,Linwood Twp.,0.00,0.00,0.00,0.17,0.55,1.55,2.83,4.07,5.20
CUT,BEVStock,Little Canada,0.00,0.00,0.00,0.15,0.50,1.41,2.64,3.83,4.94
CUT,BEVStock,Long Lake,0.00,0.00,0.00,0.55,1.89,5.24,8.89,11.90,14.29
CUT,BEVStock,Loretto,0.00,0.00,0.00,0.55,1.89,5.24,8.89,11.90,14.29
CUT,BEVStock,Louisville Twp.,0.00,0.00,0.00,0.10,0.37,1.29,2.80,4.05,5.22
CUT,BEVStock,Mahtomedi,0.00,0.00,0.00,0.36,1.31,3.97,7.47,10.17,12.39
CUT,BEVStock,Maple Grove,0.00,0.00,0.00,0.69,2.08,5.14,8.44,11.45,13.90
CUT,BEVStock,Maple Plain,0.00,0.00,0.00,0.55,1.89,5.24,8.89,11.90,14.29
CUT,BEVStock,Maplewood,0.00,0.00,0.00,0.54,1.67,4.20,6.85,9.33,11.34
CUT,BEVStock,Marine on St. Croix,0.00,0.00,0.00,0.36,1.31,3.97,7.47,10.17,12.39
CUT,BEVStock,Marshan Twp.,0.00,0.00,0.00,0.29,1.01,3.00,5.52,7.68,9.54
CUT,BEVStock,May Twp.,0.00,0.00,0.00,0.36,1.31,3.97,7.47,10.17,12.39
CUT,BEVStock,Mayer,0.00,0.00,0.00,0.33,1.26,3.99,7.75,10.63,13.04
CUT,BEVStock,Medicine Lake,0.00,0.00,0.00,0.55,1.89,5.24,8.89,11.90,14.29
CUT,BEVStock,Medina,0.00,0.00,0.00,0.55,1.89,5.24,8.89,11.90,14.29
CUT,BEVStock,Mendota,0.00,0.00,0.00,0.29,1.01,3.00,5.52,7.68,9.54
CUT,BEVStock,Mendota Heights,0.00,0.00,0.00,0.29,1.01,3.00,5.52,7.68,9.54
CUT,BEVStock,Miesville,0.00,0.00,0.00,0.29,1.01,3.00,5.52,7.68,9.54
CUT,BEVStock,Minneapolis,0.00,0.00,0.00,0.50,1.51,3.78,6.51,9.24,11.63
CUT,BEVStock,Minnetonka,0.00,0.00,0.00,0.63,1.97,5.05,8.39,11.39,13.83
CUT,BEVStock,Minnetonka Beach,0.00,0.00,0.00,0.55,1.89,5.24,8.89,11.90,14.29
CUT,BEVStock,Minnetrista,0.00,0.00,0.00,0.55,1.89,5.24,8.89,11.90,14.29
CUT,BEVStock,Mound,0.00,0.00,0.00,0.55,1.89,5.24,8.89,11.90,14.29
CUT,BEVStock,Mounds View,0.00,0.00,0.00,0.15,0.50,1.41,2.64,3.83,4.94
CUT,BEVStock,New Brighton,0.00,0.00,0.00,0.55,1.65,4.08,6.65,9.11,11.13
CUT,BEVStock,New Germany,0.00,0.00,0.00,0.33,1.26,3.99,7.75,10.63,13.04
CUT,BEVStock,New Hope,0.00,0.00,0.00,0.54,1.75,4.60,7.85,10.80,13.25
CUT,BEVStock,New Market Twp.,0.00,0.00,0.00,0.10,0.37,1.29,2.80,4.05,5.22
CUT,BEVStock,New Prague,0.00,0.00,0.00,0.10,0.37,1.29,2.80,4.05,5.22
CUT,BEVStock,New Trier,0.00,0.00,0.00,0.29,1.01,3.00,5.52,7.68,9.54
CUT,BEVStock,Newport,0.00,0.00,0.00,0.36,1.31,3.97,7.47,10.17,12.39
CUT,BEVStock,Nininger Twp.,0.00,0.00,0.00,0.29,1.01,3.00,5.52,7.68,9.54
CUT,BEVStock,North Oaks,0.00,0.00,0.00,0.15,0.50,1.41,2.64,3.83,4.94
CUT,BEVStock,North St. Paul,0.00,0.00,0.00,0.15,0.50,1.41,2.64,3.83,4.94
CUT,BEVStock,Northfield,0.00,0.00,0.00,0.29,1.01,3.00,5.52,7.68,9.54
CUT,BEVStock,Norwood Young America,0.00,0.00,0.00,0.33,1.26,3.99,7.75,10.63,13.04
CUT,BEVStock,Nowthen,0.00,0.00,0.00,0.17,0.55,1.55,2.83,4.07,5.20
CUT,BEVStock,Oak Grove,0.00,0.00,0.00,0.17,0.55,1.55,2.83,4.07,5.20
CUT,BEVStock,Oak Park Heights,0.00,0.00,0.00,0.36,1.31,3.97,7.47,10.17,12.39
CUT,BEVStock,Oakdale,0.00,0.00,0.00,0.60,1.82,4.75,8.21,11.00,13.25
CUT,BEVStock,Orono,0.00,0.00,0.00,0.55,1.89,5.24,8.89,11.90,14.29
CUT,BEVStock,Osseo,0.00,0.00,0.00,0.55,1.89,5.24,8.89,11.90,14.29
CUT,BEVStock,Pine Springs,0.00,0.00,0.00,0.36,1.31,3.97,7.47,10.17,12.39
CUT,BEVStock,Plymouth,0.00,0.00,0.00,0.66,2.00,5.02,8.31,11.31,13.76
CUT,BEVStock,Prior Lake,0.00,0.00,0.00,0.22,0.60,1.48,2.77,4.07,5.33
CUT,BEVStock,Ramsey,0.00,0.00,0.00,0.19,0.57,1.50,2.71,3.92,5.06
CUT,BEVStock,Randolph,0.00,0.00,0.00,0.29,1.01,3.00,5.52,7.68,9.54
CUT,BEVStock,Randolph Twp.,0.00,0.00,0.00,0.29,1.01,3.00,5.52,7.68,9.54
CUT,BEVStock,Ravenna Twp.,0.00,0.00,0.00,0.29,1.01,3.00,5.52,7.68,9.54
CUT,BEVStock,Richfield,0.00,0.00,0.00,0.77,2.09,4.83,7.85,10.83,13.31
CUT,BEVStock,Robbinsdale,0.00,0.00,0.00,0.55,1.89,5.24,8.89,11.90,14.29
CUT,BEVStock,Rockford,0.00,0.00,0.00,0.55,1.89,5.24,8.89,11.90,14.29
CUT,BEVStock,Rogers,0.00,0.00,0.00,0.55,1.89,5.24,8.89,11.90,14.29
CUT,BEVStock,Rosemount,0.00,0.00,0.00,0.35,1.13,3.08,5.45,7.63,9.53
CUT,BEVStock,Roseville,0.00,0.00,0.00,0.45,1.45,3.74,6.29,8.71,10.73
CUT,BEVStock,San Francisco Twp.,0.00,0.00,0.00,0.33,1.26,3.99,7.75,10.63,13.04
CUT,BEVStock,Sand Creek Twp.,0.00,0.00,0.00,0.10,0.37,1.29,2.80,4.05,5.22
CUT,BEVStock,Savage,0.00,0.00,0.00,0.20,0.61,1.61,3.05,4.40,5.68
CUT,BEVStock,Scandia,0.00,0.00,0.00,0.36,1.31,3.97,7.47,10.17,12.39
CUT,BEVStock,Sciota Twp.,0.00,0.00,0.00,0.29,1.01,3.00,5.52,7.68,9.54
CUT,BEVStock,Shakopee,0.00,0.00,0.00,0.24,0.71,1.87,3.46,4.89,6.20
CUT,BEVStock,Shoreview,0.00,0.00,0.00,0.49,1.56,4.04,6.67,9.13,11.14
CUT,BEVStock,Shorewood,0.00,0.00,0.00,0.55,1.89,5.24,8.89,11.90,14.29
CUT,BEVStock,South St. Paul,0.00,0.00,0.00,0.46,1.28,3.12,5.32,7.50,9.41
CUT,BEVStock,Spring Lake Park,0.00,0.00,0.00,0.17,0.55,1.55,2.83,4.07,5.20
CUT,BEVStock,Spring Lake Park,0.00,0.00,0.00,0.17,0.55,1.55,2.83,4.07,5.20
CUT,BEVStock,Spring Lake Twp.,0.00,0.00,0.00,0.10,0.37,1.29,2.80,4.05,5.22
CUT,BEVStock,Spring Park,0.00,0.00,0.00,0.55,1.89,5.24,8.89,11.90,14.29
CUT,BEVStock,St. Anthony,0.00,0.00,0.00,0.55,1.89,5.24,8.89,11.90,14.29
CUT,BEVStock,St. Anthony,0.00,0.00,0.00,0.55,1.89,5.24,8.89,11.90,14.29
CUT,BEVStock,St. Bonifacius,0.00,0.00,0.00,0.55,1.89,5.24,8.89,11.90,14.29
CUT,BEVStock,St. Francis,0.00,0.00,0.00,0.17,0.55,1.55,2.83,4.07,5.20
CUT,BEVStock,St. Lawrence Twp.,0.00,0.00,0.00,0.10,0.37,1.29,2.80,4.05,5.22
CUT,BEVStock,St. Louis Park,0.00,0.00,0.00,0.60,1.84,4.64,7.79,10.74,13.21
CUT,BEVStock,St. Marys Point,0.00,0.00,0.00,0.36,1.31,3.97,7.47,10.17,12.39
CUT,BEVStock,St. Paul,0.00,0.00,0.00,0.43,1.31,3.29,5.55,7.82,9.80
CUT,BEVStock,St. Paul Park,0.00,0.00,0.00,0.36,1.31,3.97,7.47,10.17,12.39
CUT,BEVStock,Stillwater,0.00,0.00,0.00,0.36,1.31,3.97,7.47,10.17,12.39
CUT,BEVStock,Stillwater Twp.,0.00,0.00,0.00,0.36,1.31,3.97,7.47,10.17,12.39
CUT,BEVStock,Sunfish Lake,0.00,0.00,0.00,0.29,1.01,3.00,5.52,7.68,9.54
CUT,BEVStock,Tonka Bay,0.00,0.00,0.00,0.55,1.89,5.24,8.89,11.90,14.29
CUT,BEVStock,Vadnais Heights,0.00,0.00,0.00,0.15,0.50,1.41,2.64,3.83,4.94
CUT,BEVStock,Vermillion,0.00,0.00,0.00,0.29,1.01,3.00,5.52,7.68,9.54
CUT,BEVStock,Vermillion Twp.,0.00,0.00,0.00,0.29,1.01,3.00,5.52,7.68,9.54
CUT,BEVStock,Victoria,0.00,0.00,0.00,0.33,1.26,3.99,7.75,10.63,13.04
CUT,BEVStock,Waconia,0.00,0.00,0.00,0.33,1.26,3.99,7.75,10.63,13.04
CUT,BEVStock,Waconia Twp.,0.00,0.00,0.00,0.33,1.26,3.99,7.75,10.63,13.04
CUT,BEVStock,Waterford Twp.,0.00,0.00,0.00,0.29,1.01,3.00,5.52,7.68,9.54
CUT,BEVStock,Watertown,0.00,0.00,0.00,0.33,1.26,3.99,7.75,10.63,13.04
CUT,BEVStock,Watertown Twp.,0.00,0.00,0.00,0.33,1.26,3.99,7.75,10.63,13.04
CUT,BEVStock,Wayzata,0.00,0.00,0.00,0.55,1.89,5.24,8.89,11.90,14.29
CUT,BEVStock,West Lakeland Twp.,0.00,0.00,0.00,0.36,1.31,3.97,7.47,10.17,12.39
CUT,BEVStock,West St. Paul,0.00,0.00,0.00,0.45,1.24,2.93,5.02,7.16,9.06
CUT,BEVStock,White Bear Lake,0.00,0.00,0.00,0.39,1.43,4.08,6.99,9.45,11.43
CUT,BEVStock,White Bear Lake,0.00,0.00,0.00,0.39,1.43,4.08,6.99,9.45,11.43
CUT,BEVStock,White Bear Twp.,0.00,0.00,0.00,0.15,0.50,1.41,2.64,3.83,4.94
CUT,BEVStock,Willernie,0.00,0.00,0.00,0.36,1.31,3.97,7.47,10.17,12.39
CUT,BEVStock,Woodbury,0.00,0.00,0.00,0.52,1.57,4.01,7.09,9.80,12.09
CUT,BEVStock,Woodland,0.00,0.00,0.00,0.55,1.89,5.24,8.89,11.90,14.29
CUT,BEVStock,Young America Twp.,0.00,0.00,0.00,0.40,2.14,7.55,7.44,10.27,12.63
CUT,CIMPG,All,128.21,130.20,131.53,139.29,151.71,163.85,171.87,179.89,187.90
CUT,BEVElec,All,23.28,23.28,23.28,23.28,23.28,23.28,23.28,23.28,23.28
CUT,AVO,All,1.00,1.00,1.00,1.00,1.00,1.00,1.00,1.00,1.00
CUT,TMT,Afton,29995.73,32789.86,34652.62,37242.35,39751.19,42052.32,44947.28,47842.24,50737.21
CUT,TMT,Andover,88073.77,96277.94,101747.39,109351.36,116717.85,123474.46,131974.67,140474.89,148975.11
CUT,TMT,Anoka,5562.41,6080.55,6425.98,6906.22,7371.46,7798.18,8335.03,8871.87,9408.71
CUT,TMT,Apple Valley,115688.09,126464.56,133648.88,143636.98,153313.12,162188.18,173353.52,184518.87,195684.21
CUT,TMT,Arden Hills,227602.11,248803.51,262937.78,282588.14,301624.76,319085.34,341051.78,363018.23,384984.68
CUT,TMT,Bayport,1286.53,1406.37,1486.27,1597.34,1704.95,1803.64,1927.81,2051.97,2176.14
CUT,TMT,Baytown Twp.,10826.63,11835.14,12507.48,13442.21,14347.75,15178.32,16223.22,17268.13,18313.03
CUT,TMT,Belle Plaine,31468.33,34399.65,36353.85,39070.72,41702.73,44116.83,47153.92,50191.00,53228.09
CUT,TMT,Belle Plaine Twp.,34303.70,37499.12,39629.41,42591.07,45460.23,48091.85,51402.58,54713.32,58024.05
CUT,TMT,Benton Twp.,23272.99,25440.89,26886.16,28895.47,30842.02,32627.42,34873.55,37119.68,39365.82
CUT,TMT,Bethel,600.21,656.12,693.39,745.21,795.41,841.46,899.38,957.31,1015.24
CUT,TMT,Birchwood Village,0.00,0.00,0.00,0.00,0.00,0.00,0.00,0.00,0.00
CUT,TMT,Blaine,178288.70,194896.50,205968.36,221361.17,236273.23,249950.71,267157.79,284364.88,301571.97
CUT,TMT,Blaine,178288.70,194896.50,205968.36,221361.17,236273.23,249950.71,267157.79,284364.88,301571.97
CUT,TMT,Blakeley Twp.,26132.46,28566.73,30189.57,32445.76,34631.47,36636.24,39158.34,41680.45,44202.56
CUT,TMT,Bloomington,351235.32,383953.29,405765.28,436089.68,465466.98,492412.12,526310.72,560209.31,594107.91
CUT,TMT,Brooklyn Center,87008.90,95113.87,100517.19,108029.23,115306.65,121981.57,130379.01,138776.46,147173.90
CUT,TMT,Brooklyn Park,100549.09,109915.35,116159.53,124840.58,133250.50,140964.16,150668.40,160372.64,170076.88
CUT,TMT,Burnsville,478175.84,522718.47,552413.56,593697.56,633692.15,670375.58,716525.52,762675.46,808825.40
CUT,TMT,Camden Twp.,8415.49,9199.40,9722.01,10448.58,11152.45,11798.05,12610.25,13422.45,14234.65
CUT,TMT,Carver,0.00,0.00,0.00,0.00,0.00,0.00,0.00,0.00,0.00
CUT,TMT,Castle Rock Twp.,3351.80,3664.02,3872.17,4161.56,4441.90,4699.03,5022.53,5346.02,5669.51
CUT,TMT,Cedar Lake Twp.,6376.35,6970.32,7366.29,7916.80,8450.12,8939.29,9554.68,10170.08,10785.48
CUT,TMT,Centerville,20942.27,22893.06,24193.59,26001.67,27753.28,29359.88,31381.07,33402.26,35423.45
CUT,TMT,Champlin,11460.60,12528.17,13239.88,14229.35,15187.91,16067.12,17173.21,18279.30,19385.39
CUT,TMT,Chanhassen,67284.87,73552.54,77730.98,83540.12,89167.82,94329.60,100823.43,107317.26,113811.09
CUT,TMT,Chanhassen,67284.87,73552.54,77730.98,83540.12,89167.82,94329.60,100823.43,107317.26,113811.09
CUT,TMT,Chaska,48769.93,53312.91,56341.56,60552.18,64631.29,68372.70,73079.60,77786.51,82493.42
CUT,TMT,Circle Pines,0.00,0.00,0.00,0.00,0.00,0.00,0.00,0.00,0.00
CUT,TMT,Coates,60297.39,65914.16,69658.68,74864.54,79907.81,84533.54,90352.99,96172.44,101991.90
CUT,TMT,Cologne,4977.85,5441.55,5750.68,6180.45,6596.79,6978.67,7459.10,7939.52,8419.95
CUT,TMT,Columbia Heights,0.00,0.00,0.00,0.00,0.00,0.00,0.00,0.00,0.00
CUT,TMT,Columbus,69181.74,75626.10,79922.34,85895.25,91681.60,96988.90,103665.81,110342.71,117019.61
CUT,TMT,Coon Rapids,77762.69,85006.37,89835.49,96549.25,103053.31,109018.90,116523.97,124029.04,131534.11
CUT,TMT,Corcoran,105466.68,115291.02,121840.58,130946.20,139767.42,147858.34,158037.19,168216.04,178394.89
CUT,TMT,Cottage Grove,45440.18,49672.99,52494.86,56418.00,60218.61,63704.57,68090.12,72475.66,76861.21
CUT,TMT,Credit River Twp.,31748.10,34705.47,36677.05,39418.07,42073.48,44509.04,47573.13,50637.22,53701.31
CUT,TMT,Crystal,0.00,0.00,0.00,0.00,0.00,0.00,0.00,0.00,0.00
CUT,TMT,Dahlgren Twp.,68706.08,75106.13,79372.83,85304.67,91051.24,96322.05,102953.05,109584.04,116215.04
CUT,TMT,Dayton,111771.31,122182.93,129124.02,138773.95,148122.50,156697.07,167484.40,178271.73,189059.05
CUT,TMT,Deephaven,0.00,0.00,0.00,0.00,0.00,0.00,0.00,0.00,0.00
CUT,TMT,Dellwood,661.72,723.36,764.45,821.58,876.93,927.69,991.55,1055.42,1119.28
CUT,TMT,Denmark Twp.,22556.59,24657.76,26058.54,28006.00,29892.63,31623.06,33800.06,35977.05,38154.04
CUT,TMT,Douglas Twp.,31328.84,34247.16,36192.70,38897.52,41517.86,43921.27,46944.89,49968.51,52992.14
CUT,TMT,Eagan,178670.17,195313.50,206409.05,221834.80,236778.76,250485.50,267729.41,284973.31,302217.21
CUT,TMT,East Bethel,52054.91,56903.88,60136.53,64630.77,68984.64,72978.05,78002.00,83025.95,88049.89
CUT,TMT,Eden Prairie,180637.85,197464.48,208682.23,224277.86,239386.39,253244.09,270677.90,288111.71,305545.52
CUT,TMT,Edina,69018.52,75447.68,79733.78,85692.60,91465.30,96760.08,103421.23,110082.38,116743.53
CUT,TMT,Elko New Market,0.00,0.00,0.00,0.00,0.00,0.00,0.00,0.00,0.00
CUT,TMT,Empire Twp.,0.00,0.00,0.00,0.00,0.00,0.00,0.00,0.00,0.00
CUT,TMT,Eureka Twp.,300.19,328.15,346.79,372.71,397.82,420.85,449.82,478.79,507.77
CUT,TMT,Excelsior,1201.31,1313.21,1387.81,1491.53,1592.01,1684.17,1800.11,1916.05,2031.99
CUT,TMT,Falcon Heights,0.00,0.00,0.00,0.00,0.00,0.00,0.00,0.00,0.00
CUT,TMT,Farmington,4888.34,5343.69,5647.26,6069.30,6478.16,6853.18,7324.96,7796.75,8268.53
CUT,TMT,Forest Lake,99449.14,108712.95,114888.81,123474.90,131792.82,139422.09,149020.18,158618.26,168216.35
CUT,TMT,Fort Snelling UT,0.00,0.00,0.00,0.00,0.00,0.00,0.00,0.00,0.00
CUT,TMT,Fridley,94353.72,103142.88,109002.31,117148.48,125040.22,132278.59,141384.91,150491.22,159597.53
CUT,TMT,Gem Lake,0.00,0.00,0.00,0.00,0.00,0.00,0.00,0.00,0.00
CUT,TMT,Golden Valley,170249.30,186108.22,196680.84,211379.55,225619.19,238679.93,255111.11,271542.30,287973.48
CUT,TMT,Grant,30207.07,33020.90,34896.78,37504.75,40031.27,42348.62,45263.98,48179.34,51094.70
CUT,TMT,Greenfield,19219.10,21009.38,22202.90,23862.20,25469.69,26944.09,28798.97,30653.85,32508.74
CUT,TMT,Greenvale Twp.,728.61,796.48,841.72,904.63,965.57,1021.46,1091.78,1162.10,1232.42
CUT,TMT,Greenwood,0.00,0.00,0.00,0.00,0.00,0.00,0.00,0.00,0.00
CUT,TMT,Grey Cloud Island Twp.,0.00,0.00,0.00,0.00,0.00,0.00,0.00,0.00,0.00
CUT,TMT,Ham Lake,25418.58,27786.35,29364.87,31559.42,33685.43,35635.42,38088.63,40541.84,42995.05
CUT,TMT,Hamburg,312.13,341.21,360.59,387.54,413.64,437.59,467.71,497.84,527.96
CUT,TMT,Hampton,0.00,0.00,0.00,0.00,0.00,0.00,0.00,0.00,0.00
CUT,TMT,Hampton Twp.,90014.16,98399.08,103989.03,111760.53,119289.31,126194.77,134882.26,143569.75,152257.25
CUT,TMT,Hancock Twp.,49.94,54.59,57.69,62.00,66.18,70.01,74.83,79.65,84.47
CUT,TMT,Hanover,6724.54,7350.94,7768.53,8349.11,8911.55,9427.42,10076.42,10725.43,11374.43
CUT,TMT,Hastings,26176.13,28614.46,30240.02,32499.97,34689.34,36697.45,39223.78,41750.10,44276.42
CUT,TMT,Hastings,26176.13,28614.46,30240.02,32499.97,34689.34,36697.45,39223.78,41750.10,44276.42
CUT,TMT,Helena Twp.,1995.56,2181.45,2305.38,2477.67,2644.58,2797.67,2990.26,3182.86,3375.46
CUT,TMT,Hilltop,0.00,0.00,0.00,0.00,0.00,0.00,0.00,0.00,0.00
CUT,TMT,Hollywood Twp.,21511.97,23515.83,24851.74,26709.01,28508.27,30158.57,32234.74,34310.91,36387.09
CUT,TMT,Hopkins,18190.17,19884.60,21014.23,22584.70,24106.12,25501.59,27257.17,29012.75,30768.32
CUT,TMT,Hugo,17281.78,18891.59,19964.81,21456.85,22902.30,24228.08,25895.98,27563.89,29231.80
CUT,TMT,Independence,28429.89,31078.17,32843.69,35298.23,37676.10,39857.11,42600.95,45344.79,48088.63
CUT,TMT,Inver Grove Heights,216445.22,236607.35,250048.76,268735.87,286839.33,303444.00,324333.67,345223.34,366113.01
CUT,TMT,Jackson Twp.,37377.71,40859.48,43180.67,46407.73,49533.99,52401.44,56008.85,59616.27,63223.69
CUT,TMT,Jordan,14055.00,15364.24,16237.07,17450.52,18626.08,19704.32,21060.80,22417.28,23773.77
CUT,TMT,Lake Elmo,13490.90,14747.59,15585.39,16750.15,17878.52,18913.48,20215.52,21517.56,22819.60
CUT,TMT,Lake St. Croix Beach,0.00,0.00,0.00,0.00,0.00,0.00,0.00,0.00,0.00
CUT,TMT,Lakeland,31874.44,34843.59,36823.01,39574.94,42240.92,44686.18,47762.46,50838.74,53915.02
CUT,TMT,Lakeland Shores,0.00,0.00,0.00,0.00,0.00,0.00,0.00,0.00,0.00
CUT,TMT,Laketown Twp.,180.05,196.82,208.01,223.55,238.61,252.42,269.80,287.18,304.56
CUT,TMT,Lakeville,190970.87,208760.02,220619.46,237107.20,253079.99,267730.39,286161.46,304592.54,323023.61
CUT,TMT,Landfall,0.00,0.00,0.00,0.00,0.00,0.00,0.00,0.00,0.00
CUT,TMT,Lauderdale,2648.76,2895.50,3059.99,3288.67,3510.22,3713.42,3969.06,4224.69,4480.33
CUT,TMT,Lexington,0.00,0.00,0.00,0.00,0.00,0.00,0.00,0.00,0.00
CUT,TMT,Lilydale,1054.18,1152.38,1217.85,1308.86,1397.03,1477.90,1579.65,1681.39,1783.13
CUT,TMT,Lino Lakes,117543.62,128492.94,135792.49,145940.79,155772.13,164789.53,176133.96,187478.39,198822.81
CUT,TMT,Linwood Twp.,27599.26,30170.17,31884.10,34266.92,36575.32,38692.61,41356.29,44019.96,46683.63
CUT,TMT,Little Canada,74326.36,81249.94,85865.67,92282.74,98499.39,104201.36,111374.78,118548.20,125721.63
CUT,TMT,Long Lake,8231.26,8998.01,9509.18,10219.84,10908.30,11539.76,12334.18,13128.60,13923.02
CUT,TMT,Loretto,3928.61,4294.57,4538.54,4877.72,5206.31,5507.70,5886.86,6266.02,6645.18
CUT,TMT,Louisville Twp.,4407.04,4817.56,5091.24,5471.73,5840.33,6178.42,6603.75,7029.09,7454.42
CUT,TMT,Mahtomedi,1872.81,2047.27,2163.57,2325.26,2481.91,2625.58,2806.33,2987.08,3167.83
CUT,TMT,Maple Grove,191692.23,209548.59,221452.82,238002.85,254035.97,268741.71,287242.40,305743.10,324243.79
CUT,TMT,Maple Plain,8233.42,9000.38,9511.68,10222.52,10911.17,11542.80,12337.42,13132.05,13926.68
CUT,TMT,Maplewood,97767.43,106874.58,112946.01,121386.90,129564.16,137064.43,146500.20,155935.98,165371.76
CUT,TMT,Marine on St. Croix,657.68,718.94,759.78,816.56,871.57,922.03,985.50,1048.98,1112.45
CUT,TMT,Marshan Twp.,25446.25,27816.60,29396.83,31593.77,33722.09,35674.21,38130.09,40585.97,43041.85
CUT,TMT,May Twp.,7263.90,7940.54,8391.64,9018.78,9626.33,10183.58,10884.64,11585.70,12286.75
CUT,TMT,Mayer,2319.39,2535.45,2679.48,2879.73,3073.73,3251.66,3475.51,3699.36,3923.21
CUT,TMT,Medicine Lake,0.00,0.00,0.00,0.00,0.00,0.00,0.00,0.00,0.00
CUT,TMT,Medina,25774.73,28175.68,29776.31,32001.61,34157.40,36134.72,38622.30,41109.89,43597.47
CUT,TMT,Mendota,0.00,0.00,0.00,0.00,0.00,0.00,0.00,0.00,0.00
CUT,TMT,Mendota Heights,88990.49,97280.05,102806.43,110489.55,117932.71,124759.65,133348.34,141937.04,150525.73
CUT,TMT,Miesville,0.00,0.00,0.00,0.00,0.00,0.00,0.00,0.00,0.00
CUT,TMT,Minneapolis,625826.15,684122.58,722986.87,777018.47,829362.52,877372.99,937773.03,998173.07,1058573.11
CUT,TMT,Minnetonka,257259.56,281223.59,297199.60,319410.48,340927.65,360663.40,385492.16,410320.93,435149.69
CUT,TMT,Minnetonka Beach,0.00,0.00,0.00,0.00,0.00,0.00,0.00,0.00,0.00
CUT,TMT,Minnetrista,22444.33,24535.05,25928.86,27866.62,29743.87,31465.69,33631.85,35798.01,37964.17
CUT,TMT,Mound,1851.53,2024.01,2138.99,2298.84,2453.70,2595.75,2774.44,2953.14,3131.83
CUT,TMT,Mounds View,9467.05,10348.91,10936.82,11754.18,12546.00,13272.27,14185.95,15099.64,16013.33
CUT,TMT,New Brighton,111940.28,122367.64,129319.22,138983.74,148346.42,156933.96,167737.59,178541.23,189344.86
CUT,TMT,New Germany,1972.91,2156.69,2279.21,2449.55,2614.56,2765.91,2956.33,3146.74,3337.15
CUT,TMT,New Hope,0.00,0.00,0.00,0.00,0.00,0.00,0.00,0.00,0.00
CUT,TMT,New Market Twp.,203880.89,222872.64,235533.80,253136.15,270188.73,285829.52,305506.58,325183.63,344860.68
CUT,TMT,New Prague,3304.80,3612.65,3817.88,4103.20,4379.61,4633.14,4952.10,5271.05,5590.01
CUT,TMT,New Trier,1938.26,2118.82,2239.18,2406.53,2568.64,2717.34,2904.40,3091.47,3278.54
CUT,TMT,Newport,18988.32,20757.11,21936.30,23575.68,25163.86,26620.56,28453.17,30285.78,32118.39
CUT,TMT,Nininger Twp.,59720.00,65282.98,68991.64,74147.65,79142.63,83724.07,89487.80,95251.52,101015.25
CUT,TMT,North Oaks,0.00,0.00,0.00,0.00,0.00,0.00,0.00,0.00,0.00
CUT,TMT,North St. Paul,2860.09,3126.51,3304.13,3551.06,3790.28,4009.69,4285.72,4561.76,4837.79
CUT,TMT,Northfield,8.71,9.53,10.07,10.82,11.55,12.22,13.06,13.90,14.74
CUT,TMT,Norwood Young America,43096.19,47110.65,49786.96,53507.73,57112.29,60418.43,64577.76,68737.08,72896.40
CUT,TMT,Nowthen,37796.78,41317.59,43664.80,46928.04,50089.36,52988.95,56636.82,60284.68,63932.54
CUT,TMT,Oak Grove,31704.99,34658.35,36627.25,39364.55,42016.35,44448.61,47508.54,50568.47,53628.39
CUT,TMT,Oak Park Heights,4800.33,5247.49,5545.59,5960.03,6361.53,6729.79,7193.08,7656.37,8119.67
CUT,TMT,Oakdale,86966.55,95067.59,100468.28,107976.66,115250.53,121922.20,130315.56,138708.92,147102.28
CUT,TMT,Orono,15402.59,16837.36,17793.87,19123.68,20411.95,21593.56,23080.11,24566.65,26053.19
CUT,TMT,Osseo,4139.67,4525.29,4782.36,5139.77,5486.01,5803.59,6203.12,6602.65,7002.18
CUT,TMT,Pine Springs,6539.96,7149.17,7555.30,8119.94,8666.94,9168.66,9799.84,10431.03,11062.22
CUT,TMT,Plymouth,329792.49,360513.04,380993.40,409466.51,437050.33,462350.48,494179.57,526008.67,557837.76
CUT,TMT,Prior Lake,158772.97,173562.86,183422.78,197130.68,210410.43,222590.76,237914.33,253237.91,268561.48
CUT,TMT,Ramsey,53019.08,57957.86,61250.39,65827.87,70262.38,74329.76,79446.76,84563.76,89680.76
CUT,TMT,Randolph,0.00,0.00,0.00,0.00,0.00,0.00,0.00,0.00,0.00
CUT,TMT,Randolph Twp.,81540.21,89135.77,94199.48,101239.38,108059.39,114314.78,122184.43,130054.08,137923.73
CUT,TMT,Ravenna Twp.,14652.18,16017.05,16926.96,18191.97,19417.48,20541.53,21955.65,23369.77,24783.88
CUT,TMT,Richfield,182449.14,199444.49,210774.72,226526.73,241786.76,255783.41,273392.03,291000.65,308609.27
CUT,TMT,Robbinsdale,24131.11,26378.95,27877.51,29960.90,31979.23,33830.45,36159.41,38488.36,40817.31
CUT,TMT,Rockford,838.70,916.82,968.90,1041.31,1111.46,1175.80,1256.75,1337.69,1418.64
CUT,TMT,Rogers,130041.99,142155.55,150231.25,161458.62,172335.32,182311.53,194862.21,207412.89,219963.56
CUT,TMT,Rosemount,229376.28,250742.95,264987.39,284790.92,303975.94,321572.62,343710.30,365847.98,387985.65
CUT,TMT,Roseville,126484.48,138266.66,146121.44,157041.66,167620.81,177324.12,189531.45,201738.78,213946.11
CUT,TMT,San Francisco Twp.,966.02,1056.00,1115.99,1199.39,1280.19,1354.30,1447.53,1540.76,1634.00
CUT,TMT,Sand Creek Twp.,61688.42,67434.77,71265.67,76591.63,81751.24,86483.69,92437.39,98391.10,104344.80
CUT,TMT,Savage,79583.25,86996.53,91938.71,98809.64,105465.98,111571.24,119252.02,126932.79,134613.57
CUT,TMT,Scandia,7732.11,8452.36,8932.53,9600.09,10246.81,10839.98,11586.22,12332.47,13078.71
CUT,TMT,Sciota Twp.,4801.68,5248.96,5547.15,5961.71,6363.32,6731.69,7195.11,7658.53,8121.95
CUT,TMT,Shakopee,267221.63,292113.63,308708.30,331779.26,354129.66,374629.66,400419.89,426210.11,452000.34
CUT,TMT,Shoreview,75922.43,82994.69,87709.53,94264.40,100614.55,106438.96,113766.42,121093.89,128421.35
CUT,TMT,Shorewood,20741.10,22673.16,23961.20,25751.91,27486.70,29077.86,31079.64,33081.41,35083.19
CUT,TMT,South St. Paul,23022.04,25166.57,26596.25,28583.89,30509.46,32275.60,34497.51,36719.43,38941.34
CUT,TMT,Spring Lake Park,9827.58,10743.03,11353.33,12201.80,13023.78,13777.71,14726.19,15674.68,16623.16
CUT,TMT,Spring Lake Park,9827.58,10743.03,11353.33,12201.80,13023.78,13777.71,14726.19,15674.68,16623.16
CUT,TMT,Spring Lake Twp.,4344.43,4749.11,5018.91,5393.99,5757.36,6090.64,6509.93,6929.22,7348.51
CUT,TMT,Spring Park,0.00,0.00,0.00,0.00,0.00,0.00,0.00,0.00,0.00
CUT,TMT,St. Anthony,0.00,0.00,0.00,0.00,0.00,0.00,0.00,0.00,0.00
CUT,TMT,St. Anthony,0.00,0.00,0.00,0.00,0.00,0.00,0.00,0.00,0.00
CUT,TMT,St. Bonifacius,313.26,342.44,361.89,388.94,415.14,439.17,469.40,499.64,529.87
CUT,TMT,St. Francis,71640.43,78313.82,82762.75,88947.93,94939.93,100435.85,107350.04,114264.24,121178.44
CUT,TMT,St. Lawrence Twp.,46579.34,50918.26,53810.87,57832.37,61728.26,65301.61,69797.10,74292.58,78788.07
CUT,TMT,St. Louis Park,64611.20,70629.81,74642.21,80220.51,85624.59,90581.26,96817.05,103052.84,109288.62
CUT,TMT,St. Marys Point,735.60,804.12,849.80,913.31,974.83,1031.26,1102.26,1173.25,1244.25
CUT,TMT,St. Paul,433818.60,474229.30,501169.77,538624.12,574908.68,608189.22,650058.14,691927.05,733795.97
CUT,TMT,St. Paul Park,8927.61,9759.23,10313.64,11084.42,11831.12,12516.01,13377.63,14239.26,15100.89
CUT,TMT,Stillwater,33435.16,36549.69,38626.04,41512.71,44309.23,46874.22,50101.13,53328.04,56554.95
CUT,TMT,Stillwater Twp.,2337.89,2555.67,2700.85,2902.70,3098.24,3277.59,3503.23,3728.87,3954.50
CUT,TMT,Sunfish Lake,0.00,0.00,0.00,0.00,0.00,0.00,0.00,0.00,0.00
CUT,TMT,Tonka Bay,0.00,0.00,0.00,0.00,0.00,0.00,0.00,0.00,0.00
CUT,TMT,Vadnais Heights,117318.38,128246.72,135532.28,145661.13,155473.63,164473.75,175796.44,187119.13,198441.82
CUT,TMT,Vermillion,0.00,0.00,0.00,0.00,0.00,0.00,0.00,0.00,0.00
CUT,TMT,Vermillion Twp.,24815.73,27127.34,28668.42,30810.92,32886.50,34790.25,37185.28,39580.31,41975.33
CUT,TMT,Victoria,18182.45,19876.17,21005.31,22575.12,24095.90,25490.77,27245.60,29000.44,30755.27
CUT,TMT,Waconia,17744.60,19397.53,20499.48,22031.49,23515.64,24876.93,26589.50,28302.08,30014.65
CUT,TMT,Waconia Twp.,9667.15,10567.66,11168.00,12002.62,12811.18,13552.80,14485.80,15418.80,16351.80
CUT,TMT,Waterford Twp.,6346.47,6937.65,7331.77,7879.70,8410.52,8897.39,9509.91,10122.42,10734.93
CUT,TMT,Watertown,260.59,284.86,301.05,323.54,345.34,365.33,390.48,415.63,440.78
CUT,TMT,Watertown Twp.,39923.22,43642.11,46121.38,49568.21,52907.38,55970.10,59823.19,63676.28,67529.37
CUT,TMT,Wayzata,27147.47,29676.29,31362.17,33705.99,35976.60,38059.23,40679.30,43299.37,45919.44
CUT,TMT,West Lakeland Twp.,108700.82,118826.43,125576.83,134961.67,144053.40,152392.42,162883.41,173374.40,183865.39
CUT,TMT,West St. Paul,28914.54,31607.97,33403.58,35899.96,38318.37,40536.56,43327.18,46117.79,48908.41
CUT,TMT,White Bear Lake,61460.29,67185.38,71002.11,76308.38,81448.91,86163.86,92095.54,98027.23,103958.91
CUT,TMT,White Bear Lake,61460.29,67185.38,71002.11,76308.38,81448.91,86163.86,92095.54,98027.23,103958.91
CUT,TMT,White Bear Twp.,62967.91,68833.44,72743.80,78180.22,83446.85,88277.46,94354.65,100431.84,106509.03
CUT,TMT,Willernie,3318.35,3627.46,3833.53,4120.02,4397.57,4652.14,4972.40,5292.66,5612.93
CUT,TMT,Woodbury,165177.60,180564.08,190821.74,205082.58,218898.03,231569.68,247511.38,263453.09,279394.79
CUT,TMT,Woodland,0.00,0.00,0.00,0.00,0.00,0.00,0.00,0.00,0.00
CUT,TMT,Young America Twp.,31381.94,34305.21,36254.05,38963.45,41588.24,43995.71,47024.46,50053.21,53081.96
SUT,TotStock,Afton,100.00,100.00,100.00,100.00,100.00,100.00,100.00,100.00,100.00
SUT,TotStock,Andover,100.00,100.00,100.00,100.00,100.00,100.00,100.00,100.00,100.00
SUT,TotStock,Anoka,100.00,100.00,100.00,100.00,100.00,100.00,100.00,100.00,100.00
SUT,TotStock,Apple Valley,100.00,100.00,100.00,100.00,100.00,100.00,100.00,100.00,100.00
SUT,TotStock,Arden Hills,100.00,100.00,100.00,100.00,100.00,100.00,100.00,100.00,100.00
SUT,TotStock,Bayport,100.00,100.00,100.00,100.00,100.00,100.00,100.00,100.00,100.00
SUT,TotStock,Baytown Twp.,100.00,100.00,100.00,100.00,100.00,100.00,100.00,100.00,100.00
SUT,TotStock,Belle Plaine,100.00,100.00,100.00,100.00,100.00,100.00,100.00,100.00,100.00
SUT,TotStock,Belle Plaine Twp.,100.00,100.00,100.00,100.00,100.00,100.00,100.00,100.00,100.00
SUT,TotStock,Benton Twp.,100.00,100.00,100.00,100.00,100.00,100.00,100.00,100.00,100.00
SUT,TotStock,Bethel,100.00,100.00,100.00,100.00,100.00,100.00,100.00,100.00,100.00
SUT,TotStock,Birchwood Village,100.00,100.00,100.00,100.00,100.00,100.00,100.00,100.00,100.00
SUT,TotStock,Blaine,100.00,100.00,100.00,100.00,100.00,100.00,100.00,100.00,100.00
SUT,TotStock,Blaine,100.00,100.00,100.00,100.00,100.00,100.00,100.00,100.00,100.00
SUT,TotStock,Blakeley Twp.,100.00,100.00,100.00,100.00,100.00,100.00,100.00,100.00,100.00
SUT,TotStock,Bloomington,100.00,100.00,100.00,100.00,100.00,100.00,100.00,100.00,100.00
SUT,TotStock,Brooklyn Center,100.00,100.00,100.00,100.00,100.00,100.00,100.00,100.00,100.00
SUT,TotStock,Brooklyn Park,100.00,100.00,100.00,100.00,100.00,100.00,100.00,100.00,100.00
SUT,TotStock,Burnsville,100.00,100.00,100.00,100.00,100.00,100.00,100.00,100.00,100.00
SUT,TotStock,Camden Twp.,100.00,100.00,100.00,100.00,100.00,100.00,100.00,100.00,100.00
SUT,TotStock,Carver,100.00,100.00,100.00,100.00,100.00,100.00,100.00,100.00,100.00
SUT,TotStock,Castle Rock Twp.,100.00,100.00,100.00,100.00,100.00,100.00,100.00,100.00,100.00
SUT,TotStock,Cedar Lake Twp.,100.00,100.00,100.00,100.00,100.00,100.00,100.00,100.00,100.00
SUT,TotStock,Centerville,100.00,100.00,100.00,100.00,100.00,100.00,100.00,100.00,100.00
SUT,TotStock,Champlin,100.00,100.00,100.00,100.00,100.00,100.00,100.00,100.00,100.00
SUT,TotStock,Chanhassen,100.00,100.00,100.00,100.00,100.00,100.00,100.00,100.00,100.00
SUT,TotStock,Chanhassen,100.00,100.00,100.00,100.00,100.00,100.00,100.00,100.00,100.00
SUT,TotStock,Chaska,100.00,100.00,100.00,100.00,100.00,100.00,100.00,100.00,100.00
SUT,TotStock,Circle Pines,100.00,100.00,100.00,100.00,100.00,100.00,100.00,100.00,100.00
SUT,TotStock,Coates,100.00,100.00,100.00,100.00,100.00,100.00,100.00,100.00,100.00
SUT,TotStock,Cologne,100.00,100.00,100.00,100.00,100.00,100.00,100.00,100.00,100.00
SUT,TotStock,Columbia Heights,100.00,100.00,100.00,100.00,100.00,100.00,100.00,100.00,100.00
SUT,TotStock,Columbus,100.00,100.00,100.00,100.00,100.00,100.00,100.00,100.00,100.00
SUT,TotStock,Coon Rapids,100.00,100.00,100.00,100.00,100.00,100.00,100.00,100.00,100.00
SUT,TotStock,Corcoran,100.00,100.00,100.00,100.00,100.00,100.00,100.00,100.00,100.00
SUT,TotStock,Cottage Grove,100.00,100.00,100.00,100.00,100.00,100.00,100.00,100.00,100.00
SUT,TotStock,Credit River Twp.,100.00,100.00,100.00,100.00,100.00,100.00,100.00,100.00,100.00
SUT,TotStock,Crystal,100.00,100.00,100.00,100.00,100.00,100.00,100.00,100.00,100.00
SUT,TotStock,Dahlgren Twp.,100.00,100.00,100.00,100.00,100.00,100.00,100.00,100.00,100.00
SUT,TotStock,Dayton,100.00,100.00,100.00,100.00,100.00,100.00,100.00,100.00,100.00
SUT,TotStock,Deephaven,100.00,100.00,100.00,100.00,100.00,100.00,100.00,100.00,100.00
SUT,TotStock,Dellwood,100.00,100.00,100.00,100.00,100.00,100.00,100.00,100.00,100.00
SUT,TotStock,Denmark Twp.,100.00,100.00,100.00,100.00,100.00,100.00,100.00,100.00,100.00
SUT,TotStock,Douglas Twp.,100.00,100.00,100.00,100.00,100.00,100.00,100.00,100.00,100.00
SUT,TotStock,Eagan,100.00,100.00,100.00,100.00,100.00,100.00,100.00,100.00,100.00
SUT,TotStock,East Bethel,100.00,100.00,100.00,100.00,100.00,100.00,100.00,100.00,100.00
SUT,TotStock,Eden Prairie,100.00,100.00,100.00,100.00,100.00,100.00,100.00,100.00,100.00
SUT,TotStock,Edina,100.00,100.00,100.00,100.00,100.00,100.00,100.00,100.00,100.00
SUT,TotStock,Elko New Market,100.00,100.00,100.00,100.00,100.00,100.00,100.00,100.00,100.00
SUT,TotStock,Empire Twp.,100.00,100.00,100.00,100.00,100.00,100.00,100.00,100.00,100.00
SUT,TotStock,Eureka Twp.,100.00,100.00,100.00,100.00,100.00,100.00,100.00,100.00,100.00
SUT,TotStock,Excelsior,100.00,100.00,100.00,100.00,100.00,100.00,100.00,100.00,100.00
SUT,TotStock,Falcon Heights,100.00,100.00,100.00,100.00,100.00,100.00,100.00,100.00,100.00
SUT,TotStock,Farmington,100.00,100.00,100.00,100.00,100.00,100.00,100.00,100.00,100.00
SUT,TotStock,Forest Lake,100.00,100.00,100.00,100.00,100.00,100.00,100.00,100.00,100.00
SUT,TotStock,Fort Snelling UT,100.00,100.00,100.00,100.00,100.00,100.00,100.00,100.00,100.00
SUT,TotStock,Fridley,100.00,100.00,100.00,100.00,100.00,100.00,100.00,100.00,100.00
SUT,TotStock,Gem Lake,100.00,100.00,100.00,100.00,100.00,100.00,100.00,100.00,100.00
SUT,TotStock,Golden Valley,100.00,100.00,100.00,100.00,100.00,100.00,100.00,100.00,100.00
SUT,TotStock,Grant,100.00,100.00,100.00,100.00,100.00,100.00,100.00,100.00,100.00
SUT,TotStock,Greenfield,100.00,100.00,100.00,100.00,100.00,100.00,100.00,100.00,100.00
SUT,TotStock,Greenvale Twp.,100.00,100.00,100.00,100.00,100.00,100.00,100.00,100.00,100.00
SUT,TotStock,Greenwood,100.00,100.00,100.00,100.00,100.00,100.00,100.00,100.00,100.00
SUT,TotStock,Grey Cloud Island Twp.,100.00,100.00,100.00,100.00,100.00,100.00,100.00,100.00,100.00
SUT,TotStock,Ham Lake,100.00,100.00,100.00,100.00,100.00,100.00,100.00,100.00,100.00
SUT,TotStock,Hamburg,100.00,100.00,100.00,100.00,100.00,100.00,100.00,100.00,100.00
SUT,TotStock,Hampton,100.00,100.00,100.00,100.00,100.00,100.00,100.00,100.00,100.00
SUT,TotStock,Hampton Twp.,100.00,100.00,100.00,100.00,100.00,100.00,100.00,100.00,100.00
SUT,TotStock,Hancock Twp.,100.00,100.00,100.00,100.00,100.00,100.00,100.00,100.00,100.00
SUT,TotStock,Hanover,100.00,100.00,100.00,100.00,100.00,100.00,100.00,100.00,100.00
SUT,TotStock,Hastings,100.00,100.00,100.00,100.00,100.00,100.00,100.00,100.00,100.00
SUT,TotStock,Hastings,100.00,100.00,100.00,100.00,100.00,100.00,100.00,100.00,100.00
SUT,TotStock,Helena Twp.,100.00,100.00,100.00,100.00,100.00,100.00,100.00,100.00,100.00
SUT,TotStock,Hilltop,100.00,100.00,100.00,100.00,100.00,100.00,100.00,100.00,100.00
SUT,TotStock,Hollywood Twp.,100.00,100.00,100.00,100.00,100.00,100.00,100.00,100.00,100.00
SUT,TotStock,Hopkins,100.00,100.00,100.00,100.00,100.00,100.00,100.00,100.00,100.00
SUT,TotStock,Hugo,100.00,100.00,100.00,100.00,100.00,100.00,100.00,100.00,100.00
SUT,TotStock,Independence,100.00,100.00,100.00,100.00,100.00,100.00,100.00,100.00,100.00
SUT,TotStock,Inver Grove Heights,100.00,100.00,100.00,100.00,100.00,100.00,100.00,100.00,100.00
SUT,TotStock,Jackson Twp.,100.00,100.00,100.00,100.00,100.00,100.00,100.00,100.00,100.00
SUT,TotStock,Jordan,100.00,100.00,100.00,100.00,100.00,100.00,100.00,100.00,100.00
SUT,TotStock,Lake Elmo,100.00,100.00,100.00,100.00,100.00,100.00,100.00,100.00,100.00
SUT,TotStock,Lake St. Croix Beach,100.00,100.00,100.00,100.00,100.00,100.00,100.00,100.00,100.00
SUT,TotStock,Lakeland,100.00,100.00,100.00,100.00,100.00,100.00,100.00,100.00,100.00
SUT,TotStock,Lakeland Shores,100.00,100.00,100.00,100.00,100.00,100.00,100.00,100.00,100.00
SUT,TotStock,Laketown Twp.,100.00,100.00,100.00,100.00,100.00,100.00,100.00,100.00,100.00
SUT,TotStock,Lakeville,100.00,100.00,100.00,100.00,100.00,100.00,100.00,100.00,100.00
SUT,TotStock,Landfall,100.00,100.00,100.00,100.00,100.00,100.00,100.00,100.00,100.00
SUT,TotStock,Lauderdale,100.00,100.00,100.00,100.00,100.00,100.00,100.00,100.00,100.00
SUT,TotStock,Lexington,100.00,100.00,100.00,100.00,100.00,100.00,100.00,100.00,100.00
SUT,TotStock,Lilydale,100.00,100.00,100.00,100.00,100.00,100.00,100.00,100.00,100.00
SUT,TotStock,Lino Lakes,100.00,100.00,100.00,100.00,100.00,100.00,100.00,100.00,100.00
SUT,TotStock,Linwood Twp.,100.00,100.00,100.00,100.00,100.00,100.00,100.00,100.00,100.00
SUT,TotStock,Little Canada,100.00,100.00,100.00,100.00,100.00,100.00,100.00,100.00,100.00
SUT,TotStock,Long Lake,100.00,100.00,100.00,100.00,100.00,100.00,100.00,100.00,100.00
SUT,TotStock,Loretto,100.00,100.00,100.00,100.00,100.00,100.00,100.00,100.00,100.00
SUT,TotStock,Louisville Twp.,100.00,100.00,100.00,100.00,100.00,100.00,100.00,100.00,100.00
SUT,TotStock,Mahtomedi,100.00,100.00,100.00,100.00,100.00,100.00,100.00,100.00,100.00
SUT,TotStock,Maple Grove,100.00,100.00,100.00,100.00,100.00,100.00,100.00,100.00,100.00
SUT,TotStock,Maple Plain,100.00,100.00,100.00,100.00,100.00,100.00,100.00,100.00,100.00
SUT,TotStock,Maplewood,100.00,100.00,100.00,100.00,100.00,100.00,100.00,100.00,100.00
SUT,TotStock,Marine on St. Croix,100.00,100.00,100.00,100.00,100.00,100.00,100.00,100.00,100.00
SUT,TotStock,Marshan Twp.,100.00,100.00,100.00,100.00,100.00,100.00,100.00,100.00,100.00
SUT,TotStock,May Twp.,100.00,100.00,100.00,100.00,100.00,100.00,100.00,100.00,100.00
SUT,TotStock,Mayer,100.00,100.00,100.00,100.00,100.00,100.00,100.00,100.00,100.00
SUT,TotStock,Medicine Lake,100.00,100.00,100.00,100.00,100.00,100.00,100.00,100.00,100.00
SUT,TotStock,Medina,100.00,100.00,100.00,100.00,100.00,100.00,100.00,100.00,100.00
SUT,TotStock,Mendota,100.00,100.00,100.00,100.00,100.00,100.00,100.00,100.00,100.00
SUT,TotStock,Mendota Heights,100.00,100.00,100.00,100.00,100.00,100.00,100.00,100.00,100.00
SUT,TotStock,Miesville,100.00,100.00,100.00,100.00,100.00,100.00,100.00,100.00,100.00
SUT,TotStock,Minneapolis,100.00,100.00,100.00,100.00,100.00,100.00,100.00,100.00,100.00
SUT,TotStock,Minnetonka,100.00,100.00,100.00,100.00,100.00,100.00,100.00,100.00,100.00
SUT,TotStock,Minnetonka Beach,100.00,100.00,100.00,100.00,100.00,100.00,100.00,100.00,100.00
SUT,TotStock,Minnetrista,100.00,100.00,100.00,100.00,100.00,100.00,100.00,100.00,100.00
SUT,TotStock,Mound,100.00,100.00,100.00,100.00,100.00,100.00,100.00,100.00,100.00
SUT,TotStock,Mounds View,100.00,100.00,100.00,100.00,100.00,100.00,100.00,100.00,100.00
SUT,TotStock,New Brighton,100.00,100.00,100.00,100.00,100.00,100.00,100.00,100.00,100.00
SUT,TotStock,New Germany,100.00,100.00,100.00,100.00,100.00,100.00,100.00,100.00,100.00
SUT,TotStock,New Hope,100.00,100.00,100.00,100.00,100.00,100.00,100.00,100.00,100.00
SUT,TotStock,New Market Twp.,100.00,100.00,100.00,100.00,100.00,100.00,100.00,100.00,100.00
SUT,TotStock,New Prague,100.00,100.00,100.00,100.00,100.00,100.00,100.00,100.00,100.00
SUT,TotStock,New Trier,100.00,100.00,100.00,100.00,100.00,100.00,100.00,100.00,100.00
SUT,TotStock,Newport,100.00,100.00,100.00,100.00,100.00,100.00,100.00,100.00,100.00
SUT,TotStock,Nininger Twp.,100.00,100.00,100.00,100.00,100.00,100.00,100.00,100.00,100.00
SUT,TotStock,North Oaks,100.00,100.00,100.00,100.00,100.00,100.00,100.00,100.00,100.00
SUT,TotStock,North St. Paul,100.00,100.00,100.00,100.00,100.00,100.00,100.00,100.00,100.00
SUT,TotStock,Northfield,100.00,100.00,100.00,100.00,100.00,100.00,100.00,100.00,100.00
SUT,TotStock,Norwood Young America,100.00,100.00,100.00,100.00,100.00,100.00,100.00,100.00,100.00
SUT,TotStock,Nowthen,100.00,100.00,100.00,100.00,100.00,100.00,100.00,100.00,100.00
SUT,TotStock,Oak Grove,100.00,100.00,100.00,100.00,100.00,100.00,100.00,100.00,100.00
SUT,TotStock,Oak Park Heights,100.00,100.00,100.00,100.00,100.00,100.00,100.00,100.00,100.00
SUT,TotStock,Oakdale,100.00,100.00,100.00,100.00,100.00,100.00,100.00,100.00,100.00
SUT,TotStock,Orono,100.00,100.00,100.00,100.00,100.00,100.00,100.00,100.00,100.00
SUT,TotStock,Osseo,100.00,100.00,100.00,100.00,100.00,100.00,100.00,100.00,100.00
SUT,TotStock,Pine Springs,100.00,100.00,100.00,100.00,100.00,100.00,100.00,100.00,100.00
SUT,TotStock,Plymouth,100.00,100.00,100.00,100.00,100.00,100.00,100.00,100.00,100.00
SUT,TotStock,Prior Lake,100.00,100.00,100.00,100.00,100.00,100.00,100.00,100.00,100.00
SUT,TotStock,Ramsey,100.00,100.00,100.00,100.00,100.00,100.00,100.00,100.00,100.00
SUT,TotStock,Randolph,100.00,100.00,100.00,100.00,100.00,100.00,100.00,100.00,100.00
SUT,TotStock,Randolph Twp.,100.00,100.00,100.00,100.00,100.00,100.00,100.00,100.00,100.00
SUT,TotStock,Ravenna Twp.,100.00,100.00,100.00,100.00,100.00,100.00,100.00,100.00,100.00
SUT,TotStock,Richfield,100.00,100.00,100.00,100.00,100.00,100.00,100.00,100.00,100.00
SUT,TotStock,Robbinsdale,100.00,100.00,100.00,100.00,100.00,100.00,100.00,100.00,100.00
SUT,TotStock,Rockford,100.00,100.00,100.00,100.00,100.00,100.00,100.00,100.00,100.00
SUT,TotStock,Rogers,100.00,100.00,100.00,100.00,100.00,100.00,100.00,100.00,100.00
SUT,TotStock,Rosemount,100.00,100.00,100.00,100.00,100.00,100.00,100.00,100.00,100.00
SUT,TotStock,Roseville,100.00,100.00,100.00,100.00,100.00,100.00,100.00,100.00,100.00
SUT,TotStock,San Francisco Twp.,100.00,100.00,100.00,100.00,100.00,100.00,100.00,100.00,100.00
SUT,TotStock,Sand Creek Twp.,100.00,100.00,100.00,100.00,100.00,100.00,100.00,100.00,100.00
SUT,TotStock,Savage,100.00,100.00,100.00,100.00,100.00,100.00,100.00,100.00,100.00
SUT,TotStock,Scandia,100.00,100.00,100.00,100.00,100.00,100.00,100.00,100.00,100.00
SUT,TotStock,Sciota Twp.,100.00,100.00,100.00,100.00,100.00,100.00,100.00,100.00,100.00
SUT,TotStock,Shakopee,100.00,100.00,100.00,100.00,100.00,100.00,100.00,100.00,100.00
SUT,TotStock,Shoreview,100.00,100.00,100.00,100.00,100.00,100.00,100.00,100.00,100.00
SUT,TotStock,Shorewood,100.00,100.00,100.00,100.00,100.00,100.00,100.00,100.00,100.00
SUT,TotStock,South St. Paul,100.00,100.00,100.00,100.00,100.00,100.00,100.00,100.00,100.00
SUT,TotStock,Spring Lake Park,100.00,100.00,100.00,100.00,100.00,100.00,100.00,100.00,100.00
SUT,TotStock,Spring Lake Park,100.00,100.00,100.00,100.00,100.00,100.00,100.00,100.00,100.00
SUT,TotStock,Spring Lake Twp.,100.00,100.00,100.00,100.00,100.00,100.00,100.00,100.00,100.00
SUT,TotStock,Spring Park,100.00,100.00,100.00,100.00,100.00,100.00,100.00,100.00,100.00
SUT,TotStock,St. Anthony,100.00,100.00,100.00,100.00,100.00,100.00,100.00,100.00,100.00
SUT,TotStock,St. Anthony,100.00,100.00,100.00,100.00,100.00,100.00,100.00,100.00,100.00
SUT,TotStock,St. Bonifacius,100.00,100.00,100.00,100.00,100.00,100.00,100.00,100.00,100.00
SUT,TotStock,St. Francis,100.00,100.00,100.00,100.00,100.00,100.00,100.00,100.00,100.00
SUT,TotStock,St. Lawrence Twp.,100.00,100.00,100.00,100.00,100.00,100.00,100.00,100.00,100.00
SUT,TotStock,St. Louis Park,100.00,100.00,100.00,100.00,100.00,100.00,100.00,100.00,100.00
SUT,TotStock,St. Marys Point,100.00,100.00,100.00,100.00,100.00,100.00,100.00,100.00,100.00
SUT,TotStock,St. Paul,100.00,100.00,100.00,100.00,100.00,100.00,100.00,100.00,100.00
SUT,TotStock,St. Paul Park,100.00,100.00,100.00,100.00,100.00,100.00,100.00,100.00,100.00
SUT,TotStock,Stillwater,100.00,100.00,100.00,100.00,100.00,100.00,100.00,100.00,100.00
SUT,TotStock,Stillwater Twp.,100.00,100.00,100.00,100.00,100.00,100.00,100.00,100.00,100.00
SUT,TotStock,Sunfish Lake,100.00,100.00,100.00,100.00,100.00,100.00,100.00,100.00,100.00
SUT,TotStock,Tonka Bay,100.00,100.00,100.00,100.00,100.00,100.00,100.00,100.00,100.00
SUT,TotStock,Vadnais Heights,100.00,100.00,100.00,100.00,100.00,100.00,100.00,100.00,100.00
SUT,TotStock,Vermillion,100.00,100.00,100.00,100.00,100.00,100.00,100.00,100.00,100.00
SUT,TotStock,Vermillion Twp.,100.00,100.00,100.00,100.00,100.00,100.00,100.00,100.00,100.00
SUT,TotStock,Victoria,100.00,100.00,100.00,100.00,100.00,100.00,100.00,100.00,100.00
SUT,TotStock,Waconia,100.00,100.00,100.00,100.00,100.00,100.00,100.00,100.00,100.00
SUT,TotStock,Waconia Twp.,100.00,100.00,100.00,100.00,100.00,100.00,100.00,100.00,100.00
SUT,TotStock,Waterford Twp.,100.00,100.00,100.00,100.00,100.00,100.00,100.00,100.00,100.00
SUT,TotStock,Watertown,100.00,100.00,100.00,100.00,100.00,100.00,100.00,100.00,100.00
SUT,TotStock,Watertown Twp.,100.00,100.00,100.00,100.00,100.00,100.00,100.00,100.00,100.00
SUT,TotStock,Wayzata,100.00,100.00,100.00,100.00,100.00,100.00,100.00,100.00,100.00
SUT,TotStock,West Lakeland Twp.,100.00,100.00,100.00,100.00,100.00,100.00,100.00,100.00,100.00
SUT,TotStock,West St. Paul,100.00,100.00,100.00,100.00,100.00,100.00,100.00,100.00,100.00
SUT,TotStock,White Bear Lake,100.00,100.00,100.00,100.00,100.00,100.00,100.00,100.00,100.00
SUT,TotStock,White Bear Lake,100.00,100.00,100.00,100.00,100.00,100.00,100.00,100.00,100.00
SUT,TotStock,White Bear Twp.,100.00,100.00,100.00,100.00,100.00,100.00,100.00,100.00,100.00
SUT,TotStock,Willernie,100.00,100.00,100.00,100.00,100.00,100.00,100.00,100.00,100.00
SUT,TotStock,Woodbury,100.00,100.00,100.00,100.00,100.00,100.00,100.00,100.00,100.00
SUT,TotStock,Woodland,100.00,100.00,100.00,100.00,100.00,100.00,100.00,100.00,100.00
SUT,TotStock,Young America Twp.,100.00,100.00,100.00,100.00,100.00,100.00,100.00,100.00,100.00
SUT,CIStock,Afton,100.00,100.00,100.00,99.64,98.69,96.03,92.53,89.83,87.61
SUT,CIStock,Andover,100.00,100.00,100.00,99.86,99.48,98.37,96.93,95.66,94.51
SUT,CIStock,Anoka,100.00,100.00,100.00,99.83,99.45,98.45,97.17,95.93,94.80
SUT,CIStock,Apple Valley,100.00,100.00,100.00,99.58,98.75,96.84,94.54,92.35,90.44
SUT,CIStock,Arden Hills,100.00,100.00,100.00,99.85,99.50,98.59,97.36,96.17,95.06
SUT,CIStock,Bayport,100.00,100.00,100.00,99.64,98.69,96.03,92.53,89.83,87.61
SUT,CIStock,Baytown Twp.,100.00,100.00,100.00,99.64,98.69,96.03,92.53,89.83,87.61
SUT,CIStock,Belle Plaine,100.00,100.00,100.00,99.90,99.63,98.71,97.20,95.95,94.78
SUT,CIStock,Belle Plaine Twp.,100.00,100.00,100.00,99.90,99.63,98.71,97.20,95.95,94.78
SUT,CIStock,Benton Twp.,100.00,100.00,100.00,99.67,98.74,96.01,92.25,89.37,86.96
SUT,CIStock,Bethel,100.00,100.00,100.00,99.83,99.45,98.45,97.17,95.93,94.80
SUT,CIStock,Birchwood Village,100.00,100.00,100.00,99.64,98.69,96.03,92.53,89.83,87.61
SUT,CIStock,Blaine,100.00,100.00,100.00,99.85,99.50,98.59,97.36,96.17,95.06
SUT,CIStock,Blaine,100.00,100.00,100.00,99.85,99.50,98.59,97.36,96.17,95.06
SUT,CIStock,Blakeley Twp.,100.00,100.00,100.00,99.90,99.63,98.71,97.20,95.95,94.78
SUT,CIStock,Bloomington,100.00,100.00,100.00,99.41,98.28,95.70,92.78,89.97,87.57
SUT,CIStock,Brooklyn Center,100.00,100.00,100.00,99.28,97.92,94.80,91.49,88.48,86.03
SUT,CIStock,Brooklyn Park,100.00,100.00,100.00,99.26,97.94,95.12,92.03,89.04,86.57
SUT,CIStock,Burnsville,100.00,100.00,100.00,99.55,98.72,96.86,94.62,92.44,90.52
SUT,CIStock,Camden Twp.,100.00,100.00,100.00,99.67,98.74,96.01,92.25,89.37,86.96
SUT,CIStock,Carver,100.00,100.00,100.00,99.67,98.74,96.01,92.25,89.37,86.96
SUT,CIStock,Castle Rock Twp.,100.00,100.00,100.00,99.71,98.99,97.00,94.48,92.32,90.46
SUT,CIStock,Cedar Lake Twp.,100.00,100.00,100.00,99.90,99.63,98.71,97.20,95.95,94.78
SUT,CIStock,Centerville,100.00,100.00,100.00,99.83,99.45,98.45,97.17,95.93,94.80
SUT,CIStock,Champlin,100.00,100.00,100.00,99.18,97.68,94.35,90.94,87.89,85.47
SUT,CIStock,Chanhassen,100.00,100.00,100.00,99.41,98.26,95.67,92.38,89.44,86.94
SUT,CIStock,Chanhassen,100.00,100.00,100.00,99.41,98.26,95.67,92.38,89.44,86.94
SUT,CIStock,Chaska,100.00,100.00,100.00,99.42,98.21,95.40,91.91,88.93,86.44
SUT,CIStock,Circle Pines,100.00,100.00,100.00,99.83,99.45,98.45,97.17,95.93,94.80
SUT,CIStock,Coates,100.00,100.00,100.00,99.71,98.99,97.00,94.48,92.32,90.46
SUT,CIStock,Cologne,100.00,100.00,100.00,99.67,98.74,96.01,92.25,89.37,86.96
SUT,CIStock,Columbia Heights,100.00,100.00,100.00,99.82,99.48,98.68,97.60,96.46,95.35
SUT,CIStock,Columbus,100.00,100.00,100.00,99.83,99.45,98.45,97.17,95.93,94.80
SUT,CIStock,Coon Rapids,100.00,100.00,100.00,99.81,99.42,98.52,97.35,96.15,95.01
SUT,CIStock,Corcoran,100.00,100.00,100.00,99.45,98.11,94.76,91.11,88.10,85.71
SUT,CIStock,Cottage Grove,100.00,100.00,100.00,99.37,98.21,95.65,92.52,89.76,87.46
SUT,CIStock,Credit River Twp.,100.00,100.00,100.00,99.90,99.63,98.71,97.20,95.95,94.78
SUT,CIStock,Crystal,100.00,100.00,100.00,99.47,98.26,95.37,92.08,89.12,86.67
SUT,CIStock,Dahlgren Twp.,100.00,100.00,100.00,99.67,98.74,96.01,92.25,89.37,86.96
SUT,CIStock,Dayton,100.00,100.00,100.00,99.45,98.11,94.76,91.11,88.10,85.71
SUT,CIStock,Deephaven,100.00,100.00,100.00,99.45,98.11,94.76,91.11,88.10,85.71
SUT,CIStock,Dellwood,100.00,100.00,100.00,99.64,98.69,96.03,92.53,89.83,87.61
SUT,CIStock,Denmark Twp.,100.00,100.00,100.00,99.64,98.69,96.03,92.53,89.83,87.61
SUT,CIStock,Douglas Twp.,100.00,100.00,100.00,99.71,98.99,97.00,94.48,92.32,90.46
SUT,CIStock,Eagan,100.00,100.00,100.00,99.63,98.84,96.99,94.72,92.56,90.66
SUT,CIStock,East Bethel,100.00,100.00,100.00,99.83,99.45,98.45,97.17,95.93,94.80
SUT,CIStock,Eden Prairie,100.00,100.00,100.00,99.38,98.11,95.25,92.06,89.09,86.63
SUT,CIStock,Edina,100.00,100.00,100.00,99.36,98.09,95.20,92.01,89.04,86.58
SUT,CIStock,Elko New Market,100.00,100.00,100.00,99.90,99.63,98.71,97.20,95.95,94.78
SUT,CIStock,Empire Twp.,100.00,100.00,100.00,99.71,98.99,97.00,94.48,92.32,90.46
SUT,CIStock,Eureka Twp.,100.00,100.00,100.00,99.71,98.99,97.00,94.48,92.32,90.46
SUT,CIStock,Excelsior,100.00,100.00,100.00,99.45,98.11,94.76,91.11,88.10,85.71
SUT,CIStock,Falcon Heights,100.00,100.00,100.00,99.85,99.50,98.59,97.36,96.17,95.06
SUT,CIStock,Farmington,100.00,100.00,100.00,99.71,98.99,97.00,94.48,92.32,90.46
SUT,CIStock,Forest Lake,100.00,100.00,100.00,99.39,98.22,95.52,92.26,89.48,87.20
SUT,CIStock,Fort Snelling UT,100.00,100.00,100.00,99.45,98.11,94.76,91.11,88.10,85.71
SUT,CIStock,Fridley,100.00,100.00,100.00,99.82,99.45,98.60,97.47,96.30,95.18
SUT,CIStock,Gem Lake,100.00,100.00,100.00,99.85,99.50,98.59,97.36,96.17,95.06
SUT,CIStock,Golden Valley,100.00,100.00,100.00,99.54,98.42,95.70,92.47,89.56,87.12
SUT,CIStock,Grant,100.00,100.00,100.00,99.64,98.69,96.03,92.53,89.83,87.61
SUT,CIStock,Greenfield,100.00,100.00,100.00,99.45,98.11,94.76,91.11,88.10,85.71
SUT,CIStock,Greenvale Twp.,100.00,100.00,100.00,99.71,98.99,97.00,94.48,92.32,90.46
SUT,CIStock,Greenwood,100.00,100.00,100.00,99.45,98.11,94.76,91.11,88.10,85.71
SUT,CIStock,Grey Cloud Island Twp.,100.00,100.00,100.00,99.64,98.69,96.03,92.53,89.83,87.61
SUT,CIStock,Ham Lake,100.00,100.00,100.00,99.83,99.45,98.45,97.17,95.93,94.80
SUT,CIStock,Hamburg,100.00,100.00,100.00,99.67,98.74,96.01,92.25,89.37,86.96
SUT,CIStock,Hampton,100.00,100.00,100.00,99.71,98.99,97.00,94.48,92.32,90.46
SUT,CIStock,Hampton Twp.,100.00,100.00,100.00,99.71,98.99,97.00,94.48,92.32,90.46
SUT,CIStock,Hancock Twp.,100.00,100.00,100.00,99.67,98.74,96.01,92.25,89.37,86.96
SUT,CIStock,Hanover,100.00,100.00,100.00,99.45,98.11,94.76,91.11,88.10,85.71
SUT,CIStock,Hastings,100.00,100.00,100.00,99.71,98.99,97.00,94.48,92.32,90.46
SUT,CIStock,Hastings,100.00,100.00,100.00,99.71,98.99,97.00,94.48,92.32,90.46
SUT,CIStock,Helena Twp.,100.00,100.00,100.00,99.90,99.63,98.71,97.20,95.95,94.78
SUT,CIStock,Hilltop,100.00,100.00,100.00,99.83,99.45,98.45,97.17,95.93,94.80
SUT,CIStock,Hollywood Twp.,100.00,100.00,100.00,99.67,98.74,96.01,92.25,89.37,86.96
SUT,CIStock,Hopkins,100.00,100.00,100.00,99.45,98.11,94.76,91.11,88.10,85.71
SUT,CIStock,Hugo,100.00,100.00,100.00,99.64,98.69,96.03,92.53,89.83,87.61
SUT,CIStock,Independence,100.00,100.00,100.00,99.45,98.11,94.76,91.11,88.10,85.71
SUT,CIStock,Inver Grove Heights,100.00,100.00,100.00,99.62,98.83,96.99,94.73,92.58,90.68
SUT,CIStock,Jackson Twp.,100.00,100.00,100.00,99.90,99.63,98.71,97.20,95.95,94.78
SUT,CIStock,Jordan,100.00,100.00,100.00,99.90,99.63,98.71,97.20,95.95,94.78
SUT,CIStock,Lake Elmo,100.00,100.00,100.00,99.64,98.69,96.03,92.53,89.83,87.61
SUT,CIStock,Lake St. Croix Beach,100.00,100.00,100.00,99.64,98.69,96.03,92.53,89.83,87.61
SUT,CIStock,Lakeland,100.00,100.00,100.00,99.64,98.69,96.03,92.53,89.83,87.61
SUT,CIStock,Lakeland Shores,100.00,100.00,100.00,99.64,98.69,96.03,92.53,89.83,87.61
SUT,CIStock,Laketown Twp.,100.00,100.00,100.00,99.67,98.74,96.01,100.00,100.00,100.00
SUT,CIStock,Lakeville,100.00,100.00,100.00,99.64,98.79,96.67,94.13,91.90,90.01
SUT,CIStock,Landfall,100.00,100.00,100.00,99.64,98.69,96.03,92.53,89.83,87.61
SUT,CIStock,Lauderdale,100.00,100.00,100.00,99.85,99.50,98.59,97.36,96.17,95.06
SUT,CIStock,Lexington,100.00,100.00,100.00,99.83,99.45,98.45,97.17,95.93,94.80
SUT,CIStock,Lilydale,100.00,100.00,100.00,99.71,98.99,97.00,94.48,92.32,90.46
SUT,CIStock,Lino Lakes,100.00,100.00,100.00,99.86,99.53,98.67,97.48,96.32,95.21
SUT,CIStock,Linwood Twp.,100.00,100.00,100.00,99.83,99.45,98.45,97.17,95.93,94.80
SUT,CIStock,Little Canada,100.00,100.00,100.00,99.85,99.50,98.59,97.36,96.17,95.06
SUT,CIStock,Long Lake,100.00,100.00,100.00,99.45,98.11,94.76,91.11,88.10,85.71
SUT,CIStock,Loretto,100.00,100.00,100.00,99.45,98.11,94.76,91.11,88.10,85.71
SUT,CIStock,Louisville Twp.,100.00,100.00,100.00,99.90,99.63,98.71,97.20,95.95,94.78
SUT,CIStock,Mahtomedi,100.00,100.00,100.00,99.64,98.69,96.03,92.53,89.83,87.61
SUT,CIStock,Maple Grove,100.00,100.00,100.00,99.31,97.92,94.86,91.56,88.55,86.10
SUT,CIStock,Maple Plain,100.00,100.00,100.00,99.45,98.11,94.76,91.11,88.10,85.71
SUT,CIStock,Maplewood,100.00,100.00,100.00,99.46,98.33,95.80,93.15,90.67,88.66
SUT,CIStock,Marine on St. Croix,100.00,100.00,100.00,99.64,98.69,96.03,92.53,89.83,87.61
SUT,CIStock,Marshan Twp.,100.00,100.00,100.00,99.71,98.99,97.00,94.48,92.32,90.46
SUT,CIStock,May Twp.,100.00,100.00,100.00,99.64,98.69,96.03,92.53,89.83,87.61
SUT,CIStock,Mayer,100.00,100.00,100.00,99.67,98.74,96.01,92.25,89.37,86.96
SUT,CIStock,Medicine Lake,100.00,100.00,100.00,99.45,98.11,94.76,91.11,88.10,85.71
SUT,CIStock,Medina,100.00,100.00,100.00,99.45,98.11,94.76,91.11,88.10,85.71
SUT,CIStock,Mendota,100.00,100.00,100.00,99.71,98.99,97.00,94.48,92.32,90.46
SUT,CIStock,Mendota Heights,100.00,100.00,100.00,99.71,98.99,97.00,94.48,92.32,90.46
SUT,CIStock,Miesville,100.00,100.00,100.00,99.71,98.99,97.00,94.48,92.32,90.46
SUT,CIStock,Minneapolis,100.00,100.00,100.00,99.50,98.49,96.22,93.49,90.76,88.37
SUT,CIStock,Minnetonka,100.00,100.00,100.00,99.37,98.03,94.95,91.61,88.61,86.17
SUT,CIStock,Minnetonka Beach,100.00,100.00,100.00,99.45,98.11,94.76,91.11,88.10,85.71
SUT,CIStock,Minnetrista,100.00,100.00,100.00,99.45,98.11,94.76,91.11,88.10,85.71
SUT,CIStock,Mound,100.00,100.00,100.00,99.45,98.11,94.76,91.11,88.10,85.71
SUT,CIStock,Mounds View,100.00,100.00,100.00,99.85,99.50,98.59,97.36,96.17,95.06
SUT,CIStock,New Brighton,100.00,100.00,100.00,99.45,98.35,95.92,93.35,90.89,88.87
SUT,CIStock,New Germany,100.00,100.00,100.00,99.67,98.74,96.01,92.25,89.37,86.96
SUT,CIStock,New Hope,100.00,100.00,100.00,99.46,98.25,95.40,92.15,89.20,86.75
SUT,CIStock,New Market Twp.,100.00,100.00,100.00,99.90,99.63,98.71,97.20,95.95,94.78
SUT,CIStock,New Prague,100.00,100.00,100.00,99.90,99.63,98.71,97.20,95.95,94.78
SUT,CIStock,New Trier,100.00,100.00,100.00,99.71,98.99,97.00,94.48,92.32,90.46
SUT,CIStock,Newport,100.00,100.00,100.00,99.64,98.69,96.03,92.53,89.83,87.61
SUT,CIStock,Nininger Twp.,100.00,100.00,100.00,99.71,98.99,97.00,94.48,92.32,90.46
SUT,CIStock,North Oaks,100.00,100.00,100.00,99.85,99.50,98.59,97.36,96.17,95.06
SUT,CIStock,North St. Paul,100.00,100.00,100.00,99.85,99.50,98.59,97.36,96.17,95.06
SUT,CIStock,Northfield,100.00,100.00,100.00,99.71,98.99,97.00,94.48,92.32,90.46
SUT,CIStock,Norwood Young America,100.00,100.00,100.00,99.67,98.74,96.01,92.25,89.37,86.96
SUT,CIStock,Nowthen,100.00,100.00,100.00,99.83,99.45,98.45,97.17,95.93,94.80
SUT,CIStock,Oak Grove,100.00,100.00,100.00,99.83,99.45,98.45,97.17,95.93,94.80
SUT,CIStock,Oak Park Heights,100.00,100.00,100.00,99.64,98.69,96.03,92.53,89.83,87.61
SUT,CIStock,Oakdale,100.00,100.00,100.00,99.40,98.18,95.25,91.79,89.00,86.75
SUT,CIStock,Orono,100.00,100.00,100.00,99.45,98.11,94.76,91.11,88.10,85.71
SUT,CIStock,Osseo,100.00,100.00,100.00,99.45,98.11,94.76,91.11,88.10,85.71
SUT,CIStock,Pine Springs,100.00,100.00,100.00,99.64,98.69,96.03,92.53,89.83,87.61
SUT,CIStock,Plymouth,100.00,100.00,100.00,99.34,98.00,94.98,91.69,88.69,86.24
SUT,CIStock,Prior Lake,100.00,100.00,100.00,99.78,99.40,98.52,97.23,95.93,94.67
SUT,CIStock,Ramsey,100.00,100.00,100.00,99.81,99.43,98.50,97.29,96.08,94.94
SUT,CIStock,Randolph,100.00,100.00,100.00,99.71,98.99,97.00,94.48,92.32,90.46
SUT,CIStock,Randolph Twp.,100.00,100.00,100.00,99.71,98.99,97.00,94.48,92.32,90.46
SUT,CIStock,Ravenna Twp.,100.00,100.00,100.00,99.71,98.99,97.00,94.48,92.32,90.46
SUT,CIStock,Richfield,100.00,100.00,100.00,99.23,97.91,95.17,92.15,89.17,86.69
SUT,CIStock,Robbinsdale,100.00,100.00,100.00,99.45,98.11,94.76,91.11,88.10,85.71
SUT,CIStock,Rockford,100.00,100.00,100.00,99.45,98.11,94.76,91.11,88.10,85.71
SUT,CIStock,Rogers,100.00,100.00,100.00,99.45,98.11,94.76,91.11,88.10,85.71
SUT,CIStock,Rosemount,100.00,100.00,100.00,99.65,98.87,96.92,94.55,92.37,90.47
SUT,CIStock,Roseville,100.00,100.00,100.00,99.55,98.55,96.26,93.71,91.29,89.27
SUT,CIStock,San Francisco Twp.,100.00,100.00,100.00,99.67,98.74,96.01,92.25,89.37,86.96
SUT,CIStock,Sand Creek Twp.,100.00,100.00,100.00,99.90,99.63,98.71,97.20,95.95,94.78
SUT,CIStock,Savage,100.00,100.00,100.00,99.80,99.39,98.39,96.95,95.60,94.32
SUT,CIStock,Scandia,100.00,100.00,100.00,99.64,98.69,96.03,92.53,89.83,87.61
SUT,CIStock,Sciota Twp.,100.00,100.00,100.00,99.71,98.99,97.00,94.48,92.32,90.46
SUT,CIStock,Shakopee,100.00,100.00,100.00,99.76,99.29,98.13,96.54,95.11,93.80
SUT,CIStock,Shoreview,100.00,100.00,100.00,99.51,98.44,95.96,93.33,90.87,88.86
SUT,CIStock,Shorewood,100.00,100.00,100.00,99.45,98.11,94.76,91.11,88.10,85.71
SUT,CIStock,South St. Paul,100.00,100.00,100.00,99.54,98.72,96.88,94.68,92.50,90.59
SUT,CIStock,Spring Lake Park,100.00,100.00,100.00,99.83,99.45,98.45,97.17,95.93,94.80
SUT,CIStock,Spring Lake Park,100.00,100.00,100.00,99.83,99.45,98.45,97.17,95.93,94.80
SUT,CIStock,Spring Lake Twp.,100.00,100.00,100.00,99.90,99.63,98.71,97.20,95.95,94.78
SUT,CIStock,Spring Park,100.00,100.00,100.00,99.45,98.11,94.76,91.11,88.10,85.71
SUT,CIStock,St. Anthony,100.00,100.00,100.00,99.45,98.11,94.76,91.11,88.10,85.71
SUT,CIStock,St. Anthony,100.00,100.00,100.00,99.45,98.11,94.76,91.11,88.10,85.71
SUT,CIStock,St. Bonifacius,100.00,100.00,100.00,99.45,98.11,94.76,91.11,88.10,85.71
SUT,CIStock,St. Francis,100.00,100.00,100.00,99.83,99.45,98.45,97.17,95.93,94.80
SUT,CIStock,St. Lawrence Twp.,100.00,100.00,100.00,99.90,99.63,98.71,97.20,95.95,94.78
SUT,CIStock,St. Louis Park,100.00,100.00,100.00,99.40,98.16,95.36,92.21,89.26,86.79
SUT,CIStock,St. Marys Point,100.00,100.00,100.00,99.64,98.69,96.03,92.53,89.83,87.61
SUT,CIStock,St. Paul,100.00,100.00,100.00,99.57,98.69,96.71,94.45,92.18,90.20
SUT,CIStock,St. Paul Park,100.00,100.00,100.00,99.64,98.69,96.03,92.53,89.83,87.61
SUT,CIStock,Stillwater,100.00,100.00,100.00,99.64,98.69,96.03,92.53,89.83,87.61
SUT,CIStock,Stillwater Twp.,100.00,100.00,100.00,99.64,98.69,96.03,92.53,89.83,87.61
SUT,CIStock,Sunfish Lake,100.00,100.00,100.00,99.71,98.99,97.00,94.48,92.32,90.46
SUT,CIStock,Tonka Bay,100.00,100.00,100.00,99.45,98.11,94.76,91.11,88.10,85.71
SUT,CIStock,Vadnais Heights,100.00,100.00,100.00,99.85,99.50,98.59,97.36,96.17,95.06
SUT,CIStock,Vermillion,100.00,100.00,100.00,99.71,98.99,97.00,94.48,92.32,90.46
SUT,CIStock,Vermillion Twp.,100.00,100.00,100.00,99.71,98.99,97.00,94.48,92.32,90.46
SUT,CIStock,Victoria,100.00,100.00,100.00,99.67,98.74,96.01,92.25,89.37,86.96
SUT,CIStock,Waconia,100.00,100.00,100.00,99.67,98.74,96.01,92.25,89.37,86.96
SUT,CIStock,Waconia Twp.,100.00,100.00,100.00,99.67,98.74,96.01,92.25,89.37,86.96
SUT,CIStock,Waterford Twp.,100.00,100.00,100.00,99.71,98.99,97.00,94.48,92.32,90.46
SUT,CIStock,Watertown,100.00,100.00,100.00,99.67,98.74,96.01,92.25,89.37,86.96
SUT,CIStock,Watertown Twp.,100.00,100.00,100.00,99.67,98.74,96.01,92.25,89.37,86.96
SUT,CIStock,Wayzata,100.00,100.00,100.00,99.45,98.11,94.76,91.11,88.10,85.71
SUT,CIStock,West Lakeland Twp.,100.00,100.00,100.00,99.64,98.69,96.03,92.53,89.83,87.61
SUT,CIStock,West St. Paul,100.00,100.00,100.00,99.55,98.76,97.07,94.98,92.84,90.94
SUT,CIStock,White Bear Lake,100.00,100.00,100.00,99.61,98.57,95.92,93.01,90.55,88.57
SUT,CIStock,White Bear Lake,100.00,100.00,100.00,99.61,98.57,95.92,93.01,90.55,88.57
SUT,CIStock,White Bear Twp.,100.00,100.00,100.00,99.85,99.50,98.59,97.36,96.17,95.06
SUT,CIStock,Willernie,100.00,100.00,100.00,99.64,98.69,96.03,92.53,89.83,87.61
SUT,CIStock,Woodbury,100.00,100.00,100.00,99.48,98.43,95.99,92.91,90.20,87.91
SUT,CIStock,Woodland,100.00,100.00,100.00,99.45,98.11,94.76,91.11,88.10,85.71
SUT,CIStock,Young America Twp.,100.00,100.00,100.00,99.60,97.86,92.45,92.56,89.73,87.37
SUT,BEVStock,Afton,0.00,0.00,0.00,0.36,1.31,3.97,7.47,10.17,12.39
SUT,BEVStock,Andover,0.00,0.00,0.00,0.14,0.52,1.63,3.07,4.34,5.49
SUT,BEVStock,Anoka,0.00,0.00,0.00,0.17,0.55,1.55,2.83,4.07,5.20
SUT,BEVStock,Apple Valley,0.00,0.00,0.00,0.42,1.25,3.16,5.46,7.65,9.56
SUT,BEVStock,Arden Hills,0.00,0.00,0.00,0.15,0.50,1.41,2.64,3.83,4.94
SUT,BEVStock,Bayport,0.00,0.00,0.00,0.36,1.31,3.97,7.47,10.17,12.39
SUT,BEVStock,Baytown Twp.,0.00,0.00,0.00,0.36,1.31,3.97,7.47,10.17,12.39
SUT,BEVStock,Belle Plaine,0.00,0.00,0.00,0.10,0.37,1.29,2.80,4.05,5.22
SUT,BEVStock,Belle Plaine Twp.,0.00,0.00,0.00,0.10,0.37,1.29,2.80,4.05,5.22
SUT,BEVStock,Benton Twp.,0.00,0.00,0.00,0.33,1.26,3.99,7.75,10.63,13.04
SUT,BEVStock,Bethel,0.00,0.00,0.00,0.17,0.55,1.55,2.83,4.07,5.20
SUT,BEVStock,Birchwood Village,0.00,0.00,0.00,0.36,1.31,3.97,7.47,10.17,12.39
SUT,BEVStock,Blaine,0.00,0.00,0.00,0.15,0.50,1.41,2.64,3.83,4.94
SUT,BEVStock,Blaine,0.00,0.00,0.00,0.15,0.50,1.41,2.64,3.83,4.94
SUT,BEVStock,Blakeley Twp.,0.00,0.00,0.00,0.10,0.37,1.29,2.80,4.05,5.22
SUT,BEVStock,Bloomington,0.00,0.00,0.00,0.59,1.72,4.30,7.22,10.03,12.43
SUT,BEVStock,Brooklyn Center,0.00,0.00,0.00,0.72,2.08,5.20,8.51,11.52,13.97
SUT,BEVStock,Brooklyn Park,0.00,0.00,0.00,0.74,2.06,4.88,7.97,10.96,13.43
SUT,BEVStock,Burnsville,0.00,0.00,0.00,0.45,1.28,3.14,5.38,7.56,9.48
SUT,BEVStock,Camden Twp.,0.00,0.00,0.00,0.33,1.26,3.99,7.75,10.63,13.04
SUT,BEVStock,Carver,0.00,0.00,0.00,0.33,1.26,3.99,7.75,10.63,13.04
SUT,BEVStock,Castle Rock Twp.,0.00,0.00,0.00,0.29,1.01,3.00,5.52,7.68,9.54
SUT,BEVStock,Cedar Lake Twp.,0.00,0.00,0.00,0.10,0.37,1.29,2.80,4.05,5.22
SUT,BEVStock,Centerville,0.00,0.00,0.00,0.17,0.55,1.55,2.83,4.07,5.20
SUT,BEVStock,Champlin,0.00,0.00,0.00,0.82,2.32,5.65,9.06,12.11,14.53
SUT,BEVStock,Chanhassen,0.00,0.00,0.00,0.59,1.74,4.33,7.62,10.56,13.06
SUT,BEVStock,Chanhassen,0.00,0.00,0.00,0.59,1.74,4.33,7.62,10.56,13.06
SUT,BEVStock,Chaska,0.00,0.00,0.00,0.58,1.79,4.60,8.09,11.07,13.56
SUT,BEVStock,Circle Pines,0.00,0.00,0.00,0.17,0.55,1.55,2.83,4.07,5.20
SUT,BEVStock,Coates,0.00,0.00,0.00,0.29,1.01,3.00,5.52,7.68,9.54
SUT,BEVStock,Cologne,0.00,0.00,0.00,0.33,1.26,3.99,7.75,10.63,13.04
SUT,BEVStock,Columbia Heights,0.00,0.00,0.00,0.18,0.52,1.32,2.40,3.54,4.65
SUT,BEVStock,Columbus,0.00,0.00,0.00,0.17,0.55,1.55,2.83,4.07,5.20
SUT,BEVStock,Coon Rapids,0.00,0.00,0.00,0.19,0.58,1.48,2.65,3.85,4.99
SUT,BEVStock,Corcoran,0.00,0.00,0.00,0.55,1.89,5.24,8.89,11.90,14.29
SUT,BEVStock,Cottage Grove,0.00,0.00,0.00,0.63,1.79,4.35,7.48,10.24,12.54
SUT,BEVStock,Credit River Twp.,0.00,0.00,0.00,0.10,0.37,1.29,2.80,4.05,5.22
SUT,BEVStock,Crystal,0.00,0.00,0.00,0.53,1.74,4.63,7.92,10.88,13.33
SUT,BEVStock,Dahlgren Twp.,0.00,0.00,0.00,0.33,1.26,3.99,7.75,10.63,13.04
SUT,BEVStock,Dayton,0.00,0.00,0.00,0.55,1.89,5.24,8.89,11.90,14.29
SUT,BEVStock,Deephaven,0.00,0.00,0.00,0.55,1.89,5.24,8.89,11.90,14.29
SUT,BEVStock,Dellwood,0.00,0.00,0.00,0.36,1.31,3.97,7.47,10.17,12.39
SUT,BEVStock,Denmark Twp.,0.00,0.00,0.00,0.36,1.31,3.97,7.47,10.17,12.39
SUT,BEVStock,Douglas Twp.,0.00,0.00,0.00,0.29,1.01,3.00,5.52,7.68,9.54
SUT,BEVStock,Eagan,0.00,0.00,0.00,0.37,1.16,3.01,5.28,7.44,9.34
SUT,BEVStock,East Bethel,0.00,0.00,0.00,0.17,0.55,1.55,2.83,4.07,5.20
SUT,BEVStock,Eden Prairie,0.00,0.00,0.00,0.62,1.89,4.75,7.94,10.91,13.37
SUT,BEVStock,Edina,0.00,0.00,0.00,0.64,1.91,4.80,7.99,10.96,13.42
SUT,BEVStock,Elko New Market,0.00,0.00,0.00,0.10,0.37,1.29,2.80,4.05,5.22
SUT,BEVStock,Empire Twp.,0.00,0.00,0.00,0.29,1.01,3.00,5.52,7.68,9.54
SUT,BEVStock,Eureka Twp.,0.00,0.00,0.00,0.29,1.01,3.00,5.52,7.68,9.54
SUT,BEVStock,Excelsior,0.00,0.00,0.00,0.55,1.89,5.24,8.89,11.90,14.29
SUT,BEVStock,Falcon Heights,0.00,0.00,0.00,0.15,0.50,1.41,2.64,3.83,4.94
SUT,BEVStock,Farmington,0.00,0.00,0.00,0.29,1.01,3.00,5.52,7.68,9.54
SUT,BEVStock,Forest Lake,0.00,0.00,0.00,0.61,1.78,4.48,7.74,10.52,12.80
SUT,BEVStock,Fort Snelling UT,0.00,0.00,0.00,0.55,1.89,5.24,8.89,11.90,14.29
SUT,BEVStock,Fridley,0.00,0.00,0.00,0.18,0.55,1.40,2.53,3.70,4.82
SUT,BEVStock,Gem Lake,0.00,0.00,0.00,0.15,0.50,1.41,2.64,3.83,4.94
SUT,BEVStock,Golden Valley,0.00,0.00,0.00,0.46,1.58,4.30,7.53,10.44,12.88
SUT,BEVStock,Grant,0.00,0.00,0.00,0.36,1.31,3.97,7.47,10.17,12.39
SUT,BEVStock,Greenfield,0.00,0.00,0.00,0.55,1.89,5.24,8.89,11.90,14.29
SUT,BEVStock,Greenvale Twp.,0.00,0.00,0.00,0.29,1.01,3.00,5.52,7.68,9.54
SUT,BEVStock,Greenwood,0.00,0.00,0.00,0.55,1.89,5.24,8.89,11.90,14.29
SUT,BEVStock,Grey Cloud Island Twp.,0.00,0.00,0.00,0.36,1.31,3.97,7.47,10.17,12.39
SUT,BEVStock,Ham Lake,0.00,0.00,0.00,0.17,0.55,1.55,2.83,4.07,5.20
SUT,BEVStock,Hamburg,0.00,0.00,0.00,0.33,1.26,3.99,7.75,10.63,13.04
SUT,BEVStock,Hampton,0.00,0.00,0.00,0.29,1.01,3.00,5.52,7.68,9.54
SUT,BEVStock,Hampton Twp.,0.00,0.00,0.00,0.29,1.01,3.00,5.52,7.68,9.54
SUT,BEVStock,Hancock Twp.,0.00,0.00,0.00,0.33,1.26,3.99,7.75,10.63,13.04
SUT,BEVStock,Hanover,0.00,0.00,0.00,0.55,1.89,5.24,8.89,11.90,14.29
SUT,BEVStock,Hastings,0.00,0.00,0.00,0.29,1.01,3.00,5.52,7.68,9.54
SUT,BEVStock,Hastings,0.00,0.00,0.00,0.29,1.01,3.00,5.52,7.68,9.54
SUT,BEVStock,Helena Twp.,0.00,0.00,0.00,0.10,0.37,1.29,2.80,4.05,5.22
SUT,BEVStock,Hilltop,0.00,0.00,0.00,0.17,0.55,1.55,2.83,4.07,5.20
SUT,BEVStock,Hollywood Twp.,0.00,0.00,0.00,0.33,1.26,3.99,7.75,10.63,13.04
SUT,BEVStock,Hopkins,0.00,0.00,0.00,0.55,1.89,5.24,8.89,11.90,14.29
SUT,BEVStock,Hugo,0.00,0.00,0.00,0.36,1.31,3.97,7.47,10.17,12.39
SUT,BEVStock,Independence,0.00,0.00,0.00,0.55,1.89,5.24,8.89,11.90,14.29
SUT,BEVStock,Inver Grove Heights,0.00,0.00,0.00,0.38,1.17,3.01,5.27,7.42,9.32
SUT,BEVStock,Jackson Twp.,0.00,0.00,0.00,0.10,0.37,1.29,2.80,4.05,5.22
SUT,BEVStock,Jordan,0.00,0.00,0.00,0.10,0.37,1.29,2.80,4.05,5.22
SUT,BEVStock,Lake Elmo,0.00,0.00,0.00,0.36,1.31,3.97,7.47,10.17,12.39
SUT,BEVStock,Lake St. Croix Beach,0.00,0.00,0.00,0.36,1.31,3.97,7.47,10.17,12.39
SUT,BEVStock,Lakeland,0.00,0.00,0.00,0.36,1.31,3.97,7.47,10.17,12.39
SUT,BEVStock,Lakeland Shores,0.00,0.00,0.00,0.36,1.31,3.97,7.47,10.17,12.39
SUT,BEVStock,Laketown Twp.,0.00,0.00,0.00,0.33,1.26,3.99,0.00,0.00,0.00
SUT,BEVStock,Lakeville,0.00,0.00,0.00,0.36,1.21,3.33,5.87,8.10,9.99
SUT,BEVStock,Landfall,0.00,0.00,0.00,0.36,1.31,3.97,7.47,10.17,12.39
SUT,BEVStock,Lauderdale,0.00,0.00,0.00,0.15,0.50,1.41,2.64,3.83,4.94
SUT,BEVStock,Lexington,0.00,0.00,0.00,0.17,0.55,1.55,2.83,4.07,5.20
SUT,BEVStock,Lilydale,0.00,0.00,0.00,0.29,1.01,3.00,5.52,7.68,9.54
SUT,BEVStock,Lino Lakes,0.00,0.00,0.00,0.14,0.47,1.33,2.52,3.68,4.79
SUT,BEVStock,Linwood Twp.,0.00,0.00,0.00,0.17,0.55,1.55,2.83,4.07,5.20
SUT,BEVStock,Little Canada,0.00,0.00,0.00,0.15,0.50,1.41,2.64,3.83,4.94
SUT,BEVStock,Long Lake,0.00,0.00,0.00,0.55,1.89,5.24,8.89,11.90,14.29
SUT,BEVStock,Loretto,0.00,0.00,0.00,0.55,1.89,5.24,8.89,11.90,14.29
SUT,BEVStock,Louisville Twp.,0.00,0.00,0.00,0.10,0.37,1.29,2.80,4.05,5.22
SUT,BEVStock,Mahtomedi,0.00,0.00,0.00,0.36,1.31,3.97,7.47,10.17,12.39
SUT,BEVStock,Maple Grove,0.00,0.00,0.00,0.69,2.08,5.14,8.44,11.45,13.90
SUT,BEVStock,Maple Plain,0.00,0.00,0.00,0.55,1.89,5.24,8.89,11.90,14.29
SUT,BEVStock,Maplewood,0.00,0.00,0.00,0.54,1.67,4.20,6.85,9.33,11.34
SUT,BEVStock,Marine on St. Croix,0.00,0.00,0.00,0.36,1.31,3.97,7.47,10.17,12.39
SUT,BEVStock,Marshan Twp.,0.00,0.00,0.00,0.29,1.01,3.00,5.52,7.68,9.54
SUT,BEVStock,May Twp.,0.00,0.00,0.00,0.36,1.31,3.97,7.47,10.17,12.39
SUT,BEVStock,Mayer,0.00,0.00,0.00,0.33,1.26,3.99,7.75,10.63,13.04
SUT,BEVStock,Medicine Lake,0.00,0.00,0.00,0.55,1.89,5.24,8.89,11.90,14.29
SUT,BEVStock,Medina,0.00,0.00,0.00,0.55,1.89,5.24,8.89,11.90,14.29
SUT,BEVStock,Mendota,0.00,0.00,0.00,0.29,1.01,3.00,5.52,7.68,9.54
SUT,BEVStock,Mendota Heights,0.00,0.00,0.00,0.29,1.01,3.00,5.52,7.68,9.54
SUT,BEVStock,Miesville,0.00,0.00,0.00,0.29,1.01,3.00,5.52,7.68,9.54
SUT,BEVStock,Minneapolis,0.00,0.00,0.00,0.50,1.51,3.78,6.51,9.24,11.63
SUT,BEVStock,Minnetonka,0.00,0.00,0.00,0.63,1.97,5.05,8.39,11.39,13.83
SUT,BEVStock,Minnetonka Beach,0.00,0.00,0.00,0.55,1.89,5.24,8.89,11.90,14.29
SUT,BEVStock,Minnetrista,0.00,0.00,0.00,0.55,1.89,5.24,8.89,11.90,14.29
SUT,BEVStock,Mound,0.00,0.00,0.00,0.55,1.89,5.24,8.89,11.90,14.29
SUT,BEVStock,Mounds View,0.00,0.00,0.00,0.15,0.50,1.41,2.64,3.83,4.94
SUT,BEVStock,New Brighton,0.00,0.00,0.00,0.55,1.65,4.08,6.65,9.11,11.13
SUT,BEVStock,New Germany,0.00,0.00,0.00,0.33,1.26,3.99,7.75,10.63,13.04
SUT,BEVStock,New Hope,0.00,0.00,0.00,0.54,1.75,4.60,7.85,10.80,13.25
SUT,BEVStock,New Market Twp.,0.00,0.00,0.00,0.10,0.37,1.29,2.80,4.05,5.22
SUT,BEVStock,New Prague,0.00,0.00,0.00,0.10,0.37,1.29,2.80,4.05,5.22
SUT,BEVStock,New Trier,0.00,0.00,0.00,0.29,1.01,3.00,5.52,7.68,9.54
SUT,BEVStock,Newport,0.00,0.00,0.00,0.36,1.31,3.97,7.47,10.17,12.39
SUT,BEVStock,Nininger Twp.,0.00,0.00,0.00,0.29,1.01,3.00,5.52,7.68,9.54
SUT,BEVStock,North Oaks,0.00,0.00,0.00,0.15,0.50,1.41,2.64,3.83,4.94
SUT,BEVStock,North St. Paul,0.00,0.00,0.00,0.15,0.50,1.41,2.64,3.83,4.94
SUT,BEVStock,Northfield,0.00,0.00,0.00,0.29,1.01,3.00,5.52,7.68,9.54
SUT,BEVStock,Norwood Young America,0.00,0.00,0.00,0.33,1.26,3.99,7.75,10.63,13.04
SUT,BEVStock,Nowthen,0.00,0.00,0.00,0.17,0.55,1.55,2.83,4.07,5.20
SUT,BEVStock,Oak Grove,0.00,0.00,0.00,0.17,0.55,1.55,2.83,4.07,5.20
SUT,BEVStock,Oak Park Heights,0.00,0.00,0.00,0.36,1.31,3.97,7.47,10.17,12.39
SUT,BEVStock,Oakdale,0.00,0.00,0.00,0.60,1.82,4.75,8.21,11.00,13.25
SUT,BEVStock,Orono,0.00,0.00,0.00,0.55,1.89,5.24,8.89,11.90,14.29
SUT,BEVStock,Osseo,0.00,0.00,0.00,0.55,1.89,5.24,8.89,11.90,14.29
SUT,BEVStock,Pine Springs,0.00,0.00,0.00,0.36,1.31,3.97,7.47,10.17,12.39
SUT,BEVStock,Plymouth,0.00,0.00,0.00,0.66,2.00,5.02,8.31,11.31,13.76
SUT,BEVStock,Prior Lake,0.00,0.00,0.00,0.22,0.60,1.48,2.77,4.07,5.33
SUT,BEVStock,Ramsey,0.00,0.00,0.00,0.19,0.57,1.50,2.71,3.92,5.06
SUT,BEVStock,Randolph,0.00,0.00,0.00,0.29,1.01,3.00,5.52,7.68,9.54
SUT,BEVStock,Randolph Twp.,0.00,0.00,0.00,0.29,1.01,3.00,5.52,7.68,9.54
SUT,BEVStock,Ravenna Twp.,0.00,0.00,0.00,0.29,1.01,3.00,5.52,7.68,9.54
SUT,BEVStock,Richfield,0.00,0.00,0.00,0.77,2.09,4.83,7.85,10.83,13.31
SUT,BEVStock,Robbinsdale,0.00,0.00,0.00,0.55,1.89,5.24,8.89,11.90,14.29
SUT,BEVStock,Rockford,0.00,0.00,0.00,0.55,1.89,5.24,8.89,11.90,14.29
SUT,BEVStock,Rogers,0.00,0.00,0.00,0.55,1.89,5.24,8.89,11.90,14.29
SUT,BEVStock,Rosemount,0.00,0.00,0.00,0.35,1.13,3.08,5.45,7.63,9.53
SUT,BEVStock,Roseville,0.00,0.00,0.00,0.45,1.45,3.74,6.29,8.71,10.73
SUT,BEVStock,San Francisco Twp.,0.00,0.00,0.00,0.33,1.26,3.99,7.75,10.63,13.04
SUT,BEVStock,Sand Creek Twp.,0.00,0.00,0.00,0.10,0.37,1.29,2.80,4.05,5.22
SUT,BEVStock,Savage,0.00,0.00,0.00,0.20,0.61,1.61,3.05,4.40,5.68
SUT,BEVStock,Scandia,0.00,0.00,0.00,0.36,1.31,3.97,7.47,10.17,12.39
SUT,BEVStock,Sciota Twp.,0.00,0.00,0.00,0.29,1.01,3.00,5.52,7.68,9.54
SUT,BEVStock,Shakopee,0.00,0.00,0.00,0.24,0.71,1.87,3.46,4.89,6.20
SUT,BEVStock,Shoreview,0.00,0.00,0.00,0.49,1.56,4.04,6.67,9.13,11.14
SUT,BEVStock,Shorewood,0.00,0.00,0.00,0.55,1.89,5.24,8.89,11.90,14.29
SUT,BEVStock,South St. Paul,0.00,0.00,0.00,0.46,1.28,3.12,5.32,7.50,9.41
SUT,BEVStock,Spring Lake Park,0.00,0.00,0.00,0.17,0.55,1.55,2.83,4.07,5.20
SUT,BEVStock,Spring Lake Park,0.00,0.00,0.00,0.17,0.55,1.55,2.83,4.07,5.20
SUT,BEVStock,Spring Lake Twp.,0.00,0.00,0.00,0.10,0.37,1.29,2.80,4.05,5.22
SUT,BEVStock,Spring Park,0.00,0.00,0.00,0.55,1.89,5.24,8.89,11.90,14.29
SUT,BEVStock,St. Anthony,0.00,0.00,0.00,0.55,1.89,5.24,8.89,11.90,14.29
SUT,BEVStock,St. Anthony,0.00,0.00,0.00,0.55,1.89,5.24,8.89,11.90,14.29
SUT,BEVStock,St. Bonifacius,0.00,0.00,0.00,0.55,1.89,5.24,8.89,11.90,14.29
SUT,BEVStock,St. Francis,0.00,0.00,0.00,0.17,0.55,1.55,2.83,4.07,5.20
SUT,BEVStock,St. Lawrence Twp.,0.00,0.00,0.00,0.10,0.37,1.29,2.80,4.05,5.22
SUT,BEVStock,St. Louis Park,0.00,0.00,0.00,0.60,1.84,4.64,7.79,10.74,13.21
SUT,BEVStock,St. Marys Point,0.00,0.00,0.00,0.36,1.31,3.97,7.47,10.17,12.39
SUT,BEVStock,St. Paul,0.00,0.00,0.00,0.43,1.31,3.29,5.55,7.82,9.80
SUT,BEVStock,St. Paul Park,0.00,0.00,0.00,0.36,1.31,3.97,7.47,10.17,12.39
SUT,BEVStock,Stillwater,0.00,0.00,0.00,0.36,1.31,3.97,7.47,10.17,12.39
SUT,BEVStock,Stillwater Twp.,0.00,0.00,0.00,0.36,1.31,3.97,7.47,10.17,12.39
SUT,BEVStock,Sunfish Lake,0.00,0.00,0.00,0.29,1.01,3.00,5.52,7.68,9.54
SUT,BEVStock,Tonka Bay,0.00,0.00,0.00,0.55,1.89,5.24,8.89,11.90,14.29
SUT,BEVStock,Vadnais Heights,0.00,0.00,0.00,0.15,0.50,1.41,2.64,3.83,4.94
SUT,BEVStock,Vermillion,0.00,0.00,0.00,0.29,1.01,3.00,5.52,7.68,9.54
SUT,BEVStock,Vermillion Twp.,0.00,0.00,0.00,0.29,1.01,3.00,5.52,7.68,9.54
SUT,BEVStock,Victoria,0.00,0.00,0.00,0.33,1.26,3.99,7.75,10.63,13.04
SUT,BEVStock,Waconia,0.00,0.00,0.00,0.33,1.26,3.99,7.75,10.63,13.04
SUT,BEVStock,Waconia Twp.,0.00,0.00,0.00,0.33,1.26,3.99,7.75,10.63,13.04
SUT,BEVStock,Waterford Twp.,0.00,0.00,0.00,0.29,1.01,3.00,5.52,7.68,9.54
SUT,BEVStock,Watertown,0.00,0.00,0.00,0.33,1.26,3.99,7.75,10.63,13.04
SUT,BEVStock,Watertown Twp.,0.00,0.00,0.00,0.33,1.26,3.99,7.75,10.63,13.04
SUT,BEVStock,Wayzata,0.00,0.00,0.00,0.55,1.89,5.24,8.89,11.90,14.29
SUT,BEVStock,West Lakeland Twp.,0.00,0.00,0.00,0.36,1.31,3.97,7.47,10.17,12.39
SUT,BEVStock,West St. Paul,0.00,0.00,0.00,0.45,1.24,2.93,5.02,7.16,9.06
SUT,BEVStock,White Bear Lake,0.00,0.00,0.00,0.39,1.43,4.08,6.99,9.45,11.43
SUT,BEVStock,White Bear Lake,0.00,0.00,0.00,0.39,1.43,4.08,6.99,9.45,11.43
SUT,BEVStock,White Bear Twp.,0.00,0.00,0.00,0.15,0.50,1.41,2.64,3.83,4.94
SUT,BEVStock,Willernie,0.00,0.00,0.00,0.36,1.31,3.97,7.47,10.17,12.39
SUT,BEVStock,Woodbury,0.00,0.00,0.00,0.52,1.57,4.01,7.09,9.80,12.09
SUT,BEVStock,Woodland,0.00,0.00,0.00,0.55,1.89,5.24,8.89,11.90,14.29
SUT,BEVStock,Young America Twp.,0.00,0.00,0.00,0.40,2.14,7.55,7.44,10.27,12.63
SUT,CIMPG,All,98.04,98.33,98.53,99.02,99.52,100.01,100.51,101.02,101.52
SUT,BEVElec,All,2.34,2.34,2.34,2.34,2.34,2.34,2.34,2.34,2.34
SUT,AVO,All,1.00,1.00,1.00,1.00,1.00,1.00,1.00,1.00,1.00
SUT,TMT,Afton,11449.45,12515.98,13227.00,14215.51,15173.14,16051.48,17156.50,18261.51,19366.53
SUT,TMT,Andover,12326.56,13474.80,14240.29,15304.52,16335.51,17281.15,18470.81,19660.48,20850.15
SUT,TMT,Anoka,4964.62,5427.08,5735.39,6164.02,6579.26,6960.12,7439.27,7918.42,8397.57
SUT,TMT,Apple Valley,18527.69,20253.57,21404.15,23003.77,24553.42,25974.78,27762.93,29551.09,31339.24
SUT,TMT,Arden Hills,64322.43,70314.14,74308.61,79861.98,85241.90,90176.42,96384.34,102592.26,108800.18
SUT,TMT,Bayport,324.28,354.48,374.62,402.62,429.74,454.62,485.91,517.21,548.51
SUT,TMT,Baytown Twp.,1558.74,1703.94,1800.74,1935.32,2065.69,2185.27,2335.71,2486.15,2636.59
SUT,TMT,Belle Plaine,5085.88,5559.64,5875.48,6314.57,6739.96,7130.12,7620.97,8111.82,8602.68
SUT,TMT,Belle Plaine Twp.,4697.44,5135.02,5426.73,5832.29,6225.18,6585.55,7038.91,7492.27,7945.64
SUT,TMT,Benton Twp.,3229.80,3530.66,3731.23,4010.08,4280.22,4528.00,4839.71,5151.43,5463.14
SUT,TMT,Bethel,83.45,91.22,96.40,103.61,110.59,116.99,125.04,133.10,141.15
SUT,TMT,Birchwood Village,0.00,0.00,0.00,0.00,0.00,0.00,0.00,0.00,0.00
SUT,TMT,Blaine,69001.14,75428.68,79713.70,85671.01,91442.26,96735.71,103395.18,110054.65,116714.13
SUT,TMT,Blaine,69001.14,75428.68,79713.70,85671.01,91442.26,96735.71,103395.18,110054.65,116714.13
SUT,TMT,Blakeley Twp.,8549.88,9346.32,9877.27,10615.44,11330.55,11986.46,12811.63,13636.80,14461.97
SUT,TMT,Bloomington,122808.91,134248.70,141875.23,152478.11,162749.84,172171.17,184023.76,195876.36,207728.95
SUT,TMT,Brooklyn Center,74018.71,80913.64,85510.26,91900.77,98091.69,103770.06,110913.79,118057.52,125201.25
SUT,TMT,Brooklyn Park,63733.40,69670.24,73628.13,79130.64,84461.30,89350.63,95501.70,101652.77,107803.84
SUT,TMT,Burnsville,128150.63,140088.01,148046.26,159110.33,169828.84,179659.96,192028.09,204396.23,216764.36
SUT,TMT,Camden Twp.,3161.67,3456.18,3652.52,3925.49,4189.93,4432.48,4737.62,5042.76,5347.90
SUT,TMT,Carver,0.00,0.00,0.00,0.00,0.00,0.00,0.00,0.00,0.00
SUT,TMT,Castle Rock Twp.,4213.69,4606.20,4867.88,5231.67,5584.10,5907.36,6314.03,6720.71,7127.38
SUT,TMT,Cedar Lake Twp.,2657.71,2905.27,3070.32,3299.78,3522.07,3725.95,3982.46,4238.96,4495.46
SUT,TMT,Centerville,2926.61,3199.22,3380.97,3633.64,3878.42,4102.94,4385.39,4667.85,4950.30
SUT,TMT,Champlin,7650.22,8362.85,8837.93,9498.43,10138.29,10725.18,11463.52,12201.87,12940.21
SUT,TMT,Chanhassen,30535.92,33380.37,35276.67,37913.04,40467.06,42809.63,45756.73,48703.83,51650.92
SUT,TMT,Chanhassen,30535.92,33380.37,35276.67,37913.04,40467.06,42809.63,45756.73,48703.83,51650.92
SUT,TMT,Chaska,16309.27,17828.50,18841.32,20249.40,21613.51,22864.68,24438.73,26012.78,27586.83
SUT,TMT,Circle Pines,0.00,0.00,0.00,0.00,0.00,0.00,0.00,0.00,0.00
SUT,TMT,Coates,7457.43,8152.10,8615.21,9259.06,9882.80,10454.90,11174.63,11894.37,12614.10
SUT,TMT,Cologne,797.63,871.93,921.46,990.33,1057.04,1118.23,1195.21,1272.19,1349.18
SUT,TMT,Columbia Heights,0.00,0.00,0.00,0.00,0.00,0.00,0.00,0.00,0.00
SUT,TMT,Columbus,17008.70,18593.08,19649.34,21117.81,22540.41,23845.24,25486.79,27128.35,28769.90
SUT,TMT,Coon Rapids,29078.41,31787.10,33592.89,36103.42,38535.53,40766.29,43572.72,46379.15,49185.58
SUT,TMT,Corcoran,12911.18,14113.88,14915.67,16030.38,17110.27,18100.75,19346.84,20592.93,21839.02
SUT,TMT,Cottage Grove,5846.75,6391.38,6754.47,7259.25,7748.27,8196.81,8761.09,9325.38,9889.66
SUT,TMT,Credit River Twp.,11067.64,12098.61,12785.92,13741.46,14667.16,15516.21,16584.38,17652.55,18720.71
SUT,TMT,Crystal,0.00,0.00,0.00,0.00,0.00,0.00,0.00,0.00,0.00
SUT,TMT,Dahlgren Twp.,13005.41,14216.88,15024.53,16147.37,17235.14,18232.85,19488.04,20743.22,21998.41
SUT,TMT,Dayton,40838.80,44642.98,47179.10,50704.97,54120.73,57253.69,61195.14,65136.60,69078.05
SUT,TMT,Deephaven,0.00,0.00,0.00,0.00,0.00,0.00,0.00,0.00,0.00
SUT,TMT,Dellwood,202.00,220.81,233.36,250.80,267.69,283.19,302.69,322.18,341.68
SUT,TMT,Denmark Twp.,3295.35,3602.32,3806.96,4091.47,4367.09,4619.90,4937.94,5255.98,5574.02
SUT,TMT,Douglas Twp.,9904.60,10827.22,11442.30,12297.43,13125.85,13885.68,14841.60,15797.52,16753.44
SUT,TMT,Eagan,51895.32,56729.43,59952.16,64432.62,68773.14,72754.31,77762.86,82771.40,87779.95
SUT,TMT,East Bethel,12375.69,13528.50,14297.04,15365.51,16400.61,17350.02,18544.42,19738.83,20933.24
SUT,TMT,Eden Prairie,57456.54,62808.68,66376.78,71337.37,76143.03,80550.83,86096.10,91641.38,97186.65
SUT,TMT,Edina,56387.32,61639.86,65141.56,70009.84,74726.07,79051.84,84493.92,89936.00,95378.08
SUT,TMT,Elko New Market,0.00,0.00,0.00,0.00,0.00,0.00,0.00,0.00,0.00
SUT,TMT,Empire Twp.,0.00,0.00,0.00,0.00,0.00,0.00,0.00,0.00,0.00
SUT,TMT,Eureka Twp.,272.17,297.53,314.43,337.93,360.69,381.57,407.84,434.11,460.37
SUT,TMT,Excelsior,335.46,366.71,387.54,416.50,444.56,470.30,502.67,535.05,567.42
SUT,TMT,Falcon Heights,0.00,0.00,0.00,0.00,0.00,0.00,0.00,0.00,0.00
SUT,TMT,Farmington,1448.89,1583.85,1673.83,1798.92,1920.11,2031.26,2171.10,2310.93,2450.77
SUT,TMT,Forest Lake,31165.86,34068.99,36004.42,38695.17,41301.88,43692.78,46700.67,49708.57,52716.46
SUT,TMT,Fort Snelling UT,0.00,0.00,0.00,0.00,0.00,0.00,0.00,0.00,0.00
SUT,TMT,Fridley,49716.23,54347.36,57434.77,61727.09,65885.36,69699.35,74497.59,79295.83,84094.07
SUT,TMT,Gem Lake,0.00,0.00,0.00,0.00,0.00,0.00,0.00,0.00,0.00
SUT,TMT,Golden Valley,53453.62,58432.88,61752.39,66367.39,70838.25,74938.96,80097.90,85256.84,90415.78
SUT,TMT,Grant,5396.39,5899.07,6234.19,6700.09,7151.45,7565.43,8086.25,8607.07,9127.89
SUT,TMT,Greenfield,962.55,1052.21,1111.99,1195.09,1275.60,1349.44,1442.34,1535.23,1628.13
SUT,TMT,Greenvale Twp.,685.75,749.62,792.21,851.42,908.77,961.38,1027.56,1093.74,1159.93
SUT,TMT,Greenwood,0.00,0.00,0.00,0.00,0.00,0.00,0.00,0.00,0.00
SUT,TMT,Grey Cloud Island Twp.,0.00,0.00,0.00,0.00,0.00,0.00,0.00,0.00,0.00
SUT,TMT,Ham Lake,9885.72,10806.58,11420.49,12273.99,13100.83,13859.22,14813.31,15767.41,16721.50
SUT,TMT,Hamburg,115.60,126.37,133.55,143.53,153.20,162.07,173.23,184.38,195.54
SUT,TMT,Hampton,0.00,0.00,0.00,0.00,0.00,0.00,0.00,0.00,0.00
SUT,TMT,Hampton Twp.,14099.49,15412.88,16288.47,17505.77,18685.05,19766.69,21127.47,22488.25,23849.03
SUT,TMT,Hancock Twp.,19.98,21.84,23.08,24.80,26.47,28.00,29.93,31.86,33.79
SUT,TMT,Hanover,1012.20,1106.48,1169.34,1256.73,1341.39,1419.04,1516.73,1614.42,1712.11
SUT,TMT,Hastings,10716.68,11714.95,12380.46,13305.70,14202.05,15024.18,16058.47,17092.77,18127.06
SUT,TMT,Hastings,10716.68,11714.95,12380.46,13305.70,14202.05,15024.18,16058.47,17092.77,18127.06
SUT,TMT,Helena Twp.,421.11,460.34,486.49,522.85,558.07,590.37,631.02,671.66,712.30
SUT,TMT,Hilltop,0.00,0.00,0.00,0.00,0.00,0.00,0.00,0.00,0.00
SUT,TMT,Hollywood Twp.,2972.00,3248.84,3433.41,3690.00,3938.57,4166.57,4453.41,4740.24,5027.08
SUT,TMT,Hopkins,25300.27,27657.02,29228.19,31412.52,33528.63,35469.55,37911.35,40353.14,42794.93
SUT,TMT,Hugo,8407.73,9190.92,9713.05,10438.94,11142.16,11787.16,12598.62,13410.07,14221.52
SUT,TMT,Independence,16413.05,17941.94,18961.20,20378.25,21751.04,23010.17,24594.23,26178.30,27762.36
SUT,TMT,Inver Grove Heights,148406.38,162230.60,171446.75,184259.63,196672.33,208057.37,222380.44,236703.51,251026.58
SUT,TMT,Jackson Twp.,12033.22,13154.13,13901.40,14940.31,15946.77,16869.90,18031.26,19192.61,20353.97
SUT,TMT,Jordan,4741.09,5182.73,5477.16,5886.48,6283.03,6646.74,7104.32,7561.89,8019.47
SUT,TMT,Lake Elmo,8217.67,8983.16,9493.48,10202.97,10890.29,11520.72,12313.82,13106.93,13900.04
SUT,TMT,Lake St. Croix Beach,0.00,0.00,0.00,0.00,0.00,0.00,0.00,0.00,0.00
SUT,TMT,Lakeland,4186.69,4576.68,4836.68,5198.14,5548.32,5869.50,6273.57,6677.63,7081.70
SUT,TMT,Lakeland Shores,0.00,0.00,0.00,0.00,0.00,0.00,0.00,0.00,0.00
SUT,TMT,Laketown Twp.,62.54,68.37,72.25,77.65,82.89,87.68,93.72,99.76,105.79
SUT,TMT,Lakeville,57188.91,62516.12,66067.60,71005.08,75788.36,80175.63,85695.07,91214.51,96733.96
SUT,TMT,Landfall,0.00,0.00,0.00,0.00,0.00,0.00,0.00,0.00,0.00
SUT,TMT,Lauderdale,5432.17,5938.18,6275.53,6744.52,7198.87,7615.60,8139.87,8664.14,9188.42
SUT,TMT,Lexington,0.00,0.00,0.00,0.00,0.00,0.00,0.00,0.00,0.00
SUT,TMT,Lilydale,1142.87,1249.33,1320.30,1418.97,1514.56,1602.24,1712.54,1822.84,1933.14
SUT,TMT,Lino Lakes,33569.32,36696.34,38781.02,41679.27,44487.01,47062.29,50302.15,53542.01,56781.86
SUT,TMT,Linwood Twp.,3894.22,4256.97,4498.80,4835.02,5160.73,5459.47,5835.31,6211.16,6587.00
SUT,TMT,Little Canada,23988.91,26223.51,27713.24,29784.35,31790.79,33631.10,35946.33,38261.56,40576.79
SUT,TMT,Long Lake,6003.98,6563.26,6936.11,7454.47,7956.64,8417.24,8996.70,9576.16,10155.61
SUT,TMT,Loretto,550.21,601.47,635.64,683.14,729.16,771.37,824.47,877.57,930.68
SUT,TMT,Louisville Twp.,1329.38,1453.22,1535.77,1650.55,1761.74,1863.72,1992.02,2120.33,2248.63
SUT,TMT,Mahtomedi,307.36,335.99,355.08,381.61,407.32,430.90,460.56,490.23,519.89
SUT,TMT,Maple Grove,88236.39,96455.71,101935.26,109553.27,116933.36,123702.44,132218.35,140734.27,149250.18
SUT,TMT,Maple Plain,5370.37,5870.62,6204.13,6667.79,7116.96,7528.95,8047.26,8565.57,9083.87
SUT,TMT,Maplewood,28690.61,31363.17,33144.88,35621.92,38021.60,40222.61,42991.61,45760.62,48529.62
SUT,TMT,Marine on St. Croix,163.53,178.76,188.92,203.04,216.72,229.26,245.04,260.83,276.61
SUT,TMT,Marshan Twp.,9677.33,10578.79,11179.76,12015.27,12824.68,13567.08,14501.06,15435.04,16369.03
SUT,TMT,May Twp.,2568.68,2807.96,2967.48,3189.25,3404.09,3601.15,3849.06,4096.97,4344.88
SUT,TMT,Mayer,1056.38,1154.78,1220.38,1311.59,1399.94,1480.98,1582.94,1684.89,1786.84
SUT,TMT,Medicine Lake,0.00,0.00,0.00,0.00,0.00,0.00,0.00,0.00,0.00
SUT,TMT,Medina,2508.38,2742.04,2897.81,3114.38,3324.18,3516.61,3758.70,4000.79,4242.88
SUT,TMT,Mendota,0.00,0.00,0.00,0.00,0.00,0.00,0.00,0.00,0.00
SUT,TMT,Mendota Heights,53653.38,58651.25,61983.17,66615.41,71102.97,75219.01,80397.23,85575.45,90753.67
SUT,TMT,Miesville,0.00,0.00,0.00,0.00,0.00,0.00,0.00,0.00,0.00
SUT,TMT,Minneapolis,209317.19,228815.33,241814.09,259885.79,277393.07,293450.91,313652.63,333854.35,354056.08
SUT,TMT,Minnetonka,68828.49,75239.94,79514.25,85456.65,91213.46,96493.66,103136.47,109779.28,116422.09
SUT,TMT,Minnetonka Beach,0.00,0.00,0.00,0.00,0.00,0.00,0.00,0.00,0.00
SUT,TMT,Minnetrista,6153.97,6727.22,7109.39,7640.70,8155.42,8627.52,9221.46,9815.39,10409.33
SUT,TMT,Mound,304.42,332.77,351.68,377.96,403.42,426.78,456.16,485.54,514.92
SUT,TMT,Mounds View,4894.89,5350.86,5654.84,6077.44,6486.85,6862.36,7334.78,7807.20,8279.62
SUT,TMT,New Brighton,29650.44,32412.41,34253.72,36813.64,39293.60,41568.24,44429.88,47291.52,50153.15
SUT,TMT,New Germany,742.59,811.77,857.88,921.99,984.10,1041.07,1112.74,1184.41,1256.08
SUT,TMT,New Hope,0.00,0.00,0.00,0.00,0.00,0.00,0.00,0.00,0.00
SUT,TMT,New Market Twp.,49990.40,54647.07,57751.51,62067.50,66248.69,70083.73,74908.42,79733.12,84557.82
SUT,TMT,New Prague,1790.27,1957.03,2068.21,2222.77,2372.51,2509.85,2682.64,2855.42,3028.20
SUT,TMT,New Trier,507.37,554.63,586.14,629.94,672.38,711.30,760.27,809.24,858.21
SUT,TMT,Newport,10539.97,11521.78,12176.32,13086.31,13967.87,14776.45,15793.69,16810.93,17828.17
SUT,TMT,Nininger Twp.,16773.73,18336.22,19377.88,20826.07,22229.02,23515.82,25134.70,26753.57,28372.45
SUT,TMT,North Oaks,0.00,0.00,0.00,0.00,0.00,0.00,0.00,0.00,0.00
SUT,TMT,North St. Paul,3812.03,4167.12,4403.85,4732.97,5051.80,5344.24,5712.15,6080.06,6447.97
SUT,TMT,Northfield,7.97,8.71,9.20,9.89,10.56,11.17,11.94,12.71,13.48
SUT,TMT,Norwood Young America,5993.56,6551.87,6924.08,7441.54,7942.84,8402.64,8981.09,9559.55,10138.00
SUT,TMT,Nowthen,6566.40,7178.07,7585.84,8152.76,8701.98,9205.72,9839.46,10473.20,11106.94
SUT,TMT,Oak Grove,4711.33,5150.19,5442.77,5849.53,6243.59,6605.02,7059.72,7514.42,7969.12
SUT,TMT,Oak Park Heights,1504.13,1644.25,1737.65,1867.52,1993.32,2108.71,2253.88,2399.05,2544.21
SUT,TMT,Oakdale,63493.29,69407.77,73350.75,78832.53,84143.11,89014.02,95141.91,101269.81,107397.70
SUT,TMT,Orono,10582.36,11568.12,12225.30,13138.94,14024.05,14835.88,15857.21,16878.54,17899.87
SUT,TMT,Osseo,574.49,628.00,663.68,713.27,761.32,805.40,860.84,916.29,971.73
SUT,TMT,Pine Springs,1593.22,1741.63,1840.57,1978.13,2111.38,2233.61,2387.37,2541.14,2694.90
SUT,TMT,Plymouth,105134.62,114928.03,121456.97,130533.92,139327.37,147392.81,157539.61,167686.41,177833.22
SUT,TMT,Prior Lake,45593.93,49841.05,52672.47,56608.89,60422.36,63920.12,68320.50,72720.88,77121.27
SUT,TMT,Ramsey,24727.78,27031.20,28566.82,30701.73,32769.96,34666.96,37053.50,39440.04,41826.58
SUT,TMT,Randolph,0.00,0.00,0.00,0.00,0.00,0.00,0.00,0.00,0.00
SUT,TMT,Randolph Twp.,16064.94,17561.41,18559.05,19946.04,21289.71,22522.14,24072.61,25623.08,27173.54
SUT,TMT,Ravenna Twp.,7979.35,8722.63,9218.16,9907.07,10574.46,11186.60,11956.70,12726.81,13496.92
SUT,TMT,Richfield,63956.31,69913.92,73885.65,79407.41,84756.72,89663.15,95835.73,102008.31,108180.90
SUT,TMT,Robbinsdale,19290.62,21087.57,22285.53,23951.01,25564.48,27044.36,28906.15,30767.94,32629.72
SUT,TMT,Rockford,36.73,40.15,42.43,45.60,48.67,51.49,55.03,58.58,62.12
SUT,TMT,Rogers,70939.82,77547.95,81953.37,88078.06,94011.46,99453.64,106300.22,113146.79,119993.37
SUT,TMT,Rosemount,45888.15,50162.68,53012.37,56974.19,60812.27,64332.60,68761.38,73190.16,77618.94
SUT,TMT,Roseville,46813.22,51173.93,54081.07,58122.75,62038.21,65629.50,70147.56,74665.62,79183.68
SUT,TMT,San Francisco Twp.,469.60,513.35,542.51,583.05,622.33,658.36,703.68,749.00,794.33
SUT,TMT,Sand Creek Twp.,21392.56,23385.30,24713.80,26560.75,28350.03,29991.16,32055.81,34120.46,36185.11
SUT,TMT,Savage,16226.29,17737.79,18745.46,20146.38,21503.54,22748.35,24314.39,25880.43,27446.47
SUT,TMT,Scandia,4451.42,4866.08,5142.51,5526.83,5899.15,6240.64,6670.26,7099.88,7529.50
SUT,TMT,Sciota Twp.,1841.80,2013.37,2127.75,2286.76,2440.81,2582.11,2759.86,2937.62,3115.38
SUT,TMT,Shakopee,77746.33,84988.49,89816.60,96528.94,103031.63,108995.97,116499.46,124002.95,131506.45
SUT,TMT,Shoreview,18330.62,20038.14,21176.49,22759.09,24292.26,25698.50,27467.64,29236.77,31005.90
SUT,TMT,Shorewood,5790.00,6329.35,6688.91,7188.80,7673.08,8117.26,8676.07,9234.87,9793.68
SUT,TMT,South St. Paul,14202.78,15525.78,16407.79,17634.00,18821.92,19911.49,21282.24,22652.98,24023.73
SUT,TMT,Spring Lake Park,4993.25,5458.38,5768.46,6199.56,6617.19,7000.25,7482.16,7964.07,8445.99
SUT,TMT,Spring Lake Park,4993.25,5458.38,5768.46,6199.56,6617.19,7000.25,7482.16,7964.07,8445.99
SUT,TMT,Spring Lake Twp.,4226.85,4620.58,4883.07,5248.00,5601.54,5925.80,6333.74,6741.69,7149.63
SUT,TMT,Spring Park,0.00,0.00,0.00,0.00,0.00,0.00,0.00,0.00,0.00
SUT,TMT,St. Anthony,0.00,0.00,0.00,0.00,0.00,0.00,0.00,0.00,0.00
SUT,TMT,St. Anthony,0.00,0.00,0.00,0.00,0.00,0.00,0.00,0.00,0.00
SUT,TMT,St. Bonifacius,52.21,57.07,60.32,64.82,69.19,73.19,78.23,83.27,88.31
SUT,TMT,St. Francis,12941.79,14147.33,14951.03,16068.37,17150.82,18143.66,19392.70,20641.75,21890.79
SUT,TMT,St. Lawrence Twp.,8253.62,9022.46,9535.01,10247.60,10937.93,11571.11,12367.69,13164.27,13960.84
SUT,TMT,St. Louis Park,18970.59,20737.72,21915.80,23553.66,25140.36,26595.69,28426.59,30257.49,32088.39
SUT,TMT,St. Marys Point,183.90,201.03,212.45,228.33,243.71,257.82,275.56,293.31,311.06
SUT,TMT,St. Paul,151813.10,165954.67,175382.38,188489.38,201187.02,212833.41,227485.27,242137.14,256789.00
SUT,TMT,St. Paul Park,682.00,745.53,787.89,846.77,903.81,956.13,1021.95,1087.77,1153.60
SUT,TMT,Stillwater,10292.31,11251.05,11890.21,12778.81,13639.66,14429.24,15422.57,16415.91,17409.24
SUT,TMT,Stillwater Twp.,2148.40,2348.53,2481.94,2667.43,2847.12,3011.94,3219.28,3426.63,3633.98
SUT,TMT,Sunfish Lake,0.00,0.00,0.00,0.00,0.00,0.00,0.00,0.00,0.00
SUT,TMT,Tonka Bay,0.00,0.00,0.00,0.00,0.00,0.00,0.00,0.00,0.00
SUT,TMT,Vadnais Heights,51985.09,56827.56,60055.87,64544.08,68892.11,72880.16,77897.37,82914.58,87931.79
SUT,TMT,Vermillion,0.00,0.00,0.00,0.00,0.00,0.00,0.00,0.00,0.00
SUT,TMT,Vermillion Twp.,3873.14,4233.93,4474.46,4808.85,5132.80,5429.93,5803.74,6177.54,6551.35
SUT,TMT,Victoria,2355.62,2575.05,2721.34,2924.71,3121.74,3302.45,3529.79,3757.14,3984.49
SUT,TMT,Waconia,3601.62,3937.12,4160.78,4471.73,4772.97,5049.27,5396.87,5744.47,6092.07
SUT,TMT,Waconia Twp.,4494.08,4912.71,5191.80,5579.80,5955.69,6300.45,6734.19,7167.92,7601.66
SUT,TMT,Waterford Twp.,6229.27,6809.54,7196.38,7734.19,8255.21,8733.09,9334.29,9935.50,10536.70
SUT,TMT,Watertown,101.91,111.40,117.73,126.53,135.05,142.87,152.71,162.54,172.38
SUT,TMT,Watertown Twp.,9986.21,10916.44,11536.59,12398.77,13234.01,14000.11,14963.90,15927.70,16891.49
SUT,TMT,Wayzata,11728.00,12820.47,13548.79,14561.34,15542.27,16441.99,17573.89,18705.79,19837.68
SUT,TMT,West Lakeland Twp.,34566.06,37785.92,39932.50,42916.81,45807.92,48459.66,51795.72,55131.78,58467.83
SUT,TMT,West St. Paul,8994.10,9831.91,10390.45,11166.97,11919.23,12609.22,13477.26,14345.30,15213.35
SUT,TMT,White Bear Lake,17157.66,18755.92,19821.42,21302.76,22737.82,24054.08,25710.01,27365.93,29021.86
SUT,TMT,White Bear Lake,17157.66,18755.92,19821.42,21302.76,22737.82,24054.08,25710.01,27365.93,29021.86
SUT,TMT,White Bear Twp.,22882.52,25014.05,26435.07,28410.67,30324.56,32080.00,34288.45,36496.89,38705.34
SUT,TMT,Willernie,462.10,505.14,533.84,573.73,612.38,647.83,692.43,737.03,781.63
SUT,TMT,Woodbury,49771.34,54407.60,57498.44,61795.52,65958.39,69776.61,74580.17,79383.73,84187.28
SUT,TMT,Woodland,0.00,0.00,0.00,0.00,0.00,0.00,0.00,0.00,0.00
SUT,TMT,Young America Twp.,6658.84,7279.11,7692.63,8267.53,8824.48,9335.31,9977.97,10620.63,11263.30
FR,TotStock,Afton,100.00,100.00,100.00,100.00,100.00,100.00,100.00,100.00,100.00
FR,TotStock,Andover,100.00,100.00,100.00,100.00,100.00,100.00,100.00,100.00,100.00
FR,TotStock,Anoka,100.00,100.00,100.00,100.00,100.00,100.00,100.00,100.00,100.00
FR,TotStock,Apple Valley,100.00,100.00,100.00,100.00,100.00,100.00,100.00,100.00,100.00
FR,TotStock,Arden Hills,100.00,100.00,100.00,100.00,100.00,100.00,100.00,100.00,100.00
FR,TotStock,Bayport,100.00,100.00,100.00,100.00,100.00,100.00,100.00,100.00,100.00
FR,TotStock,Baytown Twp.,100.00,100.00,100.00,100.00,100.00,100.00,100.00,100.00,100.00
FR,TotStock,Belle Plaine,100.00,100.00,100.00,100.00,100.00,100.00,100.00,100.00,100.00
FR,TotStock,Belle Plaine Twp.,100.00,100.00,100.00,100.00,100.00,100.00,100.00,100.00,100.00
FR,TotStock,Benton Twp.,100.00,100.00,100.00,100.00,100.00,100.00,100.00,100.00,100.00
FR,TotStock,Bethel,100.00,100.00,100.00,100.00,100.00,100.00,100.00,100.00,100.00
FR,TotStock,Birchwood Village,100.00,100.00,100.00,100.00,100.00,100.00,100.00,100.00,100.00
FR,TotStock,Blaine,100.00,100.00,100.00,100.00,100.00,100.00,100.00,100.00,100.00
FR,TotStock,Blaine,100.00,100.00,100.00,100.00,100.00,100.00,100.00,100.00,100.00
FR,TotStock,Blakeley Twp.,100.00,100.00,100.00,100.00,100.00,100.00,100.00,100.00,100.00
FR,TotStock,Bloomington,100.00,100.00,100.00,100.00,100.00,100.00,100.00,100.00,100.00
FR,TotStock,Brooklyn Center,100.00,100.00,100.00,100.00,100.00,100.00,100.00,100.00,100.00
FR,TotStock,Brooklyn Park,100.00,100.00,100.00,100.00,100.00,100.00,100.00,100.00,100.00
FR,TotStock,Burnsville,100.00,100.00,100.00,100.00,100.00,100.00,100.00,100.00,100.00
FR,TotStock,Camden Twp.,100.00,100.00,100.00,100.00,100.00,100.00,100.00,100.00,100.00
FR,TotStock,Carver,100.00,100.00,100.00,100.00,100.00,100.00,100.00,100.00,100.00
FR,TotStock,Castle Rock Twp.,100.00,100.00,100.00,100.00,100.00,100.00,100.00,100.00,100.00
FR,TotStock,Cedar Lake Twp.,100.00,100.00,100.00,100.00,100.00,100.00,100.00,100.00,100.00
FR,TotStock,Centerville,100.00,100.00,100.00,100.00,100.00,100.00,100.00,100.00,100.00
FR,TotStock,Champlin,100.00,100.00,100.00,100.00,100.00,100.00,100.00,100.00,100.00
FR,TotStock,Chanhassen,100.00,100.00,100.00,100.00,100.00,100.00,100.00,100.00,100.00
FR,TotStock,Chanhassen,100.00,100.00,100.00,100.00,100.00,100.00,100.00,100.00,100.00
FR,TotStock,Chaska,100.00,100.00,100.00,100.00,100.00,100.00,100.00,100.00,100.00
FR,TotStock,Circle Pines,100.00,100.00,100.00,100.00,100.00,100.00,100.00,100.00,100.00
FR,TotStock,Coates,100.00,100.00,100.00,100.00,100.00,100.00,100.00,100.00,100.00
FR,TotStock,Cologne,100.00,100.00,100.00,100.00,100.00,100.00,100.00,100.00,100.00
FR,TotStock,Columbia Heights,100.00,100.00,100.00,100.00,100.00,100.00,100.00,100.00,100.00
FR,TotStock,Columbus,100.00,100.00,100.00,100.00,100.00,100.00,100.00,100.00,100.00
FR,TotStock,Coon Rapids,100.00,100.00,100.00,100.00,100.00,100.00,100.00,100.00,100.00
FR,TotStock,Corcoran,100.00,100.00,100.00,100.00,100.00,100.00,100.00,100.00,100.00
FR,TotStock,Cottage Grove,100.00,100.00,100.00,100.00,100.00,100.00,100.00,100.00,100.00
FR,TotStock,Credit River Twp.,100.00,100.00,100.00,100.00,100.00,100.00,100.00,100.00,100.00
FR,TotStock,Crystal,100.00,100.00,100.00,100.00,100.00,100.00,100.00,100.00,100.00
FR,TotStock,Dahlgren Twp.,100.00,100.00,100.00,100.00,100.00,100.00,100.00,100.00,100.00
FR,TotStock,Dayton,100.00,100.00,100.00,100.00,100.00,100.00,100.00,100.00,100.00
FR,TotStock,Deephaven,100.00,100.00,100.00,100.00,100.00,100.00,100.00,100.00,100.00
FR,TotStock,Dellwood,100.00,100.00,100.00,100.00,100.00,100.00,100.00,100.00,100.00
FR,TotStock,Denmark Twp.,100.00,100.00,100.00,100.00,100.00,100.00,100.00,100.00,100.00
FR,TotStock,Douglas Twp.,100.00,100.00,100.00,100.00,100.00,100.00,100.00,100.00,100.00
FR,TotStock,Eagan,100.00,100.00,100.00,100.00,100.00,100.00,100.00,100.00,100.00
FR,TotStock,East Bethel,100.00,100.00,100.00,100.00,100.00,100.00,100.00,100.00,100.00
FR,TotStock,Eden Prairie,100.00,100.00,100.00,100.00,100.00,100.00,100.00,100.00,100.00
FR,TotStock,Edina,100.00,100.00,100.00,100.00,100.00,100.00,100.00,100.00,100.00
FR,TotStock,Elko New Market,100.00,100.00,100.00,100.00,100.00,100.00,100.00,100.00,100.00
FR,TotStock,Empire Twp.,100.00,100.00,100.00,100.00,100.00,100.00,100.00,100.00,100.00
FR,TotStock,Eureka Twp.,100.00,100.00,100.00,100.00,100.00,100.00,100.00,100.00,100.00
FR,TotStock,Excelsior,100.00,100.00,100.00,100.00,100.00,100.00,100.00,100.00,100.00
FR,TotStock,Falcon Heights,100.00,100.00,100.00,100.00,100.00,100.00,100.00,100.00,100.00
FR,TotStock,Farmington,100.00,100.00,100.00,100.00,100.00,100.00,100.00,100.00,100.00
FR,TotStock,Forest Lake,100.00,100.00,100.00,100.00,100.00,100.00,100.00,100.00,100.00
FR,TotStock,Fort Snelling UT,100.00,100.00,100.00,100.00,100.00,100.00,100.00,100.00,100.00
FR,TotStock,Fridley,100.00,100.00,100.00,100.00,100.00,100.00,100.00,100.00,100.00
FR,TotStock,Gem Lake,100.00,100.00,100.00,100.00,100.00,100.00,100.00,100.00,100.00
FR,TotStock,Golden Valley,100.00,100.00,100.00,100.00,100.00,100.00,100.00,100.00,100.00
FR,TotStock,Grant,100.00,100.00,100.00,100.00,100.00,100.00,100.00,100.00,100.00
FR,TotStock,Greenfield,100.00,100.00,100.00,100.00,100.00,100.00,100.00,100.00,100.00
FR,TotStock,Greenvale Twp.,100.00,100.00,100.00,100.00,100.00,100.00,100.00,100.00,100.00
FR,TotStock,Greenwood,100.00,100.00,100.00,100.00,100.00,100.00,100.00,100.00,100.00
FR,TotStock,Grey Cloud Island Twp.,100.00,100.00,100.00,100.00,100.00,100.00,100.00,100.00,100.00
FR,TotStock,Ham Lake,100.00,100.00,100.00,100.00,100.00,100.00,100.00,100.00,100.00
FR,TotStock,Hamburg,100.00,100.00,100.00,100.00,100.00,100.00,100.00,100.00,100.00
FR,TotStock,Hampton,100.00,100.00,100.00,100.00,100.00,100.00,100.00,100.00,100.00
FR,TotStock,Hampton Twp.,100.00,100.00,100.00,100.00,100.00,100.00,100.00,100.00,100.00
FR,TotStock,Hancock Twp.,100.00,100.00,100.00,100.00,100.00,100.00,100.00,100.00,100.00
FR,TotStock,Hanover,100.00,100.00,100.00,100.00,100.00,100.00,100.00,100.00,100.00
FR,TotStock,Hastings,100.00,100.00,100.00,100.00,100.00,100.00,100.00,100.00,100.00
FR,TotStock,Hastings,100.00,100.00,100.00,100.00,100.00,100.00,100.00,100.00,100.00
FR,TotStock,Helena Twp.,100.00,100.00,100.00,100.00,100.00,100.00,100.00,100.00,100.00
FR,TotStock,Hilltop,100.00,100.00,100.00,100.00,100.00,100.00,100.00,100.00,100.00
FR,TotStock,Hollywood Twp.,100.00,100.00,100.00,100.00,100.00,100.00,100.00,100.00,100.00
FR,TotStock,Hopkins,100.00,100.00,100.00,100.00,100.00,100.00,100.00,100.00,100.00
FR,TotStock,Hugo,100.00,100.00,100.00,100.00,100.00,100.00,100.00,100.00,100.00
FR,TotStock,Independence,100.00,100.00,100.00,100.00,100.00,100.00,100.00,100.00,100.00
FR,TotStock,Inver Grove Heights,100.00,100.00,100.00,100.00,100.00,100.00,100.00,100.00,100.00
FR,TotStock,Jackson Twp.,100.00,100.00,100.00,100.00,100.00,100.00,100.00,100.00,100.00
FR,TotStock,Jordan,100.00,100.00,100.00,100.00,100.00,100.00,100.00,100.00,100.00
FR,TotStock,Lake Elmo,100.00,100.00,100.00,100.00,100.00,100.00,100.00,100.00,100.00
FR,TotStock,Lake St. Croix Beach,100.00,100.00,100.00,100.00,100.00,100.00,100.00,100.00,100.00
FR,TotStock,Lakeland,100.00,100.00,100.00,100.00,100.00,100.00,100.00,100.00,100.00
FR,TotStock,Lakeland Shores,100.00,100.00,100.00,100.00,100.00,100.00,100.00,100.00,100.00
FR,TotStock,Laketown Twp.,100.00,100.00,100.00,100.00,100.00,100.00,100.00,100.00,100.00
FR,TotStock,Lakeville,100.00,100.00,100.00,100.00,100.00,100.00,100.00,100.00,100.00
FR,TotStock,Landfall,100.00,100.00,100.00,100.00,100.00,100.00,100.00,100.00,100.00
FR,TotStock,Lauderdale,100.00,100.00,100.00,100.00,100.00,100.00,100.00,100.00,100.00
FR,TotStock,Lexington,100.00,100.00,100.00,100.00,100.00,100.00,100.00,100.00,100.00
FR,TotStock,Lilydale,100.00,100.00,100.00,100.00,100.00,100.00,100.00,100.00,100.00
FR,TotStock,Lino Lakes,100.00,100.00,100.00,100.00,100.00,100.00,100.00,100.00,100.00
FR,TotStock,Linwood Twp.,100.00,100.00,100.00,100.00,100.00,100.00,100.00,100.00,100.00
FR,TotStock,Little Canada,100.00,100.00,100.00,100.00,100.00,100.00,100.00,100.00,100.00
FR,TotStock,Long Lake,100.00,100.00,100.00,100.00,100.00,100.00,100.00,100.00,100.00
FR,TotStock,Loretto,100.00,100.00,100.00,100.00,100.00,100.00,100.00,100.00,100.00
FR,TotStock,Louisville Twp.,100.00,100.00,100.00,100.00,100.00,100.00,100.00,100.00,100.00
FR,TotStock,Mahtomedi,100.00,100.00,100.00,100.00,100.00,100.00,100.00,100.00,100.00
FR,TotStock,Maple Grove,100.00,100.00,100.00,100.00,100.00,100.00,100.00,100.00,100.00
FR,TotStock,Maple Plain,100.00,100.00,100.00,100.00,100.00,100.00,100.00,100.00,100.00
FR,TotStock,Maplewood,100.00,100.00,100.00,100.00,100.00,100.00,100.00,100.00,100.00
FR,TotStock,Marine on St. Croix,100.00,100.00,100.00,100.00,100.00,100.00,100.00,100.00,100.00
FR,TotStock,Marshan Twp.,100.00,100.00,100.00,100.00,100.00,100.00,100.00,100.00,100.00
FR,TotStock,May Twp.,100.00,100.00,100.00,100.00,100.00,100.00,100.00,100.00,100.00
FR,TotStock,Mayer,100.00,100.00,100.00,100.00,100.00,100.00,100.00,100.00,100.00
FR,TotStock,Medicine Lake,100.00,100.00,100.00,100.00,100.00,100.00,100.00,100.00,100.00
FR,TotStock,Medina,100.00,100.00,100.00,100.00,100.00,100.00,100.00,100.00,100.00
FR,TotStock,Mendota,100.00,100.00,100.00,100.00,100.00,100.00,100.00,100.00,100.00
FR,TotStock,Mendota Heights,100.00,100.00,100.00,100.00,100.00,100.00,100.00,100.00,100.00
FR,TotStock,Miesville,100.00,100.00,100.00,100.00,100.00,100.00,100.00,100.00,100.00
FR,TotStock,Minneapolis,100.00,100.00,100.00,100.00,100.00,100.00,100.00,100.00,100.00
FR,TotStock,Minnetonka,100.00,100.00,100.00,100.00,100.00,100.00,100.00,100.00,100.00
FR,TotStock,Minnetonka Beach,100.00,100.00,100.00,100.00,100.00,100.00,100.00,100.00,100.00
FR,TotStock,Minnetrista,100.00,100.00,100.00,100.00,100.00,100.00,100.00,100.00,100.00
FR,TotStock,Mound,100.00,100.00,100.00,100.00,100.00,100.00,100.00,100.00,100.00
FR,TotStock,Mounds View,100.00,100.00,100.00,100.00,100.00,100.00,100.00,100.00,100.00
FR,TotStock,New Brighton,100.00,100.00,100.00,100.00,100.00,100.00,100.00,100.00,100.00
FR,TotStock,New Germany,100.00,100.00,100.00,100.00,100.00,100.00,100.00,100.00,100.00
FR,TotStock,New Hope,100.00,100.00,100.00,100.00,100.00,100.00,100.00,100.00,100.00
FR,TotStock,New Market Twp.,100.00,100.00,100.00,100.00,100.00,100.00,100.00,100.00,100.00
FR,TotStock,New Prague,100.00,100.00,100.00,100.00,100.00,100.00,100.00,100.00,100.00
FR,TotStock,New Trier,100.00,100.00,100.00,100.00,100.00,100.00,100.00,100.00,100.00
FR,TotStock,Newport,100.00,100.00,100.00,100.00,100.00,100.00,100.00,100.00,100.00
FR,TotStock,Nininger Twp.,100.00,100.00,100.00,100.00,100.00,100.00,100.00,100.00,100.00
FR,TotStock,North Oaks,100.00,100.00,100.00,100.00,100.00,100.00,100.00,100.00,100.00
FR,TotStock,North St. Paul,100.00,100.00,100.00,100.00,100.00,100.00,100.00,100.00,100.00
FR,TotStock,Northfield,100.00,100.00,100.00,100.00,100.00,100.00,100.00,100.00,100.00
FR,TotStock,Norwood Young America,100.00,100.00,100.00,100.00,100.00,100.00,100.00,100.00,100.00
FR,TotStock,Nowthen,100.00,100.00,100.00,100.00,100.00,100.00,100.00,100.00,100.00
FR,TotStock,Oak Grove,100.00,100.00,100.00,100.00,100.00,100.00,100.00,100.00,100.00
FR,TotStock,Oak Park Heights,100.00,100.00,100.00,100.00,100.00,100.00,100.00,100.00,100.00
FR,TotStock,Oakdale,100.00,100.00,100.00,100.00,100.00,100.00,100.00,100.00,100.00
FR,TotStock,Orono,100.00,100.00,100.00,100.00,100.00,100.00,100.00,100.00,100.00
FR,TotStock,Osseo,100.00,100.00,100.00,100.00,100.00,100.00,100.00,100.00,100.00
FR,TotStock,Pine Springs,100.00,100.00,100.00,100.00,100.00,100.00,100.00,100.00,100.00
FR,TotStock,Plymouth,100.00,100.00,100.00,100.00,100.00,100.00,100.00,100.00,100.00
FR,TotStock,Prior Lake,100.00,100.00,100.00,100.00,100.00,100.00,100.00,100.00,100.00
FR,TotStock,Ramsey,100.00,100.00,100.00,100.00,100.00,100.00,100.00,100.00,100.00
FR,TotStock,Randolph,100.00,100.00,100.00,100.00,100.00,100.00,100.00,100.00,100.00
FR,TotStock,Randolph Twp.,100.00,100.00,100.00,100.00,100.00,100.00,100.00,100.00,100.00
FR,TotStock,Ravenna Twp.,100.00,100.00,100.00,100.00,100.00,100.00,100.00,100.00,100.00
FR,TotStock,Richfield,100.00,100.00,100.00,100.00,100.00,100.00,100.00,100.00,100.00
FR,TotStock,Robbinsdale,100.00,100.00,100.00,100.00,100.00,100.00,100.00,100.00,100.00
FR,TotStock,Rockford,100.00,100.00,100.00,100.00,100.00,100.00,100.00,100.00,100.00
FR,TotStock,Rogers,100.00,100.00,100.00,100.00,100.00,100.00,100.00,100.00,100.00
FR,TotStock,Rosemount,100.00,100.00,100.00,100.00,100.00,100.00,100.00,100.00,100.00
FR,TotStock,Roseville,100.00,100.00,100.00,100.00,100.00,100.00,100.00,100.00,100.00
FR,TotStock,San Francisco Twp.,100.00,100.00,100.00,100.00,100.00,100.00,100.00,100.00,100.00
FR,TotStock,Sand Creek Twp.,100.00,100.00,100.00,100.00,100.00,100.00,100.00,100.00,100.00
FR,TotStock,Savage,100.00,100.00,100.00,100.00,100.00,100.00,100.00,100.00,100.00
FR,TotStock,Scandia,100.00,100.00,100.00,100.00,100.00,100.00,100.00,100.00,100.00
FR,TotStock,Sciota Twp.,100.00,100.00,100.00,100.00,100.00,100.00,100.00,100.00,100.00
FR,TotStock,Shakopee,100.00,100.00,100.00,100.00,100.00,100.00,100.00,100.00,100.00
FR,TotStock,Shoreview,100.00,100.00,100.00,100.00,100.00,100.00,100.00,100.00,100.00
FR,TotStock,Shorewood,100.00,100.00,100.00,100.00,100.00,100.00,100.00,100.00,100.00
FR,TotStock,South St. Paul,100.00,100.00,100.00,100.00,100.00,100.00,100.00,100.00,100.00
FR,TotStock,Spring Lake Park,100.00,100.00,100.00,100.00,100.00,100.00,100.00,100.00,100.00
FR,TotStock,Spring Lake Park,100.00,100.00,100.00,100.00,100.00,100.00,100.00,100.00,100.00
FR,TotStock,Spring Lake Twp.,100.00,100.00,100.00,100.00,100.00,100.00,100.00,100.00,100.00
FR,TotStock,Spring Park,100.00,100.00,100.00,100.00,100.00,100.00,100.00,100.00,100.00
FR,TotStock,St. Anthony,100.00,100.00,100.00,100.00,100.00,100.00,100.00,100.00,100.00
FR,TotStock,St. Anthony,100.00,100.00,100.00,100.00,100.00,100.00,100.00,100.00,100.00
FR,TotStock,St. Bonifacius,100.00,100.00,100.00,100.00,100.00,100.00,100.00,100.00,100.00
FR,TotStock,St. Francis,100.00,100.00,100.00,100.00,100.00,100.00,100.00,100.00,100.00
FR,TotStock,St. Lawrence Twp.,100.00,100.00,100.00,100.00,100.00,100.00,100.00,100.00,100.00
FR,TotStock,St. Louis Park,100.00,100.00,100.00,100.00,100.00,100.00,100.00,100.00,100.00
FR,TotStock,St. Marys Point,100.00,100.00,100.00,100.00,100.00,100.00,100.00,100.00,100.00
FR,TotStock,St. Paul,100.00,100.00,100.00,100.00,100.00,100.00,100.00,100.00,100.00
FR,TotStock,St. Paul Park,100.00,100.00,100.00,100.00,100.00,100.00,100.00,100.00,100.00
FR,TotStock,Stillwater,100.00,100.00,100.00,100.00,100.00,100.00,100.00,100.00,100.00
FR,TotStock,Stillwater Twp.,100.00,100.00,100.00,100.00,100.00,100.00,100.00,100.00,100.00
FR,TotStock,Sunfish Lake,100.00,100.00,100.00,100.00,100.00,100.00,100.00,100.00,100.00
FR,TotStock,Tonka Bay,100.00,100.00,100.00,100.00,100.00,100.00,100.00,100.00,100.00
FR,TotStock,Vadnais Heights,100.00,100.00,100.00,100.00,100.00,100.00,100.00,100.00,100.00
FR,TotStock,Vermillion,100.00,100.00,100.00,100.00,100.00,100.00,100.00,100.00,100.00
FR,TotStock,Vermillion Twp.,100.00,100.00,100.00,100.00,100.00,100.00,100.00,100.00,100.00
FR,TotStock,Victoria,100.00,100.00,100.00,100.00,100.00,100.00,100.00,100.00,100.00
FR,TotStock,Waconia,100.00,100.00,100.00,100.00,100.00,100.00,100.00,100.00,100.00
FR,TotStock,Waconia Twp.,100.00,100.00,100.00,100.00,100.00,100.00,100.00,100.00,100.00
FR,TotStock,Waterford Twp.,100.00,100.00,100.00,100.00,100.00,100.00,100.00,100.00,100.00
FR,TotStock,Watertown,100.00,100.00,100.00,100.00,100.00,100.00,100.00,100.00,100.00
FR,TotStock,Watertown Twp.,100.00,100.00,100.00,100.00,100.00,100.00,100.00,100.00,100.00
FR,TotStock,Wayzata,100.00,100.00,100.00,100.00,100.00,100.00,100.00,100.00,100.00
FR,TotStock,West Lakeland Twp.,100.00,100.00,100.00,100.00,100.00,100.00,100.00,100.00,100.00
FR,TotStock,West St. Paul,100.00,100.00,100.00,100.00,100.00,100.00,100.00,100.00,100.00
FR,TotStock,White Bear Lake,100.00,100.00,100.00,100.00,100.00,100.00,100.00,100.00,100.00
FR,TotStock,White Bear Lake,100.00,100.00,100.00,100.00,100.00,100.00,100.00,100.00,100.00
FR,TotStock,White Bear Twp.,100.00,100.00,100.00,100.00,100.00,100.00,100.00,100.00,100.00
FR,TotStock,Willernie,100.00,100.00,100.00,100.00,100.00,100.00,100.00,100.00,100.00
FR,TotStock,Woodbury,100.00,100.00,100.00,100.00,100.00,100.00,100.00,100.00,100.00
FR,TotStock,Woodland,100.00,100.00,100.00,100.00,100.00,100.00,100.00,100.00,100.00
FR,TotStock,Young America Twp.,100.00,100.00,100.00,100.00,100.00,100.00,100.00,100.00,100.00
FR,CIStock,Afton,100.00,100.00,100.00,100.00,100.00,100.00,100.00,100.00,100.00
FR,CIStock,Andover,100.00,100.00,100.00,100.00,100.00,100.00,100.00,100.00,100.00
FR,CIStock,Anoka,100.00,100.00,100.00,100.00,100.00,100.00,100.00,100.00,100.00
FR,CIStock,Apple Valley,100.00,100.00,100.00,100.00,100.00,100.00,100.00,100.00,100.00
FR,CIStock,Arden Hills,100.00,100.00,100.00,100.00,100.00,100.00,100.00,100.00,100.00
FR,CIStock,Bayport,100.00,100.00,100.00,100.00,100.00,100.00,100.00,100.00,100.00
FR,CIStock,Baytown Twp.,100.00,100.00,100.00,100.00,100.00,100.00,100.00,100.00,100.00
FR,CIStock,Belle Plaine,100.00,100.00,100.00,100.00,100.00,100.00,100.00,100.00,100.00
FR,CIStock,Belle Plaine Twp.,100.00,100.00,100.00,100.00,100.00,100.00,100.00,100.00,100.00
FR,CIStock,Benton Twp.,100.00,100.00,100.00,100.00,100.00,100.00,100.00,100.00,100.00
FR,CIStock,Bethel,100.00,100.00,100.00,100.00,100.00,100.00,100.00,100.00,100.00
FR,CIStock,Birchwood Village,100.00,100.00,100.00,100.00,100.00,100.00,100.00,100.00,100.00
FR,CIStock,Blaine,100.00,100.00,100.00,100.00,100.00,100.00,100.00,100.00,100.00
FR,CIStock,Blaine,100.00,100.00,100.00,100.00,100.00,100.00,100.00,100.00,100.00
FR,CIStock,Blakeley Twp.,100.00,100.00,100.00,100.00,100.00,100.00,100.00,100.00,100.00
FR,CIStock,Bloomington,100.00,100.00,100.00,100.00,100.00,100.00,100.00,100.00,100.00
FR,CIStock,Brooklyn Center,100.00,100.00,100.00,100.00,100.00,100.00,100.00,100.00,100.00
FR,CIStock,Brooklyn Park,100.00,100.00,100.00,100.00,100.00,100.00,100.00,100.00,100.00
FR,CIStock,Burnsville,100.00,100.00,100.00,100.00,100.00,100.00,100.00,100.00,100.00
FR,CIStock,Camden Twp.,100.00,100.00,100.00,100.00,100.00,100.00,100.00,100.00,100.00
FR,CIStock,Carver,100.00,100.00,100.00,100.00,100.00,100.00,100.00,100.00,100.00
FR,CIStock,Castle Rock Twp.,100.00,100.00,100.00,100.00,100.00,100.00,100.00,100.00,100.00
FR,CIStock,Cedar Lake Twp.,100.00,100.00,100.00,100.00,100.00,100.00,100.00,100.00,100.00
FR,CIStock,Centerville,100.00,100.00,100.00,100.00,100.00,100.00,100.00,100.00,100.00
FR,CIStock,Champlin,100.00,100.00,100.00,100.00,100.00,100.00,100.00,100.00,100.00
FR,CIStock,Chanhassen,100.00,100.00,100.00,100.00,100.00,100.00,100.00,100.00,100.00
FR,CIStock,Chanhassen,100.00,100.00,100.00,100.00,100.00,100.00,100.00,100.00,100.00
FR,CIStock,Chaska,100.00,100.00,100.00,100.00,100.00,100.00,100.00,100.00,100.00
FR,CIStock,Circle Pines,100.00,100.00,100.00,100.00,100.00,100.00,100.00,100.00,100.00
FR,CIStock,Coates,100.00,100.00,100.00,100.00,100.00,100.00,100.00,100.00,100.00
FR,CIStock,Cologne,100.00,100.00,100.00,100.00,100.00,100.00,100.00,100.00,100.00
FR,CIStock,Columbia Heights,100.00,100.00,100.00,100.00,100.00,100.00,100.00,100.00,100.00
FR,CIStock,Columbus,100.00,100.00,100.00,100.00,100.00,100.00,100.00,100.00,100.00
FR,CIStock,Coon Rapids,100.00,100.00,100.00,100.00,100.00,100.00,100.00,100.00,100.00
FR,CIStock,Corcoran,100.00,100.00,100.00,100.00,100.00,100.00,100.00,100.00,100.00
FR,CIStock,Cottage Grove,100.00,100.00,100.00,100.00,100.00,100.00,100.00,100.00,100.00
FR,CIStock,Credit River Twp.,100.00,100.00,100.00,100.00,100.00,100.00,100.00,100.00,100.00
FR,CIStock,Crystal,100.00,100.00,100.00,100.00,100.00,100.00,100.00,100.00,100.00
FR,CIStock,Dahlgren Twp.,100.00,100.00,100.00,100.00,100.00,100.00,100.00,100.00,100.00
FR,CIStock,Dayton,100.00,100.00,100.00,100.00,100.00,100.00,100.00,100.00,100.00
FR,CIStock,Deephaven,100.00,100.00,100.00,100.00,100.00,100.00,100.00,100.00,100.00
FR,CIStock,Dellwood,100.00,100.00,100.00,100.00,100.00,100.00,100.00,100.00,100.00
FR,CIStock,Denmark Twp.,100.00,100.00,100.00,100.00,100.00,100.00,100.00,100.00,100.00
FR,CIStock,Douglas Twp.,100.00,100.00,100.00,100.00,100.00,100.00,100.00,100.00,100.00
FR,CIStock,Eagan,100.00,100.00,100.00,100.00,100.00,100.00,100.00,100.00,100.00
FR,CIStock,East Bethel,100.00,100.00,100.00,100.00,100.00,100.00,100.00,100.00,100.00
FR,CIStock,Eden Prairie,100.00,100.00,100.00,100.00,100.00,100.00,100.00,100.00,100.00
FR,CIStock,Edina,100.00,100.00,100.00,100.00,100.00,100.00,100.00,100.00,100.00
FR,CIStock,Elko New Market,100.00,100.00,100.00,100.00,100.00,100.00,100.00,100.00,100.00
FR,CIStock,Empire Twp.,100.00,100.00,100.00,100.00,100.00,100.00,100.00,100.00,100.00
FR,CIStock,Eureka Twp.,100.00,100.00,100.00,100.00,100.00,100.00,100.00,100.00,100.00
FR,CIStock,Excelsior,100.00,100.00,100.00,100.00,100.00,100.00,100.00,100.00,100.00
FR,CIStock,Falcon Heights,100.00,100.00,100.00,100.00,100.00,100.00,100.00,100.00,100.00
FR,CIStock,Farmington,100.00,100.00,100.00,100.00,100.00,100.00,100.00,100.00,100.00
FR,CIStock,Forest Lake,100.00,100.00,100.00,100.00,100.00,100.00,100.00,100.00,100.00
FR,CIStock,Fort Snelling UT,100.00,100.00,100.00,100.00,100.00,100.00,100.00,100.00,100.00
FR,CIStock,Fridley,100.00,100.00,100.00,100.00,100.00,100.00,100.00,100.00,100.00
FR,CIStock,Gem Lake,100.00,100.00,100.00,100.00,100.00,100.00,100.00,100.00,100.00
FR,CIStock,Golden Valley,100.00,100.00,100.00,100.00,100.00,100.00,100.00,100.00,100.00
FR,CIStock,Grant,100.00,100.00,100.00,100.00,100.00,100.00,100.00,100.00,100.00
FR,CIStock,Greenfield,100.00,100.00,100.00,100.00,100.00,100.00,100.00,100.00,100.00
FR,CIStock,Greenvale Twp.,100.00,100.00,100.00,100.00,100.00,100.00,100.00,100.00,100.00
FR,CIStock,Greenwood,100.00,100.00,100.00,100.00,100.00,100.00,100.00,100.00,100.00
FR,CIStock,Grey Cloud Island Twp.,100.00,100.00,100.00,100.00,100.00,100.00,100.00,100.00,100.00
FR,CIStock,Ham Lake,100.00,100.00,100.00,100.00,100.00,100.00,100.00,100.00,100.00
FR,CIStock,Hamburg,100.00,100.00,100.00,100.00,100.00,100.00,100.00,100.00,100.00
FR,CIStock,Hampton,100.00,100.00,100.00,100.00,100.00,100.00,100.00,100.00,100.00
FR,CIStock,Hampton Twp.,100.00,100.00,100.00,100.00,100.00,100.00,100.00,100.00,100.00
FR,CIStock,Hancock Twp.,100.00,100.00,100.00,100.00,100.00,100.00,100.00,100.00,100.00
FR,CIStock,Hanover,100.00,100.00,100.00,100.00,100.00,100.00,100.00,100.00,100.00
FR,CIStock,Hastings,100.00,100.00,100.00,100.00,100.00,100.00,100.00,100.00,100.00
FR,CIStock,Hastings,100.00,100.00,100.00,100.00,100.00,100.00,100.00,100.00,100.00
FR,CIStock,Helena Twp.,100.00,100.00,100.00,100.00,100.00,100.00,100.00,100.00,100.00
FR,CIStock,Hilltop,100.00,100.00,100.00,100.00,100.00,100.00,100.00,100.00,100.00
FR,CIStock,Hollywood Twp.,100.00,100.00,100.00,100.00,100.00,100.00,100.00,100.00,100.00
FR,CIStock,Hopkins,100.00,100.00,100.00,100.00,100.00,100.00,100.00,100.00,100.00
FR,CIStock,Hugo,100.00,100.00,100.00,100.00,100.00,100.00,100.00,100.00,100.00
FR,CIStock,Independence,100.00,100.00,100.00,100.00,100.00,100.00,100.00,100.00,100.00
FR,CIStock,Inver Grove Heights,100.00,100.00,100.00,100.00,100.00,100.00,100.00,100.00,100.00
FR,CIStock,Jackson Twp.,100.00,100.00,100.00,100.00,100.00,100.00,100.00,100.00,100.00
FR,CIStock,Jordan,100.00,100.00,100.00,100.00,100.00,100.00,100.00,100.00,100.00
FR,CIStock,Lake Elmo,100.00,100.00,100.00,100.00,100.00,100.00,100.00,100.00,100.00
FR,CIStock,Lake St. Croix Beach,100.00,100.00,100.00,100.00,100.00,100.00,100.00,100.00,100.00
FR,CIStock,Lakeland,100.00,100.00,100.00,100.00,100.00,100.00,100.00,100.00,100.00
FR,CIStock,Lakeland Shores,100.00,100.00,100.00,100.00,100.00,100.00,100.00,100.00,100.00
FR,CIStock,Laketown Twp.,100.00,100.00,100.00,100.00,100.00,100.00,100.00,100.00,100.00
FR,CIStock,Lakeville,100.00,100.00,100.00,100.00,100.00,100.00,100.00,100.00,100.00
FR,CIStock,Landfall,100.00,100.00,100.00,100.00,100.00,100.00,100.00,100.00,100.00
FR,CIStock,Lauderdale,100.00,100.00,100.00,100.00,100.00,100.00,100.00,100.00,100.00
FR,CIStock,Lexington,100.00,100.00,100.00,100.00,100.00,100.00,100.00,100.00,100.00
FR,CIStock,Lilydale,100.00,100.00,100.00,100.00,100.00,100.00,100.00,100.00,100.00
FR,CIStock,Lino Lakes,100.00,100.00,100.00,100.00,100.00,100.00,100.00,100.00,100.00
FR,CIStock,Linwood Twp.,100.00,100.00,100.00,100.00,100.00,100.00,100.00,100.00,100.00
FR,CIStock,Little Canada,100.00,100.00,100.00,100.00,100.00,100.00,100.00,100.00,100.00
FR,CIStock,Long Lake,100.00,100.00,100.00,100.00,100.00,100.00,100.00,100.00,100.00
FR,CIStock,Loretto,100.00,100.00,100.00,100.00,100.00,100.00,100.00,100.00,100.00
FR,CIStock,Louisville Twp.,100.00,100.00,100.00,100.00,100.00,100.00,100.00,100.00,100.00
FR,CIStock,Mahtomedi,100.00,100.00,100.00,100.00,100.00,100.00,100.00,100.00,100.00
FR,CIStock,Maple Grove,100.00,100.00,100.00,100.00,100.00,100.00,100.00,100.00,100.00
FR,CIStock,Maple Plain,100.00,100.00,100.00,100.00,100.00,100.00,100.00,100.00,100.00
FR,CIStock,Maplewood,100.00,100.00,100.00,100.00,100.00,100.00,100.00,100.00,100.00
FR,CIStock,Marine on St. Croix,100.00,100.00,100.00,100.00,100.00,100.00,100.00,100.00,100.00
FR,CIStock,Marshan Twp.,100.00,100.00,100.00,100.00,100.00,100.00,100.00,100.00,100.00
FR,CIStock,May Twp.,100.00,100.00,100.00,100.00,100.00,100.00,100.00,100.00,100.00
FR,CIStock,Mayer,100.00,100.00,100.00,100.00,100.00,100.00,100.00,100.00,100.00
FR,CIStock,Medicine Lake,100.00,100.00,100.00,100.00,100.00,100.00,100.00,100.00,100.00
FR,CIStock,Medina,100.00,100.00,100.00,100.00,100.00,100.00,100.00,100.00,100.00
FR,CIStock,Mendota,100.00,100.00,100.00,100.00,100.00,100.00,100.00,100.00,100.00
FR,CIStock,Mendota Heights,100.00,100.00,100.00,100.00,100.00,100.00,100.00,100.00,100.00
FR,CIStock,Miesville,100.00,100.00,100.00,100.00,100.00,100.00,100.00,100.00,100.00
FR,CIStock,Minneapolis,100.00,100.00,100.00,100.00,100.00,100.00,100.00,100.00,100.00
FR,CIStock,Minnetonka,100.00,100.00,100.00,100.00,100.00,100.00,100.00,100.00,100.00
FR,CIStock,Minnetonka Beach,100.00,100.00,100.00,100.00,100.00,100.00,100.00,100.00,100.00
FR,CIStock,Minnetrista,100.00,100.00,100.00,100.00,100.00,100.00,100.00,100.00,100.00
FR,CIStock,Mound,100.00,100.00,100.00,100.00,100.00,100.00,100.00,100.00,100.00
FR,CIStock,Mounds View,100.00,100.00,100.00,100.00,100.00,100.00,100.00,100.00,100.00
FR,CIStock,New Brighton,100.00,100.00,100.00,100.00,100.00,100.00,100.00,100.00,100.00
FR,CIStock,New Germany,100.00,100.00,100.00,100.00,100.00,100.00,100.00,100.00,100.00
FR,CIStock,New Hope,100.00,100.00,100.00,100.00,100.00,100.00,100.00,100.00,100.00
FR,CIStock,New Market Twp.,100.00,100.00,100.00,100.00,100.00,100.00,100.00,100.00,100.00
FR,CIStock,New Prague,100.00,100.00,100.00,100.00,100.00,100.00,100.00,100.00,100.00
FR,CIStock,New Trier,100.00,100.00,100.00,100.00,100.00,100.00,100.00,100.00,100.00
FR,CIStock,Newport,100.00,100.00,100.00,100.00,100.00,100.00,100.00,100.00,100.00
FR,CIStock,Nininger Twp.,100.00,100.00,100.00,100.00,100.00,100.00,100.00,100.00,100.00
FR,CIStock,North Oaks,100.00,100.00,100.00,100.00,100.00,100.00,100.00,100.00,100.00
FR,CIStock,North St. Paul,100.00,100.00,100.00,100.00,100.00,100.00,100.00,100.00,100.00
FR,CIStock,Northfield,100.00,100.00,100.00,100.00,100.00,100.00,100.00,100.00,100.00
FR,CIStock,Norwood Young America,100.00,100.00,100.00,100.00,100.00,100.00,100.00,100.00,100.00
FR,CIStock,Nowthen,100.00,100.00,100.00,100.00,100.00,100.00,100.00,100.00,100.00
FR,CIStock,Oak Grove,100.00,100.00,100.00,100.00,100.00,100.00,100.00,100.00,100.00
FR,CIStock,Oak Park Heights,100.00,100.00,100.00,100.00,100.00,100.00,100.00,100.00,100.00
FR,CIStock,Oakdale,100.00,100.00,100.00,100.00,100.00,100.00,100.00,100.00,100.00
FR,CIStock,Orono,100.00,100.00,100.00,100.00,100.00,100.00,100.00,100.00,100.00
FR,CIStock,Osseo,100.00,100.00,100.00,100.00,100.00,100.00,100.00,100.00,100.00
FR,CIStock,Pine Springs,100.00,100.00,100.00,100.00,100.00,100.00,100.00,100.00,100.00
FR,CIStock,Plymouth,100.00,100.00,100.00,100.00,100.00,100.00,100.00,100.00,100.00
FR,CIStock,Prior Lake,100.00,100.00,100.00,100.00,100.00,100.00,100.00,100.00,100.00
FR,CIStock,Ramsey,100.00,100.00,100.00,100.00,100.00,100.00,100.00,100.00,100.00
FR,CIStock,Randolph,100.00,100.00,100.00,100.00,100.00,100.00,100.00,100.00,100.00
FR,CIStock,Randolph Twp.,100.00,100.00,100.00,100.00,100.00,100.00,100.00,100.00,100.00
FR,CIStock,Ravenna Twp.,100.00,100.00,100.00,100.00,100.00,100.00,100.00,100.00,100.00
FR,CIStock,Richfield,100.00,100.00,100.00,100.00,100.00,100.00,100.00,100.00,100.00
FR,CIStock,Robbinsdale,100.00,100.00,100.00,100.00,100.00,100.00,100.00,100.00,100.00
FR,CIStock,Rockford,100.00,100.00,100.00,100.00,100.00,100.00,100.00,100.00,100.00
FR,CIStock,Rogers,100.00,100.00,100.00,100.00,100.00,100.00,100.00,100.00,100.00
FR,CIStock,Rosemount,100.00,100.00,100.00,100.00,100.00,100.00,100.00,100.00,100.00
FR,CIStock,Roseville,100.00,100.00,100.00,100.00,100.00,100.00,100.00,100.00,100.00
FR,CIStock,San Francisco Twp.,100.00,100.00,100.00,100.00,100.00,100.00,100.00,100.00,100.00
FR,CIStock,Sand Creek Twp.,100.00,100.00,100.00,100.00,100.00,100.00,100.00,100.00,100.00
FR,CIStock,Savage,100.00,100.00,100.00,100.00,100.00,100.00,100.00,100.00,100.00
FR,CIStock,Scandia,100.00,100.00,100.00,100.00,100.00,100.00,100.00,100.00,100.00
FR,CIStock,Sciota Twp.,100.00,100.00,100.00,100.00,100.00,100.00,100.00,100.00,100.00
FR,CIStock,Shakopee,100.00,100.00,100.00,100.00,100.00,100.00,100.00,100.00,100.00
FR,CIStock,Shoreview,100.00,100.00,100.00,100.00,100.00,100.00,100.00,100.00,100.00
FR,CIStock,Shorewood,100.00,100.00,100.00,100.00,100.00,100.00,100.00,100.00,100.00
FR,CIStock,South St. Paul,100.00,100.00,100.00,100.00,100.00,100.00,100.00,100.00,100.00
FR,CIStock,Spring Lake Park,100.00,100.00,100.00,100.00,100.00,100.00,100.00,100.00,100.00
FR,CIStock,Spring Lake Park,100.00,100.00,100.00,100.00,100.00,100.00,100.00,100.00,100.00
FR,CIStock,Spring Lake Twp.,100.00,100.00,100.00,100.00,100.00,100.00,100.00,100.00,100.00
FR,CIStock,Spring Park,100.00,100.00,100.00,100.00,100.00,100.00,100.00,100.00,100.00
FR,CIStock,St. Anthony,100.00,100.00,100.00,100.00,100.00,100.00,100.00,100.00,100.00
FR,CIStock,St. Anthony,100.00,100.00,100.00,100.00,100.00,100.00,100.00,100.00,100.00
FR,CIStock,St. Bonifacius,100.00,100.00,100.00,100.00,100.00,100.00,100.00,100.00,100.00
FR,CIStock,St. Francis,100.00,100.00,100.00,100.00,100.00,100.00,100.00,100.00,100.00
FR,CIStock,St. Lawrence Twp.,100.00,100.00,100.00,100.00,100.00,100.00,100.00,100.00,100.00
FR,CIStock,St. Louis Park,100.00,100.00,100.00,100.00,100.00,100.00,100.00,100.00,100.00
FR,CIStock,St. Marys Point,100.00,100.00,100.00,100.00,100.00,100.00,100.00,100.00,100.00
FR,CIStock,St. Paul,100.00,100.00,100.00,100.00,100.00,100.00,100.00,100.00,100.00
FR,CIStock,St. Paul Park,100.00,100.00,100.00,100.00,100.00,100.00,100.00,100.00,100.00
FR,CIStock,Stillwater,100.00,100.00,100.00,100.00,100.00,100.00,100.00,100.00,100.00
FR,CIStock,Stillwater Twp.,100.00,100.00,100.00,100.00,100.00,100.00,100.00,100.00,100.00
FR,CIStock,Sunfish Lake,100.00,100.00,100.00,100.00,100.00,100.00,100.00,100.00,100.00
FR,CIStock,Tonka Bay,100.00,100.00,100.00,100.00,100.00,100.00,100.00,100.00,100.00
FR,CIStock,Vadnais Heights,100.00,100.00,100.00,100.00,100.00,100.00,100.00,100.00,100.00
FR,CIStock,Vermillion,100.00,100.00,100.00,100.00,100.00,100.00,100.00,100.00,100.00
FR,CIStock,Vermillion Twp.,100.00,100.00,100.00,100.00,100.00,100.00,100.00,100.00,100.00
FR,CIStock,Victoria,100.00,100.00,100.00,100.00,100.00,100.00,100.00,100.00,100.00
FR,CIStock,Waconia,100.00,100.00,100.00,100.00,100.00,100.00,100.00,100.00,100.00
FR,CIStock,Waconia Twp.,100.00,100.00,100.00,100.00,100.00,100.00,100.00,100.00,100.00
FR,CIStock,Waterford Twp.,100.00,100.00,100.00,100.00,100.00,100.00,100.00,100.00,100.00
FR,CIStock,Watertown,100.00,100.00,100.00,100.00,100.00,100.00,100.00,100.00,100.00
FR,CIStock,Watertown Twp.,100.00,100.00,100.00,100.00,100.00,100.00,100.00,100.00,100.00
FR,CIStock,Wayzata,100.00,100.00,100.00,100.00,100.00,100.00,100.00,100.00,100.00
FR,CIStock,West Lakeland Twp.,100.00,100.00,100.00,100.00,100.00,100.00,100.00,100.00,100.00
FR,CIStock,West St. Paul,100.00,100.00,100.00,100.00,100.00,100.00,100.00,100.00,100.00
FR,CIStock,White Bear Lake,100.00,100.00,100.00,100.00,100.00,100.00,100.00,100.00,100.00
FR,CIStock,White Bear Lake,100.00,100.00,100.00,100.00,100.00,100.00,100.00,100.00,100.00
FR,CIStock,White Bear Twp.,100.00,100.00,100.00,100.00,100.00,100.00,100.00,100.00,100.00
FR,CIStock,Willernie,100.00,100.00,100.00,100.00,100.00,100.00,100.00,100.00,100.00
FR,CIStock,Woodbury,100.00,100.00,100.00,100.00,100.00,100.00,100.00,100.00,100.00
FR,CIStock,Woodland,100.00,100.00,100.00,100.00,100.00,100.00,100.00,100.00,100.00
FR,CIStock,Young America Twp.,100.00,100.00,100.00,100.00,100.00,100.00,100.00,100.00,100.00
FR,EVStock,Afton,0.00,0.00,0.00,0.00,0.00,0.00,0.00,0.00,0.00
FR,EVStock,Andover,0.00,0.00,0.00,0.00,0.00,0.00,0.00,0.00,0.00
FR,EVStock,Anoka,0.00,0.00,0.00,0.00,0.00,0.00,0.00,0.00,0.00
FR,EVStock,Apple Valley,0.00,0.00,0.00,0.00,0.00,0.00,0.00,0.00,0.00
FR,EVStock,Arden Hills,0.00,0.00,0.00,0.00,0.00,0.00,0.00,0.00,0.00
FR,EVStock,Bayport,0.00,0.00,0.00,0.00,0.00,0.00,0.00,0.00,0.00
FR,EVStock,Baytown Twp.,0.00,0.00,0.00,0.00,0.00,0.00,0.00,0.00,0.00
FR,EVStock,Belle Plaine,0.00,0.00,0.00,0.00,0.00,0.00,0.00,0.00,0.00
FR,EVStock,Belle Plaine Twp.,0.00,0.00,0.00,0.00,0.00,0.00,0.00,0.00,0.00
FR,EVStock,Benton Twp.,0.00,0.00,0.00,0.00,0.00,0.00,0.00,0.00,0.00
FR,EVStock,Bethel,0.00,0.00,0.00,0.00,0.00,0.00,0.00,0.00,0.00
FR,EVStock,Birchwood Village,0.00,0.00,0.00,0.00,0.00,0.00,0.00,0.00,0.00
FR,EVStock,Blaine,0.00,0.00,0.00,0.00,0.00,0.00,0.00,0.00,0.00
FR,EVStock,Blaine,0.00,0.00,0.00,0.00,0.00,0.00,0.00,0.00,0.00
FR,EVStock,Blakeley Twp.,0.00,0.00,0.00,0.00,0.00,0.00,0.00,0.00,0.00
FR,EVStock,Bloomington,0.00,0.00,0.00,0.00,0.00,0.00,0.00,0.00,0.00
FR,EVStock,Brooklyn Center,0.00,0.00,0.00,0.00,0.00,0.00,0.00,0.00,0.00
FR,EVStock,Brooklyn Park,0.00,0.00,0.00,0.00,0.00,0.00,0.00,0.00,0.00
FR,EVStock,Burnsville,0.00,0.00,0.00,0.00,0.00,0.00,0.00,0.00,0.00
FR,EVStock,Camden Twp.,0.00,0.00,0.00,0.00,0.00,0.00,0.00,0.00,0.00
FR,EVStock,Carver,0.00,0.00,0.00,0.00,0.00,0.00,0.00,0.00,0.00
FR,EVStock,Castle Rock Twp.,0.00,0.00,0.00,0.00,0.00,0.00,0.00,0.00,0.00
FR,EVStock,Cedar Lake Twp.,0.00,0.00,0.00,0.00,0.00,0.00,0.00,0.00,0.00
FR,EVStock,Centerville,0.00,0.00,0.00,0.00,0.00,0.00,0.00,0.00,0.00
FR,EVStock,Champlin,0.00,0.00,0.00,0.00,0.00,0.00,0.00,0.00,0.00
FR,EVStock,Chanhassen,0.00,0.00,0.00,0.00,0.00,0.00,0.00,0.00,0.00
FR,EVStock,Chanhassen,0.00,0.00,0.00,0.00,0.00,0.00,0.00,0.00,0.00
FR,EVStock,Chaska,0.00,0.00,0.00,0.00,0.00,0.00,0.00,0.00,0.00
FR,EVStock,Circle Pines,0.00,0.00,0.00,0.00,0.00,0.00,0.00,0.00,0.00
FR,EVStock,Coates,0.00,0.00,0.00,0.00,0.00,0.00,0.00,0.00,0.00
FR,EVStock,Cologne,0.00,0.00,0.00,0.00,0.00,0.00,0.00,0.00,0.00
FR,EVStock,Columbia Heights,0.00,0.00,0.00,0.00,0.00,0.00,0.00,0.00,0.00
FR,EVStock,Columbus,0.00,0.00,0.00,0.00,0.00,0.00,0.00,0.00,0.00
FR,EVStock,Coon Rapids,0.00,0.00,0.00,0.00,0.00,0.00,0.00,0.00,0.00
FR,EVStock,Corcoran,0.00,0.00,0.00,0.00,0.00,0.00,0.00,0.00,0.00
FR,EVStock,Cottage Grove,0.00,0.00,0.00,0.00,0.00,0.00,0.00,0.00,0.00
FR,EVStock,Credit River Twp.,0.00,0.00,0.00,0.00,0.00,0.00,0.00,0.00,0.00
FR,EVStock,Crystal,0.00,0.00,0.00,0.00,0.00,0.00,0.00,0.00,0.00
FR,EVStock,Dahlgren Twp.,0.00,0.00,0.00,0.00,0.00,0.00,0.00,0.00,0.00
FR,EVStock,Dayton,0.00,0.00,0.00,0.00,0.00,0.00,0.00,0.00,0.00
FR,EVStock,Deephaven,0.00,0.00,0.00,0.00,0.00,0.00,0.00,0.00,0.00
FR,EVStock,Dellwood,0.00,0.00,0.00,0.00,0.00,0.00,0.00,0.00,0.00
FR,EVStock,Denmark Twp.,0.00,0.00,0.00,0.00,0.00,0.00,0.00,0.00,0.00
FR,EVStock,Douglas Twp.,0.00,0.00,0.00,0.00,0.00,0.00,0.00,0.00,0.00
FR,EVStock,Eagan,0.00,0.00,0.00,0.00,0.00,0.00,0.00,0.00,0.00
FR,EVStock,East Bethel,0.00,0.00,0.00,0.00,0.00,0.00,0.00,0.00,0.00
FR,EVStock,Eden Prairie,0.00,0.00,0.00,0.00,0.00,0.00,0.00,0.00,0.00
FR,EVStock,Edina,0.00,0.00,0.00,0.00,0.00,0.00,0.00,0.00,0.00
FR,EVStock,Elko New Market,0.00,0.00,0.00,0.00,0.00,0.00,0.00,0.00,0.00
FR,EVStock,Empire Twp.,0.00,0.00,0.00,0.00,0.00,0.00,0.00,0.00,0.00
FR,EVStock,Eureka Twp.,0.00,0.00,0.00,0.00,0.00,0.00,0.00,0.00,0.00
FR,EVStock,Excelsior,0.00,0.00,0.00,0.00,0.00,0.00,0.00,0.00,0.00
FR,EVStock,Falcon Heights,0.00,0.00,0.00,0.00,0.00,0.00,0.00,0.00,0.00
FR,EVStock,Farmington,0.00,0.00,0.00,0.00,0.00,0.00,0.00,0.00,0.00
FR,EVStock,Forest Lake,0.00,0.00,0.00,0.00,0.00,0.00,0.00,0.00,0.00
FR,EVStock,Fort Snelling UT,0.00,0.00,0.00,0.00,0.00,0.00,0.00,0.00,0.00
FR,EVStock,Fridley,0.00,0.00,0.00,0.00,0.00,0.00,0.00,0.00,0.00
FR,EVStock,Gem Lake,0.00,0.00,0.00,0.00,0.00,0.00,0.00,0.00,0.00
FR,EVStock,Golden Valley,0.00,0.00,0.00,0.00,0.00,0.00,0.00,0.00,0.00
FR,EVStock,Grant,0.00,0.00,0.00,0.00,0.00,0.00,0.00,0.00,0.00
FR,EVStock,Greenfield,0.00,0.00,0.00,0.00,0.00,0.00,0.00,0.00,0.00
FR,EVStock,Greenvale Twp.,0.00,0.00,0.00,0.00,0.00,0.00,0.00,0.00,0.00
FR,EVStock,Greenwood,0.00,0.00,0.00,0.00,0.00,0.00,0.00,0.00,0.00
FR,EVStock,Grey Cloud Island Twp.,0.00,0.00,0.00,0.00,0.00,0.00,0.00,0.00,0.00
FR,EVStock,Ham Lake,0.00,0.00,0.00,0.00,0.00,0.00,0.00,0.00,0.00
FR,EVStock,Hamburg,0.00,0.00,0.00,0.00,0.00,0.00,0.00,0.00,0.00
FR,EVStock,Hampton,0.00,0.00,0.00,0.00,0.00,0.00,0.00,0.00,0.00
FR,EVStock,Hampton Twp.,0.00,0.00,0.00,0.00,0.00,0.00,0.00,0.00,0.00
FR,EVStock,Hancock Twp.,0.00,0.00,0.00,0.00,0.00,0.00,0.00,0.00,0.00
FR,EVStock,Hanover,0.00,0.00,0.00,0.00,0.00,0.00,0.00,0.00,0.00
FR,EVStock,Hastings,0.00,0.00,0.00,0.00,0.00,0.00,0.00,0.00,0.00
FR,EVStock,Hastings,0.00,0.00,0.00,0.00,0.00,0.00,0.00,0.00,0.00
FR,EVStock,Helena Twp.,0.00,0.00,0.00,0.00,0.00,0.00,0.00,0.00,0.00
FR,EVStock,Hilltop,0.00,0.00,0.00,0.00,0.00,0.00,0.00,0.00,0.00
FR,EVStock,Hollywood Twp.,0.00,0.00,0.00,0.00,0.00,0.00,0.00,0.00,0.00
FR,EVStock,Hopkins,0.00,0.00,0.00,0.00,0.00,0.00,0.00,0.00,0.00
FR,EVStock,Hugo,0.00,0.00,0.00,0.00,0.00,0.00,0.00,0.00,0.00
FR,EVStock,Independence,0.00,0.00,0.00,0.00,0.00,0.00,0.00,0.00,0.00
FR,EVStock,Inver Grove Heights,0.00,0.00,0.00,0.00,0.00,0.00,0.00,0.00,0.00
FR,EVStock,Jackson Twp.,0.00,0.00,0.00,0.00,0.00,0.00,0.00,0.00,0.00
FR,EVStock,Jordan,0.00,0.00,0.00,0.00,0.00,0.00,0.00,0.00,0.00
FR,EVStock,Lake Elmo,0.00,0.00,0.00,0.00,0.00,0.00,0.00,0.00,0.00
FR,EVStock,Lake St. Croix Beach,0.00,0.00,0.00,0.00,0.00,0.00,0.00,0.00,0.00
FR,EVStock,Lakeland,0.00,0.00,0.00,0.00,0.00,0.00,0.00,0.00,0.00
FR,EVStock,Lakeland Shores,0.00,0.00,0.00,0.00,0.00,0.00,0.00,0.00,0.00
FR,EVStock,Laketown Twp.,0.00,0.00,0.00,0.00,0.00,0.00,0.00,0.00,0.00
FR,EVStock,Lakeville,0.00,0.00,0.00,0.00,0.00,0.00,0.00,0.00,0.00
FR,EVStock,Landfall,0.00,0.00,0.00,0.00,0.00,0.00,0.00,0.00,0.00
FR,EVStock,Lauderdale,0.00,0.00,0.00,0.00,0.00,0.00,0.00,0.00,0.00
FR,EVStock,Lexington,0.00,0.00,0.00,0.00,0.00,0.00,0.00,0.00,0.00
FR,EVStock,Lilydale,0.00,0.00,0.00,0.00,0.00,0.00,0.00,0.00,0.00
FR,EVStock,Lino Lakes,0.00,0.00,0.00,0.00,0.00,0.00,0.00,0.00,0.00
FR,EVStock,Linwood Twp.,0.00,0.00,0.00,0.00,0.00,0.00,0.00,0.00,0.00
FR,EVStock,Little Canada,0.00,0.00,0.00,0.00,0.00,0.00,0.00,0.00,0.00
FR,EVStock,Long Lake,0.00,0.00,0.00,0.00,0.00,0.00,0.00,0.00,0.00
FR,EVStock,Loretto,0.00,0.00,0.00,0.00,0.00,0.00,0.00,0.00,0.00
FR,EVStock,Louisville Twp.,0.00,0.00,0.00,0.00,0.00,0.00,0.00,0.00,0.00
FR,EVStock,Mahtomedi,0.00,0.00,0.00,0.00,0.00,0.00,0.00,0.00,0.00
FR,EVStock,Maple Grove,0.00,0.00,0.00,0.00,0.00,0.00,0.00,0.00,0.00
FR,EVStock,Maple Plain,0.00,0.00,0.00,0.00,0.00,0.00,0.00,0.00,0.00
FR,EVStock,Maplewood,0.00,0.00,0.00,0.00,0.00,0.00,0.00,0.00,0.00
FR,EVStock,Marine on St. Croix,0.00,0.00,0.00,0.00,0.00,0.00,0.00,0.00,0.00
FR,EVStock,Marshan Twp.,0.00,0.00,0.00,0.00,0.00,0.00,0.00,0.00,0.00
FR,EVStock,May Twp.,0.00,0.00,0.00,0.00,0.00,0.00,0.00,0.00,0.00
FR,EVStock,Mayer,0.00,0.00,0.00,0.00,0.00,0.00,0.00,0.00,0.00
FR,EVStock,Medicine Lake,0.00,0.00,0.00,0.00,0.00,0.00,0.00,0.00,0.00
FR,EVStock,Medina,0.00,0.00,0.00,0.00,0.00,0.00,0.00,0.00,0.00
FR,EVStock,Mendota,0.00,0.00,0.00,0.00,0.00,0.00,0.00,0.00,0.00
FR,EVStock,Mendota Heights,0.00,0.00,0.00,0.00,0.00,0.00,0.00,0.00,0.00
FR,EVStock,Miesville,0.00,0.00,0.00,0.00,0.00,0.00,0.00,0.00,0.00
FR,EVStock,Minneapolis,0.00,0.00,0.00,0.00,0.00,0.00,0.00,0.00,0.00
FR,EVStock,Minnetonka,0.00,0.00,0.00,0.00,0.00,0.00,0.00,0.00,0.00
FR,EVStock,Minnetonka Beach,0.00,0.00,0.00,0.00,0.00,0.00,0.00,0.00,0.00
FR,EVStock,Minnetrista,0.00,0.00,0.00,0.00,0.00,0.00,0.00,0.00,0.00
FR,EVStock,Mound,0.00,0.00,0.00,0.00,0.00,0.00,0.00,0.00,0.00
FR,EVStock,Mounds View,0.00,0.00,0.00,0.00,0.00,0.00,0.00,0.00,0.00
FR,EVStock,New Brighton,0.00,0.00,0.00,0.00,0.00,0.00,0.00,0.00,0.00
FR,EVStock,New Germany,0.00,0.00,0.00,0.00,0.00,0.00,0.00,0.00,0.00
FR,EVStock,New Hope,0.00,0.00,0.00,0.00,0.00,0.00,0.00,0.00,0.00
FR,EVStock,New Market Twp.,0.00,0.00,0.00,0.00,0.00,0.00,0.00,0.00,0.00
FR,EVStock,New Prague,0.00,0.00,0.00,0.00,0.00,0.00,0.00,0.00,0.00
FR,EVStock,New Trier,0.00,0.00,0.00,0.00,0.00,0.00,0.00,0.00,0.00
FR,EVStock,Newport,0.00,0.00,0.00,0.00,0.00,0.00,0.00,0.00,0.00
FR,EVStock,Nininger Twp.,0.00,0.00,0.00,0.00,0.00,0.00,0.00,0.00,0.00
FR,EVStock,North Oaks,0.00,0.00,0.00,0.00,0.00,0.00,0.00,0.00,0.00
FR,EVStock,North St. Paul,0.00,0.00,0.00,0.00,0.00,0.00,0.00,0.00,0.00
FR,EVStock,Northfield,0.00,0.00,0.00,0.00,0.00,0.00,0.00,0.00,0.00
FR,EVStock,Norwood Young America,0.00,0.00,0.00,0.00,0.00,0.00,0.00,0.00,0.00
FR,EVStock,Nowthen,0.00,0.00,0.00,0.00,0.00,0.00,0.00,0.00,0.00
FR,EVStock,Oak Grove,0.00,0.00,0.00,0.00,0.00,0.00,0.00,0.00,0.00
FR,EVStock,Oak Park Heights,0.00,0.00,0.00,0.00,0.00,0.00,0.00,0.00,0.00
FR,EVStock,Oakdale,0.00,0.00,0.00,0.00,0.00,0.00,0.00,0.00,0.00
FR,EVStock,Orono,0.00,0.00,0.00,0.00,0.00,0.00,0.00,0.00,0.00
FR,EVStock,Osseo,0.00,0.00,0.00,0.00,0.00,0.00,0.00,0.00,0.00
FR,EVStock,Pine Springs,0.00,0.00,0.00,0.00,0.00,0.00,0.00,0.00,0.00
FR,EVStock,Plymouth,0.00,0.00,0.00,0.00,0.00,0.00,0.00,0.00,0.00
FR,EVStock,Prior Lake,0.00,0.00,0.00,0.00,0.00,0.00,0.00,0.00,0.00
FR,EVStock,Ramsey,0.00,0.00,0.00,0.00,0.00,0.00,0.00,0.00,0.00
FR,EVStock,Randolph,0.00,0.00,0.00,0.00,0.00,0.00,0.00,0.00,0.00
FR,EVStock,Randolph Twp.,0.00,0.00,0.00,0.00,0.00,0.00,0.00,0.00,0.00
FR,EVStock,Ravenna Twp.,0.00,0.00,0.00,0.00,0.00,0.00,0.00,0.00,0.00
FR,EVStock,Richfield,0.00,0.00,0.00,0.00,0.00,0.00,0.00,0.00,0.00
FR,EVStock,Robbinsdale,0.00,0.00,0.00,0.00,0.00,0.00,0.00,0.00,0.00
FR,EVStock,Rockford,0.00,0.00,0.00,0.00,0.00,0.00,0.00,0.00,0.00
FR,EVStock,Rogers,0.00,0.00,0.00,0.00,0.00,0.00,0.00,0.00,0.00
FR,EVStock,Rosemount,0.00,0.00,0.00,0.00,0.00,0.00,0.00,0.00,0.00
FR,EVStock,Roseville,0.00,0.00,0.00,0.00,0.00,0.00,0.00,0.00,0.00
FR,EVStock,San Francisco Twp.,0.00,0.00,0.00,0.00,0.00,0.00,0.00,0.00,0.00
FR,EVStock,Sand Creek Twp.,0.00,0.00,0.00,0.00,0.00,0.00,0.00,0.00,0.00
FR,EVStock,Savage,0.00,0.00,0.00,0.00,0.00,0.00,0.00,0.00,0.00
FR,EVStock,Scandia,0.00,0.00,0.00,0.00,0.00,0.00,0.00,0.00,0.00
FR,EVStock,Sciota Twp.,0.00,0.00,0.00,0.00,0.00,0.00,0.00,0.00,0.00
FR,EVStock,Shakopee,0.00,0.00,0.00,0.00,0.00,0.00,0.00,0.00,0.00
FR,EVStock,Shoreview,0.00,0.00,0.00,0.00,0.00,0.00,0.00,0.00,0.00
FR,EVStock,Shorewood,0.00,0.00,0.00,0.00,0.00,0.00,0.00,0.00,0.00
FR,EVStock,South St. Paul,0.00,0.00,0.00,0.00,0.00,0.00,0.00,0.00,0.00
FR,EVStock,Spring Lake Park,0.00,0.00,0.00,0.00,0.00,0.00,0.00,0.00,0.00
FR,EVStock,Spring Lake Park,0.00,0.00,0.00,0.00,0.00,0.00,0.00,0.00,0.00
FR,EVStock,Spring Lake Twp.,0.00,0.00,0.00,0.00,0.00,0.00,0.00,0.00,0.00
FR,EVStock,Spring Park,0.00,0.00,0.00,0.00,0.00,0.00,0.00,0.00,0.00
FR,EVStock,St. Anthony,0.00,0.00,0.00,0.00,0.00,0.00,0.00,0.00,0.00
FR,EVStock,St. Anthony,0.00,0.00,0.00,0.00,0.00,0.00,0.00,0.00,0.00
FR,EVStock,St. Bonifacius,0.00,0.00,0.00,0.00,0.00,0.00,0.00,0.00,0.00
FR,EVStock,St. Francis,0.00,0.00,0.00,0.00,0.00,0.00,0.00,0.00,0.00
FR,EVStock,St. Lawrence Twp.,0.00,0.00,0.00,0.00,0.00,0.00,0.00,0.00,0.00
FR,EVStock,St. Louis Park,0.00,0.00,0.00,0.00,0.00,0.00,0.00,0.00,0.00
FR,EVStock,St. Marys Point,0.00,0.00,0.00,0.00,0.00,0.00,0.00,0.00,0.00
FR,EVStock,St. Paul,0.00,0.00,0.00,0.00,0.00,0.00,0.00,0.00,0.00
FR,EVStock,St. Paul Park,0.00,0.00,0.00,0.00,0.00,0.00,0.00,0.00,0.00
FR,EVStock,Stillwater,0.00,0.00,0.00,0.00,0.00,0.00,0.00,0.00,0.00
FR,EVStock,Stillwater Twp.,0.00,0.00,0.00,0.00,0.00,0.00,0.00,0.00,0.00
FR,EVStock,Sunfish Lake,0.00,0.00,0.00,0.00,0.00,0.00,0.00,0.00,0.00
FR,EVStock,Tonka Bay,0.00,0.00,0.00,0.00,0.00,0.00,0.00,0.00,0.00
FR,EVStock,Vadnais Heights,0.00,0.00,0.00,0.00,0.00,0.00,0.00,0.00,0.00
FR,EVStock,Vermillion,0.00,0.00,0.00,0.00,0.00,0.00,0.00,0.00,0.00
FR,EVStock,Vermillion Twp.,0.00,0.00,0.00,0.00,0.00,0.00,0.00,0.00,0.00
FR,EVStock,Victoria,0.00,0.00,0.00,0.00,0.00,0.00,0.00,0.00,0.00
FR,EVStock,Waconia,0.00,0.00,0.00,0.00,0.00,0.00,0.00,0.00,0.00
FR,EVStock,Waconia Twp.,0.00,0.00,0.00,0.00,0.00,0.00,0.00,0.00,0.00
FR,EVStock,Waterford Twp.,0.00,0.00,0.00,0.00,0.00,0.00,0.00,0.00,0.00
FR,EVStock,Watertown,0.00,0.00,0.00,0.00,0.00,0.00,0.00,0.00,0.00
FR,EVStock,Watertown Twp.,0.00,0.00,0.00,0.00,0.00,0.00,0.00,0.00,0.00
FR,EVStock,Wayzata,0.00,0.00,0.00,0.00,0.00,0.00,0.00,0.00,0.00
FR,EVStock,West Lakeland Twp.,0.00,0.00,0.00,0.00,0.00,0.00,0.00,0.00,0.00
FR,EVStock,West St. Paul,0.00,0.00,0.00,0.00,0.00,0.00,0.00,0.00,0.00
FR,EVStock,White Bear Lake,0.00,0.00,0.00,0.00,0.00,0.00,0.00,0.00,0.00
FR,EVStock,White Bear Lake,0.00,0.00,0.00,0.00,0.00,0.00,0.00,0.00,0.00
FR,EVStock,White Bear Twp.,0.00,0.00,0.00,0.00,0.00,0.00,0.00,0.00,0.00
FR,EVStock,Willernie,0.00,0.00,0.00,0.00,0.00,0.00,0.00,0.00,0.00
FR,EVStock,Woodbury,0.00,0.00,0.00,0.00,0.00,0.00,0.00,0.00,0.00
FR,EVStock,Woodland,0.00,0.00,0.00,0.00,0.00,0.00,0.00,0.00,0.00
FR,EVStock,Young America Twp.,0.00,0.00,0.00,0.00,0.00,0.00,0.00,0.00,0.00
FR,CIMPG,All,477.00,478.43,479.39,481.78,484.19,486.61,489.04,491.49,493.95
FR,EVElec,All,0.49,0.49,0.49,0.49,0.49,0.49,0.49,0.49,0.49
FR,AVO,All,1.00,1.00,1.00,1.00,1.00,1.00,1.00,1.00,1.00
FR,TMT,Afton,9243.08,9131.30,9056.78,9124.38,9107.11,9055.12,9098.54,9141.96,9185.37
FR,TMT,Andover,100375.32,99994.76,99741.05,105300.95,109814.40,113592.34,118510.14,123427.94,128345.73
FR,TMT,Anoka,83992.91,82956.38,82265.36,84206.42,85345.76,86081.64,87708.64,89335.64,90962.64
FR,TMT,Apple Valley,181021.04,180693.42,180475.01,185468.50,188686.10,192762.38,198802.96,204843.54,210884.12
FR,TMT,Arden Hills,63127.43,63227.19,63293.70,67302.26,70635.62,73143.98,76385.35,79626.72,82868.09
FR,TMT,Bayport,20743.16,20703.89,20677.71,21348.30,21813.13,22174.08,22762.36,23350.65,23938.94
FR,TMT,Baytown Twp.,4918.62,4933.56,4943.52,4990.82,4991.56,5007.33,5075.28,5143.22,5211.17
FR,TMT,Belle Plaine,25417.12,25961.80,26324.92,29610.37,32577.44,35708.66,39173.24,42637.82,46102.40
FR,TMT,Belle Plaine Twp.,2523.16,2421.70,2354.05,2297.82,2221.25,2171.90,2145.91,2119.91,2093.92
FR,TMT,Benton Twp.,2822.93,2708.67,2632.49,2626.08,2595.61,2566.56,2564.74,2562.91,2561.09
FR,TMT,Bethel,1562.02,1551.24,1544.06,1616.05,1672.17,1726.66,1798.52,1870.37,1942.23
FR,TMT,Birchwood Village,2386.05,2290.91,2227.49,2196.82,2146.37,2084.33,2044.89,2005.45,1966.02
FR,TMT,Blaine,228314.52,231202.23,233127.37,248970.52,262301.68,275526.36,291463.69,307401.02,323338.35
FR,TMT,Blaine,228314.52,231202.23,233127.37,248970.52,262301.68,275526.36,291463.69,307401.02,323338.35
FR,TMT,Blakeley Twp.,1299.89,1248.95,1215.00,1213.30,1200.47,1197.57,1207.23,1216.89,1226.55
FR,TMT,Bloomington,476167.75,471135.75,467781.08,477874.21,483430.45,489272.65,500158.51,511044.36,521930.22
FR,TMT,Brooklyn Center,115074.71,113614.04,112640.26,115304.06,116869.98,119398.87,123144.41,126889.95,130635.49
FR,TMT,Brooklyn Park,293935.54,297993.54,300698.87,311461.23,319208.00,328061.36,340233.14,352404.91,364576.69
FR,TMT,Burnsville,258225.48,255466.93,253627.90,259584.70,263070.38,266165.37,272005.18,277844.99,283684.81
FR,TMT,Camden Twp.,2615.91,2519.55,2455.30,2412.72,2348.53,2295.23,2266.63,2238.02,2209.42
FR,TMT,Carver,14598.58,16393.19,17589.60,23079.25,28279.70,35188.19,42376.08,49563.97,56751.86
FR,TMT,Castle Rock Twp.,4538.20,4363.73,4247.42,4216.89,4147.99,4070.00,4035.58,4001.17,3966.76
FR,TMT,Cedar Lake Twp.,8241.61,8262.94,8277.16,8673.66,8984.81,9286.99,9682.44,10077.90,10473.35
FR,TMT,Centerville,11536.37,11268.17,11089.37,11201.26,11208.56,11272.65,11453.86,11635.07,11816.28
FR,TMT,Champlin,73533.29,71332.20,69864.81,71208.56,71878.52,71039.92,70955.30,70870.68,70786.07
FR,TMT,Chanhassen,101840.55,104377.71,106069.16,113759.97,120296.69,126907.39,134760.87,142614.35,150467.84
FR,TMT,Chanhassen,101840.55,104377.71,106069.16,113759.97,120296.69,126907.39,134760.87,142614.35,150467.84
FR,TMT,Chaska,101614.72,102460.33,103024.07,111983.58,119787.55,126040.36,133531.47,141022.59,148513.70
FR,TMT,Circle Pines,15605.42,15204.28,14936.86,15212.35,15344.07,15353.75,15523.94,15694.12,15864.31
FR,TMT,Coates,752.78,741.55,734.06,732.27,723.78,715.33,714.48,713.63,712.78
FR,TMT,Cologne,5725.17,6041.37,6252.17,7360.61,8385.83,9545.99,10791.12,12036.25,13281.38
FR,TMT,Columbia Heights,64200.14,63313.04,62721.64,64413.57,65489.32,66527.16,68247.67,69968.18,71688.69
FR,TMT,Columbus,14527.33,14496.64,14476.17,15577.23,16519.58,17164.28,17980.27,18796.26,19612.25
FR,TMT,Coon Rapids,237448.72,234556.72,232628.72,238877.77,242842.07,247036.39,253761.29,260486.19,267211.10
FR,TMT,Corcoran,19993.06,20754.68,21262.43,24383.45,27236.47,30233.90,33509.13,36784.37,40059.60
FR,TMT,Cottage Grove,117177.12,116880.44,116682.65,122085.17,126289.06,131470.72,137961.25,144451.79,150942.32
FR,TMT,Credit River Twp.,14926.58,14493.83,14205.33,14559.62,14775.03,14727.22,14834.09,14940.97,15047.85
FR,TMT,Crystal,71485.99,69750.87,68594.12,69361.47,69480.07,69727.65,70701.54,71675.42,72649.31
FR,TMT,Dahlgren Twp.,4142.99,4008.21,3918.36,3628.54,3309.41,3128.96,2983.57,2838.18,2692.79
FR,TMT,Dayton,18234.78,19404.39,20184.12,23285.04,26128.34,29533.37,33203.63,36873.90,40544.16
FR,TMT,Deephaven,11723.22,11358.10,11114.68,11063.64,10911.56,10780.55,10764.02,10747.48,10730.94
FR,TMT,Dellwood,3735.68,3679.74,3642.46,3685.36,3693.76,3687.66,3720.23,3752.79,3785.35
FR,TMT,Denmark Twp.,6619.10,6532.59,6474.92,6764.69,6988.19,7227.33,7539.00,7850.68,8162.35
FR,TMT,Douglas Twp.,2228.77,2182.44,2151.56,2160.21,2148.87,2147.23,2168.08,2188.93,2209.77
FR,TMT,Eagan,323480.86,322131.73,321232.31,330033.21,335675.17,341143.32,350110.22,359077.11,368044.01
FR,TMT,East Bethel,36093.17,35853.09,35693.04,39710.70,43306.81,46806.18,50750.29,54694.39,58638.50
FR,TMT,Eden Prairie,316133.18,317210.69,317929.04,331923.23,342668.35,353091.84,367075.43,381059.03,395042.62
FR,TMT,Edina,267632.56,264539.30,262477.12,268031.09,271041.91,271085.13,273963.84,276842.56,279721.27
FR,TMT,Elko New Market,16343.42,18277.27,19566.50,22864.61,25906.22,29871.30,34097.96,38324.63,42551.29
FR,TMT,Empire Twp.,8345.12,8667.32,8882.13,9945.03,10901.58,11863.42,12937.02,14010.63,15084.23
FR,TMT,Eureka Twp.,5102.78,4941.92,4834.67,4974.41,5066.44,5130.66,5247.74,5364.81,5481.89
FR,TMT,Excelsior,12353.68,12204.11,12104.40,12388.05,12553.78,12518.32,12614.28,12710.23,12806.19
FR,TMT,Falcon Heights,29191.78,28531.75,28091.72,28403.38,28449.42,28488.73,28825.59,29162.45,29499.31
FR,TMT,Farmington,74505.18,75212.55,75684.13,81310.15,86109.47,91022.36,96824.42,102626.48,108428.54
FR,TMT,Forest Lake,72753.62,73597.64,74160.32,79536.28,84105.35,88554.47,93872.88,99191.29,104509.70
FR,TMT,Fort Snelling UT,65080.63,64076.82,63407.61,64062.58,64119.13,64356.49,65264.10,66171.70,67079.30
FR,TMT,Fridley,136492.68,135084.49,134145.69,138246.95,141019.16,141963.91,144381.72,146799.54,149217.35
FR,TMT,Gem Lake,2658.93,2671.92,2680.59,2739.71,2772.81,2810.76,2877.63,2944.50,3011.37
FR,TMT,Golden Valley,149026.49,146631.65,145035.09,147462.24,148499.02,149604.40,152260.72,154917.04,157573.35
FR,TMT,Grant,12377.87,12031.54,11800.65,12025.70,12136.99,12292.62,12574.86,12857.09,13139.33
FR,TMT,Greenfield,9634.26,9591.52,9563.03,10123.05,10582.12,11001.32,11530.24,12059.15,12588.07
FR,TMT,Greenvale Twp.,2437.13,2434.37,2432.52,2538.97,2620.57,2638.10,2683.00,2727.90,2772.80
FR,TMT,Greenwood,2097.03,2038.62,1999.68,1994.81,1971.67,1936.33,1921.71,1907.08,1892.46
FR,TMT,Grey Cloud Island Twp.,845.53,839.40,835.31,820.65,798.65,777.00,763.75,750.51,737.27
FR,TMT,Ham Lake,51253.65,50724.49,50371.71,52535.58,54185.92,55145.97,56670.62,58195.27,59719.92
FR,TMT,Hamburg,1696.45,1650.58,1619.99,1679.18,1722.09,1776.00,1847.79,1919.59,1991.39
FR,TMT,Hampton,2252.97,2207.31,2176.87,2224.60,2251.20,2271.80,2315.90,2360.01,2404.11
FR,TMT,Hampton Twp.,2710.01,2643.76,2599.59,2685.42,2745.36,2812.00,2907.20,3002.40,3097.60
FR,TMT,Hancock Twp.,974.58,951.77,936.56,972.16,998.31,1011.33,1034.76,1058.20,1081.63
FR,TMT,Hanover,9640.98,9662.55,9676.94,9956.40,10140.36,10357.52,10680.25,11002.98,11325.71
FR,TMT,Hastings,85580.47,84195.87,83272.79,87111.53,90095.23,93116.56,97073.26,101029.96,104986.65
FR,TMT,Hastings,85580.47,84195.87,83272.79,87111.53,90095.23,93116.56,97073.26,101029.96,104986.65
FR,TMT,Helena Twp.,5007.34,4935.63,4887.83,4888.56,4844.31,4787.79,4782.09,4776.39,4770.69
FR,TMT,Hilltop,3169.75,3242.27,3290.61,3459.36,3593.93,3737.00,3917.32,4097.65,4277.98
FR,TMT,Hollywood Twp.,3103.88,3032.15,2984.33,3131.10,3247.01,3268.33,3323.57,3378.80,3434.04
FR,TMT,Hopkins,83615.18,84477.43,85052.26,86735.29,87596.95,88057.43,89433.25,90809.06,92184.87
FR,TMT,Hugo,47321.71,49151.71,50371.71,58328.12,65636.57,73135.35,81302.95,89470.55,97638.15
FR,TMT,Independence,11561.91,11474.31,11415.90,11729.00,11929.84,12135.99,12466.45,12796.92,13127.38
FR,TMT,Inver Grove Heights,123708.85,123457.06,123289.20,130178.05,135773.03,141960.21,149553.08,157145.96,164738.83
FR,TMT,Jackson Twp.,4648.42,4635.64,4627.11,4668.88,4667.11,4711.33,4804.27,4897.20,4990.14
FR,TMT,Jordan,21719.08,22506.70,23031.77,25123.30,26954.44,28983.30,31289.32,33595.33,35901.35
FR,TMT,Lake Elmo,31466.26,32933.13,33911.05,38943.07,43546.40,48653.71,54204.43,59755.15,65305.87
FR,TMT,Lake St. Croix Beach,3212.76,3122.79,3062.80,3105.85,3119.73,3083.33,3079.66,3075.98,3072.31
FR,TMT,Lakeland,5671.40,5489.82,5368.76,5329.18,5241.14,5192.33,5198.46,5204.60,5210.73
FR,TMT,Lakeland Shores,923.50,900.96,885.93,909.03,923.44,925.00,936.22,947.43,958.65
FR,TMT,Laketown Twp.,5317.86,4554.10,4044.92,2921.52,1786.98,888.00,9.85,-868.29,-1746.43
FR,TMT,Lakeville,204751.12,207193.88,208822.39,223964.63,236834.72,247757.89,261132.76,274507.63,287882.50
FR,TMT,Landfall,1883.30,1801.25,1746.56,1717.06,1672.17,1640.33,1626.06,1611.79,1597.51
FR,TMT,Lauderdale,8572.30,8410.40,8302.47,8345.39,8310.95,8287.99,8352.03,8416.07,8480.11
FR,TMT,Lexington,7011.62,6905.26,6834.35,7070.23,7237.77,7362.99,7563.64,7764.28,7964.93
FR,TMT,Lilydale,3304.17,3569.41,3746.24,3775.00,3768.63,3761.66,3794.14,3826.61,3859.09
FR,TMT,Lino Lakes,68598.54,69204.90,69609.15,75369.90,80356.69,85468.67,91409.15,97349.64,103290.12
FR,TMT,Linwood Twp.,14478.94,14036.84,13742.11,13572.31,13280.06,13036.32,12932.10,12827.87,12723.65
FR,TMT,Little Canada,43201.58,42944.39,42772.92,43931.37,44669.50,44766.25,45330.09,45893.93,46457.77
FR,TMT,Long Lake,7878.66,7707.70,7593.73,7917.39,8163.70,8215.22,8352.03,8488.84,8625.64
FR,TMT,Loretto,2736.90,2643.88,2581.87,2613.46,2620.57,2614.66,2636.19,2657.71,2679.23
FR,TMT,Louisville Twp.,4372.85,4314.30,4275.27,4306.53,4297.74,4271.03,4289.35,4307.66,4325.98
FR,TMT,Mahtomedi,26838.00,26226.40,25818.67,25875.77,25694.07,25527.50,25630.14,25732.77,25835.41
FR,TMT,Maple Grove,269858.64,273948.37,276674.86,293414.48,307220.76,320413.47,336788.85,353164.23,369539.60
FR,TMT,Maple Plain,9702.81,9758.67,9795.91,10278.34,10659.48,10965.55,11382.41,11799.27,12216.13
FR,TMT,Maplewood,188934.65,189326.35,189587.48,196067.53,200653.37,204239.77,209916.83,215593.88,221270.94
FR,TMT,Marine on St. Croix,2277.16,2248.88,2230.02,2362.21,2470.82,2576.43,2707.63,2838.84,2970.04
FR,TMT,Marshan Twp.,3485.65,3474.94,3467.80,3610.87,3718.71,3824.56,3969.06,4113.56,4258.06
FR,TMT,May Twp.,8015.78,7943.28,7894.94,8532.25,9082.15,9580.52,10172.72,10764.92,11357.13
FR,TMT,Mayer,5578.65,5648.64,5695.29,6262.20,6763.57,7227.33,7760.74,8294.15,8827.56
FR,TMT,Medicine Lake,1123.79,1132.95,1139.06,1174.16,1197.98,1208.67,1231.86,1255.06,1278.26
FR,TMT,Medina,26651.15,28250.56,29316.84,31037.04,32447.66,33795.76,35480.11,37164.47,38848.82
FR,TMT,Mendota,1314.68,1300.43,1290.93,1350.92,1397.64,1406.00,1428.96,1451.92,1474.89
FR,TMT,Mendota Heights,63475.59,62752.88,62271.08,63127.04,63390.36,63023.26,63320.22,63617.17,63914.12
FR,TMT,Miesville,673.47,664.26,658.12,669.15,673.86,666.00,665.21,664.41,663.62
FR,TMT,Minneapolis,1886020.85,1876341.80,1869889.09,1907384.74,1926810.98,1951644.21,1996576.27,2041508.34,2086440.40
FR,TMT,Minnetonka,270943.45,271789.80,272354.03,283442.93,291769.38,297976.70,307221.68,316466.66,325711.63
FR,TMT,Minnetonka Beach,1899.43,1822.89,1771.87,1729.68,1672.17,1677.33,1699.97,1722.61,1745.25
FR,TMT,Minnetrista,21196.17,21721.93,22072.43,24303.91,26280.58,28698.40,31385.40,34072.40,36759.41
FR,TMT,Mound,27848.87,27086.37,26578.04,27168.62,27501.02,27526.74,27840.10,28153.47,28466.83
FR,TMT,Mounds View,50605.72,49257.91,48359.38,48615.40,48420.66,48098.71,48284.10,48469.48,48654.87
FR,TMT,New Brighton,85994.50,84975.05,84295.42,86107.81,87102.79,88429.90,90665.11,92900.32,95135.52
FR,TMT,New Germany,1247.47,1275.07,1293.46,1491.06,1672.17,1800.66,1946.34,2092.02,2237.70
FR,TMT,New Hope,86462.30,84553.15,83280.39,84841.48,85600.33,86329.54,87952.55,89575.56,91198.57
FR,TMT,New Market Twp.,10411.23,10210.62,10076.87,9986.70,9805.93,9705.09,9707.08,9709.07,9711.06
FR,TMT,New Prague,28682.31,28823.07,28916.91,30933.51,32637.34,34181.79,36064.02,37946.24,39828.46
FR,TMT,New Trier,440.91,449.74,455.62,454.51,449.24,444.00,443.47,442.94,442.41
FR,TMT,Newport,14286.71,14202.95,14147.11,14781.83,15271.69,15625.08,16137.40,16649.73,17162.05
FR,TMT,Nininger Twp.,2942.57,2833.98,2761.58,2844.50,2900.10,2925.46,2981.11,3036.75,3092.40
FR,TMT,North Oaks,16020.80,15809.35,15668.39,15969.88,16120.26,16226.95,16502.04,16777.12,17052.21
FR,TMT,North St. Paul,39791.21,39002.93,38477.41,38446.89,38063.17,37927.42,38190.21,38453.00,38715.79
FR,TMT,Northfield,79133.44,78906.09,78754.53,80825.34,82123.70,83294.31,85321.29,87348.27,89375.25
FR,TMT,Norwood Young America,14642.94,15241.50,15640.54,19227.23,22586.83,25097.07,27837.64,30578.20,33318.77
FR,TMT,Nowthen,13246.26,13031.95,12889.08,13611.45,14198.50,14638.42,15225.83,15813.23,16400.64
FR,TMT,Oak Grove,24587.72,24293.54,24097.42,25253.34,26160.79,26991.47,28093.87,29196.26,30298.66
FR,TMT,Oak Park Heights,26297.61,26892.63,27289.32,28888.20,30198.96,31204.53,32523.64,33842.76,35161.87
FR,TMT,Oakdale,101935.99,101225.01,100751.02,103404.61,105069.92,106435.31,108896.68,111358.05,113819.41
FR,TMT,Orono,25266.57,24985.77,24798.58,25725.53,26402.88,26985.30,27842.57,28699.83,29557.09
FR,TMT,Osseo,11867.06,11807.47,11767.74,12260.53,12633.65,12986.99,13471.65,13956.32,14440.99
FR,TMT,Pine Springs,1303.92,1265.75,1240.31,1212.04,1173.02,1147.00,1133.31,1119.63,1105.94
FR,TMT,Plymouth,332039.71,330564.09,329580.34,338487.18,344155.84,349023.07,357479.22,365935.36,374391.51
FR,TMT,Prior Lake,78513.74,80767.75,82270.42,90913.04,98598.36,105088.52,112594.73,120100.95,127607.17
FR,TMT,Ramsey,82732.00,83358.71,83776.51,90016.63,95341.36,99902.35,105449.93,110997.50,116545.07
FR,TMT,Randolph,1516.32,1472.21,1442.81,1439.30,1422.60,1381.33,1355.05,1328.77,1302.48
FR,TMT,Randolph Twp.,2177.69,2158.97,2146.49,2129.91,2093.96,2070.76,2069.53,2068.29,2067.06
FR,TMT,Ravenna Twp.,6430.90,6232.54,6100.29,6185.19,6212.00,6228.33,6309.60,6390.88,6472.15
FR,TMT,Richfield,140510.65,137756.32,135920.09,136473.08,135763.05,135165.78,135990.27,136814.76,137639.25
FR,TMT,Robbinsdale,57216.75,55922.44,55059.57,55492.45,55408.85,55129.94,55431.37,55732.79,56034.22
FR,TMT,Rockford,14737.04,14855.41,14934.33,15459.81,15835.74,16136.92,16603.05,17069.18,17535.31
FR,TMT,Rogers,60089.42,62912.60,64794.73,72088.55,78617.13,85219.54,92628.70,100037.86,107447.02
FR,TMT,Rosemount,86561.78,88994.27,90615.93,99740.72,107820.27,116305.67,125898.85,135492.03,145085.21
FR,TMT,Roseville,188012.50,183187.78,179971.29,181050.87,180450.02,180200.90,181840.21,183479.52,185118.83
FR,TMT,San Francisco Twp.,2442.51,2404.62,2379.37,2484.68,2565.66,2610.96,2683.00,2755.03,2827.06
FR,TMT,Sand Creek Twp.,4837.96,4638.55,4505.61,4454.24,4362.63,4301.86,4286.88,4271.90,4256.92
FR,TMT,Savage,101039.38,103445.19,105049.07,110722.30,115297.63,119257.03,124413.22,129569.42,134725.61
FR,TMT,Scandia,12545.91,12428.32,12349.93,12875.39,13275.06,13561.72,13986.57,14411.42,14836.28
FR,TMT,Sciota Twp.,1408.78,1474.76,1518.75,1616.05,1697.13,1752.56,1825.62,1898.68,1971.73
FR,TMT,Shakopee,166887.57,170787.55,173387.53,183188.35,191166.91,199303.98,209421.62,219539.26,229656.90
FR,TMT,Shoreview,102440.09,100964.95,99981.52,100875.75,100829.59,100517.79,101261.59,102005.40,102749.21
FR,TMT,Shorewood,23012.25,22416.47,22019.27,22141.18,22057.72,21998.94,22171.07,22343.19,22515.32
FR,TMT,South St. Paul,80405.10,79393.50,78719.09,79160.04,78866.71,79055.34,80068.62,81081.90,82095.18
FR,TMT,Spring Lake Park,26067.74,25585.69,25264.32,25794.97,26080.92,26454.97,27100.98,27747.00,28393.01
FR,TMT,Spring Lake Park,26067.74,25585.69,25264.32,25794.97,26080.92,26454.97,27100.98,27747.00,28393.01
FR,TMT,Spring Lake Twp.,11115.62,10897.88,10752.72,11182.32,11503.06,11445.32,11508.06,11570.81,11633.55
FR,TMT,Spring Park,6159.36,6002.42,5897.79,6047.57,6139.62,6178.99,6282.50,6386.01,6489.52
FR,TMT,St. Anthony,31337.21,30914.74,30633.09,30846.40,30772.99,30623.63,30796.57,30969.51,31142.45
FR,TMT,St. Anthony,31337.21,30914.74,30633.09,30846.40,30772.99,30623.63,30796.57,30969.51,31142.45
FR,TMT,St. Bonifacius,7273.75,6932.66,6705.26,6688.94,6611.33,6561.33,6580.61,6599.90,6619.18
FR,TMT,St. Francis,25747.81,26094.07,26324.92,29484.11,32327.86,35104.33,38212.39,41320.45,44428.51
FR,TMT,St. Lawrence Twp.,1562.02,1581.62,1594.68,1743.57,1874.33,2010.33,2165.61,2320.90,2476.18
FR,TMT,St. Louis Park,238378.94,234464.07,231854.16,235335.08,236602.62,238405.53,242679.45,246953.37,251227.29
FR,TMT,St. Marys Point,1052.55,1028.52,1012.50,1010.03,998.31,986.67,985.49,984.32,983.14
FR,TMT,St. Paul,1304850.87,1296035.61,1290158.78,1316819.93,1330995.48,1345449.22,1373793.20,1402137.19,1430481.17
FR,TMT,St. Paul Park,19885.52,20104.17,20249.93,21715.70,22961.19,24049.97,25376.38,26702.78,28029.18
FR,TMT,Stillwater,79515.21,79341.29,79225.34,81307.63,82612.88,83373.24,84996.08,86618.91,88241.75
FR,TMT,Stillwater Twp.,6952.47,6790.48,6682.48,6868.22,6988.19,7066.99,7218.72,7370.44,7522.17
FR,TMT,Sunfish Lake,1450.45,1415.49,1392.18,1363.54,1322.76,1270.33,1231.86,1193.39,1154.92
FR,TMT,Tonka Bay,4883.67,4778.33,4708.11,4772.40,4791.90,4785.33,4828.90,4872.48,4916.05
FR,TMT,Vadnais Heights,55354.96,55858.13,56193.57,58205.65,59654.18,60679.93,62327.33,63974.74,65622.14
FR,TMT,Vermillion,1441.04,1426.91,1417.50,1464.55,1497.47,1504.66,1527.51,1550.35,1573.20
FR,TMT,Vermillion Twp.,3538.07,3467.05,3419.71,3471.99,3491.60,3486.63,3518.20,3549.77,3581.34
FR,TMT,Victoria,28155.36,29637.44,30625.49,34184.55,37379.32,40671.59,44347.06,48022.54,51698.02
FR,TMT,Waconia,51177.03,53574.90,55173.48,64513.31,73128.90,78319.05,84261.89,90204.73,96147.57
FR,TMT,Waconia Twp.,3876.82,3918.45,3946.21,4189.11,4390.08,4462.19,4580.07,4697.94,4815.81
FR,TMT,Waterford Twp.,3263.84,3205.49,3166.58,3182.87,3169.64,3156.10,3175.74,3195.39,3215.03
FR,TMT,Watertown,13985.60,14163.00,14281.27,15997.65,17542.85,19030.31,20697.76,22365.21,24032.66
FR,TMT,Watertown Twp.,4254.56,4084.73,3971.52,3925.24,3843.50,3787.56,3771.96,3756.37,3740.77
FR,TMT,Wayzata,23115.76,22825.40,22631.83,23209.29,23565.17,23546.77,23774.95,24003.13,24231.31
FR,TMT,West Lakeland Twp.,11826.73,11593.90,11438.68,11338.88,11136.18,10866.89,10714.74,10562.60,10410.45
FR,TMT,West St. Paul,75564.45,74573.14,73912.26,75619.88,76608.02,77818.31,79827.18,81836.05,83844.91
FR,TMT,White Bear Lake,95933.91,93500.97,91879.02,92924.26,93100.15,93244.83,94363.16,95481.49,96599.83
FR,TMT,White Bear Lake,95933.91,93500.97,91879.02,92924.26,93100.15,93244.83,94363.16,95481.49,96599.83
FR,TMT,White Bear Twp.,37316.44,36949.90,36705.54,37297.98,37539.06,37789.29,38431.66,39074.03,39716.39
FR,TMT,Willernie,1895.40,1853.17,1825.03,1807.96,1774.50,1752.56,1749.25,1745.93,1742.61
FR,TMT,Woodbury,239280.93,242426.19,244523.02,256925.79,266791.59,275528.82,287036.37,298543.92,310051.47
FR,TMT,Woodland,1229.99,1205.81,1189.68,1172.90,1145.56,1130.97,1128.39,1125.81,1123.23
FR,TMT,Young America Twp.,2185.75,2077.15,2004.74,1983.45,1944.21,1932.63,1941.42,1950.20,1958.99
MM,TotStock,Afton,100.00,100.00,100.00,100.00,100.00,100.00,100.00,100.00,100.00
MM,TotStock,Andover,100.00,100.00,100.00,100.00,100.00,100.00,100.00,100.00,100.00
MM,TotStock,Anoka,100.00,100.00,100.00,100.00,100.00,100.00,100.00,100.00,100.00
MM,TotStock,Apple Valley,100.00,100.00,100.00,100.00,100.00,100.00,100.00,100.00,100.00
MM,TotStock,Arden Hills,100.00,100.00,100.00,100.00,100.00,100.00,100.00,100.00,100.00
MM,TotStock,Bayport,100.00,100.00,100.00,100.00,100.00,100.00,100.00,100.00,100.00
MM,TotStock,Baytown Twp.,100.00,100.00,100.00,100.00,100.00,100.00,100.00,100.00,100.00
MM,TotStock,Belle Plaine,100.00,100.00,100.00,100.00,100.00,100.00,100.00,100.00,100.00
MM,TotStock,Belle Plaine Twp.,100.00,100.00,100.00,100.00,100.00,100.00,100.00,100.00,100.00
MM,TotStock,Benton Twp.,100.00,100.00,100.00,100.00,100.00,100.00,100.00,100.00,100.00
MM,TotStock,Bethel,100.00,100.00,100.00,100.00,100.00,100.00,100.00,100.00,100.00
MM,TotStock,Birchwood Village,100.00,100.00,100.00,100.00,100.00,100.00,100.00,100.00,100.00
MM,TotStock,Blaine,100.00,100.00,100.00,100.00,100.00,100.00,100.00,100.00,100.00
MM,TotStock,Blaine,100.00,100.00,100.00,100.00,100.00,100.00,100.00,100.00,100.00
MM,TotStock,Blakeley Twp.,100.00,100.00,100.00,100.00,100.00,100.00,100.00,100.00,100.00
MM,TotStock,Bloomington,100.00,100.00,100.00,100.00,100.00,100.00,100.00,100.00,100.00
MM,TotStock,Brooklyn Center,100.00,100.00,100.00,100.00,100.00,100.00,100.00,100.00,100.00
MM,TotStock,Brooklyn Park,100.00,100.00,100.00,100.00,100.00,100.00,100.00,100.00,100.00
MM,TotStock,Burnsville,100.00,100.00,100.00,100.00,100.00,100.00,100.00,100.00,100.00
MM,TotStock,Camden Twp.,100.00,100.00,100.00,100.00,100.00,100.00,100.00,100.00,100.00
MM,TotStock,Carver,100.00,100.00,100.00,100.00,100.00,100.00,100.00,100.00,100.00
MM,TotStock,Castle Rock Twp.,100.00,100.00,100.00,100.00,100.00,100.00,100.00,100.00,100.00
MM,TotStock,Cedar Lake Twp.,100.00,100.00,100.00,100.00,100.00,100.00,100.00,100.00,100.00
MM,TotStock,Centerville,100.00,100.00,100.00,100.00,100.00,100.00,100.00,100.00,100.00
MM,TotStock,Champlin,100.00,100.00,100.00,100.00,100.00,100.00,100.00,100.00,100.00
MM,TotStock,Chanhassen,100.00,100.00,100.00,100.00,100.00,100.00,100.00,100.00,100.00
MM,TotStock,Chanhassen,100.00,100.00,100.00,100.00,100.00,100.00,100.00,100.00,100.00
MM,TotStock,Chaska,100.00,100.00,100.00,100.00,100.00,100.00,100.00,100.00,100.00
MM,TotStock,Circle Pines,100.00,100.00,100.00,100.00,100.00,100.00,100.00,100.00,100.00
MM,TotStock,Coates,100.00,100.00,100.00,100.00,100.00,100.00,100.00,100.00,100.00
MM,TotStock,Cologne,100.00,100.00,100.00,100.00,100.00,100.00,100.00,100.00,100.00
MM,TotStock,Columbia Heights,100.00,100.00,100.00,100.00,100.00,100.00,100.00,100.00,100.00
MM,TotStock,Columbus,100.00,100.00,100.00,100.00,100.00,100.00,100.00,100.00,100.00
MM,TotStock,Coon Rapids,100.00,100.00,100.00,100.00,100.00,100.00,100.00,100.00,100.00
MM,TotStock,Corcoran,100.00,100.00,100.00,100.00,100.00,100.00,100.00,100.00,100.00
MM,TotStock,Cottage Grove,100.00,100.00,100.00,100.00,100.00,100.00,100.00,100.00,100.00
MM,TotStock,Credit River Twp.,100.00,100.00,100.00,100.00,100.00,100.00,100.00,100.00,100.00
MM,TotStock,Crystal,100.00,100.00,100.00,100.00,100.00,100.00,100.00,100.00,100.00
MM,TotStock,Dahlgren Twp.,100.00,100.00,100.00,100.00,100.00,100.00,100.00,100.00,100.00
MM,TotStock,Dayton,100.00,100.00,100.00,100.00,100.00,100.00,100.00,100.00,100.00
MM,TotStock,Deephaven,100.00,100.00,100.00,100.00,100.00,100.00,100.00,100.00,100.00
MM,TotStock,Dellwood,100.00,100.00,100.00,100.00,100.00,100.00,100.00,100.00,100.00
MM,TotStock,Denmark Twp.,100.00,100.00,100.00,100.00,100.00,100.00,100.00,100.00,100.00
MM,TotStock,Douglas Twp.,100.00,100.00,100.00,100.00,100.00,100.00,100.00,100.00,100.00
MM,TotStock,Eagan,100.00,100.00,100.00,100.00,100.00,100.00,100.00,100.00,100.00
MM,TotStock,East Bethel,100.00,100.00,100.00,100.00,100.00,100.00,100.00,100.00,100.00
MM,TotStock,Eden Prairie,100.00,100.00,100.00,100.00,100.00,100.00,100.00,100.00,100.00
MM,TotStock,Edina,100.00,100.00,100.00,100.00,100.00,100.00,100.00,100.00,100.00
MM,TotStock,Elko New Market,100.00,100.00,100.00,100.00,100.00,100.00,100.00,100.00,100.00
MM,TotStock,Empire Twp.,100.00,100.00,100.00,100.00,100.00,100.00,100.00,100.00,100.00
MM,TotStock,Eureka Twp.,100.00,100.00,100.00,100.00,100.00,100.00,100.00,100.00,100.00
MM,TotStock,Excelsior,100.00,100.00,100.00,100.00,100.00,100.00,100.00,100.00,100.00
MM,TotStock,Falcon Heights,100.00,100.00,100.00,100.00,100.00,100.00,100.00,100.00,100.00
MM,TotStock,Farmington,100.00,100.00,100.00,100.00,100.00,100.00,100.00,100.00,100.00
MM,TotStock,Forest Lake,100.00,100.00,100.00,100.00,100.00,100.00,100.00,100.00,100.00
MM,TotStock,Fort Snelling UT,100.00,100.00,100.00,100.00,100.00,100.00,100.00,100.00,100.00
MM,TotStock,Fridley,100.00,100.00,100.00,100.00,100.00,100.00,100.00,100.00,100.00
MM,TotStock,Gem Lake,100.00,100.00,100.00,100.00,100.00,100.00,100.00,100.00,100.00
MM,TotStock,Golden Valley,100.00,100.00,100.00,100.00,100.00,100.00,100.00,100.00,100.00
MM,TotStock,Grant,100.00,100.00,100.00,100.00,100.00,100.00,100.00,100.00,100.00
MM,TotStock,Greenfield,100.00,100.00,100.00,100.00,100.00,100.00,100.00,100.00,100.00
MM,TotStock,Greenvale Twp.,100.00,100.00,100.00,100.00,100.00,100.00,100.00,100.00,100.00
MM,TotStock,Greenwood,100.00,100.00,100.00,100.00,100.00,100.00,100.00,100.00,100.00
MM,TotStock,Grey Cloud Island Twp.,100.00,100.00,100.00,100.00,100.00,100.00,100.00,100.00,100.00
MM,TotStock,Ham Lake,100.00,100.00,100.00,100.00,100.00,100.00,100.00,100.00,100.00
MM,TotStock,Hamburg,100.00,100.00,100.00,100.00,100.00,100.00,100.00,100.00,100.00
MM,TotStock,Hampton,100.00,100.00,100.00,100.00,100.00,100.00,100.00,100.00,100.00
MM,TotStock,Hampton Twp.,100.00,100.00,100.00,100.00,100.00,100.00,100.00,100.00,100.00
MM,TotStock,Hancock Twp.,100.00,100.00,100.00,100.00,100.00,100.00,100.00,100.00,100.00
MM,TotStock,Hanover,100.00,100.00,100.00,100.00,100.00,100.00,100.00,100.00,100.00
MM,TotStock,Hastings,100.00,100.00,100.00,100.00,100.00,100.00,100.00,100.00,100.00
MM,TotStock,Hastings,100.00,100.00,100.00,100.00,100.00,100.00,100.00,100.00,100.00
MM,TotStock,Helena Twp.,100.00,100.00,100.00,100.00,100.00,100.00,100.00,100.00,100.00
MM,TotStock,Hilltop,100.00,100.00,100.00,100.00,100.00,100.00,100.00,100.00,100.00
MM,TotStock,Hollywood Twp.,100.00,100.00,100.00,100.00,100.00,100.00,100.00,100.00,100.00
MM,TotStock,Hopkins,100.00,100.00,100.00,100.00,100.00,100.00,100.00,100.00,100.00
MM,TotStock,Hugo,100.00,100.00,100.00,100.00,100.00,100.00,100.00,100.00,100.00
MM,TotStock,Independence,100.00,100.00,100.00,100.00,100.00,100.00,100.00,100.00,100.00
MM,TotStock,Inver Grove Heights,100.00,100.00,100.00,100.00,100.00,100.00,100.00,100.00,100.00
MM,TotStock,Jackson Twp.,100.00,100.00,100.00,100.00,100.00,100.00,100.00,100.00,100.00
MM,TotStock,Jordan,100.00,100.00,100.00,100.00,100.00,100.00,100.00,100.00,100.00
MM,TotStock,Lake Elmo,100.00,100.00,100.00,100.00,100.00,100.00,100.00,100.00,100.00
MM,TotStock,Lake St. Croix Beach,100.00,100.00,100.00,100.00,100.00,100.00,100.00,100.00,100.00
MM,TotStock,Lakeland,100.00,100.00,100.00,100.00,100.00,100.00,100.00,100.00,100.00
MM,TotStock,Lakeland Shores,100.00,100.00,100.00,100.00,100.00,100.00,100.00,100.00,100.00
MM,TotStock,Laketown Twp.,100.00,100.00,100.00,100.00,100.00,100.00,100.00,100.00,100.00
MM,TotStock,Lakeville,100.00,100.00,100.00,100.00,100.00,100.00,100.00,100.00,100.00
MM,TotStock,Landfall,100.00,100.00,100.00,100.00,100.00,100.00,100.00,100.00,100.00
MM,TotStock,Lauderdale,100.00,100.00,100.00,100.00,100.00,100.00,100.00,100.00,100.00
MM,TotStock,Lexington,100.00,100.00,100.00,100.00,100.00,100.00,100.00,100.00,100.00
MM,TotStock,Lilydale,100.00,100.00,100.00,100.00,100.00,100.00,100.00,100.00,100.00
MM,TotStock,Lino Lakes,100.00,100.00,100.00,100.00,100.00,100.00,100.00,100.00,100.00
MM,TotStock,Linwood Twp.,100.00,100.00,100.00,100.00,100.00,100.00,100.00,100.00,100.00
MM,TotStock,Little Canada,100.00,100.00,100.00,100.00,100.00,100.00,100.00,100.00,100.00
MM,TotStock,Long Lake,100.00,100.00,100.00,100.00,100.00,100.00,100.00,100.00,100.00
MM,TotStock,Loretto,100.00,100.00,100.00,100.00,100.00,100.00,100.00,100.00,100.00
MM,TotStock,Louisville Twp.,100.00,100.00,100.00,100.00,100.00,100.00,100.00,100.00,100.00
MM,TotStock,Mahtomedi,100.00,100.00,100.00,100.00,100.00,100.00,100.00,100.00,100.00
MM,TotStock,Maple Grove,100.00,100.00,100.00,100.00,100.00,100.00,100.00,100.00,100.00
MM,TotStock,Maple Plain,100.00,100.00,100.00,100.00,100.00,100.00,100.00,100.00,100.00
MM,TotStock,Maplewood,100.00,100.00,100.00,100.00,100.00,100.00,100.00,100.00,100.00
MM,TotStock,Marine on St. Croix,100.00,100.00,100.00,100.00,100.00,100.00,100.00,100.00,100.00
MM,TotStock,Marshan Twp.,100.00,100.00,100.00,100.00,100.00,100.00,100.00,100.00,100.00
MM,TotStock,May Twp.,100.00,100.00,100.00,100.00,100.00,100.00,100.00,100.00,100.00
MM,TotStock,Mayer,100.00,100.00,100.00,100.00,100.00,100.00,100.00,100.00,100.00
MM,TotStock,Medicine Lake,100.00,100.00,100.00,100.00,100.00,100.00,100.00,100.00,100.00
MM,TotStock,Medina,100.00,100.00,100.00,100.00,100.00,100.00,100.00,100.00,100.00
MM,TotStock,Mendota,100.00,100.00,100.00,100.00,100.00,100.00,100.00,100.00,100.00
MM,TotStock,Mendota Heights,100.00,100.00,100.00,100.00,100.00,100.00,100.00,100.00,100.00
MM,TotStock,Miesville,100.00,100.00,100.00,100.00,100.00,100.00,100.00,100.00,100.00
MM,TotStock,Minneapolis,100.00,100.00,100.00,100.00,100.00,100.00,100.00,100.00,100.00
MM,TotStock,Minnetonka,100.00,100.00,100.00,100.00,100.00,100.00,100.00,100.00,100.00
MM,TotStock,Minnetonka Beach,100.00,100.00,100.00,100.00,100.00,100.00,100.00,100.00,100.00
MM,TotStock,Minnetrista,100.00,100.00,100.00,100.00,100.00,100.00,100.00,100.00,100.00
MM,TotStock,Mound,100.00,100.00,100.00,100.00,100.00,100.00,100.00,100.00,100.00
MM,TotStock,Mounds View,100.00,100.00,100.00,100.00,100.00,100.00,100.00,100.00,100.00
MM,TotStock,New Brighton,100.00,100.00,100.00,100.00,100.00,100.00,100.00,100.00,100.00
MM,TotStock,New Germany,100.00,100.00,100.00,100.00,100.00,100.00,100.00,100.00,100.00
MM,TotStock,New Hope,100.00,100.00,100.00,100.00,100.00,100.00,100.00,100.00,100.00
MM,TotStock,New Market Twp.,100.00,100.00,100.00,100.00,100.00,100.00,100.00,100.00,100.00
MM,TotStock,New Prague,100.00,100.00,100.00,100.00,100.00,100.00,100.00,100.00,100.00
MM,TotStock,New Trier,100.00,100.00,100.00,100.00,100.00,100.00,100.00,100.00,100.00
MM,TotStock,Newport,100.00,100.00,100.00,100.00,100.00,100.00,100.00,100.00,100.00
MM,TotStock,Nininger Twp.,100.00,100.00,100.00,100.00,100.00,100.00,100.00,100.00,100.00
MM,TotStock,North Oaks,100.00,100.00,100.00,100.00,100.00,100.00,100.00,100.00,100.00
MM,TotStock,North St. Paul,100.00,100.00,100.00,100.00,100.00,100.00,100.00,100.00,100.00
MM,TotStock,Northfield,100.00,100.00,100.00,100.00,100.00,100.00,100.00,100.00,100.00
MM,TotStock,Norwood Young America,100.00,100.00,100.00,100.00,100.00,100.00,100.00,100.00,100.00
MM,TotStock,Nowthen,100.00,100.00,100.00,100.00,100.00,100.00,100.00,100.00,100.00
MM,TotStock,Oak Grove,100.00,100.00,100.00,100.00,100.00,100.00,100.00,100.00,100.00
MM,TotStock,Oak Park Heights,100.00,100.00,100.00,100.00,100.00,100.00,100.00,100.00,100.00
MM,TotStock,Oakdale,100.00,100.00,100.00,100.00,100.00,100.00,100.00,100.00,100.00
MM,TotStock,Orono,100.00,100.00,100.00,100.00,100.00,100.00,100.00,100.00,100.00
MM,TotStock,Osseo,100.00,100.00,100.00,100.00,100.00,100.00,100.00,100.00,100.00
MM,TotStock,Pine Springs,100.00,100.00,100.00,100.00,100.00,100.00,100.00,100.00,100.00
MM,TotStock,Plymouth,100.00,100.00,100.00,100.00,100.00,100.00,100.00,100.00,100.00
MM,TotStock,Prior Lake,100.00,100.00,100.00,100.00,100.00,100.00,100.00,100.00,100.00
MM,TotStock,Ramsey,100.00,100.00,100.00,100.00,100.00,100.00,100.00,100.00,100.00
MM,TotStock,Randolph,100.00,100.00,100.00,100.00,100.00,100.00,100.00,100.00,100.00
MM,TotStock,Randolph Twp.,100.00,100.00,100.00,100.00,100.00,100.00,100.00,100.00,100.00
MM,TotStock,Ravenna Twp.,100.00,100.00,100.00,100.00,100.00,100.00,100.00,100.00,100.00
MM,TotStock,Richfield,100.00,100.00,100.00,100.00,100.00,100.00,100.00,100.00,100.00
MM,TotStock,Robbinsdale,100.00,100.00,100.00,100.00,100.00,100.00,100.00,100.00,100.00
MM,TotStock,Rockford,100.00,100.00,100.00,100.00,100.00,100.00,100.00,100.00,100.00
MM,TotStock,Rogers,100.00,100.00,100.00,100.00,100.00,100.00,100.00,100.00,100.00
MM,TotStock,Rosemount,100.00,100.00,100.00,100.00,100.00,100.00,100.00,100.00,100.00
MM,TotStock,Roseville,100.00,100.00,100.00,100.00,100.00,100.00,100.00,100.00,100.00
MM,TotStock,San Francisco Twp.,100.00,100.00,100.00,100.00,100.00,100.00,100.00,100.00,100.00
MM,TotStock,Sand Creek Twp.,100.00,100.00,100.00,100.00,100.00,100.00,100.00,100.00,100.00
MM,TotStock,Savage,100.00,100.00,100.00,100.00,100.00,100.00,100.00,100.00,100.00
MM,TotStock,Scandia,100.00,100.00,100.00,100.00,100.00,100.00,100.00,100.00,100.00
MM,TotStock,Sciota Twp.,100.00,100.00,100.00,100.00,100.00,100.00,100.00,100.00,100.00
MM,TotStock,Shakopee,100.00,100.00,100.00,100.00,100.00,100.00,100.00,100.00,100.00
MM,TotStock,Shoreview,100.00,100.00,100.00,100.00,100.00,100.00,100.00,100.00,100.00
MM,TotStock,Shorewood,100.00,100.00,100.00,100.00,100.00,100.00,100.00,100.00,100.00
MM,TotStock,South St. Paul,100.00,100.00,100.00,100.00,100.00,100.00,100.00,100.00,100.00
MM,TotStock,Spring Lake Park,100.00,100.00,100.00,100.00,100.00,100.00,100.00,100.00,100.00
MM,TotStock,Spring Lake Park,100.00,100.00,100.00,100.00,100.00,100.00,100.00,100.00,100.00
MM,TotStock,Spring Lake Twp.,100.00,100.00,100.00,100.00,100.00,100.00,100.00,100.00,100.00
MM,TotStock,Spring Park,100.00,100.00,100.00,100.00,100.00,100.00,100.00,100.00,100.00
MM,TotStock,St. Anthony,100.00,100.00,100.00,100.00,100.00,100.00,100.00,100.00,100.00
MM,TotStock,St. Anthony,100.00,100.00,100.00,100.00,100.00,100.00,100.00,100.00,100.00
MM,TotStock,St. Bonifacius,100.00,100.00,100.00,100.00,100.00,100.00,100.00,100.00,100.00
MM,TotStock,St. Francis,100.00,100.00,100.00,100.00,100.00,100.00,100.00,100.00,100.00
MM,TotStock,St. Lawrence Twp.,100.00,100.00,100.00,100.00,100.00,100.00,100.00,100.00,100.00
MM,TotStock,St. Louis Park,100.00,100.00,100.00,100.00,100.00,100.00,100.00,100.00,100.00
MM,TotStock,St. Marys Point,100.00,100.00,100.00,100.00,100.00,100.00,100.00,100.00,100.00
MM,TotStock,St. Paul,100.00,100.00,100.00,100.00,100.00,100.00,100.00,100.00,100.00
MM,TotStock,St. Paul Park,100.00,100.00,100.00,100.00,100.00,100.00,100.00,100.00,100.00
MM,TotStock,Stillwater,100.00,100.00,100.00,100.00,100.00,100.00,100.00,100.00,100.00
MM,TotStock,Stillwater Twp.,100.00,100.00,100.00,100.00,100.00,100.00,100.00,100.00,100.00
MM,TotStock,Sunfish Lake,100.00,100.00,100.00,100.00,100.00,100.00,100.00,100.00,100.00
MM,TotStock,Tonka Bay,100.00,100.00,100.00,100.00,100.00,100.00,100.00,100.00,100.00
MM,TotStock,Vadnais Heights,100.00,100.00,100.00,100.00,100.00,100.00,100.00,100.00,100.00
MM,TotStock,Vermillion,100.00,100.00,100.00,100.00,100.00,100.00,100.00,100.00,100.00
MM,TotStock,Vermillion Twp.,100.00,100.00,100.00,100.00,100.00,100.00,100.00,100.00,100.00
MM,TotStock,Victoria,100.00,100.00,100.00,100.00,100.00,100.00,100.00,100.00,100.00
MM,TotStock,Waconia,100.00,100.00,100.00,100.00,100.00,100.00,100.00,100.00,100.00
MM,TotStock,Waconia Twp.,100.00,100.00,100.00,100.00,100.00,100.00,100.00,100.00,100.00
MM,TotStock,Waterford Twp.,100.00,100.00,100.00,100.00,100.00,100.00,100.00,100.00,100.00
MM,TotStock,Watertown,100.00,100.00,100.00,100.00,100.00,100.00,100.00,100.00,100.00
MM,TotStock,Watertown Twp.,100.00,100.00,100.00,100.00,100.00,100.00,100.00,100.00,100.00
MM,TotStock,Wayzata,100.00,100.00,100.00,100.00,100.00,100.00,100.00,100.00,100.00
MM,TotStock,West Lakeland Twp.,100.00,100.00,100.00,100.00,100.00,100.00,100.00,100.00,100.00
MM,TotStock,West St. Paul,100.00,100.00,100.00,100.00,100.00,100.00,100.00,100.00,100.00
MM,TotStock,White Bear Lake,100.00,100.00,100.00,100.00,100.00,100.00,100.00,100.00,100.00
MM,TotStock,White Bear Lake,100.00,100.00,100.00,100.00,100.00,100.00,100.00,100.00,100.00
MM,TotStock,White Bear Twp.,100.00,100.00,100.00,100.00,100.00,100.00,100.00,100.00,100.00
MM,TotStock,Willernie,100.00,100.00,100.00,100.00,100.00,100.00,100.00,100.00,100.00
MM,TotStock,Woodbury,100.00,100.00,100.00,100.00,100.00,100.00,100.00,100.00,100.00
MM,TotStock,Woodland,100.00,100.00,100.00,100.00,100.00,100.00,100.00,100.00,100.00
MM,TotStock,Young America Twp.,100.00,100.00,100.00,100.00,100.00,100.00,100.00,100.00,100.00
MM,CIStock,Afton,100.00,100.00,100.00,99.64,98.69,96.03,92.53,89.83,87.61
MM,CIStock,Andover,100.00,100.00,100.00,99.86,99.48,98.37,96.93,95.66,94.51
MM,CIStock,Anoka,100.00,100.00,100.00,99.83,99.45,98.45,97.17,95.93,94.80
MM,CIStock,Apple Valley,100.00,100.00,100.00,99.58,98.75,96.84,94.54,92.35,90.44
MM,CIStock,Arden Hills,100.00,100.00,100.00,99.85,99.50,98.59,97.36,96.17,95.06
MM,CIStock,Bayport,100.00,100.00,100.00,99.64,98.69,96.03,92.53,89.83,87.61
MM,CIStock,Baytown Twp.,100.00,100.00,100.00,99.64,98.69,96.03,92.53,89.83,87.61
MM,CIStock,Belle Plaine,100.00,100.00,100.00,99.90,99.63,98.71,97.20,95.95,94.78
MM,CIStock,Belle Plaine Twp.,100.00,100.00,100.00,99.90,99.63,98.71,97.20,95.95,94.78
MM,CIStock,Benton Twp.,100.00,100.00,100.00,99.67,98.74,96.01,92.25,89.37,86.96
MM,CIStock,Bethel,100.00,100.00,100.00,99.83,99.45,98.45,97.17,95.93,94.80
MM,CIStock,Birchwood Village,100.00,100.00,100.00,99.64,98.69,96.03,92.53,89.83,87.61
MM,CIStock,Blaine,100.00,100.00,100.00,99.85,99.50,98.59,97.36,96.17,95.06
MM,CIStock,Blaine,100.00,100.00,100.00,99.85,99.50,98.59,97.36,96.17,95.06
MM,CIStock,Blakeley Twp.,100.00,100.00,100.00,99.90,99.63,98.71,97.20,95.95,94.78
MM,CIStock,Bloomington,100.00,100.00,100.00,99.41,98.28,95.70,92.78,89.97,87.57
MM,CIStock,Brooklyn Center,100.00,100.00,100.00,99.28,97.92,94.80,91.49,88.48,86.03
MM,CIStock,Brooklyn Park,100.00,100.00,100.00,99.26,97.94,95.12,92.03,89.04,86.57
MM,CIStock,Burnsville,100.00,100.00,100.00,99.55,98.72,96.86,94.62,92.44,90.52
MM,CIStock,Camden Twp.,100.00,100.00,100.00,99.67,98.74,96.01,92.25,89.37,86.96
MM,CIStock,Carver,100.00,100.00,100.00,99.67,98.74,96.01,92.25,89.37,86.96
MM,CIStock,Castle Rock Twp.,100.00,100.00,100.00,99.71,98.99,97.00,94.48,92.32,90.46
MM,CIStock,Cedar Lake Twp.,100.00,100.00,100.00,99.90,99.63,98.71,97.20,95.95,94.78
MM,CIStock,Centerville,100.00,100.00,100.00,99.83,99.45,98.45,97.17,95.93,94.80
MM,CIStock,Champlin,100.00,100.00,100.00,99.18,97.68,94.35,90.94,87.89,85.47
MM,CIStock,Chanhassen,100.00,100.00,100.00,99.41,98.26,95.67,92.38,89.44,86.94
MM,CIStock,Chanhassen,100.00,100.00,100.00,99.41,98.26,95.67,92.38,89.44,86.94
MM,CIStock,Chaska,100.00,100.00,100.00,99.42,98.21,95.40,91.91,88.93,86.44
MM,CIStock,Circle Pines,100.00,100.00,100.00,99.83,99.45,98.45,97.17,95.93,94.80
MM,CIStock,Coates,100.00,100.00,100.00,99.71,98.99,97.00,94.48,92.32,90.46
MM,CIStock,Cologne,100.00,100.00,100.00,99.67,98.74,96.01,92.25,89.37,86.96
MM,CIStock,Columbia Heights,100.00,100.00,100.00,99.82,99.48,98.68,97.60,96.46,95.35
MM,CIStock,Columbus,100.00,100.00,100.00,99.83,99.45,98.45,97.17,95.93,94.80
MM,CIStock,Coon Rapids,100.00,100.00,100.00,99.81,99.42,98.52,97.35,96.15,95.01
MM,CIStock,Corcoran,100.00,100.00,100.00,99.45,98.11,94.76,91.11,88.10,85.71
MM,CIStock,Cottage Grove,100.00,100.00,100.00,99.37,98.21,95.65,92.52,89.76,87.46
MM,CIStock,Credit River Twp.,100.00,100.00,100.00,99.90,99.63,98.71,97.20,95.95,94.78
MM,CIStock,Crystal,100.00,100.00,100.00,99.47,98.26,95.37,92.08,89.12,86.67
MM,CIStock,Dahlgren Twp.,100.00,100.00,100.00,99.67,98.74,96.01,92.25,89.37,86.96
MM,CIStock,Dayton,100.00,100.00,100.00,99.45,98.11,94.76,91.11,88.10,85.71
MM,CIStock,Deephaven,100.00,100.00,100.00,99.45,98.11,94.76,91.11,88.10,85.71
MM,CIStock,Dellwood,100.00,100.00,100.00,99.64,98.69,96.03,92.53,89.83,87.61
MM,CIStock,Denmark Twp.,100.00,100.00,100.00,99.64,98.69,96.03,92.53,89.83,87.61
MM,CIStock,Douglas Twp.,100.00,100.00,100.00,99.71,98.99,97.00,94.48,92.32,90.46
MM,CIStock,Eagan,100.00,100.00,100.00,99.63,98.84,96.99,94.72,92.56,90.66
MM,CIStock,East Bethel,100.00,100.00,100.00,99.83,99.45,98.45,97.17,95.93,94.80
MM,CIStock,Eden Prairie,100.00,100.00,100.00,99.38,98.11,95.25,92.06,89.09,86.63
MM,CIStock,Edina,100.00,100.00,100.00,99.36,98.09,95.20,92.01,89.04,86.58
MM,CIStock,Elko New Market,100.00,100.00,100.00,99.90,99.63,98.71,97.20,95.95,94.78
MM,CIStock,Empire Twp.,100.00,100.00,100.00,99.71,98.99,97.00,94.48,92.32,90.46
MM,CIStock,Eureka Twp.,100.00,100.00,100.00,99.71,98.99,97.00,94.48,92.32,90.46
MM,CIStock,Excelsior,100.00,100.00,100.00,99.45,98.11,94.76,91.11,88.10,85.71
MM,CIStock,Falcon Heights,100.00,100.00,100.00,99.85,99.50,98.59,97.36,96.17,95.06
MM,CIStock,Farmington,100.00,100.00,100.00,99.71,98.99,97.00,94.48,92.32,90.46
MM,CIStock,Forest Lake,100.00,100.00,100.00,99.39,98.22,95.52,92.26,89.48,87.20
MM,CIStock,Fort Snelling UT,100.00,100.00,100.00,99.45,98.11,94.76,91.11,88.10,85.71
MM,CIStock,Fridley,100.00,100.00,100.00,99.82,99.45,98.60,97.47,96.30,95.18
MM,CIStock,Gem Lake,100.00,100.00,100.00,99.85,99.50,98.59,97.36,96.17,95.06
MM,CIStock,Golden Valley,100.00,100.00,100.00,99.54,98.42,95.70,92.47,89.56,87.12
MM,CIStock,Grant,100.00,100.00,100.00,99.64,98.69,96.03,92.53,89.83,87.61
MM,CIStock,Greenfield,100.00,100.00,100.00,99.45,98.11,94.76,91.11,88.10,85.71
MM,CIStock,Greenvale Twp.,100.00,100.00,100.00,99.71,98.99,97.00,94.48,92.32,90.46
MM,CIStock,Greenwood,100.00,100.00,100.00,99.45,98.11,94.76,91.11,88.10,85.71
MM,CIStock,Grey Cloud Island Twp.,100.00,100.00,100.00,99.64,98.69,96.03,92.53,89.83,87.61
MM,CIStock,Ham Lake,100.00,100.00,100.00,99.83,99.45,98.45,97.17,95.93,94.80
MM,CIStock,Hamburg,100.00,100.00,100.00,99.67,98.74,96.01,92.25,89.37,86.96
MM,CIStock,Hampton,100.00,100.00,100.00,99.71,98.99,97.00,94.48,92.32,90.46
MM,CIStock,Hampton Twp.,100.00,100.00,100.00,99.71,98.99,97.00,94.48,92.32,90.46
MM,CIStock,Hancock Twp.,100.00,100.00,100.00,99.67,98.74,96.01,92.25,89.37,86.96
MM,CIStock,Hanover,100.00,100.00,100.00,99.45,98.11,94.76,91.11,88.10,85.71
MM,CIStock,Hastings,100.00,100.00,100.00,99.71,98.99,97.00,94.48,92.32,90.46
MM,CIStock,Hastings,100.00,100.00,100.00,99.71,98.99,97.00,94.48,92.32,90.46
MM,CIStock,Helena Twp.,100.00,100.00,100.00,99.90,99.63,98.71,97.20,95.95,94.78
MM,CIStock,Hilltop,100.00,100.00,100.00,99.83,99.45,98.45,97.17,95.93,94.80
MM,CIStock,Hollywood Twp.,100.00,100.00,100.00,99.67,98.74,96.01,92.25,89.37,86.96
MM,CIStock,Hopkins,100.00,100.00,100.00,99.45,98.11,94.76,91.11,88.10,85.71
MM,CIStock,Hugo,100.00,100.00,100.00,99.64,98.69,96.03,92.53,89.83,87.61
MM,CIStock,Independence,100.00,100.00,100.00,99.45,98.11,94.76,91.11,88.10,85.71
MM,CIStock,Inver Grove Heights,100.00,100.00,100.00,99.62,98.83,96.99,94.73,92.58,90.68
MM,CIStock,Jackson Twp.,100.00,100.00,100.00,99.90,99.63,98.71,97.20,95.95,94.78
MM,CIStock,Jordan,100.00,100.00,100.00,99.90,99.63,98.71,97.20,95.95,94.78
MM,CIStock,Lake Elmo,100.00,100.00,100.00,99.64,98.69,96.03,92.53,89.83,87.61
MM,CIStock,Lake St. Croix Beach,100.00,100.00,100.00,99.64,98.69,96.03,92.53,89.83,87.61
MM,CIStock,Lakeland,100.00,100.00,100.00,99.64,98.69,96.03,92.53,89.83,87.61
MM,CIStock,Lakeland Shores,100.00,100.00,100.00,99.64,98.69,96.03,92.53,89.83,87.61
MM,CIStock,Laketown Twp.,100.00,100.00,100.00,99.67,98.74,96.01,100.00,100.00,100.00
MM,CIStock,Lakeville,100.00,100.00,100.00,99.64,98.79,96.67,94.13,91.90,90.01
MM,CIStock,Landfall,100.00,100.00,100.00,99.64,98.69,96.03,92.53,89.83,87.61
MM,CIStock,Lauderdale,100.00,100.00,100.00,99.85,99.50,98.59,97.36,96.17,95.06
MM,CIStock,Lexington,100.00,100.00,100.00,99.83,99.45,98.45,97.17,95.93,94.80
MM,CIStock,Lilydale,100.00,100.00,100.00,99.71,98.99,97.00,94.48,92.32,90.46
MM,CIStock,Lino Lakes,100.00,100.00,100.00,99.86,99.53,98.67,97.48,96.32,95.21
MM,CIStock,Linwood Twp.,100.00,100.00,100.00,99.83,99.45,98.45,97.17,95.93,94.80
MM,CIStock,Little Canada,100.00,100.00,100.00,99.85,99.50,98.59,97.36,96.17,95.06
MM,CIStock,Long Lake,100.00,100.00,100.00,99.45,98.11,94.76,91.11,88.10,85.71
MM,CIStock,Loretto,100.00,100.00,100.00,99.45,98.11,94.76,91.11,88.10,85.71
MM,CIStock,Louisville Twp.,100.00,100.00,100.00,99.90,99.63,98.71,97.20,95.95,94.78
MM,CIStock,Mahtomedi,100.00,100.00,100.00,99.64,98.69,96.03,92.53,89.83,87.61
MM,CIStock,Maple Grove,100.00,100.00,100.00,99.31,97.92,94.86,91.56,88.55,86.10
MM,CIStock,Maple Plain,100.00,100.00,100.00,99.45,98.11,94.76,91.11,88.10,85.71
MM,CIStock,Maplewood,100.00,100.00,100.00,99.46,98.33,95.80,93.15,90.67,88.66
MM,CIStock,Marine on St. Croix,100.00,100.00,100.00,99.64,98.69,96.03,92.53,89.83,87.61
MM,CIStock,Marshan Twp.,100.00,100.00,100.00,99.71,98.99,97.00,94.48,92.32,90.46
MM,CIStock,May Twp.,100.00,100.00,100.00,99.64,98.69,96.03,92.53,89.83,87.61
MM,CIStock,Mayer,100.00,100.00,100.00,99.67,98.74,96.01,92.25,89.37,86.96
MM,CIStock,Medicine Lake,100.00,100.00,100.00,99.45,98.11,94.76,91.11,88.10,85.71
MM,CIStock,Medina,100.00,100.00,100.00,99.45,98.11,94.76,91.11,88.10,85.71
MM,CIStock,Mendota,100.00,100.00,100.00,99.71,98.99,97.00,94.48,92.32,90.46
MM,CIStock,Mendota Heights,100.00,100.00,100.00,99.71,98.99,97.00,94.48,92.32,90.46
MM,CIStock,Miesville,100.00,100.00,100.00,99.71,98.99,97.00,94.48,92.32,90.46
MM,CIStock,Minneapolis,100.00,100.00,100.00,99.50,98.49,96.22,93.49,90.76,88.37
MM,CIStock,Minnetonka,100.00,100.00,100.00,99.37,98.03,94.95,91.61,88.61,86.17
MM,CIStock,Minnetonka Beach,100.00,100.00,100.00,99.45,98.11,94.76,91.11,88.10,85.71
MM,CIStock,Minnetrista,100.00,100.00,100.00,99.45,98.11,94.76,91.11,88.10,85.71
MM,CIStock,Mound,100.00,100.00,100.00,99.45,98.11,94.76,91.11,88.10,85.71
MM,CIStock,Mounds View,100.00,100.00,100.00,99.85,99.50,98.59,97.36,96.17,95.06
MM,CIStock,New Brighton,100.00,100.00,100.00,99.45,98.35,95.92,93.35,90.89,88.87
MM,CIStock,New Germany,100.00,100.00,100.00,99.67,98.74,96.01,92.25,89.37,86.96
MM,CIStock,New Hope,100.00,100.00,100.00,99.46,98.25,95.40,92.15,89.20,86.75
MM,CIStock,New Market Twp.,100.00,100.00,100.00,99.90,99.63,98.71,97.20,95.95,94.78
MM,CIStock,New Prague,100.00,100.00,100.00,99.90,99.63,98.71,97.20,95.95,94.78
MM,CIStock,New Trier,100.00,100.00,100.00,99.71,98.99,97.00,94.48,92.32,90.46
MM,CIStock,Newport,100.00,100.00,100.00,99.64,98.69,96.03,92.53,89.83,87.61
MM,CIStock,Nininger Twp.,100.00,100.00,100.00,99.71,98.99,97.00,94.48,92.32,90.46
MM,CIStock,North Oaks,100.00,100.00,100.00,99.85,99.50,98.59,97.36,96.17,95.06
MM,CIStock,North St. Paul,100.00,100.00,100.00,99.85,99.50,98.59,97.36,96.17,95.06
MM,CIStock,Northfield,100.00,100.00,100.00,99.71,98.99,97.00,94.48,92.32,90.46
MM,CIStock,Norwood Young America,100.00,100.00,100.00,99.67,98.74,96.01,92.25,89.37,86.96
MM,CIStock,Nowthen,100.00,100.00,100.00,99.83,99.45,98.45,97.17,95.93,94.80
MM,CIStock,Oak Grove,100.00,100.00,100.00,99.83,99.45,98.45,97.17,95.93,94.80
MM,CIStock,Oak Park Heights,100.00,100.00,100.00,99.64,98.69,96.03,92.53,89.83,87.61
MM,CIStock,Oakdale,100.00,100.00,100.00,99.40,98.18,95.25,91.79,89.00,86.75
MM,CIStock,Orono,100.00,100.00,100.00,99.45,98.11,94.76,91.11,88.10,85.71
MM,CIStock,Osseo,100.00,100.00,100.00,99.45,98.11,94.76,91.11,88.10,85.71
MM,CIStock,Pine Springs,100.00,100.00,100.00,99.64,98.69,96.03,92.53,89.83,87.61
MM,CIStock,Plymouth,100.00,100.00,100.00,99.34,98.00,94.98,91.69,88.69,86.24
MM,CIStock,Prior Lake,100.00,100.00,100.00,99.78,99.40,98.52,97.23,95.93,94.67
MM,CIStock,Ramsey,100.00,100.00,100.00,99.81,99.43,98.50,97.29,96.08,94.94
MM,CIStock,Randolph,100.00,100.00,100.00,99.71,98.99,97.00,94.48,92.32,90.46
MM,CIStock,Randolph Twp.,100.00,100.00,100.00,99.71,98.99,97.00,94.48,92.32,90.46
MM,CIStock,Ravenna Twp.,100.00,100.00,100.00,99.71,98.99,97.00,94.48,92.32,90.46
MM,CIStock,Richfield,100.00,100.00,100.00,99.23,97.91,95.17,92.15,89.17,86.69
MM,CIStock,Robbinsdale,100.00,100.00,100.00,99.45,98.11,94.76,91.11,88.10,85.71
MM,CIStock,Rockford,100.00,100.00,100.00,99.45,98.11,94.76,91.11,88.10,85.71
MM,CIStock,Rogers,100.00,100.00,100.00,99.45,98.11,94.76,91.11,88.10,85.71
MM,CIStock,Rosemount,100.00,100.00,100.00,99.65,98.87,96.92,94.55,92.37,90.47
MM,CIStock,Roseville,100.00,100.00,100.00,99.55,98.55,96.26,93.71,91.29,89.27
MM,CIStock,San Francisco Twp.,100.00,100.00,100.00,99.67,98.74,96.01,92.25,89.37,86.96
MM,CIStock,Sand Creek Twp.,100.00,100.00,100.00,99.90,99.63,98.71,97.20,95.95,94.78
MM,CIStock,Savage,100.00,100.00,100.00,99.80,99.39,98.39,96.95,95.60,94.32
MM,CIStock,Scandia,100.00,100.00,100.00,99.64,98.69,96.03,92.53,89.83,87.61
MM,CIStock,Sciota Twp.,100.00,100.00,100.00,99.71,98.99,97.00,94.48,92.32,90.46
MM,CIStock,Shakopee,100.00,100.00,100.00,99.76,99.29,98.13,96.54,95.11,93.80
MM,CIStock,Shoreview,100.00,100.00,100.00,99.51,98.44,95.96,93.33,90.87,88.86
MM,CIStock,Shorewood,100.00,100.00,100.00,99.45,98.11,94.76,91.11,88.10,85.71
MM,CIStock,South St. Paul,100.00,100.00,100.00,99.54,98.72,96.88,94.68,92.50,90.59
MM,CIStock,Spring Lake Park,100.00,100.00,100.00,99.83,99.45,98.45,97.17,95.93,94.80
MM,CIStock,Spring Lake Park,100.00,100.00,100.00,99.83,99.45,98.45,97.17,95.93,94.80
MM,CIStock,Spring Lake Twp.,100.00,100.00,100.00,99.90,99.63,98.71,97.20,95.95,94.78
MM,CIStock,Spring Park,100.00,100.00,100.00,99.45,98.11,94.76,91.11,88.10,85.71
MM,CIStock,St. Anthony,100.00,100.00,100.00,99.45,98.11,94.76,91.11,88.10,85.71
MM,CIStock,St. Anthony,100.00,100.00,100.00,99.45,98.11,94.76,91.11,88.10,85.71
MM,CIStock,St. Bonifacius,100.00,100.00,100.00,99.45,98.11,94.76,91.11,88.10,85.71
MM,CIStock,St. Francis,100.00,100.00,100.00,99.83,99.45,98.45,97.17,95.93,94.80
MM,CIStock,St. Lawrence Twp.,100.00,100.00,100.00,99.90,99.63,98.71,97.20,95.95,94.78
MM,CIStock,St. Louis Park,100.00,100.00,100.00,99.40,98.16,95.36,92.21,89.26,86.79
MM,CIStock,St. Marys Point,100.00,100.00,100.00,99.64,98.69,96.03,92.53,89.83,87.61
MM,CIStock,St. Paul,100.00,100.00,100.00,99.57,98.69,96.71,94.45,92.18,90.20
MM,CIStock,St. Paul Park,100.00,100.00,100.00,99.64,98.69,96.03,92.53,89.83,87.61
MM,CIStock,Stillwater,100.00,100.00,100.00,99.64,98.69,96.03,92.53,89.83,87.61
MM,CIStock,Stillwater Twp.,100.00,100.00,100.00,99.64,98.69,96.03,92.53,89.83,87.61
MM,CIStock,Sunfish Lake,100.00,100.00,100.00,99.71,98.99,97.00,94.48,92.32,90.46
MM,CIStock,Tonka Bay,100.00,100.00,100.00,99.45,98.11,94.76,91.11,88.10,85.71
MM,CIStock,Vadnais Heights,100.00,100.00,100.00,99.85,99.50,98.59,97.36,96.17,95.06
MM,CIStock,Vermillion,100.00,100.00,100.00,99.71,98.99,97.00,94.48,92.32,90.46
MM,CIStock,Vermillion Twp.,100.00,100.00,100.00,99.71,98.99,97.00,94.48,92.32,90.46
MM,CIStock,Victoria,100.00,100.00,100.00,99.67,98.74,96.01,92.25,89.37,86.96
MM,CIStock,Waconia,100.00,100.00,100.00,99.67,98.74,96.01,92.25,89.37,86.96
MM,CIStock,Waconia Twp.,100.00,100.00,100.00,99.67,98.74,96.01,92.25,89.37,86.96
MM,CIStock,Waterford Twp.,100.00,100.00,100.00,99.71,98.99,97.00,94.48,92.32,90.46
MM,CIStock,Watertown,100.00,100.00,100.00,99.67,98.74,96.01,92.25,89.37,86.96
MM,CIStock,Watertown Twp.,100.00,100.00,100.00,99.67,98.74,96.01,92.25,89.37,86.96
MM,CIStock,Wayzata,100.00,100.00,100.00,99.45,98.11,94.76,91.11,88.10,85.71
MM,CIStock,West Lakeland Twp.,100.00,100.00,100.00,99.64,98.69,96.03,92.53,89.83,87.61
MM,CIStock,West St. Paul,100.00,100.00,100.00,99.55,98.76,97.07,94.98,92.84,90.94
MM,CIStock,White Bear Lake,100.00,100.00,100.00,99.61,98.57,95.92,93.01,90.55,88.57
MM,CIStock,White Bear Lake,100.00,100.00,100.00,99.61,98.57,95.92,93.01,90.55,88.57
MM,CIStock,White Bear Twp.,100.00,100.00,100.00,99.85,99.50,98.59,97.36,96.17,95.06
MM,CIStock,Willernie,100.00,100.00,100.00,99.64,98.69,96.03,92.53,89.83,87.61
MM,CIStock,Woodbury,100.00,100.00,100.00,99.48,98.43,95.99,92.91,90.20,87.91
MM,CIStock,Woodland,100.00,100.00,100.00,99.45,98.11,94.76,91.11,88.10,85.71
MM,CIStock,Young America Twp.,100.00,100.00,100.00,99.60,97.86,92.45,92.56,89.73,87.37
MM,BEVStock,Afton,0.00,0.00,0.00,0.36,1.31,3.97,7.47,10.17,12.39
MM,BEVStock,Andover,0.00,0.00,0.00,0.14,0.52,1.63,3.07,4.34,5.49
MM,BEVStock,Anoka,0.00,0.00,0.00,0.17,0.55,1.55,2.83,4.07,5.20
MM,BEVStock,Apple Valley,0.00,0.00,0.00,0.42,1.25,3.16,5.46,7.65,9.56
MM,BEVStock,Arden Hills,0.00,0.00,0.00,0.15,0.50,1.41,2.64,3.83,4.94
MM,BEVStock,Bayport,0.00,0.00,0.00,0.36,1.31,3.97,7.47,10.17,12.39
MM,BEVStock,Baytown Twp.,0.00,0.00,0.00,0.36,1.31,3.97,7.47,10.17,12.39
MM,BEVStock,Belle Plaine,0.00,0.00,0.00,0.10,0.37,1.29,2.80,4.05,5.22
MM,BEVStock,Belle Plaine Twp.,0.00,0.00,0.00,0.10,0.37,1.29,2.80,4.05,5.22
MM,BEVStock,Benton Twp.,0.00,0.00,0.00,0.33,1.26,3.99,7.75,10.63,13.04
MM,BEVStock,Bethel,0.00,0.00,0.00,0.17,0.55,1.55,2.83,4.07,5.20
MM,BEVStock,Birchwood Village,0.00,0.00,0.00,0.36,1.31,3.97,7.47,10.17,12.39
MM,BEVStock,Blaine,0.00,0.00,0.00,0.15,0.50,1.41,2.64,3.83,4.94
MM,BEVStock,Blaine,0.00,0.00,0.00,0.15,0.50,1.41,2.64,3.83,4.94
MM,BEVStock,Blakeley Twp.,0.00,0.00,0.00,0.10,0.37,1.29,2.80,4.05,5.22
MM,BEVStock,Bloomington,0.00,0.00,0.00,0.59,1.72,4.30,7.22,10.03,12.43
MM,BEVStock,Brooklyn Center,0.00,0.00,0.00,0.72,2.08,5.20,8.51,11.52,13.97
MM,BEVStock,Brooklyn Park,0.00,0.00,0.00,0.74,2.06,4.88,7.97,10.96,13.43
MM,BEVStock,Burnsville,0.00,0.00,0.00,0.45,1.28,3.14,5.38,7.56,9.48
MM,BEVStock,Camden Twp.,0.00,0.00,0.00,0.33,1.26,3.99,7.75,10.63,13.04
MM,BEVStock,Carver,0.00,0.00,0.00,0.33,1.26,3.99,7.75,10.63,13.04
MM,BEVStock,Castle Rock Twp.,0.00,0.00,0.00,0.29,1.01,3.00,5.52,7.68,9.54
MM,BEVStock,Cedar Lake Twp.,0.00,0.00,0.00,0.10,0.37,1.29,2.80,4.05,5.22
MM,BEVStock,Centerville,0.00,0.00,0.00,0.17,0.55,1.55,2.83,4.07,5.20
MM,BEVStock,Champlin,0.00,0.00,0.00,0.82,2.32,5.65,9.06,12.11,14.53
MM,BEVStock,Chanhassen,0.00,0.00,0.00,0.59,1.74,4.33,7.62,10.56,13.06
MM,BEVStock,Chanhassen,0.00,0.00,0.00,0.59,1.74,4.33,7.62,10.56,13.06
MM,BEVStock,Chaska,0.00,0.00,0.00,0.58,1.79,4.60,8.09,11.07,13.56
MM,BEVStock,Circle Pines,0.00,0.00,0.00,0.17,0.55,1.55,2.83,4.07,5.20
MM,BEVStock,Coates,0.00,0.00,0.00,0.29,1.01,3.00,5.52,7.68,9.54
MM,BEVStock,Cologne,0.00,0.00,0.00,0.33,1.26,3.99,7.75,10.63,13.04
MM,BEVStock,Columbia Heights,0.00,0.00,0.00,0.18,0.52,1.32,2.40,3.54,4.65
MM,BEVStock,Columbus,0.00,0.00,0.00,0.17,0.55,1.55,2.83,4.07,5.20
MM,BEVStock,Coon Rapids,0.00,0.00,0.00,0.19,0.58,1.48,2.65,3.85,4.99
MM,BEVStock,Corcoran,0.00,0.00,0.00,0.55,1.89,5.24,8.89,11.90,14.29
MM,BEVStock,Cottage Grove,0.00,0.00,0.00,0.63,1.79,4.35,7.48,10.24,12.54
MM,BEVStock,Credit River Twp.,0.00,0.00,0.00,0.10,0.37,1.29,2.80,4.05,5.22
MM,BEVStock,Crystal,0.00,0.00,0.00,0.53,1.74,4.63,7.92,10.88,13.33
MM,BEVStock,Dahlgren Twp.,0.00,0.00,0.00,0.33,1.26,3.99,7.75,10.63,13.04
MM,BEVStock,Dayton,0.00,0.00,0.00,0.55,1.89,5.24,8.89,11.90,14.29
MM,BEVStock,Deephaven,0.00,0.00,0.00,0.55,1.89,5.24,8.89,11.90,14.29
MM,BEVStock,Dellwood,0.00,0.00,0.00,0.36,1.31,3.97,7.47,10.17,12.39
MM,BEVStock,Denmark Twp.,0.00,0.00,0.00,0.36,1.31,3.97,7.47,10.17,12.39
MM,BEVStock,Douglas Twp.,0.00,0.00,0.00,0.29,1.01,3.00,5.52,7.68,9.54
MM,BEVStock,Eagan,0.00,0.00,0.00,0.37,1.16,3.01,5.28,7.44,9.34
MM,BEVStock,East Bethel,0.00,0.00,0.00,0.17,0.55,1.55,2.83,4.07,5.20
MM,BEVStock,Eden Prairie,0.00,0.00,0.00,0.62,1.89,4.75,7.94,10.91,13.37
MM,BEVStock,Edina,0.00,0.00,0.00,0.64,1.91,4.80,7.99,10.96,13.42
MM,BEVStock,Elko New Market,0.00,0.00,0.00,0.10,0.37,1.29,2.80,4.05,5.22
MM,BEVStock,Empire Twp.,0.00,0.00,0.00,0.29,1.01,3.00,5.52,7.68,9.54
MM,BEVStock,Eureka Twp.,0.00,0.00,0.00,0.29,1.01,3.00,5.52,7.68,9.54
MM,BEVStock,Excelsior,0.00,0.00,0.00,0.55,1.89,5.24,8.89,11.90,14.29
MM,BEVStock,Falcon Heights,0.00,0.00,0.00,0.15,0.50,1.41,2.64,3.83,4.94
MM,BEVStock,Farmington,0.00,0.00,0.00,0.29,1.01,3.00,5.52,7.68,9.54
MM,BEVStock,Forest Lake,0.00,0.00,0.00,0.61,1.78,4.48,7.74,10.52,12.80
MM,BEVStock,Fort Snelling UT,0.00,0.00,0.00,0.55,1.89,5.24,8.89,11.90,14.29
MM,BEVStock,Fridley,0.00,0.00,0.00,0.18,0.55,1.40,2.53,3.70,4.82
MM,BEVStock,Gem Lake,0.00,0.00,0.00,0.15,0.50,1.41,2.64,3.83,4.94
MM,BEVStock,Golden Valley,0.00,0.00,0.00,0.46,1.58,4.30,7.53,10.44,12.88
MM,BEVStock,Grant,0.00,0.00,0.00,0.36,1.31,3.97,7.47,10.17,12.39
MM,BEVStock,Greenfield,0.00,0.00,0.00,0.55,1.89,5.24,8.89,11.90,14.29
MM,BEVStock,Greenvale Twp.,0.00,0.00,0.00,0.29,1.01,3.00,5.52,7.68,9.54
MM,BEVStock,Greenwood,0.00,0.00,0.00,0.55,1.89,5.24,8.89,11.90,14.29
MM,BEVStock,Grey Cloud Island Twp.,0.00,0.00,0.00,0.36,1.31,3.97,7.47,10.17,12.39
MM,BEVStock,Ham Lake,0.00,0.00,0.00,0.17,0.55,1.55,2.83,4.07,5.20
MM,BEVStock,Hamburg,0.00,0.00,0.00,0.33,1.26,3.99,7.75,10.63,13.04
MM,BEVStock,Hampton,0.00,0.00,0.00,0.29,1.01,3.00,5.52,7.68,9.54
MM,BEVStock,Hampton Twp.,0.00,0.00,0.00,0.29,1.01,3.00,5.52,7.68,9.54
MM,BEVStock,Hancock Twp.,0.00,0.00,0.00,0.33,1.26,3.99,7.75,10.63,13.04
MM,BEVStock,Hanover,0.00,0.00,0.00,0.55,1.89,5.24,8.89,11.90,14.29
MM,BEVStock,Hastings,0.00,0.00,0.00,0.29,1.01,3.00,5.52,7.68,9.54
MM,BEVStock,Hastings,0.00,0.00,0.00,0.29,1.01,3.00,5.52,7.68,9.54
MM,BEVStock,Helena Twp.,0.00,0.00,0.00,0.10,0.37,1.29,2.80,4.05,5.22
MM,BEVStock,Hilltop,0.00,0.00,0.00,0.17,0.55,1.55,2.83,4.07,5.20
MM,BEVStock,Hollywood Twp.,0.00,0.00,0.00,0.33,1.26,3.99,7.75,10.63,13.04
MM,BEVStock,Hopkins,0.00,0.00,0.00,0.55,1.89,5.24,8.89,11.90,14.29
MM,BEVStock,Hugo,0.00,0.00,0.00,0.36,1.31,3.97,7.47,10.17,12.39
MM,BEVStock,Independence,0.00,0.00,0.00,0.55,1.89,5.24,8.89,11.90,14.29
MM,BEVStock,Inver Grove Heights,0.00,0.00,0.00,0.38,1.17,3.01,5.27,7.42,9.32
MM,BEVStock,Jackson Twp.,0.00,0.00,0.00,0.10,0.37,1.29,2.80,4.05,5.22
MM,BEVStock,Jordan,0.00,0.00,0.00,0.10,0.37,1.29,2.80,4.05,5.22
MM,BEVStock,Lake Elmo,0.00,0.00,0.00,0.36,1.31,3.97,7.47,10.17,12.39
MM,BEVStock,Lake St. Croix Beach,0.00,0.00,0.00,0.36,1.31,3.97,7.47,10.17,12.39
MM,BEVStock,Lakeland,0.00,0.00,0.00,0.36,1.31,3.97,7.47,10.17,12.39
MM,BEVStock,Lakeland Shores,0.00,0.00,0.00,0.36,1.31,3.97,7.47,10.17,12.39
MM,BEVStock,Laketown Twp.,0.00,0.00,0.00,0.33,1.26,3.99,0.00,0.00,0.00
MM,BEVStock,Lakeville,0.00,0.00,0.00,0.36,1.21,3.33,5.87,8.10,9.99
MM,BEVStock,Landfall,0.00,0.00,0.00,0.36,1.31,3.97,7.47,10.17,12.39
MM,BEVStock,Lauderdale,0.00,0.00,0.00,0.15,0.50,1.41,2.64,3.83,4.94
MM,BEVStock,Lexington,0.00,0.00,0.00,0.17,0.55,1.55,2.83,4.07,5.20
MM,BEVStock,Lilydale,0.00,0.00,0.00,0.29,1.01,3.00,5.52,7.68,9.54
MM,BEVStock,Lino Lakes,0.00,0.00,0.00,0.14,0.47,1.33,2.52,3.68,4.79
MM,BEVStock,Linwood Twp.,0.00,0.00,0.00,0.17,0.55,1.55,2.83,4.07,5.20
MM,BEVStock,Little Canada,0.00,0.00,0.00,0.15,0.50,1.41,2.64,3.83,4.94
MM,BEVStock,Long Lake,0.00,0.00,0.00,0.55,1.89,5.24,8.89,11.90,14.29
MM,BEVStock,Loretto,0.00,0.00,0.00,0.55,1.89,5.24,8.89,11.90,14.29
MM,BEVStock,Louisville Twp.,0.00,0.00,0.00,0.10,0.37,1.29,2.80,4.05,5.22
MM,BEVStock,Mahtomedi,0.00,0.00,0.00,0.36,1.31,3.97,7.47,10.17,12.39
MM,BEVStock,Maple Grove,0.00,0.00,0.00,0.69,2.08,5.14,8.44,11.45,13.90
MM,BEVStock,Maple Plain,0.00,0.00,0.00,0.55,1.89,5.24,8.89,11.90,14.29
MM,BEVStock,Maplewood,0.00,0.00,0.00,0.54,1.67,4.20,6.85,9.33,11.34
MM,BEVStock,Marine on St. Croix,0.00,0.00,0.00,0.36,1.31,3.97,7.47,10.17,12.39
MM,BEVStock,Marshan Twp.,0.00,0.00,0.00,0.29,1.01,3.00,5.52,7.68,9.54
MM,BEVStock,May Twp.,0.00,0.00,0.00,0.36,1.31,3.97,7.47,10.17,12.39
MM,BEVStock,Mayer,0.00,0.00,0.00,0.33,1.26,3.99,7.75,10.63,13.04
MM,BEVStock,Medicine Lake,0.00,0.00,0.00,0.55,1.89,5.24,8.89,11.90,14.29
MM,BEVStock,Medina,0.00,0.00,0.00,0.55,1.89,5.24,8.89,11.90,14.29
MM,BEVStock,Mendota,0.00,0.00,0.00,0.29,1.01,3.00,5.52,7.68,9.54
MM,BEVStock,Mendota Heights,0.00,0.00,0.00,0.29,1.01,3.00,5.52,7.68,9.54
MM,BEVStock,Miesville,0.00,0.00,0.00,0.29,1.01,3.00,5.52,7.68,9.54
MM,BEVStock,Minneapolis,0.00,0.00,0.00,0.50,1.51,3.78,6.51,9.24,11.63
MM,BEVStock,Minnetonka,0.00,0.00,0.00,0.63,1.97,5.05,8.39,11.39,13.83
MM,BEVStock,Minnetonka Beach,0.00,0.00,0.00,0.55,1.89,5.24,8.89,11.90,14.29
MM,BEVStock,Minnetrista,0.00,0.00,0.00,0.55,1.89,5.24,8.89,11.90,14.29
MM,BEVStock,Mound,0.00,0.00,0.00,0.55,1.89,5.24,8.89,11.90,14.29
MM,BEVStock,Mounds View,0.00,0.00,0.00,0.15,0.50,1.41,2.64,3.83,4.94
MM,BEVStock,New Brighton,0.00,0.00,0.00,0.55,1.65,4.08,6.65,9.11,11.13
MM,BEVStock,New Germany,0.00,0.00,0.00,0.33,1.26,3.99,7.75,10.63,13.04
MM,BEVStock,New Hope,0.00,0.00,0.00,0.54,1.75,4.60,7.85,10.80,13.25
MM,BEVStock,New Market Twp.,0.00,0.00,0.00,0.10,0.37,1.29,2.80,4.05,5.22
MM,BEVStock,New Prague,0.00,0.00,0.00,0.10,0.37,1.29,2.80,4.05,5.22
MM,BEVStock,New Trier,0.00,0.00,0.00,0.29,1.01,3.00,5.52,7.68,9.54
MM,BEVStock,Newport,0.00,0.00,0.00,0.36,1.31,3.97,7.47,10.17,12.39
MM,BEVStock,Nininger Twp.,0.00,0.00,0.00,0.29,1.01,3.00,5.52,7.68,9.54
MM,BEVStock,North Oaks,0.00,0.00,0.00,0.15,0.50,1.41,2.64,3.83,4.94
MM,BEVStock,North St. Paul,0.00,0.00,0.00,0.15,0.50,1.41,2.64,3.83,4.94
MM,BEVStock,Northfield,0.00,0.00,0.00,0.29,1.01,3.00,5.52,7.68,9.54
MM,BEVStock,Norwood Young America,0.00,0.00,0.00,0.33,1.26,3.99,7.75,10.63,13.04
MM,BEVStock,Nowthen,0.00,0.00,0.00,0.17,0.55,1.55,2.83,4.07,5.20
MM,BEVStock,Oak Grove,0.00,0.00,0.00,0.17,0.55,1.55,2.83,4.07,5.20
MM,BEVStock,Oak Park Heights,0.00,0.00,0.00,0.36,1.31,3.97,7.47,10.17,12.39
MM,BEVStock,Oakdale,0.00,0.00,0.00,0.60,1.82,4.75,8.21,11.00,13.25
MM,BEVStock,Orono,0.00,0.00,0.00,0.55,1.89,5.24,8.89,11.90,14.29
MM,BEVStock,Osseo,0.00,0.00,0.00,0.55,1.89,5.24,8.89,11.90,14.29
MM,BEVStock,Pine Springs,0.00,0.00,0.00,0.36,1.31,3.97,7.47,10.17,12.39
MM,BEVStock,Plymouth,0.00,0.00,0.00,0.66,2.00,5.02,8.31,11.31,13.76
MM,BEVStock,Prior Lake,0.00,0.00,0.00,0.22,0.60,1.48,2.77,4.07,5.33
MM,BEVStock,Ramsey,0.00,0.00,0.00,0.19,0.57,1.50,2.71,3.92,5.06
MM,BEVStock,Randolph,0.00,0.00,0.00,0.29,1.01,3.00,5.52,7.68,9.54
MM,BEVStock,Randolph Twp.,0.00,0.00,0.00,0.29,1.01,3.00,5.52,7.68,9.54
MM,BEVStock,Ravenna Twp.,0.00,0.00,0.00,0.29,1.01,3.00,5.52,7.68,9.54
MM,BEVStock,Richfield,0.00,0.00,0.00,0.77,2.09,4.83,7.85,10.83,13.31
MM,BEVStock,Robbinsdale,0.00,0.00,0.00,0.55,1.89,5.24,8.89,11.90,14.29
MM,BEVStock,Rockford,0.00,0.00,0.00,0.55,1.89,5.24,8.89,11.90,14.29
MM,BEVStock,Rogers,0.00,0.00,0.00,0.55,1.89,5.24,8.89,11.90,14.29
MM,BEVStock,Rosemount,0.00,0.00,0.00,0.35,1.13,3.08,5.45,7.63,9.53
MM,BEVStock,Roseville,0.00,0.00,0.00,0.45,1.45,3.74,6.29,8.71,10.73
MM,BEVStock,San Francisco Twp.,0.00,0.00,0.00,0.33,1.26,3.99,7.75,10.63,13.04
MM,BEVStock,Sand Creek Twp.,0.00,0.00,0.00,0.10,0.37,1.29,2.80,4.05,5.22
MM,BEVStock,Savage,0.00,0.00,0.00,0.20,0.61,1.61,3.05,4.40,5.68
MM,BEVStock,Scandia,0.00,0.00,0.00,0.36,1.31,3.97,7.47,10.17,12.39
MM,BEVStock,Sciota Twp.,0.00,0.00,0.00,0.29,1.01,3.00,5.52,7.68,9.54
MM,BEVStock,Shakopee,0.00,0.00,0.00,0.24,0.71,1.87,3.46,4.89,6.20
MM,BEVStock,Shoreview,0.00,0.00,0.00,0.49,1.56,4.04,6.67,9.13,11.14
MM,BEVStock,Shorewood,0.00,0.00,0.00,0.55,1.89,5.24,8.89,11.90,14.29
MM,BEVStock,South St. Paul,0.00,0.00,0.00,0.46,1.28,3.12,5.32,7.50,9.41
MM,BEVStock,Spring Lake Park,0.00,0.00,0.00,0.17,0.55,1.55,2.83,4.07,5.20
MM,BEVStock,Spring Lake Park,0.00,0.00,0.00,0.17,0.55,1.55,2.83,4.07,5.20
MM,BEVStock,Spring Lake Twp.,0.00,0.00,0.00,0.10,0.37,1.29,2.80,4.05,5.22
MM,BEVStock,Spring Park,0.00,0.00,0.00,0.55,1.89,5.24,8.89,11.90,14.29
MM,BEVStock,St. Anthony,0.00,0.00,0.00,0.55,1.89,5.24,8.89,11.90,14.29
MM,BEVStock,St. Anthony,0.00,0.00,0.00,0.55,1.89,5.24,8.89,11.90,14.29
MM,BEVStock,St. Bonifacius,0.00,0.00,0.00,0.55,1.89,5.24,8.89,11.90,14.29
MM,BEVStock,St. Francis,0.00,0.00,0.00,0.17,0.55,1.55,2.83,4.07,5.20
MM,BEVStock,St. Lawrence Twp.,0.00,0.00,0.00,0.10,0.37,1.29,2.80,4.05,5.22
MM,BEVStock,St. Louis Park,0.00,0.00,0.00,0.60,1.84,4.64,7.79,10.74,13.21
MM,BEVStock,St. Marys Point,0.00,0.00,0.00,0.36,1.31,3.97,7.47,10.17,12.39
MM,BEVStock,St. Paul,0.00,0.00,0.00,0.43,1.31,3.29,5.55,7.82,9.80
MM,BEVStock,St. Paul Park,0.00,0.00,0.00,0.36,1.31,3.97,7.47,10.17,12.39
MM,BEVStock,Stillwater,0.00,0.00,0.00,0.36,1.31,3.97,7.47,10.17,12.39
MM,BEVStock,Stillwater Twp.,0.00,0.00,0.00,0.36,1.31,3.97,7.47,10.17,12.39
MM,BEVStock,Sunfish Lake,0.00,0.00,0.00,0.29,1.01,3.00,5.52,7.68,9.54
MM,BEVStock,Tonka Bay,0.00,0.00,0.00,0.55,1.89,5.24,8.89,11.90,14.29
MM,BEVStock,Vadnais Heights,0.00,0.00,0.00,0.15,0.50,1.41,2.64,3.83,4.94
MM,BEVStock,Vermillion,0.00,0.00,0.00,0.29,1.01,3.00,5.52,7.68,9.54
MM,BEVStock,Vermillion Twp.,0.00,0.00,0.00,0.29,1.01,3.00,5.52,7.68,9.54
MM,BEVStock,Victoria,0.00,0.00,0.00,0.33,1.26,3.99,7.75,10.63,13.04
MM,BEVStock,Waconia,0.00,0.00,0.00,0.33,1.26,3.99,7.75,10.63,13.04
MM,BEVStock,Waconia Twp.,0.00,0.00,0.00,0.33,1.26,3.99,7.75,10.63,13.04
MM,BEVStock,Waterford Twp.,0.00,0.00,0.00,0.29,1.01,3.00,5.52,7.68,9.54
MM,BEVStock,Watertown,0.00,0.00,0.00,0.33,1.26,3.99,7.75,10.63,13.04
MM,BEVStock,Watertown Twp.,0.00,0.00,0.00,0.33,1.26,3.99,7.75,10.63,13.04
MM,BEVStock,Wayzata,0.00,0.00,0.00,0.55,1.89,5.24,8.89,11.90,14.29
MM,BEVStock,West Lakeland Twp.,0.00,0.00,0.00,0.36,1.31,3.97,7.47,10.17,12.39
MM,BEVStock,West St. Paul,0.00,0.00,0.00,0.45,1.24,2.93,5.02,7.16,9.06
MM,BEVStock,White Bear Lake,0.00,0.00,0.00,0.39,1.43,4.08,6.99,9.45,11.43
MM,BEVStock,White Bear Lake,0.00,0.00,0.00,0.39,1.43,4.08,6.99,9.45,11.43
MM,BEVStock,White Bear Twp.,0.00,0.00,0.00,0.15,0.50,1.41,2.64,3.83,4.94
MM,BEVStock,Willernie,0.00,0.00,0.00,0.36,1.31,3.97,7.47,10.17,12.39
MM,BEVStock,Woodbury,0.00,0.00,0.00,0.52,1.57,4.01,7.09,9.80,12.09
MM,BEVStock,Woodland,0.00,0.00,0.00,0.55,1.89,5.24,8.89,11.90,14.29
MM,BEVStock,Young America Twp.,0.00,0.00,0.00,0.40,2.14,7.55,7.44,10.27,12.63
MM,CIMPG,All,234.41,235.12,235.59,236.76,237.95,239.14,240.33,241.54,242.74
MM,BEVElec,All,8.70,8.70,8.70,8.70,8.70,8.70,8.70,8.70,8.70
MM,AVO,All,1.00,1.00,1.00,1.00,1.00,1.00,1.00,1.00,1.00
MM,TMT,Afton,1985.06,2149.75,2259.55,2415.50,2566.76,2735.56,2987.10,3238.63,3490.16
MM,TMT,Andover,21556.73,23553.17,24884.12,27876.32,30950.25,34316.39,38907.50,43498.60,48089.70
MM,TMT,Anoka,18038.42,19529.87,20524.16,22291.96,24053.97,26005.37,28795.20,31585.03,34374.86
MM,TMT,Apple Valley,38876.31,42566.25,45026.22,49099.07,53179.56,58233.76,65268.05,72302.33,79336.62
MM,TMT,Arden Hills,13557.33,14897.51,15790.97,17816.92,19908.04,22096.89,25077.71,28058.53,31039.35
MM,TMT,Bayport,4454.83,4877.23,5158.83,5651.54,6147.84,6698.82,7473.00,8247.19,9021.37
MM,TMT,Baytown Twp.,1056.33,1162.54,1233.34,1321.22,1406.83,1512.72,1666.24,1819.76,1973.28
MM,TMT,Belle Plaine,5458.61,6124.08,6567.73,7838.75,9181.67,10787.63,12860.78,14933.93,17007.07
MM,TMT,Belle Plaine Twp.,541.88,569.13,587.31,608.30,626.04,656.13,704.51,752.89,801.27
MM,TMT,Benton Twp.,606.26,636.57,656.77,695.20,731.55,775.36,842.02,908.67,975.33
MM,TMT,Bethel,335.46,365.32,385.22,427.82,471.29,521.63,590.46,659.30,728.14
MM,TMT,Birchwood Village,512.43,538.41,555.73,581.56,604.94,629.68,671.35,713.02,754.69
MM,TMT,Blaine,49033.11,54510.63,58162.32,65909.95,73927.48,83236.87,95689.05,108141.23,120593.41
MM,TMT,Blaine,49033.11,54510.63,58162.32,65909.95,73927.48,83236.87,95689.05,108141.23,120593.41
MM,TMT,Blakeley Twp.,279.17,293.54,303.13,321.20,338.34,361.79,396.34,430.89,465.44
MM,TMT,Bloomington,102262.38,110928.21,116705.43,126507.62,136250.73,147809.90,164204.64,180599.39,196994.14
MM,TMT,Brooklyn Center,24713.59,26746.82,28102.31,30524.44,32938.80,36070.55,40428.95,44787.35,49145.75
MM,TMT,Brooklyn Park,63125.96,70262.71,75020.55,82453.12,89966.04,99107.76,111700.31,124292.87,136885.42
MM,TMT,Burnsville,55456.83,60148.89,63276.94,68719.85,74144.13,80408.90,89300.72,98192.54,107084.36
MM,TMT,Camden Twp.,561.80,592.26,612.57,638.72,661.91,693.39,744.15,794.90,845.65
MM,TMT,Carver,3135.21,3887.11,4388.38,6109.77,7970.39,10630.40,13912.29,17194.18,20476.07
MM,TMT,Castle Rock Twp.,974.63,1025.66,1059.68,1116.34,1169.08,1229.55,1324.90,1420.25,1515.61
MM,TMT,Cedar Lake Twp.,1769.98,1947.02,2065.05,2296.18,2532.29,2805.61,3178.80,3551.98,3925.17
MM,TMT,Centerville,2477.57,2651.02,2766.66,2965.31,3159.04,3405.48,3760.36,4115.24,4470.12
MM,TMT,Champlin,15792.10,16775.07,17430.38,18851.04,20258.34,21461.25,23295.00,25128.74,26962.48
MM,TMT,Chanhassen,21871.40,24626.31,26462.91,30115.67,33904.59,38338.89,44242.70,50146.51,56050.32
MM,TMT,Chanhassen,21871.40,24626.31,26462.91,30115.67,33904.59,38338.89,44242.70,50146.51,56050.32
MM,TMT,Chaska,21822.90,24151.08,25703.20,29645.41,33761.09,38076.95,43839.08,49601.20,55363.33
MM,TMT,Circle Pines,3351.44,3576.51,3726.56,4027.17,4324.59,4638.39,5096.59,5554.79,6012.99
MM,TMT,Coates,161.67,174.55,183.14,193.85,203.99,216.10,234.57,253.03,271.50
MM,TMT,Cologne,1229.54,1427.72,1559.84,1948.57,2363.47,2883.86,3542.78,4201.71,4860.63
MM,TMT,Columbia Heights,13787.70,14904.03,15648.25,17052.20,18457.60,20097.94,22406.07,24714.19,27022.31
MM,TMT,Columbus,3119.91,3414.94,3611.62,4123.76,4655.90,5185.35,5903.02,6620.68,7338.35
MM,TMT,Coon Rapids,50994.78,55220.66,58037.91,63238.10,68442.96,74630.01,83311.15,91992.30,100673.44
MM,TMT,Corcoran,4293.74,4900.32,5304.71,6455.03,7676.36,9133.70,11001.22,12868.75,14736.27
MM,TMT,Cottage Grove,25165.11,27532.55,29110.84,32319.60,35593.49,39717.47,45293.40,50869.32,56445.25
MM,TMT,Credit River Twp.,3205.65,3408.69,3544.05,3854.37,4164.22,4449.11,4870.11,5291.11,5712.11
MM,TMT,Crystal,15352.42,16408.99,17113.36,18362.06,19582.36,21064.81,23211.68,25358.55,27505.42
MM,TMT,Dahlgren Twp.,889.75,942.45,977.58,960.58,932.73,945.26,979.52,1013.78,1048.04
MM,TMT,Dayton,3916.12,4587.86,5035.68,6164.25,7364.05,8922.07,10900.93,12879.78,14858.64
MM,TMT,Deephaven,2517.69,2670.86,2772.97,2928.88,3075.33,3256.82,3533.88,3810.95,4088.01
MM,TMT,Dellwood,802.28,866.16,908.75,975.62,1041.05,1114.05,1221.37,1328.69,1436.01
MM,TMT,Denmark Twp.,1421.53,1537.86,1615.41,1790.82,1969.56,2183.38,2475.09,2766.80,3058.51
MM,TMT,Douglas Twp.,478.65,513.53,536.79,571.87,605.64,648.68,711.79,774.90,838.01
MM,TMT,Eagan,69471.15,75874.49,80143.38,87369.68,94607.17,103059.84,114943.01,126826.18,138709.36
MM,TMT,East Bethel,7751.41,8443.54,8904.96,10512.61,12205.65,14140.21,16661.58,19182.96,21704.34
MM,TMT,Eden Prairie,67893.16,74748.81,79319.25,87870.02,96578.14,106669.50,120512.78,134356.06,148199.34
MM,TMT,Edina,57477.10,62281.66,65484.71,70955.86,76390.84,81895.17,89943.76,97992.35,106040.94
MM,TMT,Elko New Market,3509.93,4332.93,4881.59,6052.95,7301.44,9024.16,11194.54,13364.92,15535.30
MM,TMT,Empire Twp.,1792.21,2046.47,2215.98,2632.75,3072.52,3583.95,4247.29,4910.63,5573.97
MM,TMT,Eureka Twp.,1095.88,1162.07,1206.19,1316.88,1427.93,1549.98,1722.86,1895.74,2068.62
MM,TMT,Excelsior,2653.09,2873.17,3019.89,3279.49,3538.18,3781.80,4141.33,4500.86,4860.40
MM,TMT,Falcon Heights,6269.26,6712.82,7008.53,7519.23,8018.22,8606.48,9463.59,10320.70,11177.81
MM,TMT,Farmington,16000.83,17729.67,18882.23,21525.23,24269.21,27497.97,31787.96,36077.95,40367.94
MM,TMT,Forest Lake,15624.66,17351.10,18502.06,21055.64,23704.37,26752.42,30818.96,34885.49,38952.03
MM,TMT,Fort Snelling UT,13976.80,15082.35,15819.39,16959.28,18071.43,19442.18,21426.54,23410.91,25395.27
MM,TMT,Fridley,29313.34,31805.92,33467.64,36598.11,39745.04,42887.48,47401.27,51915.06,56428.86
MM,TMT,Gem Lake,571.04,629.68,668.77,725.28,781.49,849.14,944.74,1040.35,1135.95
MM,TMT,Golden Valley,32005.12,34512.69,36184.41,39037.67,41853.18,45195.68,49987.99,54780.29,59572.60
MM,TMT,Grant,2658.29,2829.78,2944.11,3183.56,3420.71,3713.62,4128.39,4543.17,4957.94
MM,TMT,Greenfield,2069.06,2259.14,2385.85,2679.88,2982.48,3323.51,3785.44,4247.36,4709.28
MM,TMT,Greenvale Twp.,523.40,573.49,606.88,672.14,738.59,796.97,880.84,964.71,1048.58
MM,TMT,Greenwood,450.36,479.48,498.89,528.09,555.70,584.97,630.91,676.84,722.78
MM,TMT,Grey Cloud Island Twp.,181.59,197.67,208.40,217.25,225.09,234.73,250.74,266.76,282.77
MM,TMT,Ham Lake,11007.30,11943.18,12567.10,13907.74,15271.84,16659.67,18605.26,20550.85,22496.44
MM,TMT,Hamburg,364.33,388.23,404.17,444.53,485.36,536.53,606.64,676.75,746.86
MM,TMT,Hampton,483.85,519.40,543.10,588.92,634.48,686.31,760.32,834.33,908.34
MM,TMT,Hampton Twp.,582.01,621.94,648.56,710.91,773.76,849.51,954.45,1059.39,1164.33
MM,TMT,Hancock Twp.,209.30,223.92,233.66,257.36,281.37,305.52,339.72,373.91,408.11
MM,TMT,Hanover,2070.51,2276.77,2414.27,2635.76,2857.97,3129.02,3506.38,3883.74,4261.11
MM,TMT,Hastings,18379.37,19817.05,20775.50,23061.03,25392.57,28130.63,31869.66,35608.68,39347.70
MM,TMT,Hastings,18379.37,19817.05,20775.50,23061.03,25392.57,28130.63,31869.66,35608.68,39347.70
MM,TMT,Helena Twp.,1075.38,1161.82,1219.45,1294.15,1365.33,1446.40,1569.99,1693.57,1817.16
MM,TMT,Hilltop,680.74,764.88,820.97,915.80,1012.92,1128.95,1286.08,1443.20,1600.33
MM,TMT,Hollywood Twp.,666.59,713.37,744.55,828.90,915.14,987.37,1091.14,1194.92,1298.70
MM,TMT,Hopkins,17957.30,19914.59,21219.46,22961.43,24688.45,26602.26,29361.40,32120.54,34879.67
MM,TMT,Hugo,10162.87,11605.41,12567.10,15441.20,18499.10,22094.28,26692.18,31290.08,35887.98
MM,TMT,Independence,2483.05,2702.09,2848.12,3105.02,3362.32,3666.30,4092.80,4519.31,4945.81
MM,TMT,Inver Grove Heights,26567.87,29082.60,30759.09,34462.03,38266.46,42886.36,49099.06,55311.75,61524.45
MM,TMT,Jackson Twp.,998.30,1091.96,1154.41,1235.99,1315.39,1423.30,1577.27,1731.23,1885.20
MM,TMT,Jordan,4664.42,5313.45,5746.13,6650.89,7596.88,8755.89,10272.45,11789.00,13305.55
MM,TMT,Lake Elmo,6757.73,7779.32,8460.38,10309.40,12273.18,14698.35,17795.60,20892.85,23990.09
MM,TMT,Lake St. Croix Beach,689.98,734.47,764.13,822.21,879.27,931.48,1011.07,1090.66,1170.25
MM,TMT,Lakeland,1218.00,1290.86,1339.44,1410.79,1477.17,1568.61,1706.68,1844.76,1982.83
MM,TMT,Lakeland Shores,198.33,211.95,221.03,240.65,260.26,279.44,307.36,335.29,363.21
MM,TMT,Laketown Twp.,1142.07,1062.32,1009.16,773.41,503.64,268.27,3.24,-261.79,-526.83
MM,TMT,Lakeville,43972.61,48848.16,52098.53,59290.15,66749.84,74847.98,85731.25,96614.51,107497.78
MM,TMT,Landfall,404.46,423.23,435.74,454.56,471.29,495.55,533.84,572.14,610.44
MM,TMT,Lauderdale,1841.00,1979.22,2071.36,2209.28,2342.37,2503.81,2742.02,2980.22,3218.42
MM,TMT,Lexington,1505.82,1625.38,1705.08,1871.70,2039.90,2224.37,2483.18,2741.99,3000.81
MM,TMT,Lilydale,709.61,844.63,934.64,999.35,1062.16,1136.40,1245.64,1354.87,1464.10
MM,TMT,Lino Lakes,14732.31,16312.88,17366.60,19952.67,22647.84,25820.20,30010.10,34200.01,38389.91
MM,TMT,Linwood Twp.,3109.52,3300.90,3428.48,3593.00,3742.87,3938.29,4245.67,4553.06,4860.45
MM,TMT,Little Canada,9278.03,10113.99,10671.30,11629.95,12589.72,13523.94,14882.11,16240.27,17598.43
MM,TMT,Long Lake,1692.03,1813.54,1894.54,2095.97,2300.87,2481.83,2742.02,3002.20,3262.39
MM,TMT,Loretto,587.78,621.60,644.14,691.86,738.59,789.89,865.47,941.05,1016.63
MM,TMT,Louisville Twp.,939.12,1015.62,1066.62,1140.07,1211.28,1290.28,1408.21,1526.15,1644.08
MM,TMT,Mahtomedi,5763.76,6170.36,6441.43,6850.09,7241.65,7711.89,8414.51,9117.12,9819.74
MM,TMT,Maple Grove,57955.18,64598.19,69026.86,77675.60,86587.54,96797.32,110569.54,124341.75,138113.96
MM,TMT,Maple Plain,2083.79,2299.89,2443.95,2720.99,3004.28,3312.71,3736.91,4161.10,4585.30
MM,TMT,Maplewood,40575.84,44610.14,47299.67,51904.95,56552.43,61701.10,68916.79,76132.48,83348.17
MM,TMT,Marine on St. Croix,489.05,529.44,556.36,625.35,696.38,778.34,888.93,999.52,1110.11
MM,TMT,Marshan Twp.,748.58,818.54,865.17,955.90,1048.09,1155.41,1303.06,1450.72,1598.38
MM,TMT,May Twp.,1721.48,1870.40,1969.69,2258.74,2559.73,2894.29,3339.76,3785.23,4230.70
MM,TMT,Mayer,1198.08,1331.77,1420.90,1657.79,1906.25,2183.38,2547.89,2912.40,3276.90
MM,TMT,Medicine Lake,241.35,267.05,284.18,310.84,337.64,365.14,404.43,443.71,483.00
MM,TMT,Medina,5723.63,6677.96,7314.18,8216.43,9145.09,10209.74,11648.31,13086.87,14525.43
MM,TMT,Mendota,282.34,306.18,322.07,357.63,393.91,424.75,469.14,513.52,557.90
MM,TMT,Mendota Heights,13632.10,14774.34,15535.84,16711.62,17866.03,19039.41,20788.36,22537.31,24286.25
MM,TMT,Miesville,144.64,156.37,164.19,177.14,189.92,201.20,218.39,235.58,252.77
MM,TMT,Minneapolis,405044.20,441925.81,466513.56,504941.88,543055.16,589594.23,655486.40,721378.57,787270.73
MM,TMT,Minnetonka,58188.15,64044.58,67948.87,75035.83,82232.70,90019.14,100862.48,111705.81,122549.15
MM,TMT,Minnetonka Beach,407.92,428.40,442.06,457.90,471.29,506.72,558.11,609.49,660.88
MM,TMT,Minnetrista,4552.12,5124.92,5506.79,6433.97,7406.96,8669.82,10303.99,11938.16,13572.33
MM,TMT,Mound,5980.86,6370.87,6630.88,7192.35,7750.93,8315.86,9140.05,9964.24,10788.43
MM,TMT,Mounds View,10868.15,11586.29,12065.05,12869.95,13646.95,14530.68,15851.92,17173.16,18494.40
MM,TMT,New Brighton,18468.29,20005.70,21030.63,22795.32,24549.17,26714.79,29765.83,32816.87,35867.91
MM,TMT,New Germany,267.91,300.78,322.70,394.73,471.29,543.98,638.99,734.01,829.02
MM,TMT,New Hope,18568.75,19893.94,20777.40,22460.08,24125.72,26080.26,28875.28,31670.29,34465.31
MM,TMT,New Market Twp.,2235.93,2402.80,2514.05,2643.78,2763.72,2931.92,3186.88,3441.85,3696.81
MM,TMT,New Prague,6159.85,6792.58,7214.40,8189.03,9198.55,10326.36,11840.01,13353.65,14867.29
MM,TMT,New Trier,94.69,106.08,113.67,120.32,126.61,134.13,145.59,157.05,168.52
MM,TMT,Newport,3068.23,3345.01,3529.52,3913.19,4304.19,4720.36,5297.99,5875.63,6453.27
MM,TMT,Nininger Twp.,631.95,666.17,688.98,753.03,817.37,883.79,978.71,1073.64,1168.57
MM,TMT,North Oaks,3440.65,3721.70,3909.06,4227.71,4543.36,4902.18,5417.70,5933.23,6448.75
MM,TMT,North St. Paul,8545.61,9178.02,9599.62,10178.04,10727.78,11457.92,12538.05,13618.17,14698.29
MM,TMT,Northfield,16994.80,18586.87,19648.25,21396.89,23145.86,25163.32,28011.42,30859.53,33707.64
MM,TMT,Norwood Young America,3144.74,3599.16,3902.12,5090.02,6365.90,7581.86,9139.24,10696.63,12254.01
MM,TMT,Nowthen,2844.78,3067.31,3215.66,3603.36,4001.73,4422.28,4998.72,5575.15,6151.58
MM,TMT,Oak Grove,5280.49,5719.40,6012.00,6685.32,7373.19,8154.16,9223.36,10292.57,11361.77
MM,TMT,Oak Park Heights,5647.71,6344.09,6808.34,7647.57,8511.32,9426.93,10677.68,11928.43,13179.19
MM,TMT,Oakdale,21891.90,23838.42,25136.10,27374.30,29613.06,32154.25,35751.35,39348.45,42945.55
MM,TMT,Orono,5426.28,5882.67,6186.93,6810.32,7441.42,8152.29,9140.86,10129.42,11117.99
MM,TMT,Osseo,2548.58,2780.98,2935.90,3245.73,3560.69,3923.39,4422.81,4922.24,5421.67
MM,TMT,Pine Springs,280.03,297.68,309.44,320.86,330.60,346.51,372.07,397.64,423.20
MM,TMT,Plymouth,71309.26,77859.37,82226.11,89607.70,96997.37,105440.32,117362.29,129284.26,141206.23
MM,TMT,Prior Lake,16861.71,19059.94,20525.42,24067.40,27789.10,31747.38,36965.44,42183.50,47401.56
MM,TMT,Ramsey,17767.63,19647.76,20901.17,23830.10,26871.15,30180.63,34619.76,39058.89,43498.02
MM,TMT,Randolph,325.65,346.24,359.96,381.02,400.95,417.30,444.87,472.44,500.00
MM,TMT,Randolph Twp.,467.68,508.39,535.52,563.85,590.16,625.58,679.44,733.29,787.15
MM,TMT,Ravenna Twp.,1381.11,1465.61,1521.95,1637.40,1750.80,1881.59,2071.48,2261.36,2451.25
MM,TMT,Richfield,30176.24,32416.70,33910.34,36128.51,38263.65,40833.76,44646.32,48458.87,52271.43
MM,TMT,Robbinsdale,12287.94,13157.17,13736.66,14690.52,15616.51,16654.83,18198.41,19741.99,21285.57
MM,TMT,Rockford,3164.94,3501.53,3725.92,4092.68,4463.17,4874.98,5450.87,6026.75,6602.64
MM,TMT,Rogers,12904.88,14861.23,16165.46,19084.00,22157.56,25744.93,30410.48,35076.04,39741.59
MM,TMT,Rosemount,18590.12,21000.56,22607.52,26404.36,30388.22,35136.09,41333.25,47530.41,53727.56
MM,TMT,Roseville,40377.80,43091.45,44900.55,47929.59,50858.29,54438.92,59699.09,64959.25,70219.42
MM,TMT,San Francisco Twp.,524.56,566.00,593.62,657.77,723.11,788.78,880.84,972.91,1064.98
MM,TMT,Sand Creek Twp.,1039.01,1090.06,1124.09,1179.17,1229.57,1299.60,1407.41,1515.21,1623.02
MM,TMT,Savage,21699.34,24404.78,26208.41,29311.51,32495.65,36027.70,40845.51,45663.32,50481.12
MM,TMT,Scandia,2694.37,2926.44,3081.15,3408.50,3741.46,4097.01,4591.86,5086.72,5581.57
MM,TMT,Sciota Twp.,302.55,348.36,378.91,427.82,478.32,529.45,599.36,669.27,739.18
MM,TMT,Shakopee,35840.98,40291.18,43257.99,48495.44,53878.75,60209.99,68754.21,77298.43,85842.65
MM,TMT,Shoreview,22000.16,23766.54,24944.12,26704.83,28417.96,30366.55,33244.71,36122.86,39001.02
MM,TMT,Shorewood,4942.14,5272.97,5493.53,5861.43,6216.78,6645.91,7278.88,7911.85,8544.81
MM,TMT,South St. Paul,17267.90,18690.81,19639.41,20956.03,22227.91,23882.72,26286.95,28691.17,31095.40
MM,TMT,Spring Lake Park,5598.34,6021.21,6303.13,6828.70,7350.68,7992.08,8897.39,9802.71,10708.02
MM,TMT,Spring Lake Park,5598.34,6021.21,6303.13,6828.70,7350.68,7992.08,8897.39,9802.71,10708.02
MM,TMT,Spring Lake Twp.,2387.20,2564.48,2682.67,2960.30,3242.04,3457.65,3778.16,4098.67,4419.18
MM,TMT,Spring Park,1322.79,1411.97,1471.42,1600.97,1730.40,1866.68,2062.58,2258.47,2454.37
MM,TMT,St. Anthony,6730.02,7277.55,7642.57,8165.97,8673.10,9251.44,10110.68,10969.91,11829.15
MM,TMT,St. Anthony,6730.02,7277.55,7642.57,8165.97,8673.10,9251.44,10110.68,10969.91,11829.15
MM,TMT,St. Bonifacius,1562.12,1628.57,1672.88,1770.76,1863.35,1982.19,2160.45,2338.71,2516.98
MM,TMT,St. Francis,5529.63,6152.49,6567.73,7805.33,9111.33,10605.06,12545.33,14485.59,16425.85
MM,TMT,St. Lawrence Twp.,335.46,372.90,397.85,461.57,528.26,607.32,710.98,814.64,918.30
MM,TMT,St. Louis Park,51194.56,55184.62,57844.66,62300.24,66684.42,72022.62,79672.93,87323.24,94973.55
MM,TMT,St. Marys Point,226.05,241.98,252.61,267.39,281.37,298.07,323.54,349.01,374.48
MM,TMT,St. Paul,280231.41,305219.49,321878.21,348601.68,375129.67,406461.94,451023.47,495585.00,540146.52
MM,TMT,St. Paul Park,4270.64,4739.52,5052.10,5748.80,6471.42,7265.53,8331.20,9396.86,10462.53
MM,TMT,Stillwater,17076.79,18690.14,19765.71,21524.56,23283.73,25187.16,27904.65,30622.15,33339.64
MM,TMT,Stillwater Twp.,1493.12,1597.56,1667.19,1818.22,1969.56,2134.95,2369.94,2604.94,2839.93
MM,TMT,Sunfish Lake,311.50,333.00,347.33,360.97,372.81,383.77,404.43,425.09,445.74
MM,TMT,Tonka Bay,1048.82,1124.30,1174.61,1263.40,1350.56,1445.65,1585.35,1725.05,1864.75
MM,TMT,Vadnais Heights,11888.10,13166.99,14019.58,15408.78,16813.02,18331.49,20462.39,22593.29,24724.20
MM,TMT,Vermillion,309.48,335.98,353.65,387.71,422.05,454.56,501.49,548.42,595.35
MM,TMT,Vermillion Twp.,759.84,815.84,853.17,919.14,984.08,1053.32,1155.04,1256.77,1358.50
MM,TMT,Victoria,6046.68,7003.08,7640.67,9049.68,10535.04,12286.94,14559.37,16831.81,19104.24
MM,TMT,Waconia,10990.84,12655.39,13765.08,17078.61,20610.75,23660.28,27663.62,31666.95,35670.28
MM,TMT,Waconia Twp.,832.59,923.75,984.53,1108.98,1237.31,1348.03,1503.66,1659.28,1814.91
MM,TMT,Waterford Twp.,700.95,754.39,790.02,842.60,893.34,953.46,1042.61,1131.76,1220.92
MM,TMT,Watertown,3003.57,3339.22,3562.99,4235.06,4944.30,5749.08,6795.18,7841.28,8887.38
MM,TMT,Watertown Twp.,913.71,959.99,990.84,1039.13,1083.26,1144.23,1238.36,1332.48,1426.61
MM,TMT,Wayzata,4964.37,5373.56,5646.35,6144.19,6641.64,7113.51,7805.44,8497.37,9189.30
MM,TMT,West Lakeland Twp.,2539.92,2728.25,2853.81,3001.74,3138.64,3282.90,3517.71,3752.51,3987.32
MM,TMT,West St. Paul,16228.32,17555.43,18440.17,20018.85,21591.32,23509.01,26207.68,28906.35,31605.01
MM,TMT,White Bear Lake,20602.89,21994.74,22922.65,24599.84,26239.48,28169.38,30979.92,33790.45,36600.99
MM,TMT,White Bear Lake,20602.89,21994.74,22922.65,24599.84,26239.48,28169.38,30979.92,33790.45,36600.99
MM,TMT,White Bear Twp.,8014.13,8700.19,9157.57,9873.89,10580.06,11416.19,12617.31,13818.43,15019.55
MM,TMT,Willernie,407.06,436.02,455.32,478.62,500.13,529.45,574.29,619.12,663.95
MM,TMT,Woodbury,51388.27,57158.54,61005.39,68015.95,75192.92,83237.61,94235.54,105233.46,116231.39
MM,TMT,Woodland,264.15,283.75,296.81,310.50,322.87,341.67,370.46,399.24,428.03
MM,TMT,Young America Twp.,469.42,487.86,500.16,525.08,547.96,583.85,637.38,690.90,744.43
AIR,TotStock,Afton,100.00,100.00,100.00,100.00,100.00,100.00,100.00,100.00,100.00
AIR,TotStock,Andover,100.00,100.00,100.00,100.00,100.00,100.00,100.00,100.00,100.00
AIR,TotStock,Anoka,100.00,100.00,100.00,100.00,100.00,100.00,100.00,100.00,100.00
AIR,TotStock,Apple Valley,100.00,100.00,100.00,100.00,100.00,100.00,100.00,100.00,100.00
AIR,TotStock,Arden Hills,100.00,100.00,100.00,100.00,100.00,100.00,100.00,100.00,100.00
AIR,TotStock,Bayport,100.00,100.00,100.00,100.00,100.00,100.00,100.00,100.00,100.00
AIR,TotStock,Baytown Twp.,100.00,100.00,100.00,100.00,100.00,100.00,100.00,100.00,100.00
AIR,TotStock,Belle Plaine,100.00,100.00,100.00,100.00,100.00,100.00,100.00,100.00,100.00
AIR,TotStock,Belle Plaine Twp.,100.00,100.00,100.00,100.00,100.00,100.00,100.00,100.00,100.00
AIR,TotStock,Benton Twp.,100.00,100.00,100.00,100.00,100.00,100.00,100.00,100.00,100.00
AIR,TotStock,Bethel,100.00,100.00,100.00,100.00,100.00,100.00,100.00,100.00,100.00
AIR,TotStock,Birchwood Village,100.00,100.00,100.00,100.00,100.00,100.00,100.00,100.00,100.00
AIR,TotStock,Blaine,100.00,100.00,100.00,100.00,100.00,100.00,100.00,100.00,100.00
AIR,TotStock,Blaine,100.00,100.00,100.00,100.00,100.00,100.00,100.00,100.00,100.00
AIR,TotStock,Blakeley Twp.,100.00,100.00,100.00,100.00,100.00,100.00,100.00,100.00,100.00
AIR,TotStock,Bloomington,100.00,100.00,100.00,100.00,100.00,100.00,100.00,100.00,100.00
AIR,TotStock,Brooklyn Center,100.00,100.00,100.00,100.00,100.00,100.00,100.00,100.00,100.00
AIR,TotStock,Brooklyn Park,100.00,100.00,100.00,100.00,100.00,100.00,100.00,100.00,100.00
AIR,TotStock,Burnsville,100.00,100.00,100.00,100.00,100.00,100.00,100.00,100.00,100.00
AIR,TotStock,Camden Twp.,100.00,100.00,100.00,100.00,100.00,100.00,100.00,100.00,100.00
AIR,TotStock,Carver,100.00,100.00,100.00,100.00,100.00,100.00,100.00,100.00,100.00
AIR,TotStock,Castle Rock Twp.,100.00,100.00,100.00,100.00,100.00,100.00,100.00,100.00,100.00
AIR,TotStock,Cedar Lake Twp.,100.00,100.00,100.00,100.00,100.00,100.00,100.00,100.00,100.00
AIR,TotStock,Centerville,100.00,100.00,100.00,100.00,100.00,100.00,100.00,100.00,100.00
AIR,TotStock,Champlin,100.00,100.00,100.00,100.00,100.00,100.00,100.00,100.00,100.00
AIR,TotStock,Chanhassen,100.00,100.00,100.00,100.00,100.00,100.00,100.00,100.00,100.00
AIR,TotStock,Chanhassen,100.00,100.00,100.00,100.00,100.00,100.00,100.00,100.00,100.00
AIR,TotStock,Chaska,100.00,100.00,100.00,100.00,100.00,100.00,100.00,100.00,100.00
AIR,TotStock,Circle Pines,100.00,100.00,100.00,100.00,100.00,100.00,100.00,100.00,100.00
AIR,TotStock,Coates,100.00,100.00,100.00,100.00,100.00,100.00,100.00,100.00,100.00
AIR,TotStock,Cologne,100.00,100.00,100.00,100.00,100.00,100.00,100.00,100.00,100.00
AIR,TotStock,Columbia Heights,100.00,100.00,100.00,100.00,100.00,100.00,100.00,100.00,100.00
AIR,TotStock,Columbus,100.00,100.00,100.00,100.00,100.00,100.00,100.00,100.00,100.00
AIR,TotStock,Coon Rapids,100.00,100.00,100.00,100.00,100.00,100.00,100.00,100.00,100.00
AIR,TotStock,Corcoran,100.00,100.00,100.00,100.00,100.00,100.00,100.00,100.00,100.00
AIR,TotStock,Cottage Grove,100.00,100.00,100.00,100.00,100.00,100.00,100.00,100.00,100.00
AIR,TotStock,Credit River Twp.,100.00,100.00,100.00,100.00,100.00,100.00,100.00,100.00,100.00
AIR,TotStock,Crystal,100.00,100.00,100.00,100.00,100.00,100.00,100.00,100.00,100.00
AIR,TotStock,Dahlgren Twp.,100.00,100.00,100.00,100.00,100.00,100.00,100.00,100.00,100.00
AIR,TotStock,Dayton,100.00,100.00,100.00,100.00,100.00,100.00,100.00,100.00,100.00
AIR,TotStock,Deephaven,100.00,100.00,100.00,100.00,100.00,100.00,100.00,100.00,100.00
AIR,TotStock,Dellwood,100.00,100.00,100.00,100.00,100.00,100.00,100.00,100.00,100.00
AIR,TotStock,Denmark Twp.,100.00,100.00,100.00,100.00,100.00,100.00,100.00,100.00,100.00
AIR,TotStock,Douglas Twp.,100.00,100.00,100.00,100.00,100.00,100.00,100.00,100.00,100.00
AIR,TotStock,Eagan,100.00,100.00,100.00,100.00,100.00,100.00,100.00,100.00,100.00
AIR,TotStock,East Bethel,100.00,100.00,100.00,100.00,100.00,100.00,100.00,100.00,100.00
AIR,TotStock,Eden Prairie,100.00,100.00,100.00,100.00,100.00,100.00,100.00,100.00,100.00
AIR,TotStock,Edina,100.00,100.00,100.00,100.00,100.00,100.00,100.00,100.00,100.00
AIR,TotStock,Elko New Market,100.00,100.00,100.00,100.00,100.00,100.00,100.00,100.00,100.00
AIR,TotStock,Empire Twp.,100.00,100.00,100.00,100.00,100.00,100.00,100.00,100.00,100.00
AIR,TotStock,Eureka Twp.,100.00,100.00,100.00,100.00,100.00,100.00,100.00,100.00,100.00
AIR,TotStock,Excelsior,100.00,100.00,100.00,100.00,100.00,100.00,100.00,100.00,100.00
AIR,TotStock,Falcon Heights,100.00,100.00,100.00,100.00,100.00,100.00,100.00,100.00,100.00
AIR,TotStock,Farmington,100.00,100.00,100.00,100.00,100.00,100.00,100.00,100.00,100.00
AIR,TotStock,Forest Lake,100.00,100.00,100.00,100.00,100.00,100.00,100.00,100.00,100.00
AIR,TotStock,Fort Snelling UT,100.00,100.00,100.00,100.00,100.00,100.00,100.00,100.00,100.00
AIR,TotStock,Fridley,100.00,100.00,100.00,100.00,100.00,100.00,100.00,100.00,100.00
AIR,TotStock,Gem Lake,100.00,100.00,100.00,100.00,100.00,100.00,100.00,100.00,100.00
AIR,TotStock,Golden Valley,100.00,100.00,100.00,100.00,100.00,100.00,100.00,100.00,100.00
AIR,TotStock,Grant,100.00,100.00,100.00,100.00,100.00,100.00,100.00,100.00,100.00
AIR,TotStock,Greenfield,100.00,100.00,100.00,100.00,100.00,100.00,100.00,100.00,100.00
AIR,TotStock,Greenvale Twp.,100.00,100.00,100.00,100.00,100.00,100.00,100.00,100.00,100.00
AIR,TotStock,Greenwood,100.00,100.00,100.00,100.00,100.00,100.00,100.00,100.00,100.00
AIR,TotStock,Grey Cloud Island Twp.,100.00,100.00,100.00,100.00,100.00,100.00,100.00,100.00,100.00
AIR,TotStock,Ham Lake,100.00,100.00,100.00,100.00,100.00,100.00,100.00,100.00,100.00
AIR,TotStock,Hamburg,100.00,100.00,100.00,100.00,100.00,100.00,100.00,100.00,100.00
AIR,TotStock,Hampton,100.00,100.00,100.00,100.00,100.00,100.00,100.00,100.00,100.00
AIR,TotStock,Hampton Twp.,100.00,100.00,100.00,100.00,100.00,100.00,100.00,100.00,100.00
AIR,TotStock,Hancock Twp.,100.00,100.00,100.00,100.00,100.00,100.00,100.00,100.00,100.00
AIR,TotStock,Hanover,100.00,100.00,100.00,100.00,100.00,100.00,100.00,100.00,100.00
AIR,TotStock,Hastings,100.00,100.00,100.00,100.00,100.00,100.00,100.00,100.00,100.00
AIR,TotStock,Hastings,100.00,100.00,100.00,100.00,100.00,100.00,100.00,100.00,100.00
AIR,TotStock,Helena Twp.,100.00,100.00,100.00,100.00,100.00,100.00,100.00,100.00,100.00
AIR,TotStock,Hilltop,100.00,100.00,100.00,100.00,100.00,100.00,100.00,100.00,100.00
AIR,TotStock,Hollywood Twp.,100.00,100.00,100.00,100.00,100.00,100.00,100.00,100.00,100.00
AIR,TotStock,Hopkins,100.00,100.00,100.00,100.00,100.00,100.00,100.00,100.00,100.00
AIR,TotStock,Hugo,100.00,100.00,100.00,100.00,100.00,100.00,100.00,100.00,100.00
AIR,TotStock,Independence,100.00,100.00,100.00,100.00,100.00,100.00,100.00,100.00,100.00
AIR,TotStock,Inver Grove Heights,100.00,100.00,100.00,100.00,100.00,100.00,100.00,100.00,100.00
AIR,TotStock,Jackson Twp.,100.00,100.00,100.00,100.00,100.00,100.00,100.00,100.00,100.00
AIR,TotStock,Jordan,100.00,100.00,100.00,100.00,100.00,100.00,100.00,100.00,100.00
AIR,TotStock,Lake Elmo,100.00,100.00,100.00,100.00,100.00,100.00,100.00,100.00,100.00
AIR,TotStock,Lake St. Croix Beach,100.00,100.00,100.00,100.00,100.00,100.00,100.00,100.00,100.00
AIR,TotStock,Lakeland,100.00,100.00,100.00,100.00,100.00,100.00,100.00,100.00,100.00
AIR,TotStock,Lakeland Shores,100.00,100.00,100.00,100.00,100.00,100.00,100.00,100.00,100.00
AIR,TotStock,Laketown Twp.,100.00,100.00,100.00,100.00,100.00,100.00,100.00,100.00,100.00
AIR,TotStock,Lakeville,100.00,100.00,100.00,100.00,100.00,100.00,100.00,100.00,100.00
AIR,TotStock,Landfall,100.00,100.00,100.00,100.00,100.00,100.00,100.00,100.00,100.00
AIR,TotStock,Lauderdale,100.00,100.00,100.00,100.00,100.00,100.00,100.00,100.00,100.00
AIR,TotStock,Lexington,100.00,100.00,100.00,100.00,100.00,100.00,100.00,100.00,100.00
AIR,TotStock,Lilydale,100.00,100.00,100.00,100.00,100.00,100.00,100.00,100.00,100.00
AIR,TotStock,Lino Lakes,100.00,100.00,100.00,100.00,100.00,100.00,100.00,100.00,100.00
AIR,TotStock,Linwood Twp.,100.00,100.00,100.00,100.00,100.00,100.00,100.00,100.00,100.00
AIR,TotStock,Little Canada,100.00,100.00,100.00,100.00,100.00,100.00,100.00,100.00,100.00
AIR,TotStock,Long Lake,100.00,100.00,100.00,100.00,100.00,100.00,100.00,100.00,100.00
AIR,TotStock,Loretto,100.00,100.00,100.00,100.00,100.00,100.00,100.00,100.00,100.00
AIR,TotStock,Louisville Twp.,100.00,100.00,100.00,100.00,100.00,100.00,100.00,100.00,100.00
AIR,TotStock,Mahtomedi,100.00,100.00,100.00,100.00,100.00,100.00,100.00,100.00,100.00
AIR,TotStock,Maple Grove,100.00,100.00,100.00,100.00,100.00,100.00,100.00,100.00,100.00
AIR,TotStock,Maple Plain,100.00,100.00,100.00,100.00,100.00,100.00,100.00,100.00,100.00
AIR,TotStock,Maplewood,100.00,100.00,100.00,100.00,100.00,100.00,100.00,100.00,100.00
AIR,TotStock,Marine on St. Croix,100.00,100.00,100.00,100.00,100.00,100.00,100.00,100.00,100.00
AIR,TotStock,Marshan Twp.,100.00,100.00,100.00,100.00,100.00,100.00,100.00,100.00,100.00
AIR,TotStock,May Twp.,100.00,100.00,100.00,100.00,100.00,100.00,100.00,100.00,100.00
AIR,TotStock,Mayer,100.00,100.00,100.00,100.00,100.00,100.00,100.00,100.00,100.00
AIR,TotStock,Medicine Lake,100.00,100.00,100.00,100.00,100.00,100.00,100.00,100.00,100.00
AIR,TotStock,Medina,100.00,100.00,100.00,100.00,100.00,100.00,100.00,100.00,100.00
AIR,TotStock,Mendota,100.00,100.00,100.00,100.00,100.00,100.00,100.00,100.00,100.00
AIR,TotStock,Mendota Heights,100.00,100.00,100.00,100.00,100.00,100.00,100.00,100.00,100.00
AIR,TotStock,Miesville,100.00,100.00,100.00,100.00,100.00,100.00,100.00,100.00,100.00
AIR,TotStock,Minneapolis,100.00,100.00,100.00,100.00,100.00,100.00,100.00,100.00,100.00
AIR,TotStock,Minnetonka,100.00,100.00,100.00,100.00,100.00,100.00,100.00,100.00,100.00
AIR,TotStock,Minnetonka Beach,100.00,100.00,100.00,100.00,100.00,100.00,100.00,100.00,100.00
AIR,TotStock,Minnetrista,100.00,100.00,100.00,100.00,100.00,100.00,100.00,100.00,100.00
AIR,TotStock,Mound,100.00,100.00,100.00,100.00,100.00,100.00,100.00,100.00,100.00
AIR,TotStock,Mounds View,100.00,100.00,100.00,100.00,100.00,100.00,100.00,100.00,100.00
AIR,TotStock,New Brighton,100.00,100.00,100.00,100.00,100.00,100.00,100.00,100.00,100.00
AIR,TotStock,New Germany,100.00,100.00,100.00,100.00,100.00,100.00,100.00,100.00,100.00
AIR,TotStock,New Hope,100.00,100.00,100.00,100.00,100.00,100.00,100.00,100.00,100.00
AIR,TotStock,New Market Twp.,100.00,100.00,100.00,100.00,100.00,100.00,100.00,100.00,100.00
AIR,TotStock,New Prague,100.00,100.00,100.00,100.00,100.00,100.00,100.00,100.00,100.00
AIR,TotStock,New Trier,100.00,100.00,100.00,100.00,100.00,100.00,100.00,100.00,100.00
AIR,TotStock,Newport,100.00,100.00,100.00,100.00,100.00,100.00,100.00,100.00,100.00
AIR,TotStock,Nininger Twp.,100.00,100.00,100.00,100.00,100.00,100.00,100.00,100.00,100.00
AIR,TotStock,North Oaks,100.00,100.00,100.00,100.00,100.00,100.00,100.00,100.00,100.00
AIR,TotStock,North St. Paul,100.00,100.00,100.00,100.00,100.00,100.00,100.00,100.00,100.00
AIR,TotStock,Northfield,100.00,100.00,100.00,100.00,100.00,100.00,100.00,100.00,100.00
AIR,TotStock,Norwood Young America,100.00,100.00,100.00,100.00,100.00,100.00,100.00,100.00,100.00
AIR,TotStock,Nowthen,100.00,100.00,100.00,100.00,100.00,100.00,100.00,100.00,100.00
AIR,TotStock,Oak Grove,100.00,100.00,100.00,100.00,100.00,100.00,100.00,100.00,100.00
AIR,TotStock,Oak Park Heights,100.00,100.00,100.00,100.00,100.00,100.00,100.00,100.00,100.00
AIR,TotStock,Oakdale,100.00,100.00,100.00,100.00,100.00,100.00,100.00,100.00,100.00
AIR,TotStock,Orono,100.00,100.00,100.00,100.00,100.00,100.00,100.00,100.00,100.00
AIR,TotStock,Osseo,100.00,100.00,100.00,100.00,100.00,100.00,100.00,100.00,100.00
AIR,TotStock,Pine Springs,100.00,100.00,100.00,100.00,100.00,100.00,100.00,100.00,100.00
AIR,TotStock,Plymouth,100.00,100.00,100.00,100.00,100.00,100.00,100.00,100.00,100.00
AIR,TotStock,Prior Lake,100.00,100.00,100.00,100.00,100.00,100.00,100.00,100.00,100.00
AIR,TotStock,Ramsey,100.00,100.00,100.00,100.00,100.00,100.00,100.00,100.00,100.00
AIR,TotStock,Randolph,100.00,100.00,100.00,100.00,100.00,100.00,100.00,100.00,100.00
AIR,TotStock,Randolph Twp.,100.00,100.00,100.00,100.00,100.00,100.00,100.00,100.00,100.00
AIR,TotStock,Ravenna Twp.,100.00,100.00,100.00,100.00,100.00,100.00,100.00,100.00,100.00
AIR,TotStock,Richfield,100.00,100.00,100.00,100.00,100.00,100.00,100.00,100.00,100.00
AIR,TotStock,Robbinsdale,100.00,100.00,100.00,100.00,100.00,100.00,100.00,100.00,100.00
AIR,TotStock,Rockford,100.00,100.00,100.00,100.00,100.00,100.00,100.00,100.00,100.00
AIR,TotStock,Rogers,100.00,100.00,100.00,100.00,100.00,100.00,100.00,100.00,100.00
AIR,TotStock,Rosemount,100.00,100.00,100.00,100.00,100.00,100.00,100.00,100.00,100.00
AIR,TotStock,Roseville,100.00,100.00,100.00,100.00,100.00,100.00,100.00,100.00,100.00
AIR,TotStock,San Francisco Twp.,100.00,100.00,100.00,100.00,100.00,100.00,100.00,100.00,100.00
AIR,TotStock,Sand Creek Twp.,100.00,100.00,100.00,100.00,100.00,100.00,100.00,100.00,100.00
AIR,TotStock,Savage,100.00,100.00,100.00,100.00,100.00,100.00,100.00,100.00,100.00
AIR,TotStock,Scandia,100.00,100.00,100.00,100.00,100.00,100.00,100.00,100.00,100.00
AIR,TotStock,Sciota Twp.,100.00,100.00,100.00,100.00,100.00,100.00,100.00,100.00,100.00
AIR,TotStock,Shakopee,100.00,100.00,100.00,100.00,100.00,100.00,100.00,100.00,100.00
AIR,TotStock,Shoreview,100.00,100.00,100.00,100.00,100.00,100.00,100.00,100.00,100.00
AIR,TotStock,Shorewood,100.00,100.00,100.00,100.00,100.00,100.00,100.00,100.00,100.00
AIR,TotStock,South St. Paul,100.00,100.00,100.00,100.00,100.00,100.00,100.00,100.00,100.00
AIR,TotStock,Spring Lake Park,100.00,100.00,100.00,100.00,100.00,100.00,100.00,100.00,100.00
AIR,TotStock,Spring Lake Park,100.00,100.00,100.00,100.00,100.00,100.00,100.00,100.00,100.00
AIR,TotStock,Spring Lake Twp.,100.00,100.00,100.00,100.00,100.00,100.00,100.00,100.00,100.00
AIR,TotStock,Spring Park,100.00,100.00,100.00,100.00,100.00,100.00,100.00,100.00,100.00
AIR,TotStock,St. Anthony,100.00,100.00,100.00,100.00,100.00,100.00,100.00,100.00,100.00
AIR,TotStock,St. Anthony,100.00,100.00,100.00,100.00,100.00,100.00,100.00,100.00,100.00
AIR,TotStock,St. Bonifacius,100.00,100.00,100.00,100.00,100.00,100.00,100.00,100.00,100.00
AIR,TotStock,St. Francis,100.00,100.00,100.00,100.00,100.00,100.00,100.00,100.00,100.00
AIR,TotStock,St. Lawrence Twp.,100.00,100.00,100.00,100.00,100.00,100.00,100.00,100.00,100.00
AIR,TotStock,St. Louis Park,100.00,100.00,100.00,100.00,100.00,100.00,100.00,100.00,100.00
AIR,TotStock,St. Marys Point,100.00,100.00,100.00,100.00,100.00,100.00,100.00,100.00,100.00
AIR,TotStock,St. Paul,100.00,100.00,100.00,100.00,100.00,100.00,100.00,100.00,100.00
AIR,TotStock,St. Paul Park,100.00,100.00,100.00,100.00,100.00,100.00,100.00,100.00,100.00
AIR,TotStock,Stillwater,100.00,100.00,100.00,100.00,100.00,100.00,100.00,100.00,100.00
AIR,TotStock,Stillwater Twp.,100.00,100.00,100.00,100.00,100.00,100.00,100.00,100.00,100.00
AIR,TotStock,Sunfish Lake,100.00,100.00,100.00,100.00,100.00,100.00,100.00,100.00,100.00
AIR,TotStock,Tonka Bay,100.00,100.00,100.00,100.00,100.00,100.00,100.00,100.00,100.00
AIR,TotStock,Vadnais Heights,100.00,100.00,100.00,100.00,100.00,100.00,100.00,100.00,100.00
AIR,TotStock,Vermillion,100.00,100.00,100.00,100.00,100.00,100.00,100.00,100.00,100.00
AIR,TotStock,Vermillion Twp.,100.00,100.00,100.00,100.00,100.00,100.00,100.00,100.00,100.00
AIR,TotStock,Victoria,100.00,100.00,100.00,100.00,100.00,100.00,100.00,100.00,100.00
AIR,TotStock,Waconia,100.00,100.00,100.00,100.00,100.00,100.00,100.00,100.00,100.00
AIR,TotStock,Waconia Twp.,100.00,100.00,100.00,100.00,100.00,100.00,100.00,100.00,100.00
AIR,TotStock,Waterford Twp.,100.00,100.00,100.00,100.00,100.00,100.00,100.00,100.00,100.00
AIR,TotStock,Watertown,100.00,100.00,100.00,100.00,100.00,100.00,100.00,100.00,100.00
AIR,TotStock,Watertown Twp.,100.00,100.00,100.00,100.00,100.00,100.00,100.00,100.00,100.00
AIR,TotStock,Wayzata,100.00,100.00,100.00,100.00,100.00,100.00,100.00,100.00,100.00
AIR,TotStock,West Lakeland Twp.,100.00,100.00,100.00,100.00,100.00,100.00,100.00,100.00,100.00
AIR,TotStock,West St. Paul,100.00,100.00,100.00,100.00,100.00,100.00,100.00,100.00,100.00
AIR,TotStock,White Bear Lake,100.00,100.00,100.00,100.00,100.00,100.00,100.00,100.00,100.00
AIR,TotStock,White Bear Lake,100.00,100.00,100.00,100.00,100.00,100.00,100.00,100.00,100.00
AIR,TotStock,White Bear Twp.,100.00,100.00,100.00,100.00,100.00,100.00,100.00,100.00,100.00
AIR,TotStock,Willernie,100.00,100.00,100.00,100.00,100.00,100.00,100.00,100.00,100.00
AIR,TotStock,Woodbury,100.00,100.00,100.00,100.00,100.00,100.00,100.00,100.00,100.00
AIR,TotStock,Woodland,100.00,100.00,100.00,100.00,100.00,100.00,100.00,100.00,100.00
AIR,TotStock,Young America Twp.,100.00,100.00,100.00,100.00,100.00,100.00,100.00,100.00,100.00
AIR,SIStock,Afton,100.00,100.00,100.00,100.00,100.00,100.00,100.00,100.00,100.00
AIR,SIStock,Andover,100.00,100.00,100.00,100.00,100.00,100.00,100.00,100.00,100.00
AIR,SIStock,Anoka,100.00,100.00,100.00,100.00,100.00,100.00,100.00,100.00,100.00
AIR,SIStock,Apple Valley,100.00,100.00,100.00,100.00,100.00,100.00,100.00,100.00,100.00
AIR,SIStock,Arden Hills,100.00,100.00,100.00,100.00,100.00,100.00,100.00,100.00,100.00
AIR,SIStock,Bayport,100.00,100.00,100.00,100.00,100.00,100.00,100.00,100.00,100.00
AIR,SIStock,Baytown Twp.,100.00,100.00,100.00,100.00,100.00,100.00,100.00,100.00,100.00
AIR,SIStock,Belle Plaine,100.00,100.00,100.00,100.00,100.00,100.00,100.00,100.00,100.00
AIR,SIStock,Belle Plaine Twp.,100.00,100.00,100.00,100.00,100.00,100.00,100.00,100.00,100.00
AIR,SIStock,Benton Twp.,100.00,100.00,100.00,100.00,100.00,100.00,100.00,100.00,100.00
AIR,SIStock,Bethel,100.00,100.00,100.00,100.00,100.00,100.00,100.00,100.00,100.00
AIR,SIStock,Birchwood Village,100.00,100.00,100.00,100.00,100.00,100.00,100.00,100.00,100.00
AIR,SIStock,Blaine,100.00,100.00,100.00,100.00,100.00,100.00,100.00,100.00,100.00
AIR,SIStock,Blaine,100.00,100.00,100.00,100.00,100.00,100.00,100.00,100.00,100.00
AIR,SIStock,Blakeley Twp.,100.00,100.00,100.00,100.00,100.00,100.00,100.00,100.00,100.00
AIR,SIStock,Bloomington,100.00,100.00,100.00,100.00,100.00,100.00,100.00,100.00,100.00
AIR,SIStock,Brooklyn Center,100.00,100.00,100.00,100.00,100.00,100.00,100.00,100.00,100.00
AIR,SIStock,Brooklyn Park,100.00,100.00,100.00,100.00,100.00,100.00,100.00,100.00,100.00
AIR,SIStock,Burnsville,100.00,100.00,100.00,100.00,100.00,100.00,100.00,100.00,100.00
AIR,SIStock,Camden Twp.,100.00,100.00,100.00,100.00,100.00,100.00,100.00,100.00,100.00
AIR,SIStock,Carver,100.00,100.00,100.00,100.00,100.00,100.00,100.00,100.00,100.00
AIR,SIStock,Castle Rock Twp.,100.00,100.00,100.00,100.00,100.00,100.00,100.00,100.00,100.00
AIR,SIStock,Cedar Lake Twp.,100.00,100.00,100.00,100.00,100.00,100.00,100.00,100.00,100.00
AIR,SIStock,Centerville,100.00,100.00,100.00,100.00,100.00,100.00,100.00,100.00,100.00
AIR,SIStock,Champlin,100.00,100.00,100.00,100.00,100.00,100.00,100.00,100.00,100.00
AIR,SIStock,Chanhassen,100.00,100.00,100.00,100.00,100.00,100.00,100.00,100.00,100.00
AIR,SIStock,Chanhassen,100.00,100.00,100.00,100.00,100.00,100.00,100.00,100.00,100.00
AIR,SIStock,Chaska,100.00,100.00,100.00,100.00,100.00,100.00,100.00,100.00,100.00
AIR,SIStock,Circle Pines,100.00,100.00,100.00,100.00,100.00,100.00,100.00,100.00,100.00
AIR,SIStock,Coates,100.00,100.00,100.00,100.00,100.00,100.00,100.00,100.00,100.00
AIR,SIStock,Cologne,100.00,100.00,100.00,100.00,100.00,100.00,100.00,100.00,100.00
AIR,SIStock,Columbia Heights,100.00,100.00,100.00,100.00,100.00,100.00,100.00,100.00,100.00
AIR,SIStock,Columbus,100.00,100.00,100.00,100.00,100.00,100.00,100.00,100.00,100.00
AIR,SIStock,Coon Rapids,100.00,100.00,100.00,100.00,100.00,100.00,100.00,100.00,100.00
AIR,SIStock,Corcoran,100.00,100.00,100.00,100.00,100.00,100.00,100.00,100.00,100.00
AIR,SIStock,Cottage Grove,100.00,100.00,100.00,100.00,100.00,100.00,100.00,100.00,100.00
AIR,SIStock,Credit River Twp.,100.00,100.00,100.00,100.00,100.00,100.00,100.00,100.00,100.00
AIR,SIStock,Crystal,100.00,100.00,100.00,100.00,100.00,100.00,100.00,100.00,100.00
AIR,SIStock,Dahlgren Twp.,100.00,100.00,100.00,100.00,100.00,100.00,100.00,100.00,100.00
AIR,SIStock,Dayton,100.00,100.00,100.00,100.00,100.00,100.00,100.00,100.00,100.00
AIR,SIStock,Deephaven,100.00,100.00,100.00,100.00,100.00,100.00,100.00,100.00,100.00
AIR,SIStock,Dellwood,100.00,100.00,100.00,100.00,100.00,100.00,100.00,100.00,100.00
AIR,SIStock,Denmark Twp.,100.00,100.00,100.00,100.00,100.00,100.00,100.00,100.00,100.00
AIR,SIStock,Douglas Twp.,100.00,100.00,100.00,100.00,100.00,100.00,100.00,100.00,100.00
AIR,SIStock,Eagan,100.00,100.00,100.00,100.00,100.00,100.00,100.00,100.00,100.00
AIR,SIStock,East Bethel,100.00,100.00,100.00,100.00,100.00,100.00,100.00,100.00,100.00
AIR,SIStock,Eden Prairie,100.00,100.00,100.00,100.00,100.00,100.00,100.00,100.00,100.00
AIR,SIStock,Edina,100.00,100.00,100.00,100.00,100.00,100.00,100.00,100.00,100.00
AIR,SIStock,Elko New Market,100.00,100.00,100.00,100.00,100.00,100.00,100.00,100.00,100.00
AIR,SIStock,Empire Twp.,100.00,100.00,100.00,100.00,100.00,100.00,100.00,100.00,100.00
AIR,SIStock,Eureka Twp.,100.00,100.00,100.00,100.00,100.00,100.00,100.00,100.00,100.00
AIR,SIStock,Excelsior,100.00,100.00,100.00,100.00,100.00,100.00,100.00,100.00,100.00
AIR,SIStock,Falcon Heights,100.00,100.00,100.00,100.00,100.00,100.00,100.00,100.00,100.00
AIR,SIStock,Farmington,100.00,100.00,100.00,100.00,100.00,100.00,100.00,100.00,100.00
AIR,SIStock,Forest Lake,100.00,100.00,100.00,100.00,100.00,100.00,100.00,100.00,100.00
AIR,SIStock,Fort Snelling UT,100.00,100.00,100.00,100.00,100.00,100.00,100.00,100.00,100.00
AIR,SIStock,Fridley,100.00,100.00,100.00,100.00,100.00,100.00,100.00,100.00,100.00
AIR,SIStock,Gem Lake,100.00,100.00,100.00,100.00,100.00,100.00,100.00,100.00,100.00
AIR,SIStock,Golden Valley,100.00,100.00,100.00,100.00,100.00,100.00,100.00,100.00,100.00
AIR,SIStock,Grant,100.00,100.00,100.00,100.00,100.00,100.00,100.00,100.00,100.00
AIR,SIStock,Greenfield,100.00,100.00,100.00,100.00,100.00,100.00,100.00,100.00,100.00
AIR,SIStock,Greenvale Twp.,100.00,100.00,100.00,100.00,100.00,100.00,100.00,100.00,100.00
AIR,SIStock,Greenwood,100.00,100.00,100.00,100.00,100.00,100.00,100.00,100.00,100.00
AIR,SIStock,Grey Cloud Island Twp.,100.00,100.00,100.00,100.00,100.00,100.00,100.00,100.00,100.00
AIR,SIStock,Ham Lake,100.00,100.00,100.00,100.00,100.00,100.00,100.00,100.00,100.00
AIR,SIStock,Hamburg,100.00,100.00,100.00,100.00,100.00,100.00,100.00,100.00,100.00
AIR,SIStock,Hampton,100.00,100.00,100.00,100.00,100.00,100.00,100.00,100.00,100.00
AIR,SIStock,Hampton Twp.,100.00,100.00,100.00,100.00,100.00,100.00,100.00,100.00,100.00
AIR,SIStock,Hancock Twp.,100.00,100.00,100.00,100.00,100.00,100.00,100.00,100.00,100.00
AIR,SIStock,Hanover,100.00,100.00,100.00,100.00,100.00,100.00,100.00,100.00,100.00
AIR,SIStock,Hastings,100.00,100.00,100.00,100.00,100.00,100.00,100.00,100.00,100.00
AIR,SIStock,Hastings,100.00,100.00,100.00,100.00,100.00,100.00,100.00,100.00,100.00
AIR,SIStock,Helena Twp.,100.00,100.00,100.00,100.00,100.00,100.00,100.00,100.00,100.00
AIR,SIStock,Hilltop,100.00,100.00,100.00,100.00,100.00,100.00,100.00,100.00,100.00
AIR,SIStock,Hollywood Twp.,100.00,100.00,100.00,100.00,100.00,100.00,100.00,100.00,100.00
AIR,SIStock,Hopkins,100.00,100.00,100.00,100.00,100.00,100.00,100.00,100.00,100.00
AIR,SIStock,Hugo,100.00,100.00,100.00,100.00,100.00,100.00,100.00,100.00,100.00
AIR,SIStock,Independence,100.00,100.00,100.00,100.00,100.00,100.00,100.00,100.00,100.00
AIR,SIStock,Inver Grove Heights,100.00,100.00,100.00,100.00,100.00,100.00,100.00,100.00,100.00
AIR,SIStock,Jackson Twp.,100.00,100.00,100.00,100.00,100.00,100.00,100.00,100.00,100.00
AIR,SIStock,Jordan,100.00,100.00,100.00,100.00,100.00,100.00,100.00,100.00,100.00
AIR,SIStock,Lake Elmo,100.00,100.00,100.00,100.00,100.00,100.00,100.00,100.00,100.00
AIR,SIStock,Lake St. Croix Beach,100.00,100.00,100.00,100.00,100.00,100.00,100.00,100.00,100.00
AIR,SIStock,Lakeland,100.00,100.00,100.00,100.00,100.00,100.00,100.00,100.00,100.00
AIR,SIStock,Lakeland Shores,100.00,100.00,100.00,100.00,100.00,100.00,100.00,100.00,100.00
AIR,SIStock,Laketown Twp.,100.00,100.00,100.00,100.00,100.00,100.00,100.00,100.00,100.00
AIR,SIStock,Lakeville,100.00,100.00,100.00,100.00,100.00,100.00,100.00,100.00,100.00
AIR,SIStock,Landfall,100.00,100.00,100.00,100.00,100.00,100.00,100.00,100.00,100.00
AIR,SIStock,Lauderdale,100.00,100.00,100.00,100.00,100.00,100.00,100.00,100.00,100.00
AIR,SIStock,Lexington,100.00,100.00,100.00,100.00,100.00,100.00,100.00,100.00,100.00
AIR,SIStock,Lilydale,100.00,100.00,100.00,100.00,100.00,100.00,100.00,100.00,100.00
AIR,SIStock,Lino Lakes,100.00,100.00,100.00,100.00,100.00,100.00,100.00,100.00,100.00
AIR,SIStock,Linwood Twp.,100.00,100.00,100.00,100.00,100.00,100.00,100.00,100.00,100.00
AIR,SIStock,Little Canada,100.00,100.00,100.00,100.00,100.00,100.00,100.00,100.00,100.00
AIR,SIStock,Long Lake,100.00,100.00,100.00,100.00,100.00,100.00,100.00,100.00,100.00
AIR,SIStock,Loretto,100.00,100.00,100.00,100.00,100.00,100.00,100.00,100.00,100.00
AIR,SIStock,Louisville Twp.,100.00,100.00,100.00,100.00,100.00,100.00,100.00,100.00,100.00
AIR,SIStock,Mahtomedi,100.00,100.00,100.00,100.00,100.00,100.00,100.00,100.00,100.00
AIR,SIStock,Maple Grove,100.00,100.00,100.00,100.00,100.00,100.00,100.00,100.00,100.00
AIR,SIStock,Maple Plain,100.00,100.00,100.00,100.00,100.00,100.00,100.00,100.00,100.00
AIR,SIStock,Maplewood,100.00,100.00,100.00,100.00,100.00,100.00,100.00,100.00,100.00
AIR,SIStock,Marine on St. Croix,100.00,100.00,100.00,100.00,100.00,100.00,100.00,100.00,100.00
AIR,SIStock,Marshan Twp.,100.00,100.00,100.00,100.00,100.00,100.00,100.00,100.00,100.00
AIR,SIStock,May Twp.,100.00,100.00,100.00,100.00,100.00,100.00,100.00,100.00,100.00
AIR,SIStock,Mayer,100.00,100.00,100.00,100.00,100.00,100.00,100.00,100.00,100.00
AIR,SIStock,Medicine Lake,100.00,100.00,100.00,100.00,100.00,100.00,100.00,100.00,100.00
AIR,SIStock,Medina,100.00,100.00,100.00,100.00,100.00,100.00,100.00,100.00,100.00
AIR,SIStock,Mendota,100.00,100.00,100.00,100.00,100.00,100.00,100.00,100.00,100.00
AIR,SIStock,Mendota Heights,100.00,100.00,100.00,100.00,100.00,100.00,100.00,100.00,100.00
AIR,SIStock,Miesville,100.00,100.00,100.00,100.00,100.00,100.00,100.00,100.00,100.00
AIR,SIStock,Minneapolis,100.00,100.00,100.00,100.00,100.00,100.00,100.00,100.00,100.00
AIR,SIStock,Minnetonka,100.00,100.00,100.00,100.00,100.00,100.00,100.00,100.00,100.00
AIR,SIStock,Minnetonka Beach,100.00,100.00,100.00,100.00,100.00,100.00,100.00,100.00,100.00
AIR,SIStock,Minnetrista,100.00,100.00,100.00,100.00,100.00,100.00,100.00,100.00,100.00
AIR,SIStock,Mound,100.00,100.00,100.00,100.00,100.00,100.00,100.00,100.00,100.00
AIR,SIStock,Mounds View,100.00,100.00,100.00,100.00,100.00,100.00,100.00,100.00,100.00
AIR,SIStock,New Brighton,100.00,100.00,100.00,100.00,100.00,100.00,100.00,100.00,100.00
AIR,SIStock,New Germany,100.00,100.00,100.00,100.00,100.00,100.00,100.00,100.00,100.00
AIR,SIStock,New Hope,100.00,100.00,100.00,100.00,100.00,100.00,100.00,100.00,100.00
AIR,SIStock,New Market Twp.,100.00,100.00,100.00,100.00,100.00,100.00,100.00,100.00,100.00
AIR,SIStock,New Prague,100.00,100.00,100.00,100.00,100.00,100.00,100.00,100.00,100.00
AIR,SIStock,New Trier,100.00,100.00,100.00,100.00,100.00,100.00,100.00,100.00,100.00
AIR,SIStock,Newport,100.00,100.00,100.00,100.00,100.00,100.00,100.00,100.00,100.00
AIR,SIStock,Nininger Twp.,100.00,100.00,100.00,100.00,100.00,100.00,100.00,100.00,100.00
AIR,SIStock,North Oaks,100.00,100.00,100.00,100.00,100.00,100.00,100.00,100.00,100.00
AIR,SIStock,North St. Paul,100.00,100.00,100.00,100.00,100.00,100.00,100.00,100.00,100.00
AIR,SIStock,Northfield,100.00,100.00,100.00,100.00,100.00,100.00,100.00,100.00,100.00
AIR,SIStock,Norwood Young America,100.00,100.00,100.00,100.00,100.00,100.00,100.00,100.00,100.00
AIR,SIStock,Nowthen,100.00,100.00,100.00,100.00,100.00,100.00,100.00,100.00,100.00
AIR,SIStock,Oak Grove,100.00,100.00,100.00,100.00,100.00,100.00,100.00,100.00,100.00
AIR,SIStock,Oak Park Heights,100.00,100.00,100.00,100.00,100.00,100.00,100.00,100.00,100.00
AIR,SIStock,Oakdale,100.00,100.00,100.00,100.00,100.00,100.00,100.00,100.00,100.00
AIR,SIStock,Orono,100.00,100.00,100.00,100.00,100.00,100.00,100.00,100.00,100.00
AIR,SIStock,Osseo,100.00,100.00,100.00,100.00,100.00,100.00,100.00,100.00,100.00
AIR,SIStock,Pine Springs,100.00,100.00,100.00,100.00,100.00,100.00,100.00,100.00,100.00
AIR,SIStock,Plymouth,100.00,100.00,100.00,100.00,100.00,100.00,100.00,100.00,100.00
AIR,SIStock,Prior Lake,100.00,100.00,100.00,100.00,100.00,100.00,100.00,100.00,100.00
AIR,SIStock,Ramsey,100.00,100.00,100.00,100.00,100.00,100.00,100.00,100.00,100.00
AIR,SIStock,Randolph,100.00,100.00,100.00,100.00,100.00,100.00,100.00,100.00,100.00
AIR,SIStock,Randolph Twp.,100.00,100.00,100.00,100.00,100.00,100.00,100.00,100.00,100.00
AIR,SIStock,Ravenna Twp.,100.00,100.00,100.00,100.00,100.00,100.00,100.00,100.00,100.00
AIR,SIStock,Richfield,100.00,100.00,100.00,100.00,100.00,100.00,100.00,100.00,100.00
AIR,SIStock,Robbinsdale,100.00,100.00,100.00,100.00,100.00,100.00,100.00,100.00,100.00
AIR,SIStock,Rockford,100.00,100.00,100.00,100.00,100.00,100.00,100.00,100.00,100.00
AIR,SIStock,Rogers,100.00,100.00,100.00,100.00,100.00,100.00,100.00,100.00,100.00
AIR,SIStock,Rosemount,100.00,100.00,100.00,100.00,100.00,100.00,100.00,100.00,100.00
AIR,SIStock,Roseville,100.00,100.00,100.00,100.00,100.00,100.00,100.00,100.00,100.00
AIR,SIStock,San Francisco Twp.,100.00,100.00,100.00,100.00,100.00,100.00,100.00,100.00,100.00
AIR,SIStock,Sand Creek Twp.,100.00,100.00,100.00,100.00,100.00,100.00,100.00,100.00,100.00
AIR,SIStock,Savage,100.00,100.00,100.00,100.00,100.00,100.00,100.00,100.00,100.00
AIR,SIStock,Scandia,100.00,100.00,100.00,100.00,100.00,100.00,100.00,100.00,100.00
AIR,SIStock,Sciota Twp.,100.00,100.00,100.00,100.00,100.00,100.00,100.00,100.00,100.00
AIR,SIStock,Shakopee,100.00,100.00,100.00,100.00,100.00,100.00,100.00,100.00,100.00
AIR,SIStock,Shoreview,100.00,100.00,100.00,100.00,100.00,100.00,100.00,100.00,100.00
AIR,SIStock,Shorewood,100.00,100.00,100.00,100.00,100.00,100.00,100.00,100.00,100.00
AIR,SIStock,South St. Paul,100.00,100.00,100.00,100.00,100.00,100.00,100.00,100.00,100.00
AIR,SIStock,Spring Lake Park,100.00,100.00,100.00,100.00,100.00,100.00,100.00,100.00,100.00
AIR,SIStock,Spring Lake Park,100.00,100.00,100.00,100.00,100.00,100.00,100.00,100.00,100.00
AIR,SIStock,Spring Lake Twp.,100.00,100.00,100.00,100.00,100.00,100.00,100.00,100.00,100.00
AIR,SIStock,Spring Park,100.00,100.00,100.00,100.00,100.00,100.00,100.00,100.00,100.00
AIR,SIStock,St. Anthony,100.00,100.00,100.00,100.00,100.00,100.00,100.00,100.00,100.00
AIR,SIStock,St. Anthony,100.00,100.00,100.00,100.00,100.00,100.00,100.00,100.00,100.00
AIR,SIStock,St. Bonifacius,100.00,100.00,100.00,100.00,100.00,100.00,100.00,100.00,100.00
AIR,SIStock,St. Francis,100.00,100.00,100.00,100.00,100.00,100.00,100.00,100.00,100.00
AIR,SIStock,St. Lawrence Twp.,100.00,100.00,100.00,100.00,100.00,100.00,100.00,100.00,100.00
AIR,SIStock,St. Louis Park,100.00,100.00,100.00,100.00,100.00,100.00,100.00,100.00,100.00
AIR,SIStock,St. Marys Point,100.00,100.00,100.00,100.00,100.00,100.00,100.00,100.00,100.00
AIR,SIStock,St. Paul,100.00,100.00,100.00,100.00,100.00,100.00,100.00,100.00,100.00
AIR,SIStock,St. Paul Park,100.00,100.00,100.00,100.00,100.00,100.00,100.00,100.00,100.00
AIR,SIStock,Stillwater,100.00,100.00,100.00,100.00,100.00,100.00,100.00,100.00,100.00
AIR,SIStock,Stillwater Twp.,100.00,100.00,100.00,100.00,100.00,100.00,100.00,100.00,100.00
AIR,SIStock,Sunfish Lake,100.00,100.00,100.00,100.00,100.00,100.00,100.00,100.00,100.00
AIR,SIStock,Tonka Bay,100.00,100.00,100.00,100.00,100.00,100.00,100.00,100.00,100.00
AIR,SIStock,Vadnais Heights,100.00,100.00,100.00,100.00,100.00,100.00,100.00,100.00,100.00
AIR,SIStock,Vermillion,100.00,100.00,100.00,100.00,100.00,100.00,100.00,100.00,100.00
AIR,SIStock,Vermillion Twp.,100.00,100.00,100.00,100.00,100.00,100.00,100.00,100.00,100.00
AIR,SIStock,Victoria,100.00,100.00,100.00,100.00,100.00,100.00,100.00,100.00,100.00
AIR,SIStock,Waconia,100.00,100.00,100.00,100.00,100.00,100.00,100.00,100.00,100.00
AIR,SIStock,Waconia Twp.,100.00,100.00,100.00,100.00,100.00,100.00,100.00,100.00,100.00
AIR,SIStock,Waterford Twp.,100.00,100.00,100.00,100.00,100.00,100.00,100.00,100.00,100.00
AIR,SIStock,Watertown,100.00,100.00,100.00,100.00,100.00,100.00,100.00,100.00,100.00
AIR,SIStock,Watertown Twp.,100.00,100.00,100.00,100.00,100.00,100.00,100.00,100.00,100.00
AIR,SIStock,Wayzata,100.00,100.00,100.00,100.00,100.00,100.00,100.00,100.00,100.00
AIR,SIStock,West Lakeland Twp.,100.00,100.00,100.00,100.00,100.00,100.00,100.00,100.00,100.00
AIR,SIStock,West St. Paul,100.00,100.00,100.00,100.00,100.00,100.00,100.00,100.00,100.00
AIR,SIStock,White Bear Lake,100.00,100.00,100.00,100.00,100.00,100.00,100.00,100.00,100.00
AIR,SIStock,White Bear Lake,100.00,100.00,100.00,100.00,100.00,100.00,100.00,100.00,100.00
AIR,SIStock,White Bear Twp.,100.00,100.00,100.00,100.00,100.00,100.00,100.00,100.00,100.00
AIR,SIStock,Willernie,100.00,100.00,100.00,100.00,100.00,100.00,100.00,100.00,100.00
AIR,SIStock,Woodbury,100.00,100.00,100.00,100.00,100.00,100.00,100.00,100.00,100.00
AIR,SIStock,Woodland,100.00,100.00,100.00,100.00,100.00,100.00,100.00,100.00,100.00
AIR,SIStock,Young America Twp.,100.00,100.00,100.00,100.00,100.00,100.00,100.00,100.00,100.00
AIR,BEVStock,Afton,0.00,0.00,0.00,0.00,0.00,0.00,0.00,0.00,0.00
AIR,BEVStock,Andover,0.00,0.00,0.00,0.00,0.00,0.00,0.00,0.00,0.00
AIR,BEVStock,Anoka,0.00,0.00,0.00,0.00,0.00,0.00,0.00,0.00,0.00
AIR,BEVStock,Apple Valley,0.00,0.00,0.00,0.00,0.00,0.00,0.00,0.00,0.00
AIR,BEVStock,Arden Hills,0.00,0.00,0.00,0.00,0.00,0.00,0.00,0.00,0.00
AIR,BEVStock,Bayport,0.00,0.00,0.00,0.00,0.00,0.00,0.00,0.00,0.00
AIR,BEVStock,Baytown Twp.,0.00,0.00,0.00,0.00,0.00,0.00,0.00,0.00,0.00
AIR,BEVStock,Belle Plaine,0.00,0.00,0.00,0.00,0.00,0.00,0.00,0.00,0.00
AIR,BEVStock,Belle Plaine Twp.,0.00,0.00,0.00,0.00,0.00,0.00,0.00,0.00,0.00
AIR,BEVStock,Benton Twp.,0.00,0.00,0.00,0.00,0.00,0.00,0.00,0.00,0.00
AIR,BEVStock,Bethel,0.00,0.00,0.00,0.00,0.00,0.00,0.00,0.00,0.00
AIR,BEVStock,Birchwood Village,0.00,0.00,0.00,0.00,0.00,0.00,0.00,0.00,0.00
AIR,BEVStock,Blaine,0.00,0.00,0.00,0.00,0.00,0.00,0.00,0.00,0.00
AIR,BEVStock,Blaine,0.00,0.00,0.00,0.00,0.00,0.00,0.00,0.00,0.00
AIR,BEVStock,Blakeley Twp.,0.00,0.00,0.00,0.00,0.00,0.00,0.00,0.00,0.00
AIR,BEVStock,Bloomington,0.00,0.00,0.00,0.00,0.00,0.00,0.00,0.00,0.00
AIR,BEVStock,Brooklyn Center,0.00,0.00,0.00,0.00,0.00,0.00,0.00,0.00,0.00
AIR,BEVStock,Brooklyn Park,0.00,0.00,0.00,0.00,0.00,0.00,0.00,0.00,0.00
AIR,BEVStock,Burnsville,0.00,0.00,0.00,0.00,0.00,0.00,0.00,0.00,0.00
AIR,BEVStock,Camden Twp.,0.00,0.00,0.00,0.00,0.00,0.00,0.00,0.00,0.00
AIR,BEVStock,Carver,0.00,0.00,0.00,0.00,0.00,0.00,0.00,0.00,0.00
AIR,BEVStock,Castle Rock Twp.,0.00,0.00,0.00,0.00,0.00,0.00,0.00,0.00,0.00
AIR,BEVStock,Cedar Lake Twp.,0.00,0.00,0.00,0.00,0.00,0.00,0.00,0.00,0.00
AIR,BEVStock,Centerville,0.00,0.00,0.00,0.00,0.00,0.00,0.00,0.00,0.00
AIR,BEVStock,Champlin,0.00,0.00,0.00,0.00,0.00,0.00,0.00,0.00,0.00
AIR,BEVStock,Chanhassen,0.00,0.00,0.00,0.00,0.00,0.00,0.00,0.00,0.00
AIR,BEVStock,Chanhassen,0.00,0.00,0.00,0.00,0.00,0.00,0.00,0.00,0.00
AIR,BEVStock,Chaska,0.00,0.00,0.00,0.00,0.00,0.00,0.00,0.00,0.00
AIR,BEVStock,Circle Pines,0.00,0.00,0.00,0.00,0.00,0.00,0.00,0.00,0.00
AIR,BEVStock,Coates,0.00,0.00,0.00,0.00,0.00,0.00,0.00,0.00,0.00
AIR,BEVStock,Cologne,0.00,0.00,0.00,0.00,0.00,0.00,0.00,0.00,0.00
AIR,BEVStock,Columbia Heights,0.00,0.00,0.00,0.00,0.00,0.00,0.00,0.00,0.00
AIR,BEVStock,Columbus,0.00,0.00,0.00,0.00,0.00,0.00,0.00,0.00,0.00
AIR,BEVStock,Coon Rapids,0.00,0.00,0.00,0.00,0.00,0.00,0.00,0.00,0.00
AIR,BEVStock,Corcoran,0.00,0.00,0.00,0.00,0.00,0.00,0.00,0.00,0.00
AIR,BEVStock,Cottage Grove,0.00,0.00,0.00,0.00,0.00,0.00,0.00,0.00,0.00
AIR,BEVStock,Credit River Twp.,0.00,0.00,0.00,0.00,0.00,0.00,0.00,0.00,0.00
AIR,BEVStock,Crystal,0.00,0.00,0.00,0.00,0.00,0.00,0.00,0.00,0.00
AIR,BEVStock,Dahlgren Twp.,0.00,0.00,0.00,0.00,0.00,0.00,0.00,0.00,0.00
AIR,BEVStock,Dayton,0.00,0.00,0.00,0.00,0.00,0.00,0.00,0.00,0.00
AIR,BEVStock,Deephaven,0.00,0.00,0.00,0.00,0.00,0.00,0.00,0.00,0.00
AIR,BEVStock,Dellwood,0.00,0.00,0.00,0.00,0.00,0.00,0.00,0.00,0.00
AIR,BEVStock,Denmark Twp.,0.00,0.00,0.00,0.00,0.00,0.00,0.00,0.00,0.00
AIR,BEVStock,Douglas Twp.,0.00,0.00,0.00,0.00,0.00,0.00,0.00,0.00,0.00
AIR,BEVStock,Eagan,0.00,0.00,0.00,0.00,0.00,0.00,0.00,0.00,0.00
AIR,BEVStock,East Bethel,0.00,0.00,0.00,0.00,0.00,0.00,0.00,0.00,0.00
AIR,BEVStock,Eden Prairie,0.00,0.00,0.00,0.00,0.00,0.00,0.00,0.00,0.00
AIR,BEVStock,Edina,0.00,0.00,0.00,0.00,0.00,0.00,0.00,0.00,0.00
AIR,BEVStock,Elko New Market,0.00,0.00,0.00,0.00,0.00,0.00,0.00,0.00,0.00
AIR,BEVStock,Empire Twp.,0.00,0.00,0.00,0.00,0.00,0.00,0.00,0.00,0.00
AIR,BEVStock,Eureka Twp.,0.00,0.00,0.00,0.00,0.00,0.00,0.00,0.00,0.00
AIR,BEVStock,Excelsior,0.00,0.00,0.00,0.00,0.00,0.00,0.00,0.00,0.00
AIR,BEVStock,Falcon Heights,0.00,0.00,0.00,0.00,0.00,0.00,0.00,0.00,0.00
AIR,BEVStock,Farmington,0.00,0.00,0.00,0.00,0.00,0.00,0.00,0.00,0.00
AIR,BEVStock,Forest Lake,0.00,0.00,0.00,0.00,0.00,0.00,0.00,0.00,0.00
AIR,BEVStock,Fort Snelling UT,0.00,0.00,0.00,0.00,0.00,0.00,0.00,0.00,0.00
AIR,BEVStock,Fridley,0.00,0.00,0.00,0.00,0.00,0.00,0.00,0.00,0.00
AIR,BEVStock,Gem Lake,0.00,0.00,0.00,0.00,0.00,0.00,0.00,0.00,0.00
AIR,BEVStock,Golden Valley,0.00,0.00,0.00,0.00,0.00,0.00,0.00,0.00,0.00
AIR,BEVStock,Grant,0.00,0.00,0.00,0.00,0.00,0.00,0.00,0.00,0.00
AIR,BEVStock,Greenfield,0.00,0.00,0.00,0.00,0.00,0.00,0.00,0.00,0.00
AIR,BEVStock,Greenvale Twp.,0.00,0.00,0.00,0.00,0.00,0.00,0.00,0.00,0.00
AIR,BEVStock,Greenwood,0.00,0.00,0.00,0.00,0.00,0.00,0.00,0.00,0.00
AIR,BEVStock,Grey Cloud Island Twp.,0.00,0.00,0.00,0.00,0.00,0.00,0.00,0.00,0.00
AIR,BEVStock,Ham Lake,0.00,0.00,0.00,0.00,0.00,0.00,0.00,0.00,0.00
AIR,BEVStock,Hamburg,0.00,0.00,0.00,0.00,0.00,0.00,0.00,0.00,0.00
AIR,BEVStock,Hampton,0.00,0.00,0.00,0.00,0.00,0.00,0.00,0.00,0.00
AIR,BEVStock,Hampton Twp.,0.00,0.00,0.00,0.00,0.00,0.00,0.00,0.00,0.00
AIR,BEVStock,Hancock Twp.,0.00,0.00,0.00,0.00,0.00,0.00,0.00,0.00,0.00
AIR,BEVStock,Hanover,0.00,0.00,0.00,0.00,0.00,0.00,0.00,0.00,0.00
AIR,BEVStock,Hastings,0.00,0.00,0.00,0.00,0.00,0.00,0.00,0.00,0.00
AIR,BEVStock,Hastings,0.00,0.00,0.00,0.00,0.00,0.00,0.00,0.00,0.00
AIR,BEVStock,Helena Twp.,0.00,0.00,0.00,0.00,0.00,0.00,0.00,0.00,0.00
AIR,BEVStock,Hilltop,0.00,0.00,0.00,0.00,0.00,0.00,0.00,0.00,0.00
AIR,BEVStock,Hollywood Twp.,0.00,0.00,0.00,0.00,0.00,0.00,0.00,0.00,0.00
AIR,BEVStock,Hopkins,0.00,0.00,0.00,0.00,0.00,0.00,0.00,0.00,0.00
AIR,BEVStock,Hugo,0.00,0.00,0.00,0.00,0.00,0.00,0.00,0.00,0.00
AIR,BEVStock,Independence,0.00,0.00,0.00,0.00,0.00,0.00,0.00,0.00,0.00
AIR,BEVStock,Inver Grove Heights,0.00,0.00,0.00,0.00,0.00,0.00,0.00,0.00,0.00
AIR,BEVStock,Jackson Twp.,0.00,0.00,0.00,0.00,0.00,0.00,0.00,0.00,0.00
AIR,BEVStock,Jordan,0.00,0.00,0.00,0.00,0.00,0.00,0.00,0.00,0.00
AIR,BEVStock,Lake Elmo,0.00,0.00,0.00,0.00,0.00,0.00,0.00,0.00,0.00
AIR,BEVStock,Lake St. Croix Beach,0.00,0.00,0.00,0.00,0.00,0.00,0.00,0.00,0.00
AIR,BEVStock,Lakeland,0.00,0.00,0.00,0.00,0.00,0.00,0.00,0.00,0.00
AIR,BEVStock,Lakeland Shores,0.00,0.00,0.00,0.00,0.00,0.00,0.00,0.00,0.00
AIR,BEVStock,Laketown Twp.,0.00,0.00,0.00,0.00,0.00,0.00,0.00,0.00,0.00
AIR,BEVStock,Lakeville,0.00,0.00,0.00,0.00,0.00,0.00,0.00,0.00,0.00
AIR,BEVStock,Landfall,0.00,0.00,0.00,0.00,0.00,0.00,0.00,0.00,0.00
AIR,BEVStock,Lauderdale,0.00,0.00,0.00,0.00,0.00,0.00,0.00,0.00,0.00
AIR,BEVStock,Lexington,0.00,0.00,0.00,0.00,0.00,0.00,0.00,0.00,0.00
AIR,BEVStock,Lilydale,0.00,0.00,0.00,0.00,0.00,0.00,0.00,0.00,0.00
AIR,BEVStock,Lino Lakes,0.00,0.00,0.00,0.00,0.00,0.00,0.00,0.00,0.00
AIR,BEVStock,Linwood Twp.,0.00,0.00,0.00,0.00,0.00,0.00,0.00,0.00,0.00
AIR,BEVStock,Little Canada,0.00,0.00,0.00,0.00,0.00,0.00,0.00,0.00,0.00
AIR,BEVStock,Long Lake,0.00,0.00,0.00,0.00,0.00,0.00,0.00,0.00,0.00
AIR,BEVStock,Loretto,0.00,0.00,0.00,0.00,0.00,0.00,0.00,0.00,0.00
AIR,BEVStock,Louisville Twp.,0.00,0.00,0.00,0.00,0.00,0.00,0.00,0.00,0.00
AIR,BEVStock,Mahtomedi,0.00,0.00,0.00,0.00,0.00,0.00,0.00,0.00,0.00
AIR,BEVStock,Maple Grove,0.00,0.00,0.00,0.00,0.00,0.00,0.00,0.00,0.00
AIR,BEVStock,Maple Plain,0.00,0.00,0.00,0.00,0.00,0.00,0.00,0.00,0.00
AIR,BEVStock,Maplewood,0.00,0.00,0.00,0.00,0.00,0.00,0.00,0.00,0.00
AIR,BEVStock,Marine on St. Croix,0.00,0.00,0.00,0.00,0.00,0.00,0.00,0.00,0.00
AIR,BEVStock,Marshan Twp.,0.00,0.00,0.00,0.00,0.00,0.00,0.00,0.00,0.00
AIR,BEVStock,May Twp.,0.00,0.00,0.00,0.00,0.00,0.00,0.00,0.00,0.00
AIR,BEVStock,Mayer,0.00,0.00,0.00,0.00,0.00,0.00,0.00,0.00,0.00
AIR,BEVStock,Medicine Lake,0.00,0.00,0.00,0.00,0.00,0.00,0.00,0.00,0.00
AIR,BEVStock,Medina,0.00,0.00,0.00,0.00,0.00,0.00,0.00,0.00,0.00
AIR,BEVStock,Mendota,0.00,0.00,0.00,0.00,0.00,0.00,0.00,0.00,0.00
AIR,BEVStock,Mendota Heights,0.00,0.00,0.00,0.00,0.00,0.00,0.00,0.00,0.00
AIR,BEVStock,Miesville,0.00,0.00,0.00,0.00,0.00,0.00,0.00,0.00,0.00
AIR,BEVStock,Minneapolis,0.00,0.00,0.00,0.00,0.00,0.00,0.00,0.00,0.00
AIR,BEVStock,Minnetonka,0.00,0.00,0.00,0.00,0.00,0.00,0.00,0.00,0.00
AIR,BEVStock,Minnetonka Beach,0.00,0.00,0.00,0.00,0.00,0.00,0.00,0.00,0.00
AIR,BEVStock,Minnetrista,0.00,0.00,0.00,0.00,0.00,0.00,0.00,0.00,0.00
AIR,BEVStock,Mound,0.00,0.00,0.00,0.00,0.00,0.00,0.00,0.00,0.00
AIR,BEVStock,Mounds View,0.00,0.00,0.00,0.00,0.00,0.00,0.00,0.00,0.00
AIR,BEVStock,New Brighton,0.00,0.00,0.00,0.00,0.00,0.00,0.00,0.00,0.00
AIR,BEVStock,New Germany,0.00,0.00,0.00,0.00,0.00,0.00,0.00,0.00,0.00
AIR,BEVStock,New Hope,0.00,0.00,0.00,0.00,0.00,0.00,0.00,0.00,0.00
AIR,BEVStock,New Market Twp.,0.00,0.00,0.00,0.00,0.00,0.00,0.00,0.00,0.00
AIR,BEVStock,New Prague,0.00,0.00,0.00,0.00,0.00,0.00,0.00,0.00,0.00
AIR,BEVStock,New Trier,0.00,0.00,0.00,0.00,0.00,0.00,0.00,0.00,0.00
AIR,BEVStock,Newport,0.00,0.00,0.00,0.00,0.00,0.00,0.00,0.00,0.00
AIR,BEVStock,Nininger Twp.,0.00,0.00,0.00,0.00,0.00,0.00,0.00,0.00,0.00
AIR,BEVStock,North Oaks,0.00,0.00,0.00,0.00,0.00,0.00,0.00,0.00,0.00
AIR,BEVStock,North St. Paul,0.00,0.00,0.00,0.00,0.00,0.00,0.00,0.00,0.00
AIR,BEVStock,Northfield,0.00,0.00,0.00,0.00,0.00,0.00,0.00,0.00,0.00
AIR,BEVStock,Norwood Young America,0.00,0.00,0.00,0.00,0.00,0.00,0.00,0.00,0.00
AIR,BEVStock,Nowthen,0.00,0.00,0.00,0.00,0.00,0.00,0.00,0.00,0.00
AIR,BEVStock,Oak Grove,0.00,0.00,0.00,0.00,0.00,0.00,0.00,0.00,0.00
AIR,BEVStock,Oak Park Heights,0.00,0.00,0.00,0.00,0.00,0.00,0.00,0.00,0.00
AIR,BEVStock,Oakdale,0.00,0.00,0.00,0.00,0.00,0.00,0.00,0.00,0.00
AIR,BEVStock,Orono,0.00,0.00,0.00,0.00,0.00,0.00,0.00,0.00,0.00
AIR,BEVStock,Osseo,0.00,0.00,0.00,0.00,0.00,0.00,0.00,0.00,0.00
AIR,BEVStock,Pine Springs,0.00,0.00,0.00,0.00,0.00,0.00,0.00,0.00,0.00
AIR,BEVStock,Plymouth,0.00,0.00,0.00,0.00,0.00,0.00,0.00,0.00,0.00
AIR,BEVStock,Prior Lake,0.00,0.00,0.00,0.00,0.00,0.00,0.00,0.00,0.00
AIR,BEVStock,Ramsey,0.00,0.00,0.00,0.00,0.00,0.00,0.00,0.00,0.00
AIR,BEVStock,Randolph,0.00,0.00,0.00,0.00,0.00,0.00,0.00,0.00,0.00
AIR,BEVStock,Randolph Twp.,0.00,0.00,0.00,0.00,0.00,0.00,0.00,0.00,0.00
AIR,BEVStock,Ravenna Twp.,0.00,0.00,0.00,0.00,0.00,0.00,0.00,0.00,0.00
AIR,BEVStock,Richfield,0.00,0.00,0.00,0.00,0.00,0.00,0.00,0.00,0.00
AIR,BEVStock,Robbinsdale,0.00,0.00,0.00,0.00,0.00,0.00,0.00,0.00,0.00
AIR,BEVStock,Rockford,0.00,0.00,0.00,0.00,0.00,0.00,0.00,0.00,0.00
AIR,BEVStock,Rogers,0.00,0.00,0.00,0.00,0.00,0.00,0.00,0.00,0.00
AIR,BEVStock,Rosemount,0.00,0.00,0.00,0.00,0.00,0.00,0.00,0.00,0.00
AIR,BEVStock,Roseville,0.00,0.00,0.00,0.00,0.00,0.00,0.00,0.00,0.00
AIR,BEVStock,San Francisco Twp.,0.00,0.00,0.00,0.00,0.00,0.00,0.00,0.00,0.00
AIR,BEVStock,Sand Creek Twp.,0.00,0.00,0.00,0.00,0.00,0.00,0.00,0.00,0.00
AIR,BEVStock,Savage,0.00,0.00,0.00,0.00,0.00,0.00,0.00,0.00,0.00
AIR,BEVStock,Scandia,0.00,0.00,0.00,0.00,0.00,0.00,0.00,0.00,0.00
AIR,BEVStock,Sciota Twp.,0.00,0.00,0.00,0.00,0.00,0.00,0.00,0.00,0.00
AIR,BEVStock,Shakopee,0.00,0.00,0.00,0.00,0.00,0.00,0.00,0.00,0.00
AIR,BEVStock,Shoreview,0.00,0.00,0.00,0.00,0.00,0.00,0.00,0.00,0.00
AIR,BEVStock,Shorewood,0.00,0.00,0.00,0.00,0.00,0.00,0.00,0.00,0.00
AIR,BEVStock,South St. Paul,0.00,0.00,0.00,0.00,0.00,0.00,0.00,0.00,0.00
AIR,BEVStock,Spring Lake Park,0.00,0.00,0.00,0.00,0.00,0.00,0.00,0.00,0.00
AIR,BEVStock,Spring Lake Park,0.00,0.00,0.00,0.00,0.00,0.00,0.00,0.00,0.00
AIR,BEVStock,Spring Lake Twp.,0.00,0.00,0.00,0.00,0.00,0.00,0.00,0.00,0.00
AIR,BEVStock,Spring Park,0.00,0.00,0.00,0.00,0.00,0.00,0.00,0.00,0.00
AIR,BEVStock,St. Anthony,0.00,0.00,0.00,0.00,0.00,0.00,0.00,0.00,0.00
AIR,BEVStock,St. Anthony,0.00,0.00,0.00,0.00,0.00,0.00,0.00,0.00,0.00
AIR,BEVStock,St. Bonifacius,0.00,0.00,0.00,0.00,0.00,0.00,0.00,0.00,0.00
AIR,BEVStock,St. Francis,0.00,0.00,0.00,0.00,0.00,0.00,0.00,0.00,0.00
AIR,BEVStock,St. Lawrence Twp.,0.00,0.00,0.00,0.00,0.00,0.00,0.00,0.00,0.00
AIR,BEVStock,St. Louis Park,0.00,0.00,0.00,0.00,0.00,0.00,0.00,0.00,0.00
AIR,BEVStock,St. Marys Point,0.00,0.00,0.00,0.00,0.00,0.00,0.00,0.00,0.00
AIR,BEVStock,St. Paul,0.00,0.00,0.00,0.00,0.00,0.00,0.00,0.00,0.00
AIR,BEVStock,St. Paul Park,0.00,0.00,0.00,0.00,0.00,0.00,0.00,0.00,0.00
AIR,BEVStock,Stillwater,0.00,0.00,0.00,0.00,0.00,0.00,0.00,0.00,0.00
AIR,BEVStock,Stillwater Twp.,0.00,0.00,0.00,0.00,0.00,0.00,0.00,0.00,0.00
AIR,BEVStock,Sunfish Lake,0.00,0.00,0.00,0.00,0.00,0.00,0.00,0.00,0.00
AIR,BEVStock,Tonka Bay,0.00,0.00,0.00,0.00,0.00,0.00,0.00,0.00,0.00
AIR,BEVStock,Vadnais Heights,0.00,0.00,0.00,0.00,0.00,0.00,0.00,0.00,0.00
AIR,BEVStock,Vermillion,0.00,0.00,0.00,0.00,0.00,0.00,0.00,0.00,0.00
AIR,BEVStock,Vermillion Twp.,0.00,0.00,0.00,0.00,0.00,0.00,0.00,0.00,0.00
AIR,BEVStock,Victoria,0.00,0.00,0.00,0.00,0.00,0.00,0.00,0.00,0.00
AIR,BEVStock,Waconia,0.00,0.00,0.00,0.00,0.00,0.00,0.00,0.00,0.00
AIR,BEVStock,Waconia Twp.,0.00,0.00,0.00,0.00,0.00,0.00,0.00,0.00,0.00
AIR,BEVStock,Waterford Twp.,0.00,0.00,0.00,0.00,0.00,0.00,0.00,0.00,0.00
AIR,BEVStock,Watertown,0.00,0.00,0.00,0.00,0.00,0.00,0.00,0.00,0.00
AIR,BEVStock,Watertown Twp.,0.00,0.00,0.00,0.00,0.00,0.00,0.00,0.00,0.00
AIR,BEVStock,Wayzata,0.00,0.00,0.00,0.00,0.00,0.00,0.00,0.00,0.00
AIR,BEVStock,West Lakeland Twp.,0.00,0.00,0.00,0.00,0.00,0.00,0.00,0.00,0.00
AIR,BEVStock,West St. Paul,0.00,0.00,0.00,0.00,0.00,0.00,0.00,0.00,0.00
AIR,BEVStock,White Bear Lake,0.00,0.00,0.00,0.00,0.00,0.00,0.00,0.00,0.00
AIR,BEVStock,White Bear Lake,0.00,0.00,0.00,0.00,0.00,0.00,0.00,0.00,0.00
AIR,BEVStock,White Bear Twp.,0.00,0.00,0.00,0.00,0.00,0.00,0.00,0.00,0.00
AIR,BEVStock,Willernie,0.00,0.00,0.00,0.00,0.00,0.00,0.00,0.00,0.00
AIR,BEVStock,Woodbury,0.00,0.00,0.00,0.00,0.00,0.00,0.00,0.00,0.00
AIR,BEVStock,Woodland,0.00,0.00,0.00,0.00,0.00,0.00,0.00,0.00,0.00
AIR,BEVStock,Young America Twp.,0.00,0.00,0.00,0.00,0.00,0.00,0.00,0.00,0.00
AIR,SIMPG,All,12.56,12.76,12.89,13.65,14.87,16.06,16.84,17.63,18.42
AIR,BEVElec,All,-1.00,-1.00,-1.00,-1.00,-1.00,-1.00,-1.00,-1.00,-1.00
AIR,AVO,All,1.00,1.00,1.00,1.00,1.00,1.00,1.00,1.00,1.00
AIR,TMT,Afton,29.78,38.25,43.90,52.53,61.62,73.13,93.20,113.26,133.33
AIR,TMT,Andover,323.34,419.39,483.42,606.28,743.06,917.42,1213.92,1510.42,1806.92
AIR,TMT,Anoka,270.57,347.46,398.72,484.83,577.49,695.23,898.41,1101.60,1304.78
AIR,TMT,Apple Valley,583.13,758.08,874.72,1067.85,1276.74,1556.83,2036.37,2515.91,2995.45
AIR,TMT,Arden Hills,203.35,265.40,306.77,387.50,477.96,590.74,782.43,974.11,1165.80
AIR,TMT,Bayport,66.82,86.86,100.22,122.92,147.60,179.09,233.16,287.23,341.30
AIR,TMT,Baytown Twp.,15.84,20.71,23.96,28.74,33.78,40.44,51.99,63.53,75.08
AIR,TMT,Belle Plaine,81.88,109.31,127.59,170.48,220.44,288.40,401.26,514.12,626.98
AIR,TMT,Belle Plaine Twp.,8.13,10.10,11.41,13.23,15.03,17.54,21.98,26.42,30.86
AIR,TMT,Benton Twp.,9.09,11.29,12.76,15.12,17.56,20.73,26.27,31.81,37.36
AIR,TMT,Bethel,5.03,6.50,7.48,9.30,11.31,13.95,18.42,22.90,27.38
AIR,TMT,Birchwood Village,7.69,9.55,10.80,12.65,14.52,16.83,20.95,25.06,29.17
AIR,TMT,Blaine,735.48,972.14,1129.91,1433.47,1774.86,2225.27,2985.51,3745.75,4506.00
AIR,TMT,Blaine,735.48,972.14,1129.91,1433.47,1774.86,2225.27,2985.51,3745.75,4506.00
AIR,TMT,Blakeley Twp.,4.19,5.21,5.89,6.99,8.12,9.67,12.37,15.06,17.75
AIR,TMT,Bloomington,1533.90,1973.89,2267.23,2751.41,3271.13,3951.57,5123.21,6294.84,7466.47
AIR,TMT,Brooklyn Center,370.69,475.84,545.94,663.87,790.80,964.32,1261.39,1558.46,1855.53
AIR,TMT,Brooklyn Park,946.87,1253.20,1457.42,1793.27,2159.92,2649.56,3485.06,4320.57,5156.07
AIR,TMT,Burnsville,831.83,1070.30,1229.28,1494.59,1780.07,2149.66,2786.19,3422.72,4059.25
AIR,TMT,Camden Twp.,8.43,10.51,11.90,13.89,15.89,18.54,23.22,27.90,32.58
AIR,TMT,Carver,47.03,69.96,85.25,132.88,191.35,284.19,434.07,583.94,733.81
AIR,TMT,Castle Rock Twp.,14.62,18.20,20.59,24.28,28.07,32.87,41.34,49.80,58.27
AIR,TMT,Cedar Lake Twp.,26.55,34.69,40.12,49.94,60.80,75.01,99.18,123.35,147.53
AIR,TMT,Centerville,37.16,47.11,53.75,64.49,75.84,91.04,117.32,143.60,169.89
AIR,TMT,Champlin,236.88,297.92,338.62,409.99,486.37,573.75,726.81,879.87,1032.92
AIR,TMT,Chanhassen,328.06,439.68,514.09,654.98,813.99,1024.96,1380.38,1735.80,2091.22
AIR,TMT,Chanhassen,328.06,439.68,514.09,654.98,813.99,1024.96,1380.38,1735.80,2091.22
AIR,TMT,Chaska,327.34,430.53,499.33,644.76,810.54,1017.95,1367.78,1717.61,2067.44
AIR,TMT,Circle Pines,50.27,63.55,72.40,87.59,103.83,124.00,159.01,194.03,229.04
AIR,TMT,Coates,2.42,3.10,3.56,4.22,4.90,5.78,7.32,8.86,10.40
AIR,TMT,Cologne,18.44,25.56,30.30,42.38,56.74,77.10,110.54,143.97,177.41
AIR,TMT,Columbia Heights,206.81,265.12,304.00,370.87,443.13,537.30,699.07,860.84,1022.61
AIR,TMT,Columbus,46.80,60.82,70.16,89.69,111.78,138.63,184.17,229.72,275.27
AIR,TMT,Coon Rapids,764.90,982.46,1127.50,1375.36,1643.19,1995.17,2599.32,3203.47,3807.62
AIR,TMT,Corcoran,64.40,87.59,103.05,140.39,184.30,244.18,343.24,442.30,541.36
AIR,TMT,Cottage Grove,377.47,490.31,565.53,702.92,854.54,1061.81,1413.16,1764.51,2115.85
AIR,TMT,Credit River Twp.,48.08,60.54,68.85,83.83,99.98,118.94,151.95,184.95,217.96
AIR,TMT,Crystal,230.28,291.59,332.46,399.36,470.14,563.15,724.21,885.26,1046.32
AIR,TMT,Dahlgren Twp.,13.35,16.73,18.99,20.89,22.39,25.27,30.56,35.85,41.14
AIR,TMT,Dayton,58.74,82.19,97.83,134.07,176.80,238.52,340.11,441.70,543.28
AIR,TMT,Deephaven,37.76,47.43,53.87,63.70,73.83,87.07,110.26,133.45,156.64
AIR,TMT,Dellwood,12.03,15.41,17.65,21.22,24.99,29.78,38.11,46.43,54.75
AIR,TMT,Denmark Twp.,21.32,27.36,31.38,38.95,47.29,58.37,77.22,96.08,114.93
AIR,TMT,Douglas Twp.,7.18,9.13,10.43,12.44,14.54,17.34,22.21,27.07,31.94
AIR,TMT,Eagan,1042.04,1350.98,1556.94,1900.20,2271.35,2755.22,3586.24,4417.26,5248.27
AIR,TMT,East Bethel,116.27,150.30,173.00,228.64,293.04,378.03,519.84,661.66,803.48
AIR,TMT,Eden Prairie,1018.37,1331.91,1540.93,1911.08,2318.67,2851.72,3760.01,4668.31,5576.60
AIR,TMT,Edina,862.14,1108.15,1272.17,1543.22,1834.01,2189.40,2806.26,3423.12,4039.97
AIR,TMT,Elko New Market,52.65,77.96,94.83,131.65,175.29,241.25,349.27,457.29,565.31
AIR,TMT,Empire Twp.,26.88,36.58,43.05,57.26,73.77,95.81,132.52,169.22,205.92
AIR,TMT,Eureka Twp.,16.44,20.63,23.43,28.64,34.28,41.44,53.75,66.07,78.39
AIR,TMT,Excelsior,39.80,51.12,58.67,71.33,84.95,101.10,129.21,157.32,185.42
AIR,TMT,Falcon Heights,94.04,119.31,136.15,163.54,192.50,230.09,295.27,360.44,425.62
AIR,TMT,Farmington,240.01,316.10,366.82,468.15,582.66,735.13,991.79,1248.44,1505.10
AIR,TMT,Forest Lake,234.36,309.41,359.44,457.94,569.10,715.20,961.56,1207.91,1454.26
AIR,TMT,Fort Snelling UT,209.65,268.25,307.32,368.85,433.86,519.77,668.51,817.25,965.99
AIR,TMT,Fridley,439.69,565.98,650.17,795.97,954.21,1146.56,1478.93,1811.29,2143.66
AIR,TMT,Gem Lake,8.57,11.22,12.99,15.77,18.76,22.70,29.48,36.25,43.03
AIR,TMT,Golden Valley,480.06,613.80,702.95,849.03,1004.82,1208.27,1559.63,1910.99,2262.36
AIR,TMT,Grant,39.87,50.27,57.19,69.24,82.12,99.28,128.81,158.33,187.86
AIR,TMT,Greenfield,31.04,40.22,46.35,58.28,71.60,88.85,118.11,147.36,176.62
AIR,TMT,Greenvale Twp.,7.85,10.21,11.79,14.62,17.73,21.31,27.48,33.66,39.83
AIR,TMT,Greenwood,6.76,8.52,9.69,11.49,13.34,15.64,19.68,23.73,27.78
AIR,TMT,Grey Cloud Island Twp.,2.72,3.52,4.05,4.72,5.40,6.28,7.82,9.37,10.92
AIR,TMT,Ham Lake,165.11,212.53,244.14,302.48,366.65,445.38,580.49,715.59,850.70
AIR,TMT,Hamburg,5.46,6.90,7.85,9.67,11.65,14.34,18.93,23.51,28.09
AIR,TMT,Hampton,7.26,9.23,10.55,12.81,15.23,18.35,23.72,29.10,34.47
AIR,TMT,Hampton Twp.,8.73,11.05,12.60,15.46,18.58,22.71,29.78,36.85,43.91
AIR,TMT,Hancock Twp.,3.14,3.98,4.54,5.60,6.76,8.17,10.60,13.03,15.46
AIR,TMT,Hanover,31.06,40.56,46.90,57.32,68.61,83.65,109.40,135.15,160.90
AIR,TMT,Hastings,275.68,352.44,403.60,501.55,609.63,752.05,994.34,1236.63,1478.91
AIR,TMT,Hastings,275.68,352.44,403.60,501.55,609.63,752.05,994.34,1236.63,1478.91
AIR,TMT,Helena Twp.,16.13,20.67,23.69,28.15,32.78,38.67,48.98,59.30,69.61
AIR,TMT,Hilltop,10.21,13.65,15.95,19.92,24.32,30.18,40.13,50.07,60.01
AIR,TMT,Hollywood Twp.,10.00,12.68,14.46,18.03,21.97,26.40,34.04,41.69,49.34
AIR,TMT,Hopkins,269.35,355.08,412.23,499.39,592.72,711.19,916.08,1120.97,1325.86
AIR,TMT,Hugo,152.44,207.46,244.14,335.83,444.13,590.67,832.80,1074.93,1317.05
AIR,TMT,Independence,37.24,48.10,55.33,67.53,80.72,98.02,127.70,157.38,187.06
AIR,TMT,Inver Grove Heights,398.51,517.94,597.55,749.51,918.71,1146.53,1531.90,1917.26,2302.63
AIR,TMT,Jackson Twp.,14.97,19.45,22.43,26.88,31.58,38.05,49.21,60.37,71.53
AIR,TMT,Jordan,69.96,94.96,111.63,144.65,182.39,234.08,320.50,406.92,493.34
AIR,TMT,Lake Elmo,101.36,139.16,164.36,224.22,294.66,392.95,555.22,717.50,879.78
AIR,TMT,Lake St. Croix Beach,10.35,13.05,14.84,17.88,21.11,24.90,31.55,38.19,44.83
AIR,TMT,Lakeland,18.27,22.92,26.02,30.68,35.46,41.94,53.25,64.56,75.88
AIR,TMT,Lakeland Shores,2.97,3.77,4.29,5.23,6.25,7.47,9.59,11.71,13.83
AIR,TMT,Laketown Twp.,17.13,18.62,19.60,16.82,12.09,7.17,0.10,-6.97,-14.04
AIR,TMT,Lakeville,659.57,871.10,1012.11,1289.50,1602.54,2001.00,2674.83,3348.65,4022.48
AIR,TMT,Landfall,6.07,7.51,8.47,9.89,11.31,13.25,16.66,20.06,23.47
AIR,TMT,Lauderdale,27.61,35.19,40.24,48.05,56.24,66.94,85.55,104.17,122.78
AIR,TMT,Lexington,22.59,28.91,33.12,40.71,48.97,59.47,77.48,95.48,113.49
AIR,TMT,Lilydale,10.64,15.15,18.16,21.73,25.50,30.38,38.86,47.35,55.83
AIR,TMT,Lino Lakes,220.98,290.82,337.38,433.95,543.73,690.28,936.32,1182.36,1428.39
AIR,TMT,Linwood Twp.,46.64,58.62,66.60,78.14,89.86,105.29,132.47,159.64,186.82
AIR,TMT,Little Canada,139.17,180.05,207.31,252.94,302.26,361.55,464.32,567.10,669.87
AIR,TMT,Long Lake,25.38,32.23,36.81,45.59,55.24,66.35,85.55,104.75,123.95
AIR,TMT,Loretto,8.82,11.03,12.51,15.05,17.73,21.12,27.00,32.89,38.77
AIR,TMT,Louisville Twp.,14.09,18.07,20.72,24.80,29.08,34.49,43.94,53.38,62.82
AIR,TMT,Mahtomedi,86.45,109.66,125.14,148.98,173.86,206.17,262.53,318.90,375.26
AIR,TMT,Maple Grove,869.31,1152.31,1340.98,1689.36,2078.81,2587.79,3449.78,4311.77,5173.76
AIR,TMT,Maple Plain,31.26,40.99,47.48,59.18,72.13,88.56,116.59,144.62,172.65
AIR,TMT,Maplewood,608.62,794.78,918.89,1128.88,1357.72,1649.53,2150.21,2650.90,3151.58
AIR,TMT,Marine on St. Croix,7.34,9.42,10.81,13.60,16.72,20.81,27.73,34.66,41.59
AIR,TMT,Marshan Twp.,11.23,14.58,16.81,20.79,25.16,30.89,40.66,50.42,60.19
AIR,TMT,May Twp.,25.82,33.29,38.26,49.13,61.45,77.38,104.20,131.03,157.85
AIR,TMT,Mayer,17.97,23.75,27.60,36.06,45.77,58.37,79.49,100.62,121.74
AIR,TMT,Medicine Lake,3.62,4.76,5.52,6.76,8.11,9.76,12.62,15.47,18.33
AIR,TMT,Medina,85.85,119.60,142.09,178.70,219.56,272.95,363.43,453.91,544.39
AIR,TMT,Mendota,4.24,5.45,6.26,7.78,9.46,11.36,14.64,17.92,21.20
AIR,TMT,Mendota Heights,204.48,262.88,301.81,363.46,428.93,509.00,648.60,788.20,927.79
AIR,TMT,Miesville,2.17,2.78,3.19,3.85,4.56,5.38,6.81,8.25,9.68
AIR,TMT,Minneapolis,6075.51,7867.95,9062.92,10981.96,13037.77,15762.30,20451.26,25140.21,29829.17
AIR,TMT,Minnetonka,872.80,1141.14,1320.04,1631.95,1974.26,2406.59,3146.92,3887.26,4627.59
AIR,TMT,Minnetonka Beach,6.12,7.60,8.59,9.96,11.31,13.55,17.41,21.28,25.15
AIR,TMT,Minnetrista,68.28,91.50,106.98,139.93,177.83,231.78,321.49,411.19,500.90
AIR,TMT,Mound,89.71,113.17,128.82,156.43,186.09,222.32,285.17,348.02,410.88
AIR,TMT,Mounds View,163.02,205.84,234.39,279.91,327.64,388.47,494.58,600.70,706.81
AIR,TMT,New Brighton,277.02,355.94,408.56,495.77,589.38,714.20,928.70,1143.20,1357.70
AIR,TMT,New Germany,4.02,5.37,6.27,8.58,11.31,14.54,19.94,25.33,30.72
AIR,TMT,New Hope,278.52,353.59,403.64,488.48,579.21,697.23,900.91,1104.59,1308.27
AIR,TMT,New Market Twp.,33.54,42.72,48.84,57.50,66.35,78.38,99.43,120.48,141.53
AIR,TMT,New Prague,92.40,121.05,140.15,178.10,220.84,276.07,369.41,462.75,556.10
AIR,TMT,New Trier,1.42,1.89,2.21,2.62,3.04,3.59,4.54,5.50,6.46
AIR,TMT,Newport,46.02,59.55,68.57,85.11,103.34,126.19,165.30,204.40,243.50
AIR,TMT,Nininger Twp.,9.48,11.82,13.38,16.38,19.62,23.63,30.54,37.44,44.35
AIR,TMT,North Oaks,51.61,66.21,75.94,91.95,109.08,131.06,169.03,207.01,244.99
AIR,TMT,North St. Paul,128.18,163.17,186.49,221.36,257.55,306.32,391.19,476.06,560.93
AIR,TMT,Northfield,254.92,330.99,381.70,465.36,555.69,672.72,873.96,1075.20,1276.44
AIR,TMT,Norwood Young America,47.17,64.35,75.81,110.70,152.83,202.69,285.15,367.60,450.05
AIR,TMT,Nowthen,42.67,54.55,62.47,78.37,96.07,118.23,155.96,193.70,231.43
AIR,TMT,Oak Grove,79.21,101.76,116.79,145.40,177.02,217.99,287.77,357.55,427.32
AIR,TMT,Oak Park Heights,84.71,113.24,132.26,166.33,204.34,252.02,333.14,414.27,495.39
AIR,TMT,Oakdale,328.37,424.34,488.32,595.36,710.96,859.62,1115.45,1371.28,1627.11
AIR,TMT,Orono,81.39,104.67,120.19,148.12,178.66,217.94,285.20,352.45,419.70
AIR,TMT,Osseo,38.23,49.51,57.04,70.59,85.49,104.89,137.99,171.10,204.20
AIR,TMT,Pine Springs,4.20,5.29,6.01,6.98,7.94,9.26,11.61,13.95,16.30
AIR,TMT,Plymouth,1069.61,1386.28,1597.40,1948.87,2328.73,2818.86,3661.72,4504.58,5347.44
AIR,TMT,Prior Lake,252.92,340.42,398.75,523.44,667.17,848.74,1153.33,1457.91,1762.50
AIR,TMT,Ramsey,266.51,350.23,406.05,518.28,645.13,806.85,1080.14,1353.43,1626.72
AIR,TMT,Randolph,4.88,6.15,6.99,8.29,9.63,11.16,13.88,16.60,19.33
AIR,TMT,Randolph Twp.,7.02,9.05,10.40,12.26,14.17,16.72,21.20,25.67,30.15
AIR,TMT,Ravenna Twp.,20.72,26.03,29.57,35.61,42.03,50.30,64.63,78.96,93.29
AIR,TMT,Richfield,452.63,576.32,658.77,785.76,918.64,1091.66,1392.97,1694.29,1995.60
AIR,TMT,Robbinsdale,184.31,233.84,266.86,319.50,374.92,445.25,567.79,690.33,812.87
AIR,TMT,Rockford,47.47,62.42,72.38,89.01,107.15,130.33,170.07,209.81,249.55
AIR,TMT,Rogers,193.57,265.85,314.04,415.06,531.96,688.27,948.81,1209.35,1469.89
AIR,TMT,Rosemount,278.84,375.05,439.19,574.27,729.57,939.33,1289.60,1639.87,1990.14
AIR,TMT,Roseville,605.65,765.63,872.28,1042.42,1221.02,1455.38,1862.62,2269.86,2677.10
AIR,TMT,San Francisco Twp.,7.87,10.07,11.53,14.31,17.36,21.09,27.48,33.88,40.27
AIR,TMT,Sand Creek Twp.,15.58,19.34,21.84,25.65,29.52,34.74,43.91,53.08,62.25
AIR,TMT,Savage,325.48,435.68,509.15,637.49,780.16,963.17,1274.38,1585.60,1896.81
AIR,TMT,Scandia,40.41,52.08,59.86,74.13,89.83,109.53,143.27,177.00,210.74
AIR,TMT,Sciota Twp.,4.54,6.23,7.36,9.30,11.48,14.15,18.70,23.25,27.79
AIR,TMT,Shakopee,537.60,719.26,840.37,1054.73,1293.53,1609.66,2145.14,2680.62,3216.09
AIR,TMT,Shoreview,329.99,422.75,484.59,580.80,682.26,811.82,1037.24,1262.65,1488.07
AIR,TMT,Shorewood,74.13,93.69,106.72,127.48,149.25,177.67,227.10,276.53,325.96
AIR,TMT,South St. Paul,259.01,332.52,381.53,455.77,533.65,638.48,820.16,1001.83,1183.50
AIR,TMT,Spring Lake Park,83.97,107.06,122.45,148.52,176.48,213.66,277.60,341.54,405.48
AIR,TMT,Spring Lake Park,83.97,107.06,122.45,148.52,176.48,213.66,277.60,341.54,405.48
AIR,TMT,Spring Lake Twp.,35.81,45.59,52.12,64.38,77.84,92.44,117.88,143.32,168.76
AIR,TMT,Spring Park,19.84,25.09,28.59,34.82,41.54,49.90,64.35,78.80,93.25
AIR,TMT,St. Anthony,100.95,129.46,148.47,177.60,208.23,247.33,315.45,383.58,451.70
AIR,TMT,St. Anthony,100.95,129.46,148.47,177.60,208.23,247.33,315.45,383.58,451.70
AIR,TMT,St. Bonifacius,23.43,28.87,32.50,38.51,44.74,52.99,67.41,81.82,96.23
AIR,TMT,St. Francis,82.94,109.73,127.59,169.76,218.75,283.52,391.42,499.31,607.21
AIR,TMT,St. Lawrence Twp.,5.03,6.65,7.73,10.04,12.68,16.24,22.18,28.13,34.08
AIR,TMT,St. Louis Park,767.90,981.41,1123.74,1354.97,1600.97,1925.46,2485.81,3046.15,3606.49
AIR,TMT,St. Marys Point,3.39,4.30,4.91,5.82,6.76,7.97,10.09,12.22,14.35
AIR,TMT,St. Paul,4203.37,5433.21,6253.10,7581.72,9006.18,10866.41,14071.99,17277.56,20483.14
AIR,TMT,St. Paul Park,64.06,84.51,98.15,125.03,155.37,194.24,259.93,325.63,391.33
AIR,TMT,Stillwater,256.15,332.85,383.99,468.14,559.00,673.36,870.63,1067.90,1265.17
AIR,TMT,Stillwater Twp.,22.40,28.39,32.39,39.54,47.29,57.08,73.94,90.81,107.68
AIR,TMT,Sunfish Lake,4.67,5.92,6.75,7.85,8.95,10.26,12.62,14.98,17.34
AIR,TMT,Tonka Bay,15.73,19.98,22.82,27.48,32.42,38.65,49.46,60.28,71.09
AIR,TMT,Vadnais Heights,178.32,234.74,272.36,335.12,403.65,490.08,638.43,786.78,935.13
AIR,TMT,Vermillion,4.64,5.98,6.87,8.43,10.13,12.15,15.65,19.14,22.63
AIR,TMT,Vermillion Twp.,11.40,14.50,16.57,19.99,23.63,28.16,36.04,43.92,51.79
AIR,TMT,Victoria,90.70,125.34,148.43,196.82,252.93,328.48,454.25,580.03,705.80
AIR,TMT,Waconia,164.86,226.39,267.41,371.44,494.83,632.54,863.11,1093.68,1324.25
AIR,TMT,Waconia Twp.,12.49,16.47,19.13,24.12,29.71,36.04,46.91,57.79,68.67
AIR,TMT,Waterford Twp.,10.51,13.41,15.35,18.33,21.45,25.49,32.53,39.57,46.61
AIR,TMT,Watertown,45.05,59.55,69.22,92.11,118.70,153.70,212.01,270.32,328.64
AIR,TMT,Watertown Twp.,13.71,17.03,19.25,22.60,26.01,30.59,38.64,46.68,54.73
AIR,TMT,Wayzata,74.46,95.60,109.69,133.63,159.45,190.17,243.53,296.89,350.24
AIR,TMT,West Lakeland Twp.,38.10,48.50,55.44,65.28,75.35,87.77,109.75,131.74,153.73
AIR,TMT,West St. Paul,243.42,312.31,358.24,435.39,518.37,628.49,817.68,1006.87,1196.06
AIR,TMT,White Bear Lake,309.04,390.80,445.32,535.02,629.96,753.08,966.58,1180.07,1393.56
AIR,TMT,White Bear Lake,309.04,390.80,445.32,535.02,629.96,753.08,966.58,1180.07,1393.56
AIR,TMT,White Bear Twp.,120.21,154.83,177.90,214.75,254.01,305.20,393.66,482.12,570.58
AIR,TMT,Willernie,6.11,7.75,8.85,10.41,12.01,14.15,17.92,21.68,25.44
AIR,TMT,Woodbury,770.81,1019.41,1185.15,1479.28,1805.25,2225.29,2940.16,3655.03,4369.91
AIR,TMT,Woodland,3.96,5.04,5.77,6.75,7.75,9.13,11.56,13.98,16.41
AIR,TMT,Young America Twp.,7.04,8.65,9.72,11.42,13.16,15.61,19.89,24.16,28.44
WAT,TotStock,Afton,100.00,100.00,100.00,100.00,100.00,100.00,100.00,100.00,100.00
WAT,TotStock,Andover,100.00,100.00,100.00,100.00,100.00,100.00,100.00,100.00,100.00
WAT,TotStock,Anoka,100.00,100.00,100.00,100.00,100.00,100.00,100.00,100.00,100.00
WAT,TotStock,Apple Valley,100.00,100.00,100.00,100.00,100.00,100.00,100.00,100.00,100.00
WAT,TotStock,Arden Hills,100.00,100.00,100.00,100.00,100.00,100.00,100.00,100.00,100.00
WAT,TotStock,Bayport,100.00,100.00,100.00,100.00,100.00,100.00,100.00,100.00,100.00
WAT,TotStock,Baytown Twp.,100.00,100.00,100.00,100.00,100.00,100.00,100.00,100.00,100.00
WAT,TotStock,Belle Plaine,100.00,100.00,100.00,100.00,100.00,100.00,100.00,100.00,100.00
WAT,TotStock,Belle Plaine Twp.,100.00,100.00,100.00,100.00,100.00,100.00,100.00,100.00,100.00
WAT,TotStock,Benton Twp.,100.00,100.00,100.00,100.00,100.00,100.00,100.00,100.00,100.00
WAT,TotStock,Bethel,100.00,100.00,100.00,100.00,100.00,100.00,100.00,100.00,100.00
WAT,TotStock,Birchwood Village,100.00,100.00,100.00,100.00,100.00,100.00,100.00,100.00,100.00
WAT,TotStock,Blaine,100.00,100.00,100.00,100.00,100.00,100.00,100.00,100.00,100.00
WAT,TotStock,Blaine,100.00,100.00,100.00,100.00,100.00,100.00,100.00,100.00,100.00
WAT,TotStock,Blakeley Twp.,100.00,100.00,100.00,100.00,100.00,100.00,100.00,100.00,100.00
WAT,TotStock,Bloomington,100.00,100.00,100.00,100.00,100.00,100.00,100.00,100.00,100.00
WAT,TotStock,Brooklyn Center,100.00,100.00,100.00,100.00,100.00,100.00,100.00,100.00,100.00
WAT,TotStock,Brooklyn Park,100.00,100.00,100.00,100.00,100.00,100.00,100.00,100.00,100.00
WAT,TotStock,Burnsville,100.00,100.00,100.00,100.00,100.00,100.00,100.00,100.00,100.00
WAT,TotStock,Camden Twp.,100.00,100.00,100.00,100.00,100.00,100.00,100.00,100.00,100.00
WAT,TotStock,Carver,100.00,100.00,100.00,100.00,100.00,100.00,100.00,100.00,100.00
WAT,TotStock,Castle Rock Twp.,100.00,100.00,100.00,100.00,100.00,100.00,100.00,100.00,100.00
WAT,TotStock,Cedar Lake Twp.,100.00,100.00,100.00,100.00,100.00,100.00,100.00,100.00,100.00
WAT,TotStock,Centerville,100.00,100.00,100.00,100.00,100.00,100.00,100.00,100.00,100.00
WAT,TotStock,Champlin,100.00,100.00,100.00,100.00,100.00,100.00,100.00,100.00,100.00
WAT,TotStock,Chanhassen,100.00,100.00,100.00,100.00,100.00,100.00,100.00,100.00,100.00
WAT,TotStock,Chanhassen,100.00,100.00,100.00,100.00,100.00,100.00,100.00,100.00,100.00
WAT,TotStock,Chaska,100.00,100.00,100.00,100.00,100.00,100.00,100.00,100.00,100.00
WAT,TotStock,Circle Pines,100.00,100.00,100.00,100.00,100.00,100.00,100.00,100.00,100.00
WAT,TotStock,Coates,100.00,100.00,100.00,100.00,100.00,100.00,100.00,100.00,100.00
WAT,TotStock,Cologne,100.00,100.00,100.00,100.00,100.00,100.00,100.00,100.00,100.00
WAT,TotStock,Columbia Heights,100.00,100.00,100.00,100.00,100.00,100.00,100.00,100.00,100.00
WAT,TotStock,Columbus,100.00,100.00,100.00,100.00,100.00,100.00,100.00,100.00,100.00
WAT,TotStock,Coon Rapids,100.00,100.00,100.00,100.00,100.00,100.00,100.00,100.00,100.00
WAT,TotStock,Corcoran,100.00,100.00,100.00,100.00,100.00,100.00,100.00,100.00,100.00
WAT,TotStock,Cottage Grove,100.00,100.00,100.00,100.00,100.00,100.00,100.00,100.00,100.00
WAT,TotStock,Credit River Twp.,100.00,100.00,100.00,100.00,100.00,100.00,100.00,100.00,100.00
WAT,TotStock,Crystal,100.00,100.00,100.00,100.00,100.00,100.00,100.00,100.00,100.00
WAT,TotStock,Dahlgren Twp.,100.00,100.00,100.00,100.00,100.00,100.00,100.00,100.00,100.00
WAT,TotStock,Dayton,100.00,100.00,100.00,100.00,100.00,100.00,100.00,100.00,100.00
WAT,TotStock,Deephaven,100.00,100.00,100.00,100.00,100.00,100.00,100.00,100.00,100.00
WAT,TotStock,Dellwood,100.00,100.00,100.00,100.00,100.00,100.00,100.00,100.00,100.00
WAT,TotStock,Denmark Twp.,100.00,100.00,100.00,100.00,100.00,100.00,100.00,100.00,100.00
WAT,TotStock,Douglas Twp.,100.00,100.00,100.00,100.00,100.00,100.00,100.00,100.00,100.00
WAT,TotStock,Eagan,100.00,100.00,100.00,100.00,100.00,100.00,100.00,100.00,100.00
WAT,TotStock,East Bethel,100.00,100.00,100.00,100.00,100.00,100.00,100.00,100.00,100.00
WAT,TotStock,Eden Prairie,100.00,100.00,100.00,100.00,100.00,100.00,100.00,100.00,100.00
WAT,TotStock,Edina,100.00,100.00,100.00,100.00,100.00,100.00,100.00,100.00,100.00
WAT,TotStock,Elko New Market,100.00,100.00,100.00,100.00,100.00,100.00,100.00,100.00,100.00
WAT,TotStock,Empire Twp.,100.00,100.00,100.00,100.00,100.00,100.00,100.00,100.00,100.00
WAT,TotStock,Eureka Twp.,100.00,100.00,100.00,100.00,100.00,100.00,100.00,100.00,100.00
WAT,TotStock,Excelsior,100.00,100.00,100.00,100.00,100.00,100.00,100.00,100.00,100.00
WAT,TotStock,Falcon Heights,100.00,100.00,100.00,100.00,100.00,100.00,100.00,100.00,100.00
WAT,TotStock,Farmington,100.00,100.00,100.00,100.00,100.00,100.00,100.00,100.00,100.00
WAT,TotStock,Forest Lake,100.00,100.00,100.00,100.00,100.00,100.00,100.00,100.00,100.00
WAT,TotStock,Fort Snelling UT,100.00,100.00,100.00,100.00,100.00,100.00,100.00,100.00,100.00
WAT,TotStock,Fridley,100.00,100.00,100.00,100.00,100.00,100.00,100.00,100.00,100.00
WAT,TotStock,Gem Lake,100.00,100.00,100.00,100.00,100.00,100.00,100.00,100.00,100.00
WAT,TotStock,Golden Valley,100.00,100.00,100.00,100.00,100.00,100.00,100.00,100.00,100.00
WAT,TotStock,Grant,100.00,100.00,100.00,100.00,100.00,100.00,100.00,100.00,100.00
WAT,TotStock,Greenfield,100.00,100.00,100.00,100.00,100.00,100.00,100.00,100.00,100.00
WAT,TotStock,Greenvale Twp.,100.00,100.00,100.00,100.00,100.00,100.00,100.00,100.00,100.00
WAT,TotStock,Greenwood,100.00,100.00,100.00,100.00,100.00,100.00,100.00,100.00,100.00
WAT,TotStock,Grey Cloud Island Twp.,100.00,100.00,100.00,100.00,100.00,100.00,100.00,100.00,100.00
WAT,TotStock,Ham Lake,100.00,100.00,100.00,100.00,100.00,100.00,100.00,100.00,100.00
WAT,TotStock,Hamburg,100.00,100.00,100.00,100.00,100.00,100.00,100.00,100.00,100.00
WAT,TotStock,Hampton,100.00,100.00,100.00,100.00,100.00,100.00,100.00,100.00,100.00
WAT,TotStock,Hampton Twp.,100.00,100.00,100.00,100.00,100.00,100.00,100.00,100.00,100.00
WAT,TotStock,Hancock Twp.,100.00,100.00,100.00,100.00,100.00,100.00,100.00,100.00,100.00
WAT,TotStock,Hanover,100.00,100.00,100.00,100.00,100.00,100.00,100.00,100.00,100.00
WAT,TotStock,Hastings,100.00,100.00,100.00,100.00,100.00,100.00,100.00,100.00,100.00
WAT,TotStock,Hastings,100.00,100.00,100.00,100.00,100.00,100.00,100.00,100.00,100.00
WAT,TotStock,Helena Twp.,100.00,100.00,100.00,100.00,100.00,100.00,100.00,100.00,100.00
WAT,TotStock,Hilltop,100.00,100.00,100.00,100.00,100.00,100.00,100.00,100.00,100.00
WAT,TotStock,Hollywood Twp.,100.00,100.00,100.00,100.00,100.00,100.00,100.00,100.00,100.00
WAT,TotStock,Hopkins,100.00,100.00,100.00,100.00,100.00,100.00,100.00,100.00,100.00
WAT,TotStock,Hugo,100.00,100.00,100.00,100.00,100.00,100.00,100.00,100.00,100.00
WAT,TotStock,Independence,100.00,100.00,100.00,100.00,100.00,100.00,100.00,100.00,100.00
WAT,TotStock,Inver Grove Heights,100.00,100.00,100.00,100.00,100.00,100.00,100.00,100.00,100.00
WAT,TotStock,Jackson Twp.,100.00,100.00,100.00,100.00,100.00,100.00,100.00,100.00,100.00
WAT,TotStock,Jordan,100.00,100.00,100.00,100.00,100.00,100.00,100.00,100.00,100.00
WAT,TotStock,Lake Elmo,100.00,100.00,100.00,100.00,100.00,100.00,100.00,100.00,100.00
WAT,TotStock,Lake St. Croix Beach,100.00,100.00,100.00,100.00,100.00,100.00,100.00,100.00,100.00
WAT,TotStock,Lakeland,100.00,100.00,100.00,100.00,100.00,100.00,100.00,100.00,100.00
WAT,TotStock,Lakeland Shores,100.00,100.00,100.00,100.00,100.00,100.00,100.00,100.00,100.00
WAT,TotStock,Laketown Twp.,100.00,100.00,100.00,100.00,100.00,100.00,100.00,100.00,100.00
WAT,TotStock,Lakeville,100.00,100.00,100.00,100.00,100.00,100.00,100.00,100.00,100.00
WAT,TotStock,Landfall,100.00,100.00,100.00,100.00,100.00,100.00,100.00,100.00,100.00
WAT,TotStock,Lauderdale,100.00,100.00,100.00,100.00,100.00,100.00,100.00,100.00,100.00
WAT,TotStock,Lexington,100.00,100.00,100.00,100.00,100.00,100.00,100.00,100.00,100.00
WAT,TotStock,Lilydale,100.00,100.00,100.00,100.00,100.00,100.00,100.00,100.00,100.00
WAT,TotStock,Lino Lakes,100.00,100.00,100.00,100.00,100.00,100.00,100.00,100.00,100.00
WAT,TotStock,Linwood Twp.,100.00,100.00,100.00,100.00,100.00,100.00,100.00,100.00,100.00
WAT,TotStock,Little Canada,100.00,100.00,100.00,100.00,100.00,100.00,100.00,100.00,100.00
WAT,TotStock,Long Lake,100.00,100.00,100.00,100.00,100.00,100.00,100.00,100.00,100.00
WAT,TotStock,Loretto,100.00,100.00,100.00,100.00,100.00,100.00,100.00,100.00,100.00
WAT,TotStock,Louisville Twp.,100.00,100.00,100.00,100.00,100.00,100.00,100.00,100.00,100.00
WAT,TotStock,Mahtomedi,100.00,100.00,100.00,100.00,100.00,100.00,100.00,100.00,100.00
WAT,TotStock,Maple Grove,100.00,100.00,100.00,100.00,100.00,100.00,100.00,100.00,100.00
WAT,TotStock,Maple Plain,100.00,100.00,100.00,100.00,100.00,100.00,100.00,100.00,100.00
WAT,TotStock,Maplewood,100.00,100.00,100.00,100.00,100.00,100.00,100.00,100.00,100.00
WAT,TotStock,Marine on St. Croix,100.00,100.00,100.00,100.00,100.00,100.00,100.00,100.00,100.00
WAT,TotStock,Marshan Twp.,100.00,100.00,100.00,100.00,100.00,100.00,100.00,100.00,100.00
WAT,TotStock,May Twp.,100.00,100.00,100.00,100.00,100.00,100.00,100.00,100.00,100.00
WAT,TotStock,Mayer,100.00,100.00,100.00,100.00,100.00,100.00,100.00,100.00,100.00
WAT,TotStock,Medicine Lake,100.00,100.00,100.00,100.00,100.00,100.00,100.00,100.00,100.00
WAT,TotStock,Medina,100.00,100.00,100.00,100.00,100.00,100.00,100.00,100.00,100.00
WAT,TotStock,Mendota,100.00,100.00,100.00,100.00,100.00,100.00,100.00,100.00,100.00
WAT,TotStock,Mendota Heights,100.00,100.00,100.00,100.00,100.00,100.00,100.00,100.00,100.00
WAT,TotStock,Miesville,100.00,100.00,100.00,100.00,100.00,100.00,100.00,100.00,100.00
WAT,TotStock,Minneapolis,100.00,100.00,100.00,100.00,100.00,100.00,100.00,100.00,100.00
WAT,TotStock,Minnetonka,100.00,100.00,100.00,100.00,100.00,100.00,100.00,100.00,100.00
WAT,TotStock,Minnetonka Beach,100.00,100.00,100.00,100.00,100.00,100.00,100.00,100.00,100.00
WAT,TotStock,Minnetrista,100.00,100.00,100.00,100.00,100.00,100.00,100.00,100.00,100.00
WAT,TotStock,Mound,100.00,100.00,100.00,100.00,100.00,100.00,100.00,100.00,100.00
WAT,TotStock,Mounds View,100.00,100.00,100.00,100.00,100.00,100.00,100.00,100.00,100.00
WAT,TotStock,New Brighton,100.00,100.00,100.00,100.00,100.00,100.00,100.00,100.00,100.00
WAT,TotStock,New Germany,100.00,100.00,100.00,100.00,100.00,100.00,100.00,100.00,100.00
WAT,TotStock,New Hope,100.00,100.00,100.00,100.00,100.00,100.00,100.00,100.00,100.00
WAT,TotStock,New Market Twp.,100.00,100.00,100.00,100.00,100.00,100.00,100.00,100.00,100.00
WAT,TotStock,New Prague,100.00,100.00,100.00,100.00,100.00,100.00,100.00,100.00,100.00
WAT,TotStock,New Trier,100.00,100.00,100.00,100.00,100.00,100.00,100.00,100.00,100.00
WAT,TotStock,Newport,100.00,100.00,100.00,100.00,100.00,100.00,100.00,100.00,100.00
WAT,TotStock,Nininger Twp.,100.00,100.00,100.00,100.00,100.00,100.00,100.00,100.00,100.00
WAT,TotStock,North Oaks,100.00,100.00,100.00,100.00,100.00,100.00,100.00,100.00,100.00
WAT,TotStock,North St. Paul,100.00,100.00,100.00,100.00,100.00,100.00,100.00,100.00,100.00
WAT,TotStock,Northfield,100.00,100.00,100.00,100.00,100.00,100.00,100.00,100.00,100.00
WAT,TotStock,Norwood Young America,100.00,100.00,100.00,100.00,100.00,100.00,100.00,100.00,100.00
WAT,TotStock,Nowthen,100.00,100.00,100.00,100.00,100.00,100.00,100.00,100.00,100.00
WAT,TotStock,Oak Grove,100.00,100.00,100.00,100.00,100.00,100.00,100.00,100.00,100.00
WAT,TotStock,Oak Park Heights,100.00,100.00,100.00,100.00,100.00,100.00,100.00,100.00,100.00
WAT,TotStock,Oakdale,100.00,100.00,100.00,100.00,100.00,100.00,100.00,100.00,100.00
WAT,TotStock,Orono,100.00,100.00,100.00,100.00,100.00,100.00,100.00,100.00,100.00
WAT,TotStock,Osseo,100.00,100.00,100.00,100.00,100.00,100.00,100.00,100.00,100.00
WAT,TotStock,Pine Springs,100.00,100.00,100.00,100.00,100.00,100.00,100.00,100.00,100.00
WAT,TotStock,Plymouth,100.00,100.00,100.00,100.00,100.00,100.00,100.00,100.00,100.00
WAT,TotStock,Prior Lake,100.00,100.00,100.00,100.00,100.00,100.00,100.00,100.00,100.00
WAT,TotStock,Ramsey,100.00,100.00,100.00,100.00,100.00,100.00,100.00,100.00,100.00
WAT,TotStock,Randolph,100.00,100.00,100.00,100.00,100.00,100.00,100.00,100.00,100.00
WAT,TotStock,Randolph Twp.,100.00,100.00,100.00,100.00,100.00,100.00,100.00,100.00,100.00
WAT,TotStock,Ravenna Twp.,100.00,100.00,100.00,100.00,100.00,100.00,100.00,100.00,100.00
WAT,TotStock,Richfield,100.00,100.00,100.00,100.00,100.00,100.00,100.00,100.00,100.00
WAT,TotStock,Robbinsdale,100.00,100.00,100.00,100.00,100.00,100.00,100.00,100.00,100.00
WAT,TotStock,Rockford,100.00,100.00,100.00,100.00,100.00,100.00,100.00,100.00,100.00
WAT,TotStock,Rogers,100.00,100.00,100.00,100.00,100.00,100.00,100.00,100.00,100.00
WAT,TotStock,Rosemount,100.00,100.00,100.00,100.00,100.00,100.00,100.00,100.00,100.00
WAT,TotStock,Roseville,100.00,100.00,100.00,100.00,100.00,100.00,100.00,100.00,100.00
WAT,TotStock,San Francisco Twp.,100.00,100.00,100.00,100.00,100.00,100.00,100.00,100.00,100.00
WAT,TotStock,Sand Creek Twp.,100.00,100.00,100.00,100.00,100.00,100.00,100.00,100.00,100.00
WAT,TotStock,Savage,100.00,100.00,100.00,100.00,100.00,100.00,100.00,100.00,100.00
WAT,TotStock,Scandia,100.00,100.00,100.00,100.00,100.00,100.00,100.00,100.00,100.00
WAT,TotStock,Sciota Twp.,100.00,100.00,100.00,100.00,100.00,100.00,100.00,100.00,100.00
WAT,TotStock,Shakopee,100.00,100.00,100.00,100.00,100.00,100.00,100.00,100.00,100.00
WAT,TotStock,Shoreview,100.00,100.00,100.00,100.00,100.00,100.00,100.00,100.00,100.00
WAT,TotStock,Shorewood,100.00,100.00,100.00,100.00,100.00,100.00,100.00,100.00,100.00
WAT,TotStock,South St. Paul,100.00,100.00,100.00,100.00,100.00,100.00,100.00,100.00,100.00
WAT,TotStock,Spring Lake Park,100.00,100.00,100.00,100.00,100.00,100.00,100.00,100.00,100.00
WAT,TotStock,Spring Lake Park,100.00,100.00,100.00,100.00,100.00,100.00,100.00,100.00,100.00
WAT,TotStock,Spring Lake Twp.,100.00,100.00,100.00,100.00,100.00,100.00,100.00,100.00,100.00
WAT,TotStock,Spring Park,100.00,100.00,100.00,100.00,100.00,100.00,100.00,100.00,100.00
WAT,TotStock,St. Anthony,100.00,100.00,100.00,100.00,100.00,100.00,100.00,100.00,100.00
WAT,TotStock,St. Anthony,100.00,100.00,100.00,100.00,100.00,100.00,100.00,100.00,100.00
WAT,TotStock,St. Bonifacius,100.00,100.00,100.00,100.00,100.00,100.00,100.00,100.00,100.00
WAT,TotStock,St. Francis,100.00,100.00,100.00,100.00,100.00,100.00,100.00,100.00,100.00
WAT,TotStock,St. Lawrence Twp.,100.00,100.00,100.00,100.00,100.00,100.00,100.00,100.00,100.00
WAT,TotStock,St. Louis Park,100.00,100.00,100.00,100.00,100.00,100.00,100.00,100.00,100.00
WAT,TotStock,St. Marys Point,100.00,100.00,100.00,100.00,100.00,100.00,100.00,100.00,100.00
WAT,TotStock,St. Paul,100.00,100.00,100.00,100.00,100.00,100.00,100.00,100.00,100.00
WAT,TotStock,St. Paul Park,100.00,100.00,100.00,100.00,100.00,100.00,100.00,100.00,100.00
WAT,TotStock,Stillwater,100.00,100.00,100.00,100.00,100.00,100.00,100.00,100.00,100.00
WAT,TotStock,Stillwater Twp.,100.00,100.00,100.00,100.00,100.00,100.00,100.00,100.00,100.00
WAT,TotStock,Sunfish Lake,100.00,100.00,100.00,100.00,100.00,100.00,100.00,100.00,100.00
WAT,TotStock,Tonka Bay,100.00,100.00,100.00,100.00,100.00,100.00,100.00,100.00,100.00
WAT,TotStock,Vadnais Heights,100.00,100.00,100.00,100.00,100.00,100.00,100.00,100.00,100.00
WAT,TotStock,Vermillion,100.00,100.00,100.00,100.00,100.00,100.00,100.00,100.00,100.00
WAT,TotStock,Vermillion Twp.,100.00,100.00,100.00,100.00,100.00,100.00,100.00,100.00,100.00
WAT,TotStock,Victoria,100.00,100.00,100.00,100.00,100.00,100.00,100.00,100.00,100.00
WAT,TotStock,Waconia,100.00,100.00,100.00,100.00,100.00,100.00,100.00,100.00,100.00
WAT,TotStock,Waconia Twp.,100.00,100.00,100.00,100.00,100.00,100.00,100.00,100.00,100.00
WAT,TotStock,Waterford Twp.,100.00,100.00,100.00,100.00,100.00,100.00,100.00,100.00,100.00
WAT,TotStock,Watertown,100.00,100.00,100.00,100.00,100.00,100.00,100.00,100.00,100.00
WAT,TotStock,Watertown Twp.,100.00,100.00,100.00,100.00,100.00,100.00,100.00,100.00,100.00
WAT,TotStock,Wayzata,100.00,100.00,100.00,100.00,100.00,100.00,100.00,100.00,100.00
WAT,TotStock,West Lakeland Twp.,100.00,100.00,100.00,100.00,100.00,100.00,100.00,100.00,100.00
WAT,TotStock,West St. Paul,100.00,100.00,100.00,100.00,100.00,100.00,100.00,100.00,100.00
WAT,TotStock,White Bear Lake,100.00,100.00,100.00,100.00,100.00,100.00,100.00,100.00,100.00
WAT,TotStock,White Bear Lake,100.00,100.00,100.00,100.00,100.00,100.00,100.00,100.00,100.00
WAT,TotStock,White Bear Twp.,100.00,100.00,100.00,100.00,100.00,100.00,100.00,100.00,100.00
WAT,TotStock,Willernie,100.00,100.00,100.00,100.00,100.00,100.00,100.00,100.00,100.00
WAT,TotStock,Woodbury,100.00,100.00,100.00,100.00,100.00,100.00,100.00,100.00,100.00
WAT,TotStock,Woodland,100.00,100.00,100.00,100.00,100.00,100.00,100.00,100.00,100.00
WAT,TotStock,Young America Twp.,100.00,100.00,100.00,100.00,100.00,100.00,100.00,100.00,100.00
WAT,CIStock,Afton,100.00,100.00,100.00,100.00,100.00,100.00,100.00,100.00,100.00
WAT,CIStock,Andover,100.00,100.00,100.00,100.00,100.00,100.00,100.00,100.00,100.00
WAT,CIStock,Anoka,100.00,100.00,100.00,100.00,100.00,100.00,100.00,100.00,100.00
WAT,CIStock,Apple Valley,100.00,100.00,100.00,100.00,100.00,100.00,100.00,100.00,100.00
WAT,CIStock,Arden Hills,100.00,100.00,100.00,100.00,100.00,100.00,100.00,100.00,100.00
WAT,CIStock,Bayport,100.00,100.00,100.00,100.00,100.00,100.00,100.00,100.00,100.00
WAT,CIStock,Baytown Twp.,100.00,100.00,100.00,100.00,100.00,100.00,100.00,100.00,100.00
WAT,CIStock,Belle Plaine,100.00,100.00,100.00,100.00,100.00,100.00,100.00,100.00,100.00
WAT,CIStock,Belle Plaine Twp.,100.00,100.00,100.00,100.00,100.00,100.00,100.00,100.00,100.00
WAT,CIStock,Benton Twp.,100.00,100.00,100.00,100.00,100.00,100.00,100.00,100.00,100.00
WAT,CIStock,Bethel,100.00,100.00,100.00,100.00,100.00,100.00,100.00,100.00,100.00
WAT,CIStock,Birchwood Village,100.00,100.00,100.00,100.00,100.00,100.00,100.00,100.00,100.00
WAT,CIStock,Blaine,100.00,100.00,100.00,100.00,100.00,100.00,100.00,100.00,100.00
WAT,CIStock,Blaine,100.00,100.00,100.00,100.00,100.00,100.00,100.00,100.00,100.00
WAT,CIStock,Blakeley Twp.,100.00,100.00,100.00,100.00,100.00,100.00,100.00,100.00,100.00
WAT,CIStock,Bloomington,100.00,100.00,100.00,100.00,100.00,100.00,100.00,100.00,100.00
WAT,CIStock,Brooklyn Center,100.00,100.00,100.00,100.00,100.00,100.00,100.00,100.00,100.00
WAT,CIStock,Brooklyn Park,100.00,100.00,100.00,100.00,100.00,100.00,100.00,100.00,100.00
WAT,CIStock,Burnsville,100.00,100.00,100.00,100.00,100.00,100.00,100.00,100.00,100.00
WAT,CIStock,Camden Twp.,100.00,100.00,100.00,100.00,100.00,100.00,100.00,100.00,100.00
WAT,CIStock,Carver,100.00,100.00,100.00,100.00,100.00,100.00,100.00,100.00,100.00
WAT,CIStock,Castle Rock Twp.,100.00,100.00,100.00,100.00,100.00,100.00,100.00,100.00,100.00
WAT,CIStock,Cedar Lake Twp.,100.00,100.00,100.00,100.00,100.00,100.00,100.00,100.00,100.00
WAT,CIStock,Centerville,100.00,100.00,100.00,100.00,100.00,100.00,100.00,100.00,100.00
WAT,CIStock,Champlin,100.00,100.00,100.00,100.00,100.00,100.00,100.00,100.00,100.00
WAT,CIStock,Chanhassen,100.00,100.00,100.00,100.00,100.00,100.00,100.00,100.00,100.00
WAT,CIStock,Chanhassen,100.00,100.00,100.00,100.00,100.00,100.00,100.00,100.00,100.00
WAT,CIStock,Chaska,100.00,100.00,100.00,100.00,100.00,100.00,100.00,100.00,100.00
WAT,CIStock,Circle Pines,100.00,100.00,100.00,100.00,100.00,100.00,100.00,100.00,100.00
WAT,CIStock,Coates,100.00,100.00,100.00,100.00,100.00,100.00,100.00,100.00,100.00
WAT,CIStock,Cologne,100.00,100.00,100.00,100.00,100.00,100.00,100.00,100.00,100.00
WAT,CIStock,Columbia Heights,100.00,100.00,100.00,100.00,100.00,100.00,100.00,100.00,100.00
WAT,CIStock,Columbus,100.00,100.00,100.00,100.00,100.00,100.00,100.00,100.00,100.00
WAT,CIStock,Coon Rapids,100.00,100.00,100.00,100.00,100.00,100.00,100.00,100.00,100.00
WAT,CIStock,Corcoran,100.00,100.00,100.00,100.00,100.00,100.00,100.00,100.00,100.00
WAT,CIStock,Cottage Grove,100.00,100.00,100.00,100.00,100.00,100.00,100.00,100.00,100.00
WAT,CIStock,Credit River Twp.,100.00,100.00,100.00,100.00,100.00,100.00,100.00,100.00,100.00
WAT,CIStock,Crystal,100.00,100.00,100.00,100.00,100.00,100.00,100.00,100.00,100.00
WAT,CIStock,Dahlgren Twp.,100.00,100.00,100.00,100.00,100.00,100.00,100.00,100.00,100.00
WAT,CIStock,Dayton,100.00,100.00,100.00,100.00,100.00,100.00,100.00,100.00,100.00
WAT,CIStock,Deephaven,100.00,100.00,100.00,100.00,100.00,100.00,100.00,100.00,100.00
WAT,CIStock,Dellwood,100.00,100.00,100.00,100.00,100.00,100.00,100.00,100.00,100.00
WAT,CIStock,Denmark Twp.,100.00,100.00,100.00,100.00,100.00,100.00,100.00,100.00,100.00
WAT,CIStock,Douglas Twp.,100.00,100.00,100.00,100.00,100.00,100.00,100.00,100.00,100.00
WAT,CIStock,Eagan,100.00,100.00,100.00,100.00,100.00,100.00,100.00,100.00,100.00
WAT,CIStock,East Bethel,100.00,100.00,100.00,100.00,100.00,100.00,100.00,100.00,100.00
WAT,CIStock,Eden Prairie,100.00,100.00,100.00,100.00,100.00,100.00,100.00,100.00,100.00
WAT,CIStock,Edina,100.00,100.00,100.00,100.00,100.00,100.00,100.00,100.00,100.00
WAT,CIStock,Elko New Market,100.00,100.00,100.00,100.00,100.00,100.00,100.00,100.00,100.00
WAT,CIStock,Empire Twp.,100.00,100.00,100.00,100.00,100.00,100.00,100.00,100.00,100.00
WAT,CIStock,Eureka Twp.,100.00,100.00,100.00,100.00,100.00,100.00,100.00,100.00,100.00
WAT,CIStock,Excelsior,100.00,100.00,100.00,100.00,100.00,100.00,100.00,100.00,100.00
WAT,CIStock,Falcon Heights,100.00,100.00,100.00,100.00,100.00,100.00,100.00,100.00,100.00
WAT,CIStock,Farmington,100.00,100.00,100.00,100.00,100.00,100.00,100.00,100.00,100.00
WAT,CIStock,Forest Lake,100.00,100.00,100.00,100.00,100.00,100.00,100.00,100.00,100.00
WAT,CIStock,Fort Snelling UT,100.00,100.00,100.00,100.00,100.00,100.00,100.00,100.00,100.00
WAT,CIStock,Fridley,100.00,100.00,100.00,100.00,100.00,100.00,100.00,100.00,100.00
WAT,CIStock,Gem Lake,100.00,100.00,100.00,100.00,100.00,100.00,100.00,100.00,100.00
WAT,CIStock,Golden Valley,100.00,100.00,100.00,100.00,100.00,100.00,100.00,100.00,100.00
WAT,CIStock,Grant,100.00,100.00,100.00,100.00,100.00,100.00,100.00,100.00,100.00
WAT,CIStock,Greenfield,100.00,100.00,100.00,100.00,100.00,100.00,100.00,100.00,100.00
WAT,CIStock,Greenvale Twp.,100.00,100.00,100.00,100.00,100.00,100.00,100.00,100.00,100.00
WAT,CIStock,Greenwood,100.00,100.00,100.00,100.00,100.00,100.00,100.00,100.00,100.00
WAT,CIStock,Grey Cloud Island Twp.,100.00,100.00,100.00,100.00,100.00,100.00,100.00,100.00,100.00
WAT,CIStock,Ham Lake,100.00,100.00,100.00,100.00,100.00,100.00,100.00,100.00,100.00
WAT,CIStock,Hamburg,100.00,100.00,100.00,100.00,100.00,100.00,100.00,100.00,100.00
WAT,CIStock,Hampton,100.00,100.00,100.00,100.00,100.00,100.00,100.00,100.00,100.00
WAT,CIStock,Hampton Twp.,100.00,100.00,100.00,100.00,100.00,100.00,100.00,100.00,100.00
WAT,CIStock,Hancock Twp.,100.00,100.00,100.00,100.00,100.00,100.00,100.00,100.00,100.00
WAT,CIStock,Hanover,100.00,100.00,100.00,100.00,100.00,100.00,100.00,100.00,100.00
WAT,CIStock,Hastings,100.00,100.00,100.00,100.00,100.00,100.00,100.00,100.00,100.00
WAT,CIStock,Hastings,100.00,100.00,100.00,100.00,100.00,100.00,100.00,100.00,100.00
WAT,CIStock,Helena Twp.,100.00,100.00,100.00,100.00,100.00,100.00,100.00,100.00,100.00
WAT,CIStock,Hilltop,100.00,100.00,100.00,100.00,100.00,100.00,100.00,100.00,100.00
WAT,CIStock,Hollywood Twp.,100.00,100.00,100.00,100.00,100.00,100.00,100.00,100.00,100.00
WAT,CIStock,Hopkins,100.00,100.00,100.00,100.00,100.00,100.00,100.00,100.00,100.00
WAT,CIStock,Hugo,100.00,100.00,100.00,100.00,100.00,100.00,100.00,100.00,100.00
WAT,CIStock,Independence,100.00,100.00,100.00,100.00,100.00,100.00,100.00,100.00,100.00
WAT,CIStock,Inver Grove Heights,100.00,100.00,100.00,100.00,100.00,100.00,100.00,100.00,100.00
WAT,CIStock,Jackson Twp.,100.00,100.00,100.00,100.00,100.00,100.00,100.00,100.00,100.00
WAT,CIStock,Jordan,100.00,100.00,100.00,100.00,100.00,100.00,100.00,100.00,100.00
WAT,CIStock,Lake Elmo,100.00,100.00,100.00,100.00,100.00,100.00,100.00,100.00,100.00
WAT,CIStock,Lake St. Croix Beach,100.00,100.00,100.00,100.00,100.00,100.00,100.00,100.00,100.00
WAT,CIStock,Lakeland,100.00,100.00,100.00,100.00,100.00,100.00,100.00,100.00,100.00
WAT,CIStock,Lakeland Shores,100.00,100.00,100.00,100.00,100.00,100.00,100.00,100.00,100.00
WAT,CIStock,Laketown Twp.,100.00,100.00,100.00,100.00,100.00,100.00,100.00,100.00,100.00
WAT,CIStock,Lakeville,100.00,100.00,100.00,100.00,100.00,100.00,100.00,100.00,100.00
WAT,CIStock,Landfall,100.00,100.00,100.00,100.00,100.00,100.00,100.00,100.00,100.00
WAT,CIStock,Lauderdale,100.00,100.00,100.00,100.00,100.00,100.00,100.00,100.00,100.00
WAT,CIStock,Lexington,100.00,100.00,100.00,100.00,100.00,100.00,100.00,100.00,100.00
WAT,CIStock,Lilydale,100.00,100.00,100.00,100.00,100.00,100.00,100.00,100.00,100.00
WAT,CIStock,Lino Lakes,100.00,100.00,100.00,100.00,100.00,100.00,100.00,100.00,100.00
WAT,CIStock,Linwood Twp.,100.00,100.00,100.00,100.00,100.00,100.00,100.00,100.00,100.00
WAT,CIStock,Little Canada,100.00,100.00,100.00,100.00,100.00,100.00,100.00,100.00,100.00
WAT,CIStock,Long Lake,100.00,100.00,100.00,100.00,100.00,100.00,100.00,100.00,100.00
WAT,CIStock,Loretto,100.00,100.00,100.00,100.00,100.00,100.00,100.00,100.00,100.00
WAT,CIStock,Louisville Twp.,100.00,100.00,100.00,100.00,100.00,100.00,100.00,100.00,100.00
WAT,CIStock,Mahtomedi,100.00,100.00,100.00,100.00,100.00,100.00,100.00,100.00,100.00
WAT,CIStock,Maple Grove,100.00,100.00,100.00,100.00,100.00,100.00,100.00,100.00,100.00
WAT,CIStock,Maple Plain,100.00,100.00,100.00,100.00,100.00,100.00,100.00,100.00,100.00
WAT,CIStock,Maplewood,100.00,100.00,100.00,100.00,100.00,100.00,100.00,100.00,100.00
WAT,CIStock,Marine on St. Croix,100.00,100.00,100.00,100.00,100.00,100.00,100.00,100.00,100.00
WAT,CIStock,Marshan Twp.,100.00,100.00,100.00,100.00,100.00,100.00,100.00,100.00,100.00
WAT,CIStock,May Twp.,100.00,100.00,100.00,100.00,100.00,100.00,100.00,100.00,100.00
WAT,CIStock,Mayer,100.00,100.00,100.00,100.00,100.00,100.00,100.00,100.00,100.00
WAT,CIStock,Medicine Lake,100.00,100.00,100.00,100.00,100.00,100.00,100.00,100.00,100.00
WAT,CIStock,Medina,100.00,100.00,100.00,100.00,100.00,100.00,100.00,100.00,100.00
WAT,CIStock,Mendota,100.00,100.00,100.00,100.00,100.00,100.00,100.00,100.00,100.00
WAT,CIStock,Mendota Heights,100.00,100.00,100.00,100.00,100.00,100.00,100.00,100.00,100.00
WAT,CIStock,Miesville,100.00,100.00,100.00,100.00,100.00,100.00,100.00,100.00,100.00
WAT,CIStock,Minneapolis,100.00,100.00,100.00,100.00,100.00,100.00,100.00,100.00,100.00
WAT,CIStock,Minnetonka,100.00,100.00,100.00,100.00,100.00,100.00,100.00,100.00,100.00
WAT,CIStock,Minnetonka Beach,100.00,100.00,100.00,100.00,100.00,100.00,100.00,100.00,100.00
WAT,CIStock,Minnetrista,100.00,100.00,100.00,100.00,100.00,100.00,100.00,100.00,100.00
WAT,CIStock,Mound,100.00,100.00,100.00,100.00,100.00,100.00,100.00,100.00,100.00
WAT,CIStock,Mounds View,100.00,100.00,100.00,100.00,100.00,100.00,100.00,100.00,100.00
WAT,CIStock,New Brighton,100.00,100.00,100.00,100.00,100.00,100.00,100.00,100.00,100.00
WAT,CIStock,New Germany,100.00,100.00,100.00,100.00,100.00,100.00,100.00,100.00,100.00
WAT,CIStock,New Hope,100.00,100.00,100.00,100.00,100.00,100.00,100.00,100.00,100.00
WAT,CIStock,New Market Twp.,100.00,100.00,100.00,100.00,100.00,100.00,100.00,100.00,100.00
WAT,CIStock,New Prague,100.00,100.00,100.00,100.00,100.00,100.00,100.00,100.00,100.00
WAT,CIStock,New Trier,100.00,100.00,100.00,100.00,100.00,100.00,100.00,100.00,100.00
WAT,CIStock,Newport,100.00,100.00,100.00,100.00,100.00,100.00,100.00,100.00,100.00
WAT,CIStock,Nininger Twp.,100.00,100.00,100.00,100.00,100.00,100.00,100.00,100.00,100.00
WAT,CIStock,North Oaks,100.00,100.00,100.00,100.00,100.00,100.00,100.00,100.00,100.00
WAT,CIStock,North St. Paul,100.00,100.00,100.00,100.00,100.00,100.00,100.00,100.00,100.00
WAT,CIStock,Northfield,100.00,100.00,100.00,100.00,100.00,100.00,100.00,100.00,100.00
WAT,CIStock,Norwood Young America,100.00,100.00,100.00,100.00,100.00,100.00,100.00,100.00,100.00
WAT,CIStock,Nowthen,100.00,100.00,100.00,100.00,100.00,100.00,100.00,100.00,100.00
WAT,CIStock,Oak Grove,100.00,100.00,100.00,100.00,100.00,100.00,100.00,100.00,100.00
WAT,CIStock,Oak Park Heights,100.00,100.00,100.00,100.00,100.00,100.00,100.00,100.00,100.00
WAT,CIStock,Oakdale,100.00,100.00,100.00,100.00,100.00,100.00,100.00,100.00,100.00
WAT,CIStock,Orono,100.00,100.00,100.00,100.00,100.00,100.00,100.00,100.00,100.00
WAT,CIStock,Osseo,100.00,100.00,100.00,100.00,100.00,100.00,100.00,100.00,100.00
WAT,CIStock,Pine Springs,100.00,100.00,100.00,100.00,100.00,100.00,100.00,100.00,100.00
WAT,CIStock,Plymouth,100.00,100.00,100.00,100.00,100.00,100.00,100.00,100.00,100.00
WAT,CIStock,Prior Lake,100.00,100.00,100.00,100.00,100.00,100.00,100.00,100.00,100.00
WAT,CIStock,Ramsey,100.00,100.00,100.00,100.00,100.00,100.00,100.00,100.00,100.00
WAT,CIStock,Randolph,100.00,100.00,100.00,100.00,100.00,100.00,100.00,100.00,100.00
WAT,CIStock,Randolph Twp.,100.00,100.00,100.00,100.00,100.00,100.00,100.00,100.00,100.00
WAT,CIStock,Ravenna Twp.,100.00,100.00,100.00,100.00,100.00,100.00,100.00,100.00,100.00
WAT,CIStock,Richfield,100.00,100.00,100.00,100.00,100.00,100.00,100.00,100.00,100.00
WAT,CIStock,Robbinsdale,100.00,100.00,100.00,100.00,100.00,100.00,100.00,100.00,100.00
WAT,CIStock,Rockford,100.00,100.00,100.00,100.00,100.00,100.00,100.00,100.00,100.00
WAT,CIStock,Rogers,100.00,100.00,100.00,100.00,100.00,100.00,100.00,100.00,100.00
WAT,CIStock,Rosemount,100.00,100.00,100.00,100.00,100.00,100.00,100.00,100.00,100.00
WAT,CIStock,Roseville,100.00,100.00,100.00,100.00,100.00,100.00,100.00,100.00,100.00
WAT,CIStock,San Francisco Twp.,100.00,100.00,100.00,100.00,100.00,100.00,100.00,100.00,100.00
WAT,CIStock,Sand Creek Twp.,100.00,100.00,100.00,100.00,100.00,100.00,100.00,100.00,100.00
WAT,CIStock,Savage,100.00,100.00,100.00,100.00,100.00,100.00,100.00,100.00,100.00
WAT,CIStock,Scandia,100.00,100.00,100.00,100.00,100.00,100.00,100.00,100.00,100.00
WAT,CIStock,Sciota Twp.,100.00,100.00,100.00,100.00,100.00,100.00,100.00,100.00,100.00
WAT,CIStock,Shakopee,100.00,100.00,100.00,100.00,100.00,100.00,100.00,100.00,100.00
WAT,CIStock,Shoreview,100.00,100.00,100.00,100.00,100.00,100.00,100.00,100.00,100.00
WAT,CIStock,Shorewood,100.00,100.00,100.00,100.00,100.00,100.00,100.00,100.00,100.00
WAT,CIStock,South St. Paul,100.00,100.00,100.00,100.00,100.00,100.00,100.00,100.00,100.00
WAT,CIStock,Spring Lake Park,100.00,100.00,100.00,100.00,100.00,100.00,100.00,100.00,100.00
WAT,CIStock,Spring Lake Park,100.00,100.00,100.00,100.00,100.00,100.00,100.00,100.00,100.00
WAT,CIStock,Spring Lake Twp.,100.00,100.00,100.00,100.00,100.00,100.00,100.00,100.00,100.00
WAT,CIStock,Spring Park,100.00,100.00,100.00,100.00,100.00,100.00,100.00,100.00,100.00
WAT,CIStock,St. Anthony,100.00,100.00,100.00,100.00,100.00,100.00,100.00,100.00,100.00
WAT,CIStock,St. Anthony,100.00,100.00,100.00,100.00,100.00,100.00,100.00,100.00,100.00
WAT,CIStock,St. Bonifacius,100.00,100.00,100.00,100.00,100.00,100.00,100.00,100.00,100.00
WAT,CIStock,St. Francis,100.00,100.00,100.00,100.00,100.00,100.00,100.00,100.00,100.00
WAT,CIStock,St. Lawrence Twp.,100.00,100.00,100.00,100.00,100.00,100.00,100.00,100.00,100.00
WAT,CIStock,St. Louis Park,100.00,100.00,100.00,100.00,100.00,100.00,100.00,100.00,100.00
WAT,CIStock,St. Marys Point,100.00,100.00,100.00,100.00,100.00,100.00,100.00,100.00,100.00
WAT,CIStock,St. Paul,100.00,100.00,100.00,100.00,100.00,100.00,100.00,100.00,100.00
WAT,CIStock,St. Paul Park,100.00,100.00,100.00,100.00,100.00,100.00,100.00,100.00,100.00
WAT,CIStock,Stillwater,100.00,100.00,100.00,100.00,100.00,100.00,100.00,100.00,100.00
WAT,CIStock,Stillwater Twp.,100.00,100.00,100.00,100.00,100.00,100.00,100.00,100.00,100.00
WAT,CIStock,Sunfish Lake,100.00,100.00,100.00,100.00,100.00,100.00,100.00,100.00,100.00
WAT,CIStock,Tonka Bay,100.00,100.00,100.00,100.00,100.00,100.00,100.00,100.00,100.00
WAT,CIStock,Vadnais Heights,100.00,100.00,100.00,100.00,100.00,100.00,100.00,100.00,100.00
WAT,CIStock,Vermillion,100.00,100.00,100.00,100.00,100.00,100.00,100.00,100.00,100.00
WAT,CIStock,Vermillion Twp.,100.00,100.00,100.00,100.00,100.00,100.00,100.00,100.00,100.00
WAT,CIStock,Victoria,100.00,100.00,100.00,100.00,100.00,100.00,100.00,100.00,100.00
WAT,CIStock,Waconia,100.00,100.00,100.00,100.00,100.00,100.00,100.00,100.00,100.00
WAT,CIStock,Waconia Twp.,100.00,100.00,100.00,100.00,100.00,100.00,100.00,100.00,100.00
WAT,CIStock,Waterford Twp.,100.00,100.00,100.00,100.00,100.00,100.00,100.00,100.00,100.00
WAT,CIStock,Watertown,100.00,100.00,100.00,100.00,100.00,100.00,100.00,100.00,100.00
WAT,CIStock,Watertown Twp.,100.00,100.00,100.00,100.00,100.00,100.00,100.00,100.00,100.00
WAT,CIStock,Wayzata,100.00,100.00,100.00,100.00,100.00,100.00,100.00,100.00,100.00
WAT,CIStock,West Lakeland Twp.,100.00,100.00,100.00,100.00,100.00,100.00,100.00,100.00,100.00
WAT,CIStock,West St. Paul,100.00,100.00,100.00,100.00,100.00,100.00,100.00,100.00,100.00
WAT,CIStock,White Bear Lake,100.00,100.00,100.00,100.00,100.00,100.00,100.00,100.00,100.00
WAT,CIStock,White Bear Lake,100.00,100.00,100.00,100.00,100.00,100.00,100.00,100.00,100.00
WAT,CIStock,White Bear Twp.,100.00,100.00,100.00,100.00,100.00,100.00,100.00,100.00,100.00
WAT,CIStock,Willernie,100.00,100.00,100.00,100.00,100.00,100.00,100.00,100.00,100.00
WAT,CIStock,Woodbury,100.00,100.00,100.00,100.00,100.00,100.00,100.00,100.00,100.00
WAT,CIStock,Woodland,100.00,100.00,100.00,100.00,100.00,100.00,100.00,100.00,100.00
WAT,CIStock,Young America Twp.,100.00,100.00,100.00,100.00,100.00,100.00,100.00,100.00,100.00
WAT,BEVStock,Afton,0.00,0.00,0.00,0.00,0.00,0.00,0.00,0.00,0.00
WAT,BEVStock,Andover,0.00,0.00,0.00,0.00,0.00,0.00,0.00,0.00,0.00
WAT,BEVStock,Anoka,0.00,0.00,0.00,0.00,0.00,0.00,0.00,0.00,0.00
WAT,BEVStock,Apple Valley,0.00,0.00,0.00,0.00,0.00,0.00,0.00,0.00,0.00
WAT,BEVStock,Arden Hills,0.00,0.00,0.00,0.00,0.00,0.00,0.00,0.00,0.00
WAT,BEVStock,Bayport,0.00,0.00,0.00,0.00,0.00,0.00,0.00,0.00,0.00
WAT,BEVStock,Baytown Twp.,0.00,0.00,0.00,0.00,0.00,0.00,0.00,0.00,0.00
WAT,BEVStock,Belle Plaine,0.00,0.00,0.00,0.00,0.00,0.00,0.00,0.00,0.00
WAT,BEVStock,Belle Plaine Twp.,0.00,0.00,0.00,0.00,0.00,0.00,0.00,0.00,0.00
WAT,BEVStock,Benton Twp.,0.00,0.00,0.00,0.00,0.00,0.00,0.00,0.00,0.00
WAT,BEVStock,Bethel,0.00,0.00,0.00,0.00,0.00,0.00,0.00,0.00,0.00
WAT,BEVStock,Birchwood Village,0.00,0.00,0.00,0.00,0.00,0.00,0.00,0.00,0.00
WAT,BEVStock,Blaine,0.00,0.00,0.00,0.00,0.00,0.00,0.00,0.00,0.00
WAT,BEVStock,Blaine,0.00,0.00,0.00,0.00,0.00,0.00,0.00,0.00,0.00
WAT,BEVStock,Blakeley Twp.,0.00,0.00,0.00,0.00,0.00,0.00,0.00,0.00,0.00
WAT,BEVStock,Bloomington,0.00,0.00,0.00,0.00,0.00,0.00,0.00,0.00,0.00
WAT,BEVStock,Brooklyn Center,0.00,0.00,0.00,0.00,0.00,0.00,0.00,0.00,0.00
WAT,BEVStock,Brooklyn Park,0.00,0.00,0.00,0.00,0.00,0.00,0.00,0.00,0.00
WAT,BEVStock,Burnsville,0.00,0.00,0.00,0.00,0.00,0.00,0.00,0.00,0.00
WAT,BEVStock,Camden Twp.,0.00,0.00,0.00,0.00,0.00,0.00,0.00,0.00,0.00
WAT,BEVStock,Carver,0.00,0.00,0.00,0.00,0.00,0.00,0.00,0.00,0.00
WAT,BEVStock,Castle Rock Twp.,0.00,0.00,0.00,0.00,0.00,0.00,0.00,0.00,0.00
WAT,BEVStock,Cedar Lake Twp.,0.00,0.00,0.00,0.00,0.00,0.00,0.00,0.00,0.00
WAT,BEVStock,Centerville,0.00,0.00,0.00,0.00,0.00,0.00,0.00,0.00,0.00
WAT,BEVStock,Champlin,0.00,0.00,0.00,0.00,0.00,0.00,0.00,0.00,0.00
WAT,BEVStock,Chanhassen,0.00,0.00,0.00,0.00,0.00,0.00,0.00,0.00,0.00
WAT,BEVStock,Chanhassen,0.00,0.00,0.00,0.00,0.00,0.00,0.00,0.00,0.00
WAT,BEVStock,Chaska,0.00,0.00,0.00,0.00,0.00,0.00,0.00,0.00,0.00
WAT,BEVStock,Circle Pines,0.00,0.00,0.00,0.00,0.00,0.00,0.00,0.00,0.00
WAT,BEVStock,Coates,0.00,0.00,0.00,0.00,0.00,0.00,0.00,0.00,0.00
WAT,BEVStock,Cologne,0.00,0.00,0.00,0.00,0.00,0.00,0.00,0.00,0.00
WAT,BEVStock,Columbia Heights,0.00,0.00,0.00,0.00,0.00,0.00,0.00,0.00,0.00
WAT,BEVStock,Columbus,0.00,0.00,0.00,0.00,0.00,0.00,0.00,0.00,0.00
WAT,BEVStock,Coon Rapids,0.00,0.00,0.00,0.00,0.00,0.00,0.00,0.00,0.00
WAT,BEVStock,Corcoran,0.00,0.00,0.00,0.00,0.00,0.00,0.00,0.00,0.00
WAT,BEVStock,Cottage Grove,0.00,0.00,0.00,0.00,0.00,0.00,0.00,0.00,0.00
WAT,BEVStock,Credit River Twp.,0.00,0.00,0.00,0.00,0.00,0.00,0.00,0.00,0.00
WAT,BEVStock,Crystal,0.00,0.00,0.00,0.00,0.00,0.00,0.00,0.00,0.00
WAT,BEVStock,Dahlgren Twp.,0.00,0.00,0.00,0.00,0.00,0.00,0.00,0.00,0.00
WAT,BEVStock,Dayton,0.00,0.00,0.00,0.00,0.00,0.00,0.00,0.00,0.00
WAT,BEVStock,Deephaven,0.00,0.00,0.00,0.00,0.00,0.00,0.00,0.00,0.00
WAT,BEVStock,Dellwood,0.00,0.00,0.00,0.00,0.00,0.00,0.00,0.00,0.00
WAT,BEVStock,Denmark Twp.,0.00,0.00,0.00,0.00,0.00,0.00,0.00,0.00,0.00
WAT,BEVStock,Douglas Twp.,0.00,0.00,0.00,0.00,0.00,0.00,0.00,0.00,0.00
WAT,BEVStock,Eagan,0.00,0.00,0.00,0.00,0.00,0.00,0.00,0.00,0.00
WAT,BEVStock,East Bethel,0.00,0.00,0.00,0.00,0.00,0.00,0.00,0.00,0.00
WAT,BEVStock,Eden Prairie,0.00,0.00,0.00,0.00,0.00,0.00,0.00,0.00,0.00
WAT,BEVStock,Edina,0.00,0.00,0.00,0.00,0.00,0.00,0.00,0.00,0.00
WAT,BEVStock,Elko New Market,0.00,0.00,0.00,0.00,0.00,0.00,0.00,0.00,0.00
WAT,BEVStock,Empire Twp.,0.00,0.00,0.00,0.00,0.00,0.00,0.00,0.00,0.00
WAT,BEVStock,Eureka Twp.,0.00,0.00,0.00,0.00,0.00,0.00,0.00,0.00,0.00
WAT,BEVStock,Excelsior,0.00,0.00,0.00,0.00,0.00,0.00,0.00,0.00,0.00
WAT,BEVStock,Falcon Heights,0.00,0.00,0.00,0.00,0.00,0.00,0.00,0.00,0.00
WAT,BEVStock,Farmington,0.00,0.00,0.00,0.00,0.00,0.00,0.00,0.00,0.00
WAT,BEVStock,Forest Lake,0.00,0.00,0.00,0.00,0.00,0.00,0.00,0.00,0.00
WAT,BEVStock,Fort Snelling UT,0.00,0.00,0.00,0.00,0.00,0.00,0.00,0.00,0.00
WAT,BEVStock,Fridley,0.00,0.00,0.00,0.00,0.00,0.00,0.00,0.00,0.00
WAT,BEVStock,Gem Lake,0.00,0.00,0.00,0.00,0.00,0.00,0.00,0.00,0.00
WAT,BEVStock,Golden Valley,0.00,0.00,0.00,0.00,0.00,0.00,0.00,0.00,0.00
WAT,BEVStock,Grant,0.00,0.00,0.00,0.00,0.00,0.00,0.00,0.00,0.00
WAT,BEVStock,Greenfield,0.00,0.00,0.00,0.00,0.00,0.00,0.00,0.00,0.00
WAT,BEVStock,Greenvale Twp.,0.00,0.00,0.00,0.00,0.00,0.00,0.00,0.00,0.00
WAT,BEVStock,Greenwood,0.00,0.00,0.00,0.00,0.00,0.00,0.00,0.00,0.00
WAT,BEVStock,Grey Cloud Island Twp.,0.00,0.00,0.00,0.00,0.00,0.00,0.00,0.00,0.00
WAT,BEVStock,Ham Lake,0.00,0.00,0.00,0.00,0.00,0.00,0.00,0.00,0.00
WAT,BEVStock,Hamburg,0.00,0.00,0.00,0.00,0.00,0.00,0.00,0.00,0.00
WAT,BEVStock,Hampton,0.00,0.00,0.00,0.00,0.00,0.00,0.00,0.00,0.00
WAT,BEVStock,Hampton Twp.,0.00,0.00,0.00,0.00,0.00,0.00,0.00,0.00,0.00
WAT,BEVStock,Hancock Twp.,0.00,0.00,0.00,0.00,0.00,0.00,0.00,0.00,0.00
WAT,BEVStock,Hanover,0.00,0.00,0.00,0.00,0.00,0.00,0.00,0.00,0.00
WAT,BEVStock,Hastings,0.00,0.00,0.00,0.00,0.00,0.00,0.00,0.00,0.00
WAT,BEVStock,Hastings,0.00,0.00,0.00,0.00,0.00,0.00,0.00,0.00,0.00
WAT,BEVStock,Helena Twp.,0.00,0.00,0.00,0.00,0.00,0.00,0.00,0.00,0.00
WAT,BEVStock,Hilltop,0.00,0.00,0.00,0.00,0.00,0.00,0.00,0.00,0.00
WAT,BEVStock,Hollywood Twp.,0.00,0.00,0.00,0.00,0.00,0.00,0.00,0.00,0.00
WAT,BEVStock,Hopkins,0.00,0.00,0.00,0.00,0.00,0.00,0.00,0.00,0.00
WAT,BEVStock,Hugo,0.00,0.00,0.00,0.00,0.00,0.00,0.00,0.00,0.00
WAT,BEVStock,Independence,0.00,0.00,0.00,0.00,0.00,0.00,0.00,0.00,0.00
WAT,BEVStock,Inver Grove Heights,0.00,0.00,0.00,0.00,0.00,0.00,0.00,0.00,0.00
WAT,BEVStock,Jackson Twp.,0.00,0.00,0.00,0.00,0.00,0.00,0.00,0.00,0.00
WAT,BEVStock,Jordan,0.00,0.00,0.00,0.00,0.00,0.00,0.00,0.00,0.00
WAT,BEVStock,Lake Elmo,0.00,0.00,0.00,0.00,0.00,0.00,0.00,0.00,0.00
WAT,BEVStock,Lake St. Croix Beach,0.00,0.00,0.00,0.00,0.00,0.00,0.00,0.00,0.00
WAT,BEVStock,Lakeland,0.00,0.00,0.00,0.00,0.00,0.00,0.00,0.00,0.00
WAT,BEVStock,Lakeland Shores,0.00,0.00,0.00,0.00,0.00,0.00,0.00,0.00,0.00
WAT,BEVStock,Laketown Twp.,0.00,0.00,0.00,0.00,0.00,0.00,0.00,0.00,0.00
WAT,BEVStock,Lakeville,0.00,0.00,0.00,0.00,0.00,0.00,0.00,0.00,0.00
WAT,BEVStock,Landfall,0.00,0.00,0.00,0.00,0.00,0.00,0.00,0.00,0.00
WAT,BEVStock,Lauderdale,0.00,0.00,0.00,0.00,0.00,0.00,0.00,0.00,0.00
WAT,BEVStock,Lexington,0.00,0.00,0.00,0.00,0.00,0.00,0.00,0.00,0.00
WAT,BEVStock,Lilydale,0.00,0.00,0.00,0.00,0.00,0.00,0.00,0.00,0.00
WAT,BEVStock,Lino Lakes,0.00,0.00,0.00,0.00,0.00,0.00,0.00,0.00,0.00
WAT,BEVStock,Linwood Twp.,0.00,0.00,0.00,0.00,0.00,0.00,0.00,0.00,0.00
WAT,BEVStock,Little Canada,0.00,0.00,0.00,0.00,0.00,0.00,0.00,0.00,0.00
WAT,BEVStock,Long Lake,0.00,0.00,0.00,0.00,0.00,0.00,0.00,0.00,0.00
WAT,BEVStock,Loretto,0.00,0.00,0.00,0.00,0.00,0.00,0.00,0.00,0.00
WAT,BEVStock,Louisville Twp.,0.00,0.00,0.00,0.00,0.00,0.00,0.00,0.00,0.00
WAT,BEVStock,Mahtomedi,0.00,0.00,0.00,0.00,0.00,0.00,0.00,0.00,0.00
WAT,BEVStock,Maple Grove,0.00,0.00,0.00,0.00,0.00,0.00,0.00,0.00,0.00
WAT,BEVStock,Maple Plain,0.00,0.00,0.00,0.00,0.00,0.00,0.00,0.00,0.00
WAT,BEVStock,Maplewood,0.00,0.00,0.00,0.00,0.00,0.00,0.00,0.00,0.00
WAT,BEVStock,Marine on St. Croix,0.00,0.00,0.00,0.00,0.00,0.00,0.00,0.00,0.00
WAT,BEVStock,Marshan Twp.,0.00,0.00,0.00,0.00,0.00,0.00,0.00,0.00,0.00
WAT,BEVStock,May Twp.,0.00,0.00,0.00,0.00,0.00,0.00,0.00,0.00,0.00
WAT,BEVStock,Mayer,0.00,0.00,0.00,0.00,0.00,0.00,0.00,0.00,0.00
WAT,BEVStock,Medicine Lake,0.00,0.00,0.00,0.00,0.00,0.00,0.00,0.00,0.00
WAT,BEVStock,Medina,0.00,0.00,0.00,0.00,0.00,0.00,0.00,0.00,0.00
WAT,BEVStock,Mendota,0.00,0.00,0.00,0.00,0.00,0.00,0.00,0.00,0.00
WAT,BEVStock,Mendota Heights,0.00,0.00,0.00,0.00,0.00,0.00,0.00,0.00,0.00
WAT,BEVStock,Miesville,0.00,0.00,0.00,0.00,0.00,0.00,0.00,0.00,0.00
WAT,BEVStock,Minneapolis,0.00,0.00,0.00,0.00,0.00,0.00,0.00,0.00,0.00
WAT,BEVStock,Minnetonka,0.00,0.00,0.00,0.00,0.00,0.00,0.00,0.00,0.00
WAT,BEVStock,Minnetonka Beach,0.00,0.00,0.00,0.00,0.00,0.00,0.00,0.00,0.00
WAT,BEVStock,Minnetrista,0.00,0.00,0.00,0.00,0.00,0.00,0.00,0.00,0.00
WAT,BEVStock,Mound,0.00,0.00,0.00,0.00,0.00,0.00,0.00,0.00,0.00
WAT,BEVStock,Mounds View,0.00,0.00,0.00,0.00,0.00,0.00,0.00,0.00,0.00
WAT,BEVStock,New Brighton,0.00,0.00,0.00,0.00,0.00,0.00,0.00,0.00,0.00
WAT,BEVStock,New Germany,0.00,0.00,0.00,0.00,0.00,0.00,0.00,0.00,0.00
WAT,BEVStock,New Hope,0.00,0.00,0.00,0.00,0.00,0.00,0.00,0.00,0.00
WAT,BEVStock,New Market Twp.,0.00,0.00,0.00,0.00,0.00,0.00,0.00,0.00,0.00
WAT,BEVStock,New Prague,0.00,0.00,0.00,0.00,0.00,0.00,0.00,0.00,0.00
WAT,BEVStock,New Trier,0.00,0.00,0.00,0.00,0.00,0.00,0.00,0.00,0.00
WAT,BEVStock,Newport,0.00,0.00,0.00,0.00,0.00,0.00,0.00,0.00,0.00
WAT,BEVStock,Nininger Twp.,0.00,0.00,0.00,0.00,0.00,0.00,0.00,0.00,0.00
WAT,BEVStock,North Oaks,0.00,0.00,0.00,0.00,0.00,0.00,0.00,0.00,0.00
WAT,BEVStock,North St. Paul,0.00,0.00,0.00,0.00,0.00,0.00,0.00,0.00,0.00
WAT,BEVStock,Northfield,0.00,0.00,0.00,0.00,0.00,0.00,0.00,0.00,0.00
WAT,BEVStock,Norwood Young America,0.00,0.00,0.00,0.00,0.00,0.00,0.00,0.00,0.00
WAT,BEVStock,Nowthen,0.00,0.00,0.00,0.00,0.00,0.00,0.00,0.00,0.00
WAT,BEVStock,Oak Grove,0.00,0.00,0.00,0.00,0.00,0.00,0.00,0.00,0.00
WAT,BEVStock,Oak Park Heights,0.00,0.00,0.00,0.00,0.00,0.00,0.00,0.00,0.00
WAT,BEVStock,Oakdale,0.00,0.00,0.00,0.00,0.00,0.00,0.00,0.00,0.00
WAT,BEVStock,Orono,0.00,0.00,0.00,0.00,0.00,0.00,0.00,0.00,0.00
WAT,BEVStock,Osseo,0.00,0.00,0.00,0.00,0.00,0.00,0.00,0.00,0.00
WAT,BEVStock,Pine Springs,0.00,0.00,0.00,0.00,0.00,0.00,0.00,0.00,0.00
WAT,BEVStock,Plymouth,0.00,0.00,0.00,0.00,0.00,0.00,0.00,0.00,0.00
WAT,BEVStock,Prior Lake,0.00,0.00,0.00,0.00,0.00,0.00,0.00,0.00,0.00
WAT,BEVStock,Ramsey,0.00,0.00,0.00,0.00,0.00,0.00,0.00,0.00,0.00
WAT,BEVStock,Randolph,0.00,0.00,0.00,0.00,0.00,0.00,0.00,0.00,0.00
WAT,BEVStock,Randolph Twp.,0.00,0.00,0.00,0.00,0.00,0.00,0.00,0.00,0.00
WAT,BEVStock,Ravenna Twp.,0.00,0.00,0.00,0.00,0.00,0.00,0.00,0.00,0.00
WAT,BEVStock,Richfield,0.00,0.00,0.00,0.00,0.00,0.00,0.00,0.00,0.00
WAT,BEVStock,Robbinsdale,0.00,0.00,0.00,0.00,0.00,0.00,0.00,0.00,0.00
WAT,BEVStock,Rockford,0.00,0.00,0.00,0.00,0.00,0.00,0.00,0.00,0.00
WAT,BEVStock,Rogers,0.00,0.00,0.00,0.00,0.00,0.00,0.00,0.00,0.00
WAT,BEVStock,Rosemount,0.00,0.00,0.00,0.00,0.00,0.00,0.00,0.00,0.00
WAT,BEVStock,Roseville,0.00,0.00,0.00,0.00,0.00,0.00,0.00,0.00,0.00
WAT,BEVStock,San Francisco Twp.,0.00,0.00,0.00,0.00,0.00,0.00,0.00,0.00,0.00
WAT,BEVStock,Sand Creek Twp.,0.00,0.00,0.00,0.00,0.00,0.00,0.00,0.00,0.00
WAT,BEVStock,Savage,0.00,0.00,0.00,0.00,0.00,0.00,0.00,0.00,0.00
WAT,BEVStock,Scandia,0.00,0.00,0.00,0.00,0.00,0.00,0.00,0.00,0.00
WAT,BEVStock,Sciota Twp.,0.00,0.00,0.00,0.00,0.00,0.00,0.00,0.00,0.00
WAT,BEVStock,Shakopee,0.00,0.00,0.00,0.00,0.00,0.00,0.00,0.00,0.00
WAT,BEVStock,Shoreview,0.00,0.00,0.00,0.00,0.00,0.00,0.00,0.00,0.00
WAT,BEVStock,Shorewood,0.00,0.00,0.00,0.00,0.00,0.00,0.00,0.00,0.00
WAT,BEVStock,South St. Paul,0.00,0.00,0.00,0.00,0.00,0.00,0.00,0.00,0.00
WAT,BEVStock,Spring Lake Park,0.00,0.00,0.00,0.00,0.00,0.00,0.00,0.00,0.00
WAT,BEVStock,Spring Lake Park,0.00,0.00,0.00,0.00,0.00,0.00,0.00,0.00,0.00
WAT,BEVStock,Spring Lake Twp.,0.00,0.00,0.00,0.00,0.00,0.00,0.00,0.00,0.00
WAT,BEVStock,Spring Park,0.00,0.00,0.00,0.00,0.00,0.00,0.00,0.00,0.00
WAT,BEVStock,St. Anthony,0.00,0.00,0.00,0.00,0.00,0.00,0.00,0.00,0.00
WAT,BEVStock,St. Anthony,0.00,0.00,0.00,0.00,0.00,0.00,0.00,0.00,0.00
WAT,BEVStock,St. Bonifacius,0.00,0.00,0.00,0.00,0.00,0.00,0.00,0.00,0.00
WAT,BEVStock,St. Francis,0.00,0.00,0.00,0.00,0.00,0.00,0.00,0.00,0.00
WAT,BEVStock,St. Lawrence Twp.,0.00,0.00,0.00,0.00,0.00,0.00,0.00,0.00,0.00
WAT,BEVStock,St. Louis Park,0.00,0.00,0.00,0.00,0.00,0.00,0.00,0.00,0.00
WAT,BEVStock,St. Marys Point,0.00,0.00,0.00,0.00,0.00,0.00,0.00,0.00,0.00
WAT,BEVStock,St. Paul,0.00,0.00,0.00,0.00,0.00,0.00,0.00,0.00,0.00
WAT,BEVStock,St. Paul Park,0.00,0.00,0.00,0.00,0.00,0.00,0.00,0.00,0.00
WAT,BEVStock,Stillwater,0.00,0.00,0.00,0.00,0.00,0.00,0.00,0.00,0.00
WAT,BEVStock,Stillwater Twp.,0.00,0.00,0.00,0.00,0.00,0.00,0.00,0.00,0.00
WAT,BEVStock,Sunfish Lake,0.00,0.00,0.00,0.00,0.00,0.00,0.00,0.00,0.00
WAT,BEVStock,Tonka Bay,0.00,0.00,0.00,0.00,0.00,0.00,0.00,0.00,0.00
WAT,BEVStock,Vadnais Heights,0.00,0.00,0.00,0.00,0.00,0.00,0.00,0.00,0.00
WAT,BEVStock,Vermillion,0.00,0.00,0.00,0.00,0.00,0.00,0.00,0.00,0.00
WAT,BEVStock,Vermillion Twp.,0.00,0.00,0.00,0.00,0.00,0.00,0.00,0.00,0.00
WAT,BEVStock,Victoria,0.00,0.00,0.00,0.00,0.00,0.00,0.00,0.00,0.00
WAT,BEVStock,Waconia,0.00,0.00,0.00,0.00,0.00,0.00,0.00,0.00,0.00
WAT,BEVStock,Waconia Twp.,0.00,0.00,0.00,0.00,0.00,0.00,0.00,0.00,0.00
WAT,BEVStock,Waterford Twp.,0.00,0.00,0.00,0.00,0.00,0.00,0.00,0.00,0.00
WAT,BEVStock,Watertown,0.00,0.00,0.00,0.00,0.00,0.00,0.00,0.00,0.00
WAT,BEVStock,Watertown Twp.,0.00,0.00,0.00,0.00,0.00,0.00,0.00,0.00,0.00
WAT,BEVStock,Wayzata,0.00,0.00,0.00,0.00,0.00,0.00,0.00,0.00,0.00
WAT,BEVStock,West Lakeland Twp.,0.00,0.00,0.00,0.00,0.00,0.00,0.00,0.00,0.00
WAT,BEVStock,West St. Paul,0.00,0.00,0.00,0.00,0.00,0.00,0.00,0.00,0.00
WAT,BEVStock,White Bear Lake,0.00,0.00,0.00,0.00,0.00,0.00,0.00,0.00,0.00
WAT,BEVStock,White Bear Lake,0.00,0.00,0.00,0.00,0.00,0.00,0.00,0.00,0.00
WAT,BEVStock,White Bear Twp.,0.00,0.00,0.00,0.00,0.00,0.00,0.00,0.00,0.00
WAT,BEVStock,Willernie,0.00,0.00,0.00,0.00,0.00,0.00,0.00,0.00,0.00
WAT,BEVStock,Woodbury,0.00,0.00,0.00,0.00,0.00,0.00,0.00,0.00,0.00
WAT,BEVStock,Woodland,0.00,0.00,0.00,0.00,0.00,0.00,0.00,0.00,0.00
WAT,BEVStock,Young America Twp.,0.00,0.00,0.00,0.00,0.00,0.00,0.00,0.00,0.00
WAT,CIMPG,All,647.00,657.06,663.76,702.93,765.63,826.89,867.35,907.81,948.27
WAT,BEVElec,All,-1.00,-1.00,-1.00,-1.00,-1.00,-1.00,-1.00,-1.00,-1.00
WAT,AVO,All,1.00,1.00,1.00,1.00,1.00,1.00,1.00,1.00,1.00
WAT,TMT,Afton,0.00,0.00,0.00,0.00,0.00,0.00,0.00,0.00,0.00
WAT,TMT,Andover,0.00,0.00,0.00,0.00,0.00,0.00,0.00,0.00,0.00
WAT,TMT,Anoka,0.00,0.00,0.00,0.00,0.00,0.00,0.00,0.00,0.00
WAT,TMT,Apple Valley,0.00,0.00,0.00,0.00,0.00,0.00,0.00,0.00,0.00
WAT,TMT,Arden Hills,0.00,0.00,0.00,0.00,0.00,0.00,0.00,0.00,0.00
WAT,TMT,Bayport,0.00,0.00,0.00,0.00,0.00,0.00,0.00,0.00,0.00
WAT,TMT,Baytown Twp.,0.00,0.00,0.00,0.00,0.00,0.00,0.00,0.00,0.00
WAT,TMT,Belle Plaine,0.00,0.00,0.00,0.00,0.00,0.00,0.00,0.00,0.00
WAT,TMT,Belle Plaine Twp.,0.00,0.00,0.00,0.00,0.00,0.00,0.00,0.00,0.00
WAT,TMT,Benton Twp.,0.00,0.00,0.00,0.00,0.00,0.00,0.00,0.00,0.00
WAT,TMT,Bethel,0.00,0.00,0.00,0.00,0.00,0.00,0.00,0.00,0.00
WAT,TMT,Birchwood Village,0.00,0.00,0.00,0.00,0.00,0.00,0.00,0.00,0.00
WAT,TMT,Blaine,0.00,0.00,0.00,0.00,0.00,0.00,0.00,0.00,0.00
WAT,TMT,Blaine,0.00,0.00,0.00,0.00,0.00,0.00,0.00,0.00,0.00
WAT,TMT,Blakeley Twp.,0.00,0.00,0.00,0.00,0.00,0.00,0.00,0.00,0.00
WAT,TMT,Bloomington,0.00,0.00,0.00,0.00,0.00,0.00,0.00,0.00,0.00
WAT,TMT,Brooklyn Center,0.00,0.00,0.00,0.00,0.00,0.00,0.00,0.00,0.00
WAT,TMT,Brooklyn Park,0.00,0.00,0.00,0.00,0.00,0.00,0.00,0.00,0.00
WAT,TMT,Burnsville,0.00,0.00,0.00,0.00,0.00,0.00,0.00,0.00,0.00
WAT,TMT,Camden Twp.,0.00,0.00,0.00,0.00,0.00,0.00,0.00,0.00,0.00
WAT,TMT,Carver,0.00,0.00,0.00,0.00,0.00,0.00,0.00,0.00,0.00
WAT,TMT,Castle Rock Twp.,0.00,0.00,0.00,0.00,0.00,0.00,0.00,0.00,0.00
WAT,TMT,Cedar Lake Twp.,0.00,0.00,0.00,0.00,0.00,0.00,0.00,0.00,0.00
WAT,TMT,Centerville,0.00,0.00,0.00,0.00,0.00,0.00,0.00,0.00,0.00
WAT,TMT,Champlin,0.00,0.00,0.00,0.00,0.00,0.00,0.00,0.00,0.00
WAT,TMT,Chanhassen,0.00,0.00,0.00,0.00,0.00,0.00,0.00,0.00,0.00
WAT,TMT,Chanhassen,0.00,0.00,0.00,0.00,0.00,0.00,0.00,0.00,0.00
WAT,TMT,Chaska,0.00,0.00,0.00,0.00,0.00,0.00,0.00,0.00,0.00
WAT,TMT,Circle Pines,0.00,0.00,0.00,0.00,0.00,0.00,0.00,0.00,0.00
WAT,TMT,Coates,0.00,0.00,0.00,0.00,0.00,0.00,0.00,0.00,0.00
WAT,TMT,Cologne,0.00,0.00,0.00,0.00,0.00,0.00,0.00,0.00,0.00
WAT,TMT,Columbia Heights,0.00,0.00,0.00,0.00,0.00,0.00,0.00,0.00,0.00
WAT,TMT,Columbus,0.00,0.00,0.00,0.00,0.00,0.00,0.00,0.00,0.00
WAT,TMT,Coon Rapids,0.00,0.00,0.00,0.00,0.00,0.00,0.00,0.00,0.00
WAT,TMT,Corcoran,0.00,0.00,0.00,0.00,0.00,0.00,0.00,0.00,0.00
WAT,TMT,Cottage Grove,0.00,0.00,0.00,0.00,0.00,0.00,0.00,0.00,0.00
WAT,TMT,Credit River Twp.,0.00,0.00,0.00,0.00,0.00,0.00,0.00,0.00,0.00
WAT,TMT,Crystal,0.00,0.00,0.00,0.00,0.00,0.00,0.00,0.00,0.00
WAT,TMT,Dahlgren Twp.,0.00,0.00,0.00,0.00,0.00,0.00,0.00,0.00,0.00
WAT,TMT,Dayton,0.00,0.00,0.00,0.00,0.00,0.00,0.00,0.00,0.00
WAT,TMT,Deephaven,0.00,0.00,0.00,0.00,0.00,0.00,0.00,0.00,0.00
WAT,TMT,Dellwood,0.00,0.00,0.00,0.00,0.00,0.00,0.00,0.00,0.00
WAT,TMT,Denmark Twp.,0.00,0.00,0.00,0.00,0.00,0.00,0.00,0.00,0.00
WAT,TMT,Douglas Twp.,0.00,0.00,0.00,0.00,0.00,0.00,0.00,0.00,0.00
WAT,TMT,Eagan,0.00,0.00,0.00,0.00,0.00,0.00,0.00,0.00,0.00
WAT,TMT,East Bethel,0.00,0.00,0.00,0.00,0.00,0.00,0.00,0.00,0.00
WAT,TMT,Eden Prairie,0.00,0.00,0.00,0.00,0.00,0.00,0.00,0.00,0.00
WAT,TMT,Edina,0.00,0.00,0.00,0.00,0.00,0.00,0.00,0.00,0.00
WAT,TMT,Elko New Market,0.00,0.00,0.00,0.00,0.00,0.00,0.00,0.00,0.00
WAT,TMT,Empire Twp.,0.00,0.00,0.00,0.00,0.00,0.00,0.00,0.00,0.00
WAT,TMT,Eureka Twp.,0.00,0.00,0.00,0.00,0.00,0.00,0.00,0.00,0.00
WAT,TMT,Excelsior,0.00,0.00,0.00,0.00,0.00,0.00,0.00,0.00,0.00
WAT,TMT,Falcon Heights,0.00,0.00,0.00,0.00,0.00,0.00,0.00,0.00,0.00
WAT,TMT,Farmington,0.00,0.00,0.00,0.00,0.00,0.00,0.00,0.00,0.00
WAT,TMT,Forest Lake,0.00,0.00,0.00,0.00,0.00,0.00,0.00,0.00,0.00
WAT,TMT,Fort Snelling UT,0.00,0.00,0.00,0.00,0.00,0.00,0.00,0.00,0.00
WAT,TMT,Fridley,0.00,0.00,0.00,0.00,0.00,0.00,0.00,0.00,0.00
WAT,TMT,Gem Lake,0.00,0.00,0.00,0.00,0.00,0.00,0.00,0.00,0.00
WAT,TMT,Golden Valley,0.00,0.00,0.00,0.00,0.00,0.00,0.00,0.00,0.00
WAT,TMT,Grant,0.00,0.00,0.00,0.00,0.00,0.00,0.00,0.00,0.00
WAT,TMT,Greenfield,0.00,0.00,0.00,0.00,0.00,0.00,0.00,0.00,0.00
WAT,TMT,Greenvale Twp.,0.00,0.00,0.00,0.00,0.00,0.00,0.00,0.00,0.00
WAT,TMT,Greenwood,0.00,0.00,0.00,0.00,0.00,0.00,0.00,0.00,0.00
WAT,TMT,Grey Cloud Island Twp.,0.00,0.00,0.00,0.00,0.00,0.00,0.00,0.00,0.00
WAT,TMT,Ham Lake,0.00,0.00,0.00,0.00,0.00,0.00,0.00,0.00,0.00
WAT,TMT,Hamburg,0.00,0.00,0.00,0.00,0.00,0.00,0.00,0.00,0.00
WAT,TMT,Hampton,0.00,0.00,0.00,0.00,0.00,0.00,0.00,0.00,0.00
WAT,TMT,Hampton Twp.,0.00,0.00,0.00,0.00,0.00,0.00,0.00,0.00,0.00
WAT,TMT,Hancock Twp.,0.00,0.00,0.00,0.00,0.00,0.00,0.00,0.00,0.00
WAT,TMT,Hanover,0.00,0.00,0.00,0.00,0.00,0.00,0.00,0.00,0.00
WAT,TMT,Hastings,0.00,0.00,0.00,0.00,0.00,0.00,0.00,0.00,0.00
WAT,TMT,Hastings,0.00,0.00,0.00,0.00,0.00,0.00,0.00,0.00,0.00
WAT,TMT,Helena Twp.,0.00,0.00,0.00,0.00,0.00,0.00,0.00,0.00,0.00
WAT,TMT,Hilltop,0.00,0.00,0.00,0.00,0.00,0.00,0.00,0.00,0.00
WAT,TMT,Hollywood Twp.,0.00,0.00,0.00,0.00,0.00,0.00,0.00,0.00,0.00
WAT,TMT,Hopkins,0.00,0.00,0.00,0.00,0.00,0.00,0.00,0.00,0.00
WAT,TMT,Hugo,0.00,0.00,0.00,0.00,0.00,0.00,0.00,0.00,0.00
WAT,TMT,Independence,0.00,0.00,0.00,0.00,0.00,0.00,0.00,0.00,0.00
WAT,TMT,Inver Grove Heights,0.00,0.00,0.00,0.00,0.00,0.00,0.00,0.00,0.00
WAT,TMT,Jackson Twp.,0.00,0.00,0.00,0.00,0.00,0.00,0.00,0.00,0.00
WAT,TMT,Jordan,0.00,0.00,0.00,0.00,0.00,0.00,0.00,0.00,0.00
WAT,TMT,Lake Elmo,0.00,0.00,0.00,0.00,0.00,0.00,0.00,0.00,0.00
WAT,TMT,Lake St. Croix Beach,0.00,0.00,0.00,0.00,0.00,0.00,0.00,0.00,0.00
WAT,TMT,Lakeland,0.00,0.00,0.00,0.00,0.00,0.00,0.00,0.00,0.00
WAT,TMT,Lakeland Shores,0.00,0.00,0.00,0.00,0.00,0.00,0.00,0.00,0.00
WAT,TMT,Laketown Twp.,0.00,0.00,0.00,0.00,0.00,0.00,0.00,0.00,0.00
WAT,TMT,Lakeville,0.00,0.00,0.00,0.00,0.00,0.00,0.00,0.00,0.00
WAT,TMT,Landfall,0.00,0.00,0.00,0.00,0.00,0.00,0.00,0.00,0.00
WAT,TMT,Lauderdale,0.00,0.00,0.00,0.00,0.00,0.00,0.00,0.00,0.00
WAT,TMT,Lexington,0.00,0.00,0.00,0.00,0.00,0.00,0.00,0.00,0.00
WAT,TMT,Lilydale,0.00,0.00,0.00,0.00,0.00,0.00,0.00,0.00,0.00
WAT,TMT,Lino Lakes,0.00,0.00,0.00,0.00,0.00,0.00,0.00,0.00,0.00
WAT,TMT,Linwood Twp.,0.00,0.00,0.00,0.00,0.00,0.00,0.00,0.00,0.00
WAT,TMT,Little Canada,0.00,0.00,0.00,0.00,0.00,0.00,0.00,0.00,0.00
WAT,TMT,Long Lake,0.00,0.00,0.00,0.00,0.00,0.00,0.00,0.00,0.00
WAT,TMT,Loretto,0.00,0.00,0.00,0.00,0.00,0.00,0.00,0.00,0.00
WAT,TMT,Louisville Twp.,0.00,0.00,0.00,0.00,0.00,0.00,0.00,0.00,0.00
WAT,TMT,Mahtomedi,0.00,0.00,0.00,0.00,0.00,0.00,0.00,0.00,0.00
WAT,TMT,Maple Grove,0.00,0.00,0.00,0.00,0.00,0.00,0.00,0.00,0.00
WAT,TMT,Maple Plain,0.00,0.00,0.00,0.00,0.00,0.00,0.00,0.00,0.00
WAT,TMT,Maplewood,0.00,0.00,0.00,0.00,0.00,0.00,0.00,0.00,0.00
WAT,TMT,Marine on St. Croix,0.00,0.00,0.00,0.00,0.00,0.00,0.00,0.00,0.00
WAT,TMT,Marshan Twp.,0.00,0.00,0.00,0.00,0.00,0.00,0.00,0.00,0.00
WAT,TMT,May Twp.,0.00,0.00,0.00,0.00,0.00,0.00,0.00,0.00,0.00
WAT,TMT,Mayer,0.00,0.00,0.00,0.00,0.00,0.00,0.00,0.00,0.00
WAT,TMT,Medicine Lake,0.00,0.00,0.00,0.00,0.00,0.00,0.00,0.00,0.00
WAT,TMT,Medina,0.00,0.00,0.00,0.00,0.00,0.00,0.00,0.00,0.00
WAT,TMT,Mendota,0.00,0.00,0.00,0.00,0.00,0.00,0.00,0.00,0.00
WAT,TMT,Mendota Heights,0.00,0.00,0.00,0.00,0.00,0.00,0.00,0.00,0.00
WAT,TMT,Miesville,0.00,0.00,0.00,0.00,0.00,0.00,0.00,0.00,0.00
WAT,TMT,Minneapolis,0.00,0.00,0.00,0.00,0.00,0.00,0.00,0.00,0.00
WAT,TMT,Minnetonka,0.00,0.00,0.00,0.00,0.00,0.00,0.00,0.00,0.00
WAT,TMT,Minnetonka Beach,0.00,0.00,0.00,0.00,0.00,0.00,0.00,0.00,0.00
WAT,TMT,Minnetrista,0.00,0.00,0.00,0.00,0.00,0.00,0.00,0.00,0.00
WAT,TMT,Mound,0.00,0.00,0.00,0.00,0.00,0.00,0.00,0.00,0.00
WAT,TMT,Mounds View,0.00,0.00,0.00,0.00,0.00,0.00,0.00,0.00,0.00
WAT,TMT,New Brighton,0.00,0.00,0.00,0.00,0.00,0.00,0.00,0.00,0.00
WAT,TMT,New Germany,0.00,0.00,0.00,0.00,0.00,0.00,0.00,0.00,0.00
WAT,TMT,New Hope,0.00,0.00,0.00,0.00,0.00,0.00,0.00,0.00,0.00
WAT,TMT,New Market Twp.,0.00,0.00,0.00,0.00,0.00,0.00,0.00,0.00,0.00
WAT,TMT,New Prague,0.00,0.00,0.00,0.00,0.00,0.00,0.00,0.00,0.00
WAT,TMT,New Trier,0.00,0.00,0.00,0.00,0.00,0.00,0.00,0.00,0.00
WAT,TMT,Newport,0.00,0.00,0.00,0.00,0.00,0.00,0.00,0.00,0.00
WAT,TMT,Nininger Twp.,0.00,0.00,0.00,0.00,0.00,0.00,0.00,0.00,0.00
WAT,TMT,North Oaks,0.00,0.00,0.00,0.00,0.00,0.00,0.00,0.00,0.00
WAT,TMT,North St. Paul,0.00,0.00,0.00,0.00,0.00,0.00,0.00,0.00,0.00
WAT,TMT,Northfield,0.00,0.00,0.00,0.00,0.00,0.00,0.00,0.00,0.00
WAT,TMT,Norwood Young America,0.00,0.00,0.00,0.00,0.00,0.00,0.00,0.00,0.00
WAT,TMT,Nowthen,0.00,0.00,0.00,0.00,0.00,0.00,0.00,0.00,0.00
WAT,TMT,Oak Grove,0.00,0.00,0.00,0.00,0.00,0.00,0.00,0.00,0.00
WAT,TMT,Oak Park Heights,0.00,0.00,0.00,0.00,0.00,0.00,0.00,0.00,0.00
WAT,TMT,Oakdale,0.00,0.00,0.00,0.00,0.00,0.00,0.00,0.00,0.00
WAT,TMT,Orono,0.00,0.00,0.00,0.00,0.00,0.00,0.00,0.00,0.00
WAT,TMT,Osseo,0.00,0.00,0.00,0.00,0.00,0.00,0.00,0.00,0.00
WAT,TMT,Pine Springs,0.00,0.00,0.00,0.00,0.00,0.00,0.00,0.00,0.00
WAT,TMT,Plymouth,0.00,0.00,0.00,0.00,0.00,0.00,0.00,0.00,0.00
WAT,TMT,Prior Lake,0.00,0.00,0.00,0.00,0.00,0.00,0.00,0.00,0.00
WAT,TMT,Ramsey,0.00,0.00,0.00,0.00,0.00,0.00,0.00,0.00,0.00
WAT,TMT,Randolph,0.00,0.00,0.00,0.00,0.00,0.00,0.00,0.00,0.00
WAT,TMT,Randolph Twp.,0.00,0.00,0.00,0.00,0.00,0.00,0.00,0.00,0.00
WAT,TMT,Ravenna Twp.,0.00,0.00,0.00,0.00,0.00,0.00,0.00,0.00,0.00
WAT,TMT,Richfield,0.00,0.00,0.00,0.00,0.00,0.00,0.00,0.00,0.00
WAT,TMT,Robbinsdale,0.00,0.00,0.00,0.00,0.00,0.00,0.00,0.00,0.00
WAT,TMT,Rockford,0.00,0.00,0.00,0.00,0.00,0.00,0.00,0.00,0.00
WAT,TMT,Rogers,0.00,0.00,0.00,0.00,0.00,0.00,0.00,0.00,0.00
WAT,TMT,Rosemount,0.00,0.00,0.00,0.00,0.00,0.00,0.00,0.00,0.00
WAT,TMT,Roseville,0.00,0.00,0.00,0.00,0.00,0.00,0.00,0.00,0.00
WAT,TMT,San Francisco Twp.,0.00,0.00,0.00,0.00,0.00,0.00,0.00,0.00,0.00
WAT,TMT,Sand Creek Twp.,0.00,0.00,0.00,0.00,0.00,0.00,0.00,0.00,0.00
WAT,TMT,Savage,0.00,0.00,0.00,0.00,0.00,0.00,0.00,0.00,0.00
WAT,TMT,Scandia,0.00,0.00,0.00,0.00,0.00,0.00,0.00,0.00,0.00
WAT,TMT,Sciota Twp.,0.00,0.00,0.00,0.00,0.00,0.00,0.00,0.00,0.00
WAT,TMT,Shakopee,0.00,0.00,0.00,0.00,0.00,0.00,0.00,0.00,0.00
WAT,TMT,Shoreview,0.00,0.00,0.00,0.00,0.00,0.00,0.00,0.00,0.00
WAT,TMT,Shorewood,0.00,0.00,0.00,0.00,0.00,0.00,0.00,0.00,0.00
WAT,TMT,South St. Paul,0.00,0.00,0.00,0.00,0.00,0.00,0.00,0.00,0.00
WAT,TMT,Spring Lake Park,0.00,0.00,0.00,0.00,0.00,0.00,0.00,0.00,0.00
WAT,TMT,Spring Lake Park,0.00,0.00,0.00,0.00,0.00,0.00,0.00,0.00,0.00
WAT,TMT,Spring Lake Twp.,0.00,0.00,0.00,0.00,0.00,0.00,0.00,0.00,0.00
WAT,TMT,Spring Park,0.00,0.00,0.00,0.00,0.00,0.00,0.00,0.00,0.00
WAT,TMT,St. Anthony,0.00,0.00,0.00,0.00,0.00,0.00,0.00,0.00,0.00
WAT,TMT,St. Anthony,0.00,0.00,0.00,0.00,0.00,0.00,0.00,0.00,0.00
WAT,TMT,St. Bonifacius,0.00,0.00,0.00,0.00,0.00,0.00,0.00,0.00,0.00
WAT,TMT,St. Francis,0.00,0.00,0.00,0.00,0.00,0.00,0.00,0.00,0.00
WAT,TMT,St. Lawrence Twp.,0.00,0.00,0.00,0.00,0.00,0.00,0.00,0.00,0.00
WAT,TMT,St. Louis Park,0.00,0.00,0.00,0.00,0.00,0.00,0.00,0.00,0.00
WAT,TMT,St. Marys Point,0.00,0.00,0.00,0.00,0.00,0.00,0.00,0.00,0.00
WAT,TMT,St. Paul,5926332.95,6329843.19,6598850.02,7495608.68,8532219.06,8870233.46,9057315.85,9244398.25,9431480.64
WAT,TMT,St. Paul Park,0.00,0.00,0.00,0.00,0.00,0.00,0.00,0.00,0.00
WAT,TMT,Stillwater,0.00,0.00,0.00,0.00,0.00,0.00,0.00,0.00,0.00
WAT,TMT,Stillwater Twp.,0.00,0.00,0.00,0.00,0.00,0.00,0.00,0.00,0.00
WAT,TMT,Sunfish Lake,0.00,0.00,0.00,0.00,0.00,0.00,0.00,0.00,0.00
WAT,TMT,Tonka Bay,0.00,0.00,0.00,0.00,0.00,0.00,0.00,0.00,0.00
WAT,TMT,Vadnais Heights,0.00,0.00,0.00,0.00,0.00,0.00,0.00,0.00,0.00
WAT,TMT,Vermillion,0.00,0.00,0.00,0.00,0.00,0.00,0.00,0.00,0.00
WAT,TMT,Vermillion Twp.,0.00,0.00,0.00,0.00,0.00,0.00,0.00,0.00,0.00
WAT,TMT,Victoria,0.00,0.00,0.00,0.00,0.00,0.00,0.00,0.00,0.00
WAT,TMT,Waconia,0.00,0.00,0.00,0.00,0.00,0.00,0.00,0.00,0.00
WAT,TMT,Waconia Twp.,0.00,0.00,0.00,0.00,0.00,0.00,0.00,0.00,0.00
WAT,TMT,Waterford Twp.,0.00,0.00,0.00,0.00,0.00,0.00,0.00,0.00,0.00
WAT,TMT,Watertown,0.00,0.00,0.00,0.00,0.00,0.00,0.00,0.00,0.00
WAT,TMT,Watertown Twp.,0.00,0.00,0.00,0.00,0.00,0.00,0.00,0.00,0.00
WAT,TMT,Wayzata,0.00,0.00,0.00,0.00,0.00,0.00,0.00,0.00,0.00
WAT,TMT,West Lakeland Twp.,0.00,0.00,0.00,0.00,0.00,0.00,0.00,0.00,0.00
WAT,TMT,West St. Paul,0.00,0.00,0.00,0.00,0.00,0.00,0.00,0.00,0.00
WAT,TMT,White Bear Lake,0.00,0.00,0.00,0.00,0.00,0.00,0.00,0.00,0.00
WAT,TMT,White Bear Lake,0.00,0.00,0.00,0.00,0.00,0.00,0.00,0.00,0.00
WAT,TMT,White Bear Twp.,0.00,0.00,0.00,0.00,0.00,0.00,0.00,0.00,0.00
WAT,TMT,Willernie,0.00,0.00,0.00,0.00,0.00,0.00,0.00,0.00,0.00
WAT,TMT,Woodbury,0.00,0.00,0.00,0.00,0.00,0.00,0.00,0.00,0.00
WAT,TMT,Woodland,0.00,0.00,0.00,0.00,0.00,0.00,0.00,0.00,0.00
WAT,TMT,Young America Twp.,0.00,0.00,0.00,0.00,0.00,0.00,0.00,0.00,0.00
SUT,PARK,Andover,0.10,0.10,0.10,0.10,0.10,0.10,0.10,0.10,0.10
SUT,PARK,Anoka,1.00,1.00,1.00,1.00,1.00,1.00,1.00,1.00,1.00
SUT,PARK,Bethel,0.10,0.10,0.10,0.10,0.10,0.10,0.10,0.10,0.10
SUT,PARK,Blaine,0.10,0.10,0.10,0.10,0.10,0.10,0.10,0.10,0.10
SUT,PARK,Centerville,0.10,0.10,0.10,0.10,0.10,0.10,0.10,0.10,0.10
SUT,PARK,Circle Pines,0.10,0.10,0.10,0.10,0.10,0.10,0.10,0.10,0.10
SUT,PARK,Columbia Heights,1.00,1.00,1.00,1.00,1.00,1.00,1.00,1.00,1.00
SUT,PARK,Columbus,0.10,0.10,0.10,0.10,0.10,0.10,0.10,0.10,0.10
SUT,PARK,Coon Rapids,1.00,1.00,1.00,1.00,1.00,1.00,1.00,1.00,1.00
SUT,PARK,East Bethel,0.10,0.10,0.10,0.10,0.10,0.10,0.10,0.10,0.10
SUT,PARK,Fridley,1.00,1.00,1.00,1.00,1.00,1.00,1.00,1.00,1.00
SUT,PARK,Ham Lake,0.10,0.10,0.10,0.10,0.10,0.10,0.10,0.10,0.10
SUT,PARK,Hilltop,0.10,0.10,0.10,0.10,0.10,0.10,0.10,0.10,0.10
SUT,PARK,Lexington,0.10,0.10,0.10,0.10,0.10,0.10,0.10,0.10,0.10
SUT,PARK,Lino Lakes,0.10,0.10,0.10,0.10,0.10,0.10,0.10,0.10,0.10
SUT,PARK,Linwood Twp.,0.10,0.10,0.10,0.10,0.10,0.10,0.10,0.10,0.10
SUT,PARK,Nowthen,0.10,0.10,0.10,0.10,0.10,0.10,0.10,0.10,0.10
SUT,PARK,Oak Grove,0.10,0.10,0.10,0.10,0.10,0.10,0.10,0.10,0.10
SUT,PARK,Ramsey,0.10,0.10,0.10,0.10,0.10,0.10,0.10,0.10,0.10
SUT,PARK,St. Francis,0.10,0.10,0.10,0.10,0.10,0.10,0.10,0.10,0.10
SUT,PARK,Spring Lake Park,0.10,0.10,0.10,0.10,0.10,0.10,0.10,0.10,0.10
SUT,PARK,Benton Twp.,0.10,0.10,0.10,0.10,0.10,0.10,0.10,0.10,0.10
SUT,PARK,Camden Twp.,0.10,0.10,0.10,0.10,0.10,0.10,0.10,0.10,0.10
SUT,PARK,Carver,0.10,0.10,0.10,0.10,0.10,0.10,0.10,0.10,0.10
SUT,PARK,Chanhassen,1.00,1.00,1.00,1.00,1.00,1.00,1.00,1.00,1.00
SUT,PARK,Chaska,0.10,0.10,0.10,0.10,0.10,0.10,0.10,0.10,0.10
SUT,PARK,Cologne,0.10,0.10,0.10,0.10,0.10,0.10,0.10,0.10,0.10
SUT,PARK,Dahlgren Twp.,0.10,0.10,0.10,0.10,0.10,0.10,0.10,0.10,0.10
SUT,PARK,Hamburg,0.10,0.10,0.10,0.10,0.10,0.10,0.10,0.10,0.10
SUT,PARK,Hancock Twp.,0.10,0.10,0.10,0.10,0.10,0.10,0.10,0.10,0.10
SUT,PARK,Hollywood Twp.,0.10,0.10,0.10,0.10,0.10,0.10,0.10,0.10,0.10
SUT,PARK,Laketown Twp.,0.10,0.10,0.10,0.10,0.10,0.10,0.10,0.10,0.10
SUT,PARK,Mayer,0.10,0.10,0.10,0.10,0.10,0.10,0.10,0.10,0.10
SUT,PARK,New Germany,0.10,0.10,0.10,0.10,0.10,0.10,0.10,0.10,0.10
SUT,PARK,Norwood Young America,0.10,0.10,0.10,0.10,0.10,0.10,0.10,0.10,0.10
SUT,PARK,San Francisco Twp.,0.10,0.10,0.10,0.10,0.10,0.10,0.10,0.10,0.10
SUT,PARK,Victoria,0.10,0.10,0.10,0.10,0.10,0.10,0.10,0.10,0.10
SUT,PARK,Waconia,0.10,0.10,0.10,0.10,0.10,0.10,0.10,0.10,0.10
SUT,PARK,Waconia Twp.,0.10,0.10,0.10,0.10,0.10,0.10,0.10,0.10,0.10
SUT,PARK,Watertown,0.10,0.10,0.10,0.10,0.10,0.10,0.10,0.10,0.10
SUT,PARK,Watertown Twp.,0.10,0.10,0.10,0.10,0.10,0.10,0.10,0.10,0.10
SUT,PARK,Young America Twp.,0.10,0.10,0.10,0.10,0.10,0.10,0.10,0.10,0.10
SUT,PARK,Apple Valley,1.00,1.00,1.00,1.00,1.00,1.00,1.00,1.00,1.00
SUT,PARK,Burnsville,1.00,1.00,1.00,1.00,1.00,1.00,1.00,1.00,1.00
SUT,PARK,Castle Rock Twp.,0.10,0.10,0.10,0.10,0.10,0.10,0.10,0.10,0.10
SUT,PARK,Coates,0.10,0.10,0.10,0.10,0.10,0.10,0.10,0.10,0.10
SUT,PARK,Douglas Twp.,0.10,0.10,0.10,0.10,0.10,0.10,0.10,0.10,0.10
SUT,PARK,Eagan,1.00,1.00,1.00,1.00,1.00,1.00,1.00,1.00,1.00
SUT,PARK,Empire Twp.,0.10,0.10,0.10,0.10,0.10,0.10,0.10,0.10,0.10
SUT,PARK,Eureka Twp.,0.10,0.10,0.10,0.10,0.10,0.10,0.10,0.10,0.10
SUT,PARK,Farmington,0.10,0.10,0.10,0.10,0.10,0.10,0.10,0.10,0.10
SUT,PARK,Greenvale Twp.,0.10,0.10,0.10,0.10,0.10,0.10,0.10,0.10,0.10
SUT,PARK,Hampton,0.10,0.10,0.10,0.10,0.10,0.10,0.10,0.10,0.10
SUT,PARK,Hampton Twp.,0.10,0.10,0.10,0.10,0.10,0.10,0.10,0.10,0.10
SUT,PARK,Hastings,0.10,0.10,0.10,0.10,0.10,0.10,0.10,0.10,0.10
SUT,PARK,Inver Grove Heights,0.10,0.10,0.10,0.10,0.10,0.10,0.10,0.10,0.10
SUT,PARK,Lakeville,1.00,1.00,1.00,1.00,1.00,1.00,1.00,1.00,1.00
SUT,PARK,Lilydale,0.10,0.10,0.10,0.10,0.10,0.10,0.10,0.10,0.10
SUT,PARK,Marshan Twp.,0.10,0.10,0.10,0.10,0.10,0.10,0.10,0.10,0.10
SUT,PARK,Mendota,0.10,0.10,0.10,0.10,0.10,0.10,0.10,0.10,0.10
SUT,PARK,Mendota Heights,0.10,0.10,0.10,0.10,0.10,0.10,0.10,0.10,0.10
SUT,PARK,Miesville,0.10,0.10,0.10,0.10,0.10,0.10,0.10,0.10,0.10
SUT,PARK,New Trier,0.10,0.10,0.10,0.10,0.10,0.10,0.10,0.10,0.10
SUT,PARK,Nininger Twp.,0.10,0.10,0.10,0.10,0.10,0.10,0.10,0.10,0.10
SUT,PARK,Northfield,0.10,0.10,0.10,0.10,0.10,0.10,0.10,0.10,0.10
SUT,PARK,Randolph,0.10,0.10,0.10,0.10,0.10,0.10,0.10,0.10,0.10
SUT,PARK,Randolph Twp.,0.10,0.10,0.10,0.10,0.10,0.10,0.10,0.10,0.10
SUT,PARK,Ravenna Twp.,0.10,0.10,0.10,0.10,0.10,0.10,0.10,0.10,0.10
SUT,PARK,Rosemount,0.10,0.10,0.10,0.10,0.10,0.10,0.10,0.10,0.10
SUT,PARK,Sciota Twp.,0.10,0.10,0.10,0.10,0.10,0.10,0.10,0.10,0.10
SUT,PARK,South St. Paul,0.10,0.10,0.10,0.10,0.10,0.10,0.10,0.10,0.10
SUT,PARK,Sunfish Lake,0.10,0.10,0.10,0.10,0.10,0.10,0.10,0.10,0.10
SUT,PARK,Vermillion,0.10,0.10,0.10,0.10,0.10,0.10,0.10,0.10,0.10
SUT,PARK,Vermillion Twp.,0.10,0.10,0.10,0.10,0.10,0.10,0.10,0.10,0.10
SUT,PARK,Waterford Twp.,0.10,0.10,0.10,0.10,0.10,0.10,0.10,0.10,0.10
SUT,PARK,West St. Paul,1.00,1.00,1.00,1.00,1.00,1.00,1.00,1.00,1.00
SUT,PARK,Bloomington,1.00,1.00,1.00,1.00,1.00,1.00,1.00,1.00,1.00
SUT,PARK,Brooklyn Center,1.00,1.00,1.00,1.00,1.00,1.00,1.00,1.00,1.00
SUT,PARK,Brooklyn Park,0.10,0.10,0.10,0.10,0.10,0.10,0.10,0.10,0.10
SUT,PARK,Champlin,0.10,0.10,0.10,0.10,0.10,0.10,0.10,0.10,0.10
SUT,PARK,Chanhassen,1.00,1.00,1.00,1.00,1.00,1.00,1.00,1.00,1.00
SUT,PARK,Corcoran,0.10,0.10,0.10,0.10,0.10,0.10,0.10,0.10,0.10
SUT,PARK,Crystal,1.00,1.00,1.00,1.00,1.00,1.00,1.00,1.00,1.00
SUT,PARK,Dayton,0.10,0.10,0.10,0.10,0.10,0.10,0.10,0.10,0.10
SUT,PARK,Deephaven,0.10,0.10,0.10,0.10,0.10,0.10,0.10,0.10,0.10
SUT,PARK,Eden Prairie,0.10,0.10,0.10,0.10,0.10,0.10,0.10,0.10,0.10
SUT,PARK,Edina,1.00,1.00,1.00,1.00,1.00,1.00,1.00,1.00,1.00
SUT,PARK,Excelsior,1.00,1.00,1.00,1.00,1.00,1.00,1.00,1.00,1.00
SUT,PARK,Fort Snelling UT,0.10,0.10,0.10,0.10,0.10,0.10,0.10,0.10,0.10
SUT,PARK,Golden Valley,1.00,1.00,1.00,1.00,1.00,1.00,1.00,1.00,1.00
SUT,PARK,Greenfield,0.10,0.10,0.10,0.10,0.10,0.10,0.10,0.10,0.10
SUT,PARK,Greenwood,0.10,0.10,0.10,0.10,0.10,0.10,0.10,0.10,0.10
SUT,PARK,Hanover,0.10,0.10,0.10,0.10,0.10,0.10,0.10,0.10,0.10
SUT,PARK,Hopkins,1.00,1.00,1.00,1.00,1.00,1.00,1.00,1.00,1.00
SUT,PARK,Independence,0.10,0.10,0.10,0.10,0.10,0.10,0.10,0.10,0.10
SUT,PARK,Long Lake,0.10,0.10,0.10,0.10,0.10,0.10,0.10,0.10,0.10
SUT,PARK,Loretto,0.10,0.10,0.10,0.10,0.10,0.10,0.10,0.10,0.10
SUT,PARK,Maple Grove,1.00,1.00,1.00,1.00,1.00,1.00,1.00,1.00,1.00
SUT,PARK,Maple Plain,0.10,0.10,0.10,0.10,0.10,0.10,0.10,0.10,0.10
SUT,PARK,Medicine Lake,0.10,0.10,0.10,0.10,0.10,0.10,0.10,0.10,0.10
SUT,PARK,Medina,0.10,0.10,0.10,0.10,0.10,0.10,0.10,0.10,0.10
SUT,PARK,Minneapolis,1.00,1.00,1.00,1.00,1.00,1.00,1.00,1.00,1.00
SUT,PARK,Minnetonka,1.00,1.00,1.00,1.00,1.00,1.00,1.00,1.00,1.00
SUT,PARK,Minnetonka Beach,0.10,0.10,0.10,0.10,0.10,0.10,0.10,0.10,0.10
SUT,PARK,Minnetrista,0.10,0.10,0.10,0.10,0.10,0.10,0.10,0.10,0.10
SUT,PARK,Mound,0.10,0.10,0.10,0.10,0.10,0.10,0.10,0.10,0.10
SUT,PARK,New Hope,1.00,1.00,1.00,1.00,1.00,1.00,1.00,1.00,1.00
SUT,PARK,Orono,0.10,0.10,0.10,0.10,0.10,0.10,0.10,0.10,0.10
SUT,PARK,Osseo,0.10,0.10,0.10,0.10,0.10,0.10,0.10,0.10,0.10
SUT,PARK,Plymouth,1.00,1.00,1.00,1.00,1.00,1.00,1.00,1.00,1.00
SUT,PARK,Richfield,0.10,0.10,0.10,0.10,0.10,0.10,0.10,0.10,0.10
SUT,PARK,Robbinsdale,1.00,1.00,1.00,1.00,1.00,1.00,1.00,1.00,1.00
SUT,PARK,Rockford,0.10,0.10,0.10,0.10,0.10,0.10,0.10,0.10,0.10
SUT,PARK,Rogers,0.10,0.10,0.10,0.10,0.10,0.10,0.10,0.10,0.10
SUT,PARK,St. Anthony,1.00,1.00,1.00,1.00,1.00,1.00,1.00,1.00,1.00
SUT,PARK,St. Bonifacius,0.10,0.10,0.10,0.10,0.10,0.10,0.10,0.10,0.10
SUT,PARK,St. Louis Park,1.00,1.00,1.00,1.00,1.00,1.00,1.00,1.00,1.00
SUT,PARK,Shorewood,0.10,0.10,0.10,0.10,0.10,0.10,0.10,0.10,0.10
SUT,PARK,Spring Park,0.10,0.10,0.10,0.10,0.10,0.10,0.10,0.10,0.10
SUT,PARK,Tonka Bay,0.10,0.10,0.10,0.10,0.10,0.10,0.10,0.10,0.10
SUT,PARK,Wayzata,0.10,0.10,0.10,0.10,0.10,0.10,0.10,0.10,0.10
SUT,PARK,Woodland,0.10,0.10,0.10,0.10,0.10,0.10,0.10,0.10,0.10
SUT,PARK,Arden Hills,1.00,1.00,1.00,1.00,1.00,1.00,1.00,1.00,1.00
SUT,PARK,Blaine,0.10,0.10,0.10,0.10,0.10,0.10,0.10,0.10,0.10
SUT,PARK,Falcon Heights,1.00,1.00,1.00,1.00,1.00,1.00,1.00,1.00,1.00
SUT,PARK,Gem Lake,0.10,0.10,0.10,0.10,0.10,0.10,0.10,0.10,0.10
SUT,PARK,Lauderdale,0.10,0.10,0.10,0.10,0.10,0.10,0.10,0.10,0.10
SUT,PARK,Little Canada,0.10,0.10,0.10,0.10,0.10,0.10,0.10,0.10,0.10
SUT,PARK,Maplewood,1.00,1.00,1.00,1.00,1.00,1.00,1.00,1.00,1.00
SUT,PARK,Mounds View,0.10,0.10,0.10,0.10,0.10,0.10,0.10,0.10,0.10
SUT,PARK,New Brighton,1.00,1.00,1.00,1.00,1.00,1.00,1.00,1.00,1.00
SUT,PARK,North Oaks,0.10,0.10,0.10,0.10,0.10,0.10,0.10,0.10,0.10
SUT,PARK,North St. Paul,0.10,0.10,0.10,0.10,0.10,0.10,0.10,0.10,0.10
SUT,PARK,Roseville,1.00,1.00,1.00,1.00,1.00,1.00,1.00,1.00,1.00
SUT,PARK,St. Anthony,1.00,1.00,1.00,1.00,1.00,1.00,1.00,1.00,1.00
SUT,PARK,St. Paul,1.00,1.00,1.00,1.00,1.00,1.00,1.00,1.00,1.00
SUT,PARK,Shoreview,0.10,0.10,0.10,0.10,0.10,0.10,0.10,0.10,0.10
SUT,PARK,Spring Lake Park,0.10,0.10,0.10,0.10,0.10,0.10,0.10,0.10,0.10
SUT,PARK,Vadnais Heights,0.10,0.10,0.10,0.10,0.10,0.10,0.10,0.10,0.10
SUT,PARK,White Bear Twp.,0.10,0.10,0.10,0.10,0.10,0.10,0.10,0.10,0.10
SUT,PARK,White Bear Lake,0.10,0.10,0.10,0.10,0.10,0.10,0.10,0.10,0.10
SUT,PARK,Belle Plaine,0.10,0.10,0.10,0.10,0.10,0.10,0.10,0.10,0.10
SUT,PARK,Belle Plaine Twp.,0.10,0.10,0.10,0.10,0.10,0.10,0.10,0.10,0.10
SUT,PARK,Blakeley Twp.,0.10,0.10,0.10,0.10,0.10,0.10,0.10,0.10,0.10
SUT,PARK,Cedar Lake Twp.,0.10,0.10,0.10,0.10,0.10,0.10,0.10,0.10,0.10
SUT,PARK,Credit River Twp.,0.10,0.10,0.10,0.10,0.10,0.10,0.10,0.10,0.10
SUT,PARK,Elko New Market,0.10,0.10,0.10,0.10,0.10,0.10,0.10,0.10,0.10
SUT,PARK,Helena Twp.,0.10,0.10,0.10,0.10,0.10,0.10,0.10,0.10,0.10
SUT,PARK,Jackson Twp.,0.10,0.10,0.10,0.10,0.10,0.10,0.10,0.10,0.10
SUT,PARK,Jordan,0.10,0.10,0.10,0.10,0.10,0.10,0.10,0.10,0.10
SUT,PARK,Louisville Twp.,0.10,0.10,0.10,0.10,0.10,0.10,0.10,0.10,0.10
SUT,PARK,New Market Twp.,0.10,0.10,0.10,0.10,0.10,0.10,0.10,0.10,0.10
SUT,PARK,New Prague,0.10,0.10,0.10,0.10,0.10,0.10,0.10,0.10,0.10
SUT,PARK,Prior Lake,1.00,1.00,1.00,1.00,1.00,1.00,1.00,1.00,1.00
SUT,PARK,St. Lawrence Twp.,0.10,0.10,0.10,0.10,0.10,0.10,0.10,0.10,0.10
SUT,PARK,Sand Creek Twp.,0.10,0.10,0.10,0.10,0.10,0.10,0.10,0.10,0.10
SUT,PARK,Savage,0.10,0.10,0.10,0.10,0.10,0.10,0.10,0.10,0.10
SUT,PARK,Shakopee,1.00,1.00,1.00,1.00,1.00,1.00,1.00,1.00,1.00
SUT,PARK,Spring Lake Twp.,0.10,0.10,0.10,0.10,0.10,0.10,0.10,0.10,0.10
SUT,PARK,Afton,0.10,0.10,0.10,0.10,0.10,0.10,0.10,0.10,0.10
SUT,PARK,Bayport,0.10,0.10,0.10,0.10,0.10,0.10,0.10,0.10,0.10
SUT,PARK,Baytown Twp.,0.10,0.10,0.10,0.10,0.10,0.10,0.10,0.10,0.10
SUT,PARK,Birchwood Village,0.10,0.10,0.10,0.10,0.10,0.10,0.10,0.10,0.10
SUT,PARK,Cottage Grove,1.00,1.00,1.00,1.00,1.00,1.00,1.00,1.00,1.00
SUT,PARK,Dellwood,0.10,0.10,0.10,0.10,0.10,0.10,0.10,0.10,0.10
SUT,PARK,Denmark Twp.,0.10,0.10,0.10,0.10,0.10,0.10,0.10,0.10,0.10
SUT,PARK,Forest Lake,1.00,1.00,1.00,1.00,1.00,1.00,1.00,1.00,1.00
SUT,PARK,Grant,0.10,0.10,0.10,0.10,0.10,0.10,0.10,0.10,0.10
SUT,PARK,Grey Cloud Island Twp.,0.10,0.10,0.10,0.10,0.10,0.10,0.10,0.10,0.10
SUT,PARK,Hastings,0.10,0.10,0.10,0.10,0.10,0.10,0.10,0.10,0.10
SUT,PARK,Hugo,0.10,0.10,0.10,0.10,0.10,0.10,0.10,0.10,0.10
SUT,PARK,Lake Elmo,0.10,0.10,0.10,0.10,0.10,0.10,0.10,0.10,0.10
SUT,PARK,Lakeland,0.10,0.10,0.10,0.10,0.10,0.10,0.10,0.10,0.10
SUT,PARK,Lakeland Shores,0.10,0.10,0.10,0.10,0.10,0.10,0.10,0.10,0.10
SUT,PARK,Lake St. Croix Beach,0.10,0.10,0.10,0.10,0.10,0.10,0.10,0.10,0.10
SUT,PARK,Landfall,0.10,0.10,0.10,0.10,0.10,0.10,0.10,0.10,0.10
SUT,PARK,Mahtomedi,0.10,0.10,0.10,0.10,0.10,0.10,0.10,0.10,0.10
SUT,PARK,Marine on St. Croix,0.10,0.10,0.10,0.10,0.10,0.10,0.10,0.10,0.10
SUT,PARK,May Twp.,0.10,0.10,0.10,0.10,0.10,0.10,0.10,0.10,0.10
SUT,PARK,Newport,0.10,0.10,0.10,0.10,0.10,0.10,0.10,0.10,0.10
SUT,PARK,Oakdale,0.10,0.10,0.10,0.10,0.10,0.10,0.10,0.10,0.10
SUT,PARK,Oak Park Heights,0.10,0.10,0.10,0.10,0.10,0.10,0.10,0.10,0.10
SUT,PARK,Pine Springs,0.10,0.10,0.10,0.10,0.10,0.10,0.10,0.10,0.10
SUT,PARK,St. Marys Point,0.10,0.10,0.10,0.10,0.10,0.10,0.10,0.10,0.10
SUT,PARK,St. Paul Park,0.10,0.10,0.10,0.10,0.10,0.10,0.10,0.10,0.10
SUT,PARK,Scandia,0.10,0.10,0.10,0.10,0.10,0.10,0.10,0.10,0.10
SUT,PARK,Stillwater,1.00,1.00,1.00,1.00,1.00,1.00,1.00,1.00,1.00
SUT,PARK,Stillwater Twp.,0.10,0.10,0.10,0.10,0.10,0.10,0.10,0.10,0.10
SUT,PARK,West Lakeland Twp.,0.10,0.10,0.10,0.10,0.10,0.10,0.10,0.10,0.10
SUT,PARK,White Bear Lake,0.10,0.10,0.10,0.10,0.10,0.10,0.10,0.10,0.10
SUT,PARK,Willernie,0.10,0.10,0.10,0.10,0.10,0.10,0.10,0.10,0.10
SUT,PARK,Woodbury,1.00,1.00,1.00,1.00,1.00,1.00,1.00,1.00,1.00