mode,var,ctu,2015,2018,2020,2025,2030,2035,2040,2045,2050
PLDV,TotStock,Afton,2186.916411,2265.598303,2318.052897,2345.852342,2396.086596,2414.708289,2436.04718,2485.873334,2535.699488
PLDV,TotStock,Andover,22992.60908,24149.34993,24920.5105,26859.19063,29063.85947,30836.36463,32618.79307,34544.02987,36469.26667
PLDV,TotStock,Anoka,12515.29946,13040.20153,13390.13624,13569.8582,13958.21567,14246.82382,14548.57795,14955.23365,15361.88935
PLDV,TotStock,Apple Valley,36904.4025,38801.5762,40066.35866,40725.07407,42082.2088,43145.82819,44246.19894,45714.55822,47182.91751
PLDV,TotStock,Arden Hills,5943.684438,6122.604446,6241.884452,7012.267453,7860.147268,8266.354141,8676.334302,9222.864274,9769.394247
PLDV,TotStock,Bayport,1472.06828,1589.723234,1668.15987,1739.023117,1825.816355,1868.367064,1912.565866,2000.665383,2088.7649
PLDV,TotStock,Baytown Twp.,1399.97779,1463.15646,1505.275573,1542.912303,1595.034763,1624.977305,1656.467302,1707.765205,1759.063107
PLDV,TotStock,Belle Plaine,5870.982558,6255.879991,6512.47828,7504.769842,8551.158588,9615.912995,10675.49585,11636.39851,12597.30117
PLDV,TotStock,Belle Plaine Twp.,722.8570582,732.4800948,738.8954526,730.7029693,729.1587486,725.0284838,721.8710139,721.673805,721.4765962
PLDV,TotStock,Benton Twp.,750.466182,756.0489826,759.7708497,750.5047344,747.672545,741.1214058,735.602256,732.6294708,729.6566856
PLDV,TotStock,Bethel,371.8997494,384.7553073,393.3256793,416.828476,446.382766,452.5277123,459.1390098,476.5868619,494.034714
PLDV,TotStock,Birchwood Village,571.057076,577.8264978,582.3394456,575.4285884,574.2125145,569.1812396,564.9425326,563.7196239,562.4967153
PLDV,TotStock,Blaine,43348.69867,45906.85029,47612.28471,50723.87022,54438.27725,57751.25312,61082.92052,64629.76489,68176.60926
PLDV,TotStock,Blaine,43348.69867,45906.85029,47612.28471,50723.87022,54438.27725,57751.25312,61082.92052,64629.76489,68176.60926
PLDV,TotStock,Blakeley Twp.,502.9880363,508.5006787,512.1757737,507.9955507,508.4173306,503.9625559,500.2095341,499.6538336,499.0981332
PLDV,TotStock,Bloomington,58717.52986,60395.16175,61513.58301,61425.30994,62560.02897,63221.59262,63951.48836,64998.28006,66045.07176
PLDV,TotStock,Brooklyn Center,16966.54928,17430.61675,17739.99506,18069.30173,18780.31364,19367.46857,19969.34941,20569.90943,21170.46946
PLDV,TotStock,Brooklyn Park,49957.46451,52626.27639,54405.48431,54992.3915,56822.42556,58154.04767,59536.85131,61452.72867,63368.60603
PLDV,TotStock,Burnsville,41555.32236,42820.76444,43664.39249,43423.94329,44071.3558,44338.03362,44655.81844,45275.91766,45896.01688
PLDV,TotStock,Camden Twp.,737.7157866,746.8899821,753.0061125,747.2579585,747.8719243,739.145082,731.4828834,730.2363027,728.9897221
PLDV,TotStock,Carver,3614.285291,4245.158767,4665.741085,6263.235033,7893.247027,9948.813751,11983.62948,13657.49832,15331.36716
PLDV,TotStock,Castle Rock Twp.,1283.824254,1302.145241,1314.359232,1297.461596,1295.965745,1284.610437,1275.04391,1273.287842,1271.531773
PLDV,TotStock,Cedar Lake Twp.,2615.727427,2750.176188,2839.808695,3001.07543,3187.078835,3347.288554,3509.095206,3687.768762,3866.442318
PLDV,TotStock,Centerville,2896.134333,2973.979231,3025.87583,3025.120997,3071.688039,3097.269875,3126.309588,3172.344639,3218.37969
PLDV,TotStock,Champlin,15120.591,15563.25512,15858.36453,16074.53768,16653.29732,16596.87721,16562.11016,16850.41399,17138.71782
PLDV,TotStock,Chanhassen,19740.88204,20996.1293,21832.96081,23439.93798,25418.73032,27418.31578,29419.8868,31355.68775,33291.4887
PLDV,TotStock,Chanhassen,19740.88204,20996.1293,21832.96081,23439.93798,25418.73032,27418.31578,29419.8868,31355.68775,33291.4887
PLDV,TotStock,Chaska,19683.92222,20817.53447,21573.27597,23137.22837,25022.10784,26717.67876,28419.26757,30166.33664,31913.40571
PLDV,TotStock,Circle Pines,3092.472852,3160.225648,3205.394178,3192.579707,3229.945394,3231.289329,3236.649926,3265.485341,3294.320756
PLDV,TotStock,Coates,138.9515547,142.1751743,144.3242541,142.3316747,142.0308801,140.7863994,139.7379595,139.8952405,140.0525214
PLDV,TotStock,Cologne,1680.391668,1883.751377,2019.324517,2461.305876,2918.415167,3421.51049,3920.760024,4368.833696,4816.907367
PLDV,TotStock,Columbia Heights,12068.83787,12392.5498,12608.35775,12724.98203,13065.12912,13241.71048,13431.9902,13704.62066,13977.25113
PLDV,TotStock,Columbus,3784.959874,3955.026636,4068.404478,4409.371409,4812.518948,5101.385677,5391.964537,5713.365469,6034.766401
PLDV,TotStock,Coon Rapids,45028.03318,46529.96,47531.24455,48430.69808,50152.12781,51345.13612,52583.05417,54094.05836,55605.06256
PLDV,TotStock,Corcoran,4584.66613,5013.384383,5299.196551,6340.65815,7441.380929,8545.62389,9642.720191,10654.331,11665.94182
PLDV,TotStock,Cottage Grove,23068.72908,24207.36255,24966.45153,26149.33933,27833.56006,29492.69947,31161.91304,32780.54983,34399.18662
PLDV,TotStock,Credit River Twp.,5648.073743,5805.061777,5909.720466,6107.185448,6356.711977,6525.821018,6700.355749,6910.81215,7121.268551
PLDV,TotStock,Crystal,15071.89237,15319.08309,15483.8769,15331.38279,15379.0902,15324.53787,15290.01832,15333.64351,15377.2687
PLDV,TotStock,Dahlgren Twp.,1126.452249,1104.582416,1090.002527,963.1150368,845.9380794,768.6487723,693.5678414,606.9909598,520.4140783
PLDV,TotStock,Dayton,4706.961184,5165.269698,5470.808708,6605.226597,7800.574472,9176.918161,10542.51142,11709.62147,12876.73151
PLDV,TotStock,Deephaven,2843.087167,2873.718279,2894.13902,2875.194876,2891.100197,2885.482081,2883.560844,2891.655579,2899.750314
PLDV,TotStock,Dellwood,645.8861678,662.7568599,674.003988,690.9805097,714.4426541,724.6520412,735.602256,753.5454737,771.4886913
PLDV,TotStock,Denmark Twp.,1742.386701,1832.516599,1892.603198,2051.962362,2229.061081,2388.090802,2547.537733,2708.567939,2869.598146
PLDV,TotStock,Douglas Twp.,1080.269715,1110.408419,1130.500889,1154.853209,1192.288485,1223.3444,1255.42785,1290.459477,1325.491104
PLDV,TotStock,Eagan,52105.77417,53827.86242,54975.92125,55248.63704,56408.34741,57176.45771,58003.62502,59183.19519,60362.76536
PLDV,TotStock,East Bethel,12180.14143,12818.21384,13243.59544,14803.45373,16563.82253,18331.46694,20093.48489,21676.15358,23258.82227
PLDV,TotStock,Eden Prairie,48898.03883,51348.65031,52982.39129,54790.17105,57511.0585,59719.58233,61967.08771,64580.89748,67194.70726
PLDV,TotStock,Edina,33847.88932,35220.29821,36135.23747,36796.02037,38110.64979,38313.50627,38560.97083,39503.58714,40446.20344
PLDV,TotStock,Elko New Market,3600.229737,4108.376144,4447.140416,5528.609984,6645.31358,8076.246999,9494.173117,10672.96179,11851.75047
PLDV,TotStock,Empire Twp.,1544.165742,1705.089631,1812.372224,2069.819629,2347.317955,2608.562068,2868.848798,3133.78541,3398.722021
PLDV,TotStock,Eureka Twp.,1803.796085,1856.071297,1890.921439,1981.365799,2093.483126,2190.425488,2288.540352,2385.489205,2482.438059
PLDV,TotStock,Excelsior,1394.511741,1433.342551,1459.229758,1498.511949,1555.158894,1541.532524,1530.052692,1557.160883,1584.269073
PLDV,TotStock,Falcon Heights,3278.620129,3330.99104,3365.904981,3314.385674,3306.629758,3277.656925,3253.248131,3248.173732,3243.099332
PLDV,TotStock,Farmington,15196.59158,16127.70225,16748.4427,18067.33657,19576.00564,21038.65253,22503.98013,23965.45784,25426.93555
PLDV,TotStock,Forest Lake,16199.52787,17353.71523,18123.17347,19716.05491,21628.53846,23281.09376,24936.06645,26683.37417,28430.68188
PLDV,TotStock,Fort Snelling UT,137.5436347,139.5311774,140.8562058,188.8125056,238.2583177,286.0728626,333.4730227,372.6589003,411.8447779
PLDV,TotStock,Fridley,20102.92063,20841.9369,21334.61442,21884.14187,22784.31338,22837.67352,22918.71398,23481.87266,24045.03133
PLDV,TotStock,Gem Lake,308.88753,334.5307064,351.6261574,372.2969686,397.429495,411.0753397,425.0146368,448.2400582,471.4654795
PLDV,TotStock,Golden Valley,14589.0061,14897.43059,15103.04691,15144.33638,15350.6104,15374.62532,15417.46725,15583.15948,15748.85171
PLDV,TotStock,Grant,3360.155857,3406.362895,3437.167587,3506.51796,3609.015375,3677.444416,3749.364699,3827.206467,3905.048236
PLDV,TotStock,Greenfield,2724.10021,2871.521755,2969.802785,3275.414118,3615.412129,3899.945531,4184.759501,4476.891359,4769.023217
PLDV,TotStock,Greenvale Twp.,433.7142349,447.9056677,457.3666229,480.2730796,508.4173306,512.1148914,516.3927837,532.9284935,549.4642032
PLDV,TotStock,Greenwood,740.4265006,752.1798996,760.0154989,749.2559744,747.672545,741.1214058,735.602256,734.6374071,733.6725582
PLDV,TotStock,Grey Cloud Island Twp.,239.0784103,243.7878914,246.9275455,243.9971567,243.4815087,241.3481132,239.5507877,239.6452632,239.7397387
PLDV,TotStock,Ham Lake,13054.26302,13611.65933,13983.25687,14681.71707,15595.89546,16043.6498,16504.2265,17194.21919,17884.21189
PLDV,TotStock,Hamburg,419.919772,426.8972318,431.5488717,447.3281205,466.6728917,482.6962264,499.0641411,514.893015,530.7218888
PLDV,TotStock,Hampton,515.9598172,528.020836,536.0615152,548.9936025,568.1235204,583.2579403,598.8769694,615.4603998,632.0438302
PLDV,TotStock,Hampton Twp.,807.0230536,833.3580098,850.9146473,886.9525724,932.7630372,982.2329031,1032.131699,1077.153428,1122.175157
PLDV,TotStock,Hancock Twp.,272.7945964,281.7373872,287.6992478,304.9964458,324.6420116,331.8536557,339.363616,352.6774199,365.9912238
PLDV,TotStock,Hanover,2483.566177,2594.019111,2667.654401,2724.794227,2813.741011,2870.610245,2930.148986,3019.465548,3108.78211
PLDV,TotStock,Hastings,19065.90253,19771.16003,20241.3317,21406.98488,22803.80116,24026.28759,25259.06568,26497.69832,27736.33095
PLDV,TotStock,Hastings,19065.90253,19771.16003,20241.3317,21406.98488,22803.80116,24026.28759,25259.06568,26497.69832,27736.33095
PLDV,TotStock,Helena Twp.,1163.59907,1206.124593,1234.474942,1279.729204,1335.841614,1352.793606,1371.162605,1412.675312,1454.188019
PLDV,TotStock,Hilltop,416.6467766,441.2760129,457.6955038,474.5287838,498.4483633,518.7849841,539.4416544,564.00063,588.5596055
PLDV,TotStock,Hollywood Twp.,933.5230388,952.955352,965.9102275,1025.648178,1093.26341,1117.116999,1141.981636,1183.673355,1225.365074
PLDV,TotStock,Hopkins,12591.15483,13065.34073,13381.46466,13546.60968,13871.81795,13958.60994,14061.44579,14355.50398,14649.56218
PLDV,TotStock,Hugo,12993.85761,14196.94058,14998.99589,17586.10809,20308.21046,23084.16722,25844.15926,28414.21959,30984.27992
PLDV,TotStock,Independence,2747.215381,2863.381564,2940.825686,3063.707679,3221.400565,3336.457986,3453.827735,3595.150206,3736.472677
PLDV,TotStock,Inver Grove Heights,29630.08208,31087.68033,32059.41249,33696.524,35868.90131,37770.46773,39688.53988,41700.23145,43711.92301
PLDV,TotStock,Jackson Twp.,1153.726717,1167.222434,1176.219578,1177.164386,1188.633197,1178.218342,1169.44412,1172.587601,1175.731081
PLDV,TotStock,Jordan,5548.695662,6050.795502,6385.528729,7149.870629,7968.136895,8823.122995,9675.333202,10500.66071,11325.98822
PLDV,TotStock,Lake Elmo,8151.938902,8949.977929,9482.003947,11221.66917,13046.2317,15128.71198,17196.48044,19005.38875,20814.29705
PLDV,TotStock,Lake St. Croix Beach,706.291584,719.2712178,727.924307,734.2708549,747.672545,741.1214058,735.602256,741.4643904,747.3265248
PLDV,TotStock,Lakeland,2066.166425,2083.955811,2095.815401,2082.931609,2090.492436,2088.480122,2089.110407,2093.699204,2098.288
PLDV,TotStock,Lakeland Shores,356.9106725,361.1415611,363.9621535,374.6279872,388.7897234,400.2055591,411.9372634,422.9425815,433.9478997
PLDV,TotStock,Laketown Twp.,1269.392212,1190.036156,1137.132119,840.6652033,555.0222525,275.0795618,0,0,0
PLDV,TotStock,Lakeville,42912.86105,45478.92043,47189.62668,50634.1159,54688.6544,58027.38678,61384.73998,65079.11577,68773.49156
PLDV,TotStock,Landfall,263.5416358,263.1335875,262.8615553,259.7420711,259.1931489,256.9220873,255.0087821,253.3022113,251.5956406
PLDV,TotStock,Lauderdale,1906.993824,1953.504835,1984.512176,1955.395212,1952.075492,1933.360189,1917.363272,1919.437161,1921.511051
PLDV,TotStock,Lexington,1210.032596,1234.633665,1251.034377,1272.985901,1314.408334,1354.76993,1396.173082,1433.401179,1470.629276
PLDV,TotStock,Lilydale,931.5665881,1062.241528,1149.358155,1133.489807,1131.094363,1121.183665,1112.834182,1149.087701,1185.34122
PLDV,TotStock,Lino Lakes,13665.50204,14426.38656,14933.64291,16452.00978,18131.27284,19566.60336,21003.21586,22470.75862,23938.30139
PLDV,TotStock,Linwood Twp.,5119.296276,5253.188971,5342.450768,5246.103019,5233.707815,5187.849841,5149.215792,5155.199695,5161.183599
PLDV,TotStock,Little Canada,6945.142654,7084.957333,7178.167119,7278.157265,7470.590701,7427.176673,7393.745753,7483.466372,7573.186992
PLDV,TotStock,Long Lake,1680.843454,1729.062931,1761.209249,1824.188546,1908.060335,1922.864191,1939.832189,1991.629936,2043.427683
PLDV,TotStock,Loretto,643.0415914,654.451404,662.0579457,664.3402973,674.566785,680.1847569,686.5621056,695.2662084,703.9703113
PLDV,TotStock,Louisville Twp.,578.9549587,587.17542,592.6557276,592.7447264,598.138036,592.8971246,588.4818048,590.387174,592.2925433
PLDV,TotStock,Mahtomedi,4631.346845,4733.905786,4802.278414,4784.041022,4812.602022,4811.113126,4815.661036,4852.523874,4889.386712
PLDV,TotStock,Maple Grove,45020.886,47492.88305,49140.88109,51166.67019,54038.91054,56431.89209,58856.76849,61623.94498,64391.12148
PLDV,TotStock,Maple Plain,1392.420141,1437.572681,1467.674375,1538.472267,1626.603159,1711.990447,1798.138848,1879.282589,1960.426331
PLDV,TotStock,Maplewood,27716.9727,29054.56324,29946.29027,31059.54902,32639.34434,33555.65456,34499.10879,35855.53601,37211.96323
PLDV,TotStock,Marine on St. Croix,805.6844295,837.8868226,859.3550847,925.3311284,999.3889684,1051.157194,1103.403384,1162.947175,1222.490966
PLDV,TotStock,Marshan Twp.,1016.818929,1050.019045,1072.152456,1104.103604,1148.425029,1186.980044,1226.396081,1268.311512,1310.226942
PLDV,TotStock,May Twp.,2619.496292,2711.625504,2773.044979,2968.480813,3190.069525,3386.854241,3584.69488,3777.734597,3970.774315
PLDV,TotStock,Mayer,2014.96405,2167.212277,2268.711095,2590.92716,2930.876376,3231.289329,3530.890829,3834.076185,4137.26154
PLDV,TotStock,Medicine Lake,165.6547425,169.6240048,172.2701797,169.8313542,169.4724435,167.9875186,166.7365114,166.9528651,167.1692189
PLDV,TotStock,Medina,3641.204187,3991.133363,4224.419481,4653.503981,5131.5259,5588.950921,6045.976242,6526.930653,7007.885064
PLDV,TotStock,Mendota,252.9999704,265.3049559,273.5082795,299.7023898,328.9759198,355.7382748,382.5131731,408.4158137,434.3184542
PLDV,TotStock,Mendota Heights,8865.054838,9215.368214,9448.910465,9365.039046,9391.731904,9355.518174,9331.58129,9424.88658,9518.191871
PLDV,TotStock,Miesville,224.8888626,235.8266275,243.1184707,239.7619118,239.2552144,237.1588499,235.3927219,237.4934938,239.5942657
PLDV,TotStock,Minneapolis,211544.0785,220883.5916,227109.9337,228956.9661,234647.8557,238589.0181,242764.7358,249008.8673,255252.9988
PLDV,TotStock,Minnetonka,38896.51322,40389.59382,41384.98088,42650.42391,44573.5646,45598.97148,46664.81246,48218.47231,49772.13216
PLDV,TotStock,Minnetonka Beach,201.2956113,202.1207243,202.6707997,199.8015932,199.3793453,202.5731842,205.9686317,206.9032357,207.8378398
PLDV,TotStock,Minnetrista,6114.165951,6675.973448,7050.51178,8115.940715,9261.569349,10520.36658,11771.99002,12903.55484,14035.11965
PLDV,TotStock,Mound,10379.99703,10612.77433,10767.9592,10944.01474,11248.68946,11325.09073,11414.41232,11621.29538,11828.17844
PLDV,TotStock,Mounds View,8327.463906,8452.217684,8535.38687,8489.07019,8553.373914,8476.798415,8412.053159,8428.971009,8445.88886
PLDV,TotStock,New Brighton,13316.95667,13698.96874,13953.64346,14031.2362,14360.63528,14520.24319,14695.42134,14971.11427,15246.80721
PLDV,TotStock,New Germany,337.3332938,365.1363125,383.6716583,459.5436643,538.3242324,592.8971246,647.3299853,709.3293236,771.3286619
PLDV,TotStock,New Hope,14333.12282,14664.87835,14886.0487,14896.93945,15110.23046,15305.95242,15517.64356,15754.5477,15991.45185
PLDV,TotStock,New Market Twp.,2978.773461,3031.277566,3066.280302,3033.546454,3028.396333,3001.861393,2979.506455,2979.653054,2979.799653
PLDV,TotStock,New Prague,5554.139975,5847.042199,6042.310348,6628.105664,7265.507956,7793.817984,8323.339527,8877.179437,9431.019347
PLDV,TotStock,New Trier,92.97493735,99.04322668,103.0887529,101.6654819,101.4506286,100.5617138,99.81282823,101.1804064,102.5479846
PLDV,TotStock,Newport,2480.948689,2582.37414,2649.991108,2884.849575,3144.497103,3338.010812,3532.572205,3742.896909,3953.221612
PLDV,TotStock,Nininger Twp.,1024.621195,1036.74682,1044.83057,1056.165493,1079.639155,1072.861464,1067.534017,1076.116581,1084.699146
PLDV,TotStock,North Oaks,3398.073582,3505.530382,3577.168248,3644.737848,3758.300659,3790.518367,3826.953223,3912.729151,3998.505079
PLDV,TotStock,North St. Paul,9512.184694,9802.412878,9995.898334,10041.99869,10217.22387,10317.55798,10429.16686,10612.56329,10795.95972
PLDV,TotStock,Northfield,11698.53792,11982.08623,12171.11844,12404.08251,12778.02286,13021.79955,13277.91496,13593.79037,13909.66578
PLDV,TotStock,Norwood Young America,3773.772801,4140.400492,4384.818952,5629.838034,6906.500522,7827.371373,8743.158243,9737.035331,10730.91242
PLDV,TotStock,Nowthen,4594.660176,4768.946077,4885.136677,5186.349855,5562.683735,5869.681534,6179.05895,6495.938705,6812.81846
PLDV,TotStock,Oak Grove,7898.140101,8252.585492,8488.88242,9007.593748,9656.861906,10241.34767,10829.1969,11415.40826,12001.61963
PLDV,TotStock,Oak Park Heights,3526.509791,3697.326132,3811.203693,3954.35896,4133.988311,4251.919379,4373.260498,4542.610639,4711.960781
PLDV,TotStock,Oakdale,18679.18574,19231.08205,19599.01293,19615.12894,19982.29644,20047.47519,20136.65639,20428.15051,20719.64464
PLDV,TotStock,Orono,5445.824362,5681.575586,5838.743069,6077.065357,6384.525396,6631.850788,6883.471671,7171.001132,7458.530594
PLDV,TotStock,Osseo,1828.225976,1916.914569,1976.040297,2022.991131,2093.483126,2149.252077,2206.806768,2282.522926,2358.239085
PLDV,TotStock,Pine Springs,184.4791451,187.529831,189.5636216,187.3139936,186.9181362,185.2803514,183.900564,183.7848478,183.6691316
PLDV,TotStock,Plymouth,51592.29108,53525.35078,54814.05724,55039.09512,56201.75599,56720.49159,57301.7402,58443.63003,59585.51985
PLDV,TotStock,Prior Lake,18232.74051,19792.18252,20831.81052,22396.407,24382.92111,26181.46512,27983.69448,29933.88528,31884.07607
PLDV,TotStock,Ramsey,20510.36311,21680.28976,22460.24086,24236.08935,26406.8597,28140.61138,29881.54289,31755.77885,33630.01481
PLDV,TotStock,Randolph,349.3809115,358.5589882,364.677706,359.6428677,358.8828216,355.7382748,353.0890829,353.8307172,354.5723514
PLDV,TotStock,Randolph Twp.,517.0435902,533.8117791,544.9905717,548.4553733,558.2621669,553.3706497,549.2496845,555.6909033,562.1321222
PLDV,TotStock,Ravenna Twp.,1626.428381,1671.668929,1701.829295,1758.25402,1834.289977,1896.282637,1959.64441,2026.287616,2092.930822
PLDV,TotStock,Richfield,24015.45272,24846.62598,25400.74149,25051.2302,25309.57363,25396.36765,25513.50002,25813.10948,26112.71893
PLDV,TotStock,Robbinsdale,9023.393347,9192.766116,9305.681295,9391.640023,9589.031337,9649.769171,9721.586425,9861.225041,10000.86366
PLDV,TotStock,Rockford,3215.319509,3317.767457,3386.066089,3539.09672,3732.159812,3861.846401,3994.265761,4150.055011,4305.844262
PLDV,TotStock,Rogers,11707.60709,12786.63209,13505.98209,15580.52824,17808.56312,20028.06487,22236.7658,24342.59754,26448.42928
PLDV,TotStock,Rosemount,16089.00941,17193.95306,17930.58216,19813.04975,21946.11178,24004.40809,26059.47555,28053.56877,30047.662
PLDV,TotStock,Roseville,23403.8281,23884.33633,24204.67515,24129.5389,24393.08919,24488.8344,24613.63925,24855.60147,25097.5637
PLDV,TotStock,San Francisco Twp.,974.3510764,1007.653733,1029.855504,1065.441996,1109.546057,1141.326965,1174.021201,1213.955225,1253.88925
PLDV,TotStock,Sand Creek Twp.,1463.862771,1474.870616,1482.20918,1464.468831,1460.070283,1447.277084,1436.499175,1431.026456,1425.553736
PLDV,TotStock,Savage,21252.39037,22981.52982,24134.28946,25111.8895,26482.77826,27563.27176,28660.76964,30142.44549,31624.12135
PLDV,TotStock,Scandia,3532.863475,3681.842814,3781.162373,3965.961724,4186.766872,4357.69505,4531.309897,4730.999181,4930.688466
PLDV,TotStock,Sciota Twp.,150.0932364,156.6768866,161.0659868,164.3368104,169.4724435,177.8691374,186.3525715,193.6044385,200.8563056
PLDV,TotStock,Shakopee,25420.99702,26959.38423,27984.9757,29101.75357,30774.20195,32214.29192,33671.3937,35321.47304,36971.55237
PLDV,TotStock,Shoreview,18295.89939,18952.76224,19390.67081,19205.6998,19328.40339,19242.45501,19181.94274,19359.15141,19536.36008
PLDV,TotStock,Shorewood,5478.65412,5595.115058,5672.755684,5702.337469,5799.945155,5838.060354,5882.856442,5963.696906,6044.537371
PLDV,TotStock,South St. Paul,13117.61144,13620.85277,13956.34699,13825.91766,14023.87402,14054.39383,14101.98565,14298.86049,14495.73533
PLDV,TotStock,Spring Lake Park,4181.276296,4309.752011,4395.402488,4406.374386,4486.03527,4594.211594,4706.383234,4811.404621,4916.426009
PLDV,TotStock,Spring Lake Park,4181.276296,4309.752011,4395.402488,4406.374386,4486.03527,4594.211594,4706.383234,4811.404621,4916.426009
PLDV,TotStock,Spring Lake Twp.,3122.67556,3227.66484,3297.657693,3448.742,3628.704085,3644.176299,3663.953104,3772.208612,3880.464121
PLDV,TotStock,Spring Park,1398.276622,1434.848504,1459.229758,1498.511949,1555.158894,1585.999808,1618.324963,1662.334631,1706.3443
PLDV,TotStock,St. Anthony,7214.22818,7445.784265,7600.154989,7581.756884,7654.742722,7676.782562,7708.060783,7806.827303,7905.593823
PLDV,TotStock,St. Anthony,7214.22818,7445.784265,7600.154989,7581.756884,7654.742722,7676.782562,7708.060783,7806.827303,7905.593823
PLDV,TotStock,St. Bonifacius,1812.371646,1826.971132,1836.704122,1821.108271,1827.643999,1831.187473,1836.9623,1841.880431,1846.798562
PLDV,TotStock,St. Francis,7759.54423,8307.968135,8673.584071,9894.29977,11245.49352,12504.32388,13758.4594,14958.24243,16158.02546
PLDV,TotStock,St. Lawrence Twp.,363.4364654,389.0369069,406.1038679,460.5426723,518.3862978,573.1338871,627.7139251,680.5694171,733.424909
PLDV,TotStock,St. Louis Park,33633.29067,34759.42379,35510.17921,35724.29579,36534.8808,36869.66645,37245.12587,37967.49292,38689.85996
PLDV,TotStock,St. Marys Point,232.6696156,238.6527077,242.6414357,239.7619118,239.2552144,237.1588499,235.3927219,235.9373432,236.4819644
PLDV,TotStock,St. Paul,"154,401.15",161234.142,"165,789.47","166,936.74","170,939.95","173,314.49","175,867.30","180,160.53","184,453.76"
PLDV,TotStock,St. Paul Park,4019.009946,4223.581957,4359.963297,4783.999397,5248.661266,5659.388335,6070.557618,6480.867152,6891.176686
PLDV,TotStock,Stillwater,13744.6327,14513.98887,15026.89299,15377.038,15871.89952,16257.31517,16656.82659,17239.26537,17821.70415
PLDV,TotStock,Stillwater Twp.,1872.199781,1920.838047,1953.263557,2034.979227,2135.352788,2199.648332,2265.654948,2344.345982,2423.037016
PLDV,TotStock,Sunfish Lake,748.9602298,761.5091862,769.8751571,779.2262134,797.5173813,810.292737,823.8745267,838.8573861,853.8402455
PLDV,TotStock,Tonka Bay,915.6189404,940.8192933,957.6195286,966.540207,986.9277594,993.1026838,1000.419068,1017.379094,1034.339119
PLDV,TotStock,Vadnais Heights,9886.943529,10301.48937,10577.85326,10783.80367,11125.73219,11208.10555,11303.15662,11586.39923,11869.64185
PLDV,TotStock,Vermillion,317.2539311,321.396349,324.1579609,319.6825491,319.0069525,326.0934185,333.4730227,336.716841,339.9606594
PLDV,TotStock,Vermillion Twp.,1098.090149,1124.526249,1142.150315,1162.59552,1196.276072,1221.615117,1248.071828,1278.068163,1308.064499
PLDV,TotStock,Victoria,5710.277936,6348.001765,6773.150985,7725.120474,8730.073859,9725.571515,10717.15273,11718.52769,12719.90265
PLDV,TotStock,Waconia,10180.39826,11198.93248,11877.95529,14580.86021,17372.314,18833.60656,20294.8459,22317.73543,24340.62496
PLDV,TotStock,Waconia Twp.,1090.008206,1133.578937,1162.626091,1233.699912,1314.2588,1348.025725,1382.932241,1441.517048,1500.101856
PLDV,TotStock,Waterford Twp.,295.9196082,300.7066963,303.8980883,307.1949495,314.0224689,311.2709904,308.9529475,311.5596154,314.1662832
PLDV,TotStock,Watertown,3695.104726,3923.948712,4076.511369,4670.362241,5296.01386,5669.578754,6044.198537,6514.017299,6983.836061
PLDV,TotStock,Watertown Twp.,1021.914067,1039.552123,1051.310827,1049.770058,1057.084366,1050.971914,1046.271609,1051.143117,1056.014626
PLDV,TotStock,Wayzata,3085.616807,3248.367796,3356.868456,3475.759031,3634.475592,3674.401917,3718.275825,3844.807628,3971.339432
PLDV,TotStock,West Lakeland Twp.,3305.838899,3406.846075,3474.184193,3531.039065,3621.453927,3613.977473,3611.138348,3672.198237,3733.258127
PLDV,TotStock,West St. Paul,11036.22014,11424.28855,11683.00082,11646.29501,11869.53094,12069.40913,12281.14448,12530.12935,12779.11422
PLDV,TotStock,White Bear Lake,17447.20927,17805.525,18044.40215,18427.55109,18982.6084,19236.25076,19509.83919,19922.36518,20334.89117
PLDV,TotStock,White Bear Lake,17447.20927,17805.525,18044.40215,18427.55109,18982.6084,19236.25076,19509.83919,19922.36518,20334.89117
PLDV,TotStock,White Bear Twp.,9002.068343,9266.452099,9442.707937,9482.25061,9643.789048,9680.280762,9728.281455,9873.524077,10018.7667
PLDV,TotStock,Willernie,224.8888626,229.4743705,232.5313758,229.7718322,229.2862471,227.2772311,225.5846918,225.7238577,225.8630236
PLDV,TotStock,Woodbury,43913.53563,46566.25954,48334.74215,49803.09419,52076.85005,53900.8358,55762.73893,58132.57959,60502.42025
PLDV,TotStock,Woodland,356.5742103,365.3806055,371.2515357,365.995735,365.2222631,362.0221698,359.3261816,359.8765759,360.4269701
PLDV,TotStock,Young America Twp.,604.2633221,608.3086879,611.0055984,614.764527,623.5589025,643.6639409,664.2488372,676.2459402,688.2430432
PLDV,SIStock,Afton,2152.280287,2221.482282,2267.616945,2178.790123,2154.84193,2106.821903,1951.636548,1911.5078,1871.379052
PLDV,SIStock,Andover,22621.07338,23673.37791,24374.91426,25434.41537,26788.98945,27686.27284,27879.60442,28931.31062,29983.01683
PLDV,SIStock,Anoka,12310.4676,12768.53914,13073.92016,12795.94099,12876.93775,12877.73442,12576.63578,12629.86941,12683.10304
PLDV,SIStock,Apple Valley,36304.95925,37953.66723,39052.80588,37470.86542,37928.80748,38248.02121,36840.5202,36947.63239,37054.74458
PLDV,SIStock,Arden Hills,5850.113018,6008.922962,6114.796258,6686.059455,7345.0125,7563.673933,7589.146647,7936.953372,8284.760098
PLDV,SIStock,Bayport,1448.753837,1558.620069,1631.864223,1615.176847,1641.988084,1630.141691,1532.250062,1548.949307,1565.648552
PLDV,SIStock,Baytown Twp.,1377.805107,1434.63641,1472.523945,1433.032261,1434.442225,1417.785242,1327.076977,1316.931351,1306.785725
PLDV,SIStock,Belle Plaine,5779.413729,6145.829281,6390.106315,7225.280247,8062.818794,8830.058977,9321.381282,10029.77479,10738.1683
PLDV,SIStock,Belle Plaine Twp.,711.5827657,719.6399005,725.0113237,703.4904257,687.5179312,665.7760189,630.3065497,614.0513065,597.7960633
PLDV,SIStock,Benton Twp.,738.7644891,742.2238109,744.5300255,703.9722458,680.7858891,654.2028349,594.9609575,566.2002511,537.4395448
PLDV,SIStock,Bethel,365.8130459,376.7474532,384.0370581,393.0558817,411.8035735,409.0407635,396.9064273,403.1251035,409.3437798
PLDV,SIStock,Birchwood Village,562.0127415,566.6064755,569.6689649,534.4488664,516.3992008,496.60802,452.6030953,430.721166,408.8392368
PLDV,SIStock,Blaine,42666.26014,45052.22753,46642.87246,48364.21519,50870.52612,52842.11641,53428.92808,55581.46167,57733.99526
PLDV,SIStock,Blaine,42666.26014,45052.22753,46642.87246,48364.21519,50870.52612,52842.11641,53428.92808,55581.46167,57733.99526
PLDV,SIStock,Blakeley Twp.,495.1430078,499.5882798,502.5517945,489.0769864,479.38262,462.7765552,436.761332,425.0849969,413.4086617
PLDV,SIStock,Bloomington,57739.44896,58938.8109,59738.38552,55335.86959,55286.84019,55117.15754,51777.97656,50585.68208,49393.38759
PLDV,SIStock,Brooklyn Center,16673.67558,16967.26505,17162.99136,15887.98008,16179.86364,16493.75989,15697.45512,15502.21102,15306.96693
PLDV,SIStock,Brooklyn Park,49118.37863,51286.32132,52731.61645,48759.66847,49658.53748,50362.93763,47711.33321,47429.92413,47148.51504
PLDV,SIStock,Burnsville,40870.22407,41842.19272,42490.17182,39755.98943,39645.68007,39331.8532,37278.88921,36560.62224,35842.35527
PLDV,SIStock,Camden Twp.,726.2129051,733.2257545,737.9009874,700.9267752,680.967432,652.458294,591.6291761,564.7124303,537.7956845
PLDV,SIStock,Carver,3557.929312,4166.460176,4572.147418,5874.904487,7187.118521,8782.018855,9692.454871,10919.35998,12146.26509
PLDV,SIStock,Castle Rock Twp.,1263.378251,1276.525672,1285.29062,1212.592945,1177.88954,1138.022975,1055.653019,1014.107972,972.5629257
PLDV,SIStock,Cedar Lake Twp.,2574.930321,2701.840689,2786.447601,2889.310596,3005.071051,3073.733649,3063.990172,3161.802143,3259.614113
PLDV,SIStock,Centerville,2848.734703,2912.144658,2954.417962,2852.592059,2833.738682,2799.628841,2702.563586,2673.329363,2644.09514
PLDV,SIStock,Champlin,14852.32168,15112.30739,15285.6312,13892.76875,14120.13019,13932.74818,12784.82452,12371.32509,11986.27385
PLDV,SIStock,Chanhassen,19419.99574,20528.62364,21267.70891,21290.09187,22646.62195,24076.33208,23950.85003,24857.02089,25763.19175
PLDV,SIStock,Chanhassen,19419.99574,20528.62364,21267.70891,21290.09187,22646.62195,24076.33208,23950.85003,24857.02089,25763.19175
PLDV,SIStock,Chaska,19364.43377,20357.37455,21019.33507,20994.02516,22169.21844,23249.19329,22810.91421,23500.21029,24189.50638
PLDV,SIStock,Circle Pines,3041.859844,3094.562064,3129.696877,3010.500251,2979.736577,2920.769311,2797.948184,2749.165852,2700.38352
PLDV,SIStock,Coates,136.7386319,139.3748641,141.1323522,133.0215747,129.0903627,124.7212015,115.693897,111.48495,107.276003
PLDV,SIStock,Cologne,1654.190052,1848.966427,1978.817343,2308.700992,2657.334254,3020.236421,3171.141903,3474.532274,3777.922644
PLDV,SIStock,Columbia Heights,11878.53414,12156.64339,12342.04956,12108.10065,12239.76206,12207.50001,11890.26626,11892.61268,11894.9591
PLDV,SIStock,Columbus,3723.013265,3872.601309,3972.326672,4157.895794,4439.715533,4611.153385,4661.127315,4848.750125,5036.372935
PLDV,SIStock,Coon Rapids,44308.50304,45601.32606,46463.20808,45828.98798,46635.20762,46921.19395,46022.97012,46365.86353,46708.75695
PLDV,SIStock,Corcoran,4510.860094,4904.560589,5167.027586,5738.47932,6504.153854,7279.544392,7500.522724,8098.455251,8696.387777
PLDV,SIStock,Cottage Grove,22680.34086,23606.71829,24224.30324,23387.08716,24439.96339,25553.12996,25018.89562,25486.60657,25954.31752
PLDV,SIStock,Credit River Twp.,5559.981589,5703.197367,5798.674552,5879.744124,5993.692699,5992.502687,5850.460862,5908.556717,5966.652571
PLDV,SIStock,Crystal,14834.29152,15010.77396,15128.42892,14044.02934,13714.58515,13385.29922,12289.27344,11780.26983,11271.26621
PLDV,SIStock,Dahlgren Twp.,1108.887969,1084.437587,1068.137333,903.4003709,770.2606059,678.5017973,560.9631885,451.3782324,341.7932763
PLDV,SIStock,Dayton,4631.186387,5053.090261,5334.35951,5977.921429,6818.107687,7817.30907,8200.419062,8914.265597,9628.112132
PLDV,SIStock,Deephaven,2797.31786,2812.100365,2821.955368,2602.13466,2526.971898,2457.982609,2242.957714,2132.085685,2021.213655
PLDV,SIStock,Dellwood,635.656699,649.8661275,659.3390798,641.7716422,642.5105797,632.255581,589.326947,580.0609966,570.7950462
PLDV,SIStock,Denmark Twp.,1714.790986,1796.770876,1851.424136,1905.829812,2004.633009,2083.598267,2040.957083,2106.190302,2171.423522
PLDV,SIStock,Douglas Twp.,1063.065492,1088.52531,1105.498522,1079.312758,1083.658377,1083.748033,1039.412203,1034.681545,1029.950887
PLDV,SIStock,Eagan,51268.51937,52707.88638,53667.46439,51181.84211,51149.91164,50939.83603,48589.15112,48053.27747,47517.40382
PLDV,SIStock,East Bethel,11980.79494,12550.82198,12930.84001,13959.182,15280.7004,16569.85204,17369.97538,18447.81147,19525.64756
PLDV,SIStock,Eden Prairie,48104.79317,50190.21795,51580.50113,49406.37301,50723.62432,51885.25776,49715.12269,50037.18859,50359.2545
PLDV,SIStock,Edina,33294.73585,34408.01874,35150.20734,33067.55323,33520.39755,33222.20013,30884.06046,30401.92538,29919.7903
PLDV,SIStock,Elko New Market,3544.077497,4035.777164,4363.576942,5322.715733,6265.812833,7416.221148,8289.901361,9239.066134,10188.23091
PLDV,SIStock,Empire Twp.,1519.573577,1671.20311,1772.289465,1934.430034,2133.452429,2310.897904,2375.219292,2546.348435,2717.477578
PLDV,SIStock,Eureka Twp.,1775.069084,1819.488516,1849.10147,1851.762084,1902.744641,1940.475073,1894.761828,1918.700377,1942.638926
PLDV,SIStock,Excelsior,1372.062259,1402.525687,1422.834639,1356.196727,1359.289735,1313.146306,1190.140828,1153.756541,1117.372255
PLDV,SIStock,Falcon Heights,3227.004814,3269.22591,3297.373308,3160.201721,3089.921356,2999.040184,2845.60003,2769.319073,2693.038116
PLDV,SIStock,Farmington,14954.57282,15808.64775,16378.03104,16885.52857,17792.4242,18637.92264,18631.82465,19367.27501,20102.72538
PLDV,SIStock,Forest Lake,15928.31873,16930.45492,17598.54572,17662.57571,18937.63875,20051.84679,19841.75571,20624.44311,21407.1305
PLDV,SIStock,Fort Snelling UT,135.3293948,136.5375975,137.3430659,170.8807876,208.2501581,243.689651,259.3896676,284.2017221,309.0137767
PLDV,SIStock,Fridley,19785.9483,20443.54637,20881.94509,20799.92425,21294.20191,20977.99413,20177.14218,20255.38095,20333.61973
PLDV,SIStock,Gem Lake,304.0247138,328.289999,344.4668558,354.9778561,371.382941,376.1319414,371.7581981,385.3048949,398.8515918
PLDV,SIStock,Golden Valley,14363.31606,14620.49014,14791.93952,14055.30682,13883.39084,13599.13713,12557.9948,12196.93054,11835.86629
PLDV,SIStock,Grant,3306.938105,3340.204475,3362.382055,3256.797779,3245.649665,3208.553379,3003.799449,2943.171718,2882.543986
PLDV,SIStock,Greenfield,2680.246409,2809.537751,2895.731979,2964.344668,3160.058187,3322.147919,3255.086024,3370.053948,3485.021871
PLDV,SIStock,Greenvale Twp.,426.8069634,439.0736362,447.2514181,448.8577925,462.0951271,453.677236,427.5394726,427.6859744,427.8324762
PLDV,SIStock,Greenwood,728.5067788,736.0385363,741.059708,678.0983634,653.5046803,631.3203393,572.1830902,540.9183525,509.6536148
PLDV,SIStock,Grey Cloud Island Twp.,235.2919147,239.049719,241.5549218,226.6206553,218.967113,210.5751214,191.9158529,183.2406406,174.5654282
PLDV,SIStock,Ham Lake,12840.61021,13328.06442,13653.03389,13844.38823,14387.75412,14501.88924,14267.21196,14552.53231,14837.85267
PLDV,SIStock,Hamburg,413.3721455,419.0841201,422.8921031,419.5930648,424.924416,426.0857091,403.6470481,401.7020287,399.7570092
PLDV,SIStock,Hampton,507.7427141,517.6206133,524.2058795,513.0832166,516.3614507,516.7021204,495.830987,493.4486415,491.0662961
PLDV,SIStock,Hampton Twp.,794.1705187,816.9256044,832.0956615,828.9358505,847.7784457,870.1498748,854.5375846,866.6109978,878.684411
PLDV,SIStock,Hancock Twp.,268.5410289,276.5732528,281.9280687,286.0861805,295.5995937,292.933925,274.4799927,275.6677855,276.8555783
PLDV,SIStock,Hanover,2443.584602,2538.105586,2601.119575,2466.017715,2459.355947,2445.314114,2279.195976,2246.318251,2213.440526
PLDV,SIStock,Hastings,18762.26166,19381.10706,19793.67066,20006.72614,20726.13336,21284.63735,20912.85541,21342.97416,21773.09291
PLDV,SIStock,Hastings,18762.26166,19381.10706,19793.67066,20006.72614,20726.13336,21284.63735,20912.85541,21342.97416,21773.09291
PLDV,SIStock,Helena Twp.,1145.450591,1184.947447,1211.278684,1232.070048,1259.554335,1242.237459,1197.239887,1207.597746,1217.955605
PLDV,SIStock,Hilltop,409.8277202,432.0631384,446.8867506,447.465421,459.8358916,468.9308527,466.3246973,477.6240927,488.9234881
PLDV,SIStock,Hollywood Twp.,918.96702,935.5073856,946.534296,962.0563581,995.4602556,986.1017397,923.6438331,924.5791957,925.5145583
PLDV,SIStock,Hopkins,12388.45671,12784.01063,13047.71324,12260.07422,12124.69017,11890.56786,10937.59765,10647.42584,10357.25403
PLDV,SIStock,Hugo,12788.06242,13918.81455,14672.64931,16333.69582,18263.52332,20140.82998,20705.02007,22288.4116,23871.80313
PLDV,SIStock,Independence,2702.989462,2801.682349,2867.477607,2772.744208,2815.671594,2842.144042,2686.535843,2683.245119,2679.954395
PLDV,SIStock,Inver Grove Heights,29151.97395,30430.04319,31282.08935,31167.7738,32497.20849,33646.61273,33262.19316,34084.237,34906.28085
PLDV,SIStock,Jackson Twp.,1135.732215,1146.763663,1154.117961,1133.324908,1120.7527,1081.929241,1021.108029,998.183192,975.2583548
PLDV,SIStock,Jordan,5462.153493,5944.186714,6265.542195,6883.598047,7513.092319,8102.059206,8448.082512,9045.268316,9642.45412
PLDV,SIStock,Lake Elmo,8022.829457,8774.549082,9275.695499,10422.50678,11732.70079,13199.73178,13776.94159,14927.76402,16078.58645
PLDV,SIStock,Lake St. Croix Beach,695.1054213,705.2938922,712.0862062,681.9790222,672.3947928,646.6250261,589.326947,568.1712521,547.0155573
PLDV,SIStock,Lakeland,2033.442725,2043.506011,2050.214869,1934.593553,1880.015841,1822.189323,1673.688529,1601.73769,1529.786851
PLDV,SIStock,Lakeland Shores,351.2579634,354.1290472,356.0431031,347.9484807,349.6452922,349.1775141,330.0230903,325.7761157,321.5291411
PLDV,SIStock,Laketown Twp.,1249.599132,1168.432563,1114.321517,788.5426221,505.3700583,242.8182855,0,0,0
PLDV,SIStock,Lakeville,42219.23643,44521.00203,46055.51243,46764.95676,49106.97939,50916.13093,50316.01261,51935.36784,53554.72308
PLDV,SIStock,Landfall,259.3676945,258.0324225,257.1422411,241.24428,233.0968615,224.1633424,204.3000083,193.286471,182.2729338
PLDV,SIStock,Lauderdale,1876.972022,1917.25266,1944.106419,1864.430975,1824.141254,1769.015193,1677.108159,1637.135386,1597.162613
PLDV,SIStock,Lexington,1190.228578,1208.985702,1221.490452,1200.384869,1212.587246,1224.579427,1206.933103,1210.274008,1213.614913
PLDV,SIStock,Lilydale,916.7305904,1041.055478,1123.938737,1059.346764,1028.039687,993.2449043,921.353966,922.2786411,923.2033162
PLDV,SIStock,Lino Lakes,13453.6752,14173.96709,14654.16168,15775.46176,17054.5127,18020.21295,18501.17573,19510.67584,20520.17595
PLDV,SIStock,Linwood Twp.,5035.511228,5143.975849,5216.285596,4946.906861,4828.276862,4689.308527,4451.281201,4334.435196,4217.589191
PLDV,SIStock,Little Canada,6835.805278,6953.531529,7032.015696,6939.580175,6980.986514,6795.830621,6467.272795,6393.566298,6319.859801
PLDV,SIStock,Long Lake,1653.784473,1691.883207,1717.282363,1650.943482,1667.743944,1637.981664,1508.884954,1479.905051,1450.925147
PLDV,SIStock,Loretto,632.6896161,640.4030539,645.5453457,601.2472156,589.6064449,579.4117781,534.0375509,514.3071379,494.5767248
PLDV,SIStock,Louisville Twp.,569.9250855,576.8817337,581.5194992,570.6699677,563.9795529,544.4430061,513.8368612,502.6192163,491.4015715
PLDV,SIStock,Mahtomedi,4557.996121,4641.873015,4697.790944,4443.34076,4328.05586,4197.674128,3858.061599,3718.074694,3578.08779
PLDV,SIStock,Maple Grove,44285.94217,46375.89783,47769.2016,45694.33597,47160.24532,48512.2698,46520.21974,46967.07526,47413.93078
PLDV,SIStock,Maple Plain,1370.00433,1406.642914,1431.068636,1392.361973,1421.735738,1458.349984,1398.669776,1404.402865,1410.135955
PLDV,SIStock,Maplewood,27272.02233,28413.88951,29175.13429,28065.4241,28702.42345,28968.49243,27512.87586,27561.04657,27609.21727
PLDV,SIStock,Marine on St. Croix,792.9240947,821.5640339,840.6573267,859.4327474,898.7677063,917.1298286,883.9904205,902.2036857,920.4169508
PLDV,SIStock,Marshan Twp.,1000.625214,1029.314405,1048.440533,1031.882751,1043.791346,1051.533229,1015.375796,1018.325912,1021.276028
PLDV,SIStock,May Twp.,2578.009019,2658.829222,2712.709357,2757.077485,2868.884449,2955.014786,2871.874402,2930.647479,2989.420556
PLDV,SIStock,Mayer,1983.545591,2127.339007,2223.201285,2430.28555,2668.680685,2852.32436,2855.812596,3030.265997,3204.719398
PLDV,SIStock,Medicine Lake,162.9879573,165.9793032,167.9735338,153.7022957,148.1277275,143.0992769,129.6948338,123.0362091,116.3775844
PLDV,SIStock,Medina,3582.58643,3904.468698,4119.056877,4211.555919,4485.220456,4760.918204,4702.820501,4926.867315,5150.914129
PLDV,SIStock,Mendota,248.9707286,260.0638833,267.4593198,280.0984665,299.0027293,315.1448239,316.6959056,330.240941,343.7859764
PLDV,SIStock,Mendota Heights,8723.871229,9033.510459,9239.936612,8752.459656,8536.04566,8287.955883,7725.939379,7526.353009,7326.766639
PLDV,SIStock,Miesville,221.3073144,231.1678963,237.7416176,224.0787732,217.4565304,210.0965493,194.8897881,189.6062828,184.3227775
PLDV,SIStock,Minneapolis,208187.4172,216290.3933,221692.3773,210715.3255,212023.939,212402.3959,201324.1088,199951.4471,198578.7854
PLDV,SIStock,Minnetonka,38264.05947,39471.16353,40275.89957,38313.20348,39019.36749,39228.80601,36917.47177,36648.15423,36378.83669
PLDV,SIStock,Minnetonka Beach,198.0550633,197.7915786,197.6159221,180.8262302,174.2679147,172.5608927,160.2112653,152.6425057,145.0737461
PLDV,SIStock,Minnetrista,6015.737333,6531.092553,6874.6627,7345.161473,8095.093175,8961.71848,9156.76043,9784.965049,10413.16967
PLDV,SIStock,Mound,10212.89513,10384.79329,10499.39207,9904.650393,9831.939473,9647.218483,8878.621108,8611.766303,8344.911498
PLDV,SIStock,Mounds View,8196.364647,8295.506884,8361.601708,8094.161894,7992.806773,7756.229422,7357.98124,7190.304558,7022.627877
PLDV,SIStock,New Brighton,13100.48844,13386.76441,13577.61506,12636.83622,12627.78799,12572.05691,11796.69355,11535.93457,11275.1756
PLDV,SIStock,New Germany,332.0734024,358.4145381,375.9752953,431.0512254,490.1658401,523.3622679,523.5656426,561.8640906,600.1625386
PLDV,SIStock,New Hope,14106.69146,14366.37825,14539.50277,13627.54458,13472.37688,13382.98889,12499.90058,12178.5424,11857.18422
PLDV,SIStock,New Market Twp.,2932.31398,2978.123823,3008.663719,2920.572347,2855.450593,2756.536291,2601.576179,2535.428618,2469.281058
PLDV,SIStock,New Prague,5467.512891,5744.268968,5928.77302,6381.264441,6850.589132,7156.873454,7267.580106,7627.593549,7987.606991
PLDV,SIStock,New Trier,91.49423165,97.08298646,100.808823,95.01541048,92.20740191,89.08657248,82.63849783,80.86735106,79.0962043
PLDV,SIStock,Newport,2441.655717,2532.062014,2592.332879,2679.402129,2827.900386,2912.399117,2830.116379,2907.808511,2985.500643
PLDV,SIStock,Nininger Twp.,1008.303223,1016.355032,1021.722904,987.0803339,981.2725935,950.4367704,883.84839,858.9574234,834.0664568
PLDV,SIStock,North Oaks,3344.577711,3440.432168,3504.335139,3475.186038,3511.990855,3468.305915,3347.417032,3347.984896,3348.55276
PLDV,SIStock,North St. Paul,9362.434376,9620.399564,9792.376356,9574.848754,9547.612086,9440.515493,9122.340601,9074.321846,9026.303091
PLDV,SIStock,Northfield,11512.22866,11746.0553,11901.93973,11592.71533,11613.80965,11535.87628,10993.24572,10889.44913,10785.65255
PLDV,SIStock,Norwood Young America,3714.930002,4064.088311,4296.860517,5280.779111,6288.646186,6909.378817,7071.535952,7742.857142,8414.178331
PLDV,SIStock,Nowthen,4519.461594,4669.647388,4769.771251,4890.561544,5131.76855,5305.617648,5341.537442,5505.952611,5670.367781
PLDV,SIStock,Oak Grove,7768.875059,8080.597453,8288.412383,8493.871956,8908.789819,9257.175987,9361.386773,9679.889115,9998.391458
PLDV,SIStock,Oak Park Heights,3470.657346,3625.230892,3728.279922,3672.745335,3717.766866,3709.78015,3503.632889,3510.227998,3516.823107
PLDV,SIStock,Oakdale,18357.19193,18735.19483,18987.19676,17405.78728,17256.93491,16997.83037,15731.72538,15206.63207,14681.53876
PLDV,SIStock,Orono,5358.155011,5559.132265,5693.117101,5499.920206,5580.407166,5649.306924,5354.260485,5353.48158,5352.702675
PLDV,SIStock,Osseo,1798.794365,1875.570891,1926.755241,1830.865581,1829.813105,1830.828984,1716.549271,1700.100252,1683.651233
PLDV,SIStock,Pine Springs,181.5573862,183.8864242,185.4391162,173.9742404,168.0986982,161.6562565,147.3317367,140.4866069,133.641477
PLDV,SIStock,Plymouth,50750.80813,52288.28759,53313.2739,49326.83002,49193.30505,48878.20314,45459.45904,44401.18922,43342.9194
PLDV,SIStock,Prior Lake,17936.43397,19378.56759,20339.99001,21156.61344,22708.61192,24030.28676,24653.69441,25997.1465,27340.59859
PLDV,SIStock,Ramsey,20175.43051,21226.41278,21927.06763,22850.87173,24432.50329,25582.71861,26036.8529,27209.13738,28381.42186
PLDV,SIStock,Randolph,343.8167205,351.494144,356.6124264,336.1181598,326.1847956,315.1448239,292.3346821,282.0382744,271.7418667
PLDV,SIStock,Randolph Twp.,508.8092272,523.2861665,532.9374594,512.5801937,507.398571,490.2252816,454.7428388,443.9295611,433.1162835
PLDV,SIStock,Ravenna Twp.,1600.526113,1638.725239,1664.191323,1643.244337,1667.166733,1679.896992,1622.457486,1626.84376,1631.230035
PLDV,SIStock,Richfield,23614.42103,24217.40242,24619.39001,22216.17375,22181.72646,22084.98652,20540.12276,19925.26311,19331.65146
PLDV,SIStock,Robbinsdale,8878.130667,8995.403451,9073.585307,8499.706304,8381.31198,8220.104694,7561.868275,7298.615797,7035.363318
PLDV,SIStock,Rockford,3163.557837,3246.39101,3301.613126,3202.985062,3262.101733,3289.693377,3106.911796,3095.582588,3084.25338
PLDV,SIStock,Rogers,11519.13272,12509.12812,13169.12505,14100.82943,15565.61014,17060.80085,17296.71336,18452.22949,19607.74562
PLDV,SIStock,Rosemount,15830.19449,16837.97677,17509.83163,18374.53882,19857.01719,21283.56825,21685.3284,22856.35519,24027.38197
PLDV,SIStock,Roseville,23036.25337,23408.39306,23656.48618,22190.27406,21857.34655,21512.16224,20037.23663,19437.43328,18837.62993
PLDV,SIStock,San Francisco Twp.,959.1584437,989.1814845,1009.196845,999.3828953,1010.286259,1007.472366,949.5576881,947.637537,945.7173859
PLDV,SIStock,Sand Creek Twp.,1441.031124,1449.02719,1454.357901,1409.929677,1376.68855,1328.999338,1254.288954,1216.940519,1179.592085
PLDV,SIStock,Savage,20907.49192,22508.40887,23575.68683,23720.78518,24557.19412,25095.98353,24956.51271,25766.31687,26576.12102
PLDV,SIStock,Scandia,3476.910401,3610.099503,3698.892238,3683.521796,3765.231534,3802.068937,3630.253993,3660.922712,3691.59143
PLDV,SIStock,Sciota Twp.,147.7028727,153.583442,157.5038216,153.5873258,154.031709,157.5724119,154.2877489,155.6047241,156.9216993
PLDV,SIStock,Shakopee,24978.53527,26297.4822,27176.78015,27013.56609,28002.90174,28791.10456,28728.16247,29478.08791,30228.01335
PLDV,SIStock,Shoreview,18000.589,18537.15603,18894.86739,17400.74316,17033.06672,16646.90194,15374.24841,14848.98029,14323.71217
PLDV,SIStock,Shorewood,5390.45626,5474.944301,5531.269661,5160.780611,5069.45364,4973.120753,4575.9389,4413.035428,4250.131956
PLDV,SIStock,South St. Paul,12895.25786,13288.29534,13550.32033,12584.41916,12574.08888,12453.93284,11784.51815,11562.3702,11340.22226
PLDV,SIStock,Spring Lake Park,4112.843368,4220.098804,4291.602428,4155.069696,4138.523024,4152.717651,4068.471018,4059.596548,4050.722078
PLDV,SIStock,Spring Lake Park,4112.843368,4220.098804,4291.602428,4155.069696,4138.523024,4152.717651,4068.471018,4059.596548,4050.722078
PLDV,SIStock,Spring Lake Twp.,3073.971661,3171.004729,3235.693441,3320.305349,3421.475954,3346.358443,3199.205391,3224.252137,3249.298883
PLDV,SIStock,Spring Park,1375.76653,1404.007395,1422.834639,1356.196727,1359.289735,1351.025526,1258.802799,1235.410052,1212.017306
PLDV,SIStock,St. Anthony,7098.090262,7285.594353,7410.59708,6861.70963,6690.643155,6539.426514,5995.661381,5775.175605,5554.689829
PLDV,SIStock,St. Anthony,7098.090262,7285.594353,7410.59708,6861.70963,6690.643155,6539.426514,5995.661381,5775.175605,5554.689829
PLDV,SIStock,St. Bonifacius,1783.195265,1787.814682,1790.894294,1648.155744,1597.455885,1559.887338,1428.868328,1358.002941,1287.137553
PLDV,SIStock,St. Francis,7632.54752,8134.270324,8468.752194,9330.007291,10374.35755,11302.685,11893.6114,12745.82418,13598.03696
PLDV,SIStock,St. Lawrence Twp.,357.7680017,382.191013,398.4730205,443.3913288,488.7822792,526.2949059,548.092652,586.157582,624.2225121
PLDV,SIStock,St. Louis Park,33092.72921,34000.11468,34605.03832,32363.38103,32382.832,32182.26666,30035.31908,29423.83706,28812.35503
PLDV,SIStock,St. Marys Point,228.9846217,234.0110899,237.3620687,222.6870277,215.1663337,206.9200083,188.584623,180.5046233,172.4246236
PLDV,SIStock,St. Paul,"151,931.49",157806.348,"161,722.92","153,404.97","153,755.96","153,367.65","145,370.23","144,057.98","142,745.73"
PLDV,SIStock,St. Paul Park,3955.357341,4141.20274,4265.099672,4443.302099,4720.211445,4937.790355,4863.42063,5045.033288,5226.645946
PLDV,SIStock,Stillwater,13526.94683,14230.74238,14699.93942,14281.94687,14273.87251,14184.43289,13344.5985,13308.12883,13271.65917
PLDV,SIStock,Stillwater Twp.,1842.548102,1883.478033,1910.764653,1890.056147,1920.359528,1919.183077,1815.126997,1809.642776,1804.158555
PLDV,SIStock,Sunfish Lake,737.0323951,746.5220314,752.8484556,728.2560129,724.8551014,717.8298766,682.1142582,671.1306308,660.1470035
PLDV,SIStock,Tonka Bay,900.8788913,920.5926958,933.7352321,874.7468888,862.626178,845.9692546,778.1690027,753.627025,729.0850473
PLDV,SIStock,Vadnais Heights,9731.293383,10110.00677,10362.48236,10282.14525,10396.579,10255.3622,9886.815117,9917.919464,9949.023811
PLDV,SIStock,Vermillion,312.2013899,315.07385,316.9888234,298.7716976,289.9420406,288.8827552,276.0938664,268.8723617,261.650857
PLDV,SIStock,Vermillion Twp.,1080.602121,1102.375033,1116.890308,1086.548635,1087.282652,1082.216079,1033.321897,1023.865852,1014.409808
PLDV,SIStock,Victoria,5621.240055,6230.865926,6637.283173,7246.150703,7949.08297,8584.958423,8668.118403,9277.494073,9886.869742
PLDV,SIStock,Waconia,10021.65973,10992.47567,11639.6863,13676.82366,15818.18981,16624.80493,16414.63284,17693.22746,18971.82208
PLDV,SIStock,Waconia Twp.,1073.012182,1112.787324,1139.304086,1157.208553,1196.685436,1189.929536,1118.5266,1127.629484,1136.732367
PLDV,SIStock,Waterford Twp.,291.2068344,294.788947,297.177022,287.1009281,285.4116962,275.7517209,255.7928468,248.7100493,241.6272518
PLDV,SIStock,Watertown,3637.488565,3851.837933,3994.737512,4380.792345,4822.233381,5004.651687,4888.595867,5138.817328,5389.038788
PLDV,SIStock,Watertown Twp.,1005.979805,1020.524989,1030.221779,984.682643,962.5177829,927.7141367,846.2328018,814.2834012,782.3340005
PLDV,SIStock,Wayzata,3035.943147,3178.263491,3273.143721,3145.662619,3176.720646,3130.019787,2892.234947,2863.493307,2834.751666
PLDV,SIStock,West Lakeland Twp.,3253.481413,3340.548519,3398.593257,3279.572589,3256.835869,3153.178763,2893.059558,2820.975187,2748.890816
PLDV,SIStock,West St. Paul,10856.66132,11169.30748,11377.73826,10708.71207,10767.45933,10819.73428,10387.08942,10293.17505,10199.26067
PLDV,SIStock,White Bear Lake,17174.20727,17462.87287,17655.3166,16999.66975,16901.84686,16634.71036,15484.69872,15146.79701,14808.89529
PLDV,SIStock,White Bear Lake,17174.20727,17462.87287,17655.3166,16999.66975,16901.84686,16634.71036,15484.69872,15146.79701,14808.89529
PLDV,SIStock,White Bear Twp.,8860.348787,9094.409047,9250.44922,9041.13994,9011.758774,8857.409931,8509.279612,8439.065777,8368.851942
PLDV,SIStock,Willernie,221.3270993,225.0140292,227.4719825,213.4084015,206.2010698,198.2983413,180.7269304,172.6068966,164.4868628
PLDV,SIStock,Woodbury,43198.94251,45536.73484,47095.26306,45354.94955,46407.42256,47233.72891,45349.74513,45779.90565,46210.06617
PLDV,SIStock,Woodland,350.8339168,357.5287858,361.9920318,331.2367434,319.223248,308.3866655,279.4993671,265.2324572,250.9655472
PLDV,SIStock,Young America Twp.,586.0603692,588.0457504,589.3693379,573.774781,555.1252506,548.9676618,539.134678,529.7495397,520.3644015
PLDV,CIStock,Afton,31.15581264,31.48575142,31.70571061,30.32560316,32.34596895,34.82918154,36.37200972,37.41524914,38.45848856
PLDV,CIStock,Andover,331.0821604,347.7683325,358.8924473,388.6226536,436.3546186,486.8256902,544.7135717,587.439854,630.1661362
PLDV,CIStock,Anoka,180.4313538,193.1526243,201.6334713,214.8842282,220.6766113,224.6934241,235.245911,246.2088224,257.1717339
PLDV,CIStock,Apple Valley,527.4550492,569.9066729,598.2077553,632.262197,646.2884032,653.1629979,669.709747,698.1606865,726.6116261
PLDV,CIStock,Arden Hills,84.34004057,85.76434174,86.71387586,98.25369169,113.4220803,122.6498712,134.4664105,144.4916845,154.5169585
PLDV,CIStock,Bayport,20.97175882,22.07869158,22.81664675,22.4809226,24.64760632,26.94888486,28.55604145,30.07289798,31.58975451
PLDV,CIStock,Baytown Twp.,19.94472469,20.33114508,20.58875868,19.94573374,21.53217041,23.4382885,24.73229801,25.68981267,26.64732734
PLDV,CIStock,Belle Plaine,83.32883648,85.81482366,87.47214844,95.63784138,115.3255794,140.8841651,169.2296593,186.4098239,203.5899885
PLDV,CIStock,Belle Plaine Twp.,10.25975414,10.05857236,9.924451174,9.311791854,9.833831792,10.62249967,11.4432142,11.67990622,11.91659823
PLDV,CIStock,Benton Twp.,10.63121599,10.27106073,10.03095723,9.053336117,9.521812721,10.30867795,10.74911737,10.77269764,10.79627792
PLDV,CIStock,Bethel,5.361627619,5.69835449,5.92283907,6.600648585,7.057222676,7.137029447,7.424132791,7.836633825,8.24913486
PLDV,CIStock,Birchwood Village,8.135540608,8.033266616,7.965083955,7.438754224,7.751581348,8.209735649,8.435015322,8.494910264,8.554805207
PLDV,CIStock,Blaine,615.1118961,642.9100748,661.442194,710.7269566,785.5454159,856.8691389,946.6671962,1012.978256,1079.289316
PLDV,CIStock,Blaine,615.1118961,642.9100748,661.442194,710.7269566,785.5454159,856.8691389,946.6671962,1012.978256,1079.289316
PLDV,CIStock,Blakeley Twp.,7.139078923,6.983195306,6.879272894,6.473695919,6.85679287,7.383630026,7.929401147,8.087465591,8.245530036
PLDV,CIStock,Bloomington,844.4759915,910.1174297,953.8783885,980.7145046,962.5977393,938.9510124,921.1151206,936.4429464,951.7707723
PLDV,CIStock,Brooklyn Center,246.6550973,269.3113431,284.4155069,297.4971849,292.7907404,288.3053027,285.5930779,293.380674,301.1682701
PLDV,CIStock,Brooklyn Park,714.6196722,791.0677339,842.0331084,879.537201,863.5271664,839.4982353,825.1797945,847.2918189,869.4038434
PLDV,CIStock,Burnsville,595.5097951,641.7324837,672.5476094,705.878986,693.3593126,673.2337251,670.31822,685.279905,700.24159
PLDV,CIStock,Camden Twp.,10.45059198,10.14522382,9.941645048,9.01417027,9.524351871,10.28118814,10.68892231,10.73658838,10.78425444
PLDV,CIStock,Carver,51.20050509,57.44017432,61.59995381,75.55338339,100.5226425,138.3836928,175.1128938,199.8953716,224.6778493
PLDV,CIStock,Castle Rock Twp.,18.31481071,18.38643459,18.43418385,17.88838871,18.42739682,19.02894527,19.50360492,19.74136376,19.97912261
PLDV,CIStock,Cedar Lake Twp.,37.125902,37.73604183,38.14280171,38.24452741,42.98268001,49.04162022,55.62673571,59.32690245,63.0270692
PLDV,CIStock,Centerville,41.753171,44.04010214,45.5647229,47.90402235,48.56277646,48.84851403,50.55143874,52.31109228,54.07074583
PLDV,CIStock,Champlin,222.7468805,251.7871981,271.1474099,282.8093229,274.2625982,260.2893455,249.0072053,254.2592703,259.5113353
PLDV,CIStock,Chanhassen,281.5643979,304.3158819,319.4835379,348.9561292,374.4907632,398.0386667,419.9942231,447.6801882,475.3661532
PLDV,CIStock,Chanhassen,281.5643979,304.3158819,319.4835379,348.9561292,374.4907632,398.0386667,419.9942231,447.6801882,475.3661532
PLDV,CIStock,Chaska,281.7355938,302.4831144,316.3147948,341.6891097,371.4043285,399.0858417,421.9307125,449.9697362,478.00876
PLDV,CIStock,Circle Pines,44.58375646,46.7942873,48.26797453,50.55579919,51.06479375,50.96219849,52.33560716,53.8859773,55.43634744
PLDV,CIStock,Coates,1.982258408,2.007411438,2.024180125,1.962358139,2.019543648,2.085470126,2.137490272,2.168536645,2.199583018
PLDV,CIStock,Cologne,23.80467928,25.51808257,26.66035143,29.6907246,37.16680899,47.59172987,57.29279557,63.99041883,70.68804208
PLDV,CIStock,Columbia Heights,170.1842063,174.6297494,177.5934448,188.0650468,191.8568489,190.346551,196.0530573,201.2268275,206.4005977
PLDV,CIStock,Columbus,54.56724677,58.5849945,61.26349298,69.82419109,76.08496661,80.45637606,87.18636375,93.71018714,100.2340105
PLDV,CIStock,Coon Rapids,640.3579103,674.9192271,697.9601049,753.9310898,777.4764589,785.1677468,820.6269151,856.680716,892.734517
PLDV,CIStock,Corcoran,65.53744613,71.23458043,75.03266997,86.8442004,104.2727916,124.2421495,141.1641252,156.289461,171.4147969
PLDV,CIStock,Cottage Grove,333.5839765,371.3823948,396.5813403,432.4903949,443.805615,454.6266881,468.2317935,495.1613569,522.0909203
PLDV,CIStock,Credit River Twp.,80.16501647,79.69174201,79.3762257,77.82757438,85.73007792,95.61076999,106.2151058,111.4251236,116.6351415
PLDV,CIStock,Crystal,212.9229633,210.8328556,209.4394504,199.1514718,204.1982983,208.6927202,208.8149044,207.9932927,207.1716809
PLDV,CIStock,Dahlgren Twp.,15.95749075,15.0175224,14.39087684,11.61805349,10.77325096,10.6915717,10.13488209,8.970360356,7.805838623
PLDV,CIStock,Dayton,67.28564443,73.39179983,77.4625701,90.4678361,109.3060124,133.4203392,154.3365744,171.7467604,189.1569464
PLDV,CIStock,Deephaven,40.64171017,40.84399377,40.9788495,39.37982369,40.51171297,41.95112034,42.21374632,42.52815355,42.84256078
PLDV,CIStock,Dellwood,9.201590116,9.211944348,9.21884717,8.932531837,9.644617997,10.45220974,10.98309287,11.33939342,11.69569397
PLDV,CIStock,Denmark Twp.,24.82283883,25.46104924,25.88652285,26.52639093,30.09120815,34.44525719,38.03664722,40.67940889,43.32217057
PLDV,CIStock,Douglas Twp.,15.4109375,15.67769254,15.85552923,15.92221547,16.95320507,18.12141096,19.20354946,19.96207185,20.72059425
PLDV,CIStock,Eagan,741.6680909,772.0747918,792.3459258,815.0058213,831.245064,837.5863964,853.4362913,875.7899314,898.1435714
PLDV,CIStock,East Bethel,175.5994265,189.895855,199.4268074,234.4187155,261.8707372,289.1142704,324.905305,354.7664807,384.6276564
PLDV,CIStock,Eden Prairie,695.0153985,735.6078307,762.6694521,792.8793208,821.0303741,837.9729264,850.1495336,881.1763606,912.2031876
PLDV,CIStock,Edina,482.1182451,509.4343666,527.6451142,543.2918313,551.4076643,541.5613252,531.0387982,540.8229088,550.6070195
PLDV,CIStock,Elko New Market,51.09927548,56.27868668,59.73162748,70.45443576,89.62231622,118.3262906,150.5031433,170.3839169,190.2646905
PLDV,CIStock,Empire Twp.,22.02879652,24.06287546,25.41892808,28.53705898,33.37662249,38.640652,43.88311107,48.25397398,52.6248369
PLDV,CIStock,Eureka Twp.,25.73263727,26.205414,26.52059848,27.31752655,29.76733332,32.4467913,35.00647037,36.86123699,38.71600361
PLDV,CIStock,Excelsior,19.934437,20.37073767,20.66160479,20.52422145,21.79175623,22.41185861,22.3991307,22.89206944,23.38500818
PLDV,CIStock,Falcon Heights,46.52315538,46.66527655,46.76002399,46.44013229,47.71473271,48.6313788,50.41905758,51.19823802,51.97741846
PLDV,CIStock,Farmington,216.7918992,227.6571652,234.9006759,249.0983475,278.3521289,311.645738,344.230292,369.7179706,395.2056491
PLDV,CIStock,Forest Lake,234.5474337,264.588681,284.6161792,319.9433097,343.3798673,363.1818515,382.2535883,411.7948193,441.3360502
PLDV,CIStock,Fort Snelling UT,1.966175572,1.983121506,1.994418796,2.586051902,3.338608806,4.159123761,4.88186182,5.464999069,6.048136319
PLDV,CIStock,Fridley,284.197747,295.3530579,302.7899318,324.7540193,339.5783018,337.7408426,346.9780763,359.5341421,372.090208
PLDV,CIStock,Gem Lake,4.383070312,4.684157129,4.884881674,5.216508329,5.734915462,6.099223018,6.586905327,7.02767233,7.468439333
PLDV,CIStock,Golden Valley,204.819941,198.7533216,194.7089086,180.2442421,189.5671429,199.1754208,203.59317,203.3478158,203.1024616
PLDV,CIStock,Grant,47.87031905,47.35572572,47.0126635,45.32990855,48.71989996,53.04258892,55.98082434,57.6029254,59.22502646
PLDV,CIStock,Greenfield,38.94080086,40.80643553,42.05019197,44.86138714,50.66117687,56.70008673,61.2625797,65.72693546,70.19129123
PLDV,CIStock,Greenvale Twp.,6.187290891,6.32371821,6.414669756,6.6216307,7.229209521,7.585962222,7.898959993,8.241293814,8.583627634
PLDV,CIStock,Greenwood,10.5843393,10.69048722,10.7612525,10.26211072,10.47680588,10.77493202,10.76881284,10.80570754,10.84260225
PLDV,CIStock,Grey Cloud Island Twp.,3.406020514,3.388853756,3.377409251,3.154231327,3.286878419,3.481148132,3.576672756,3.610803204,3.644933652
PLDV,CIStock,Ham Lake,188.2015174,201.6195436,210.5648944,232.4909659,246.5680027,253.0320198,266.8681304,282.601453,298.3347755
PLDV,CIStock,Hamburg,5.948646189,5.798001007,5.697570886,5.396117632,5.943205896,6.714095568,7.292662554,7.561465827,7.8302691
PLDV,CIStock,Hampton,7.360591882,7.455266745,7.51838332,7.56909568,8.078174594,8.639804807,9.160672594,9.520688737,9.880704879
PLDV,CIStock,Hampton Twp.,11.51284875,11.76570109,11.93426931,12.22861041,13.26300074,14.54982431,15.78791814,16.64293201,17.49794589
PLDV,CIStock,Hancock Twp.,3.864448984,3.824807948,3.798380591,3.679171113,4.134404101,4.615940703,4.959010537,5.177922847,5.396835157
PLDV,CIStock,Hanover,35.50238555,36.86415198,37.77199626,37.31987599,39.42771279,41.73490337,42.89577113,44.37444825,45.85312537
PLDV,CIStock,Hastings,271.9908076,279.1298609,283.8892297,295.1428141,324.2483026,355.9016015,386.3732329,409.249718,432.1262031
PLDV,CIStock,Hastings,271.9908076,279.1298609,283.8892297,295.1428141,324.2483026,355.9016015,386.3732329,409.249718,432.1262031
PLDV,CIStock,Helena Twp.,16.51535423,16.55462865,16.58081159,16.30836671,18.01588715,19.81997942,21.73588785,22.77999457,23.82410129
PLDV,CIStock,Hilltop,6.006739366,6.537981522,6.89214296,7.514356446,7.880369406,8.182004345,8.722601194,9.265773559,9.808945925
PLDV,CIStock,Hollywood Twp.,13.22442675,12.94129156,12.75253477,12.37239057,13.92300616,15.5386139,16.68740754,17.3800037,18.07259985
PLDV,CIStock,Hopkins,179.9895801,185.6787662,189.471557,185.5398065,194.3796717,202.9398586,205.8518401,211.0242921,216.1967441
PLDV,CIStock,Hugo,185.1164457,197.1379427,205.152274,227.3413912,274.1506697,332.9605709,385.8726627,426.0239061,466.1751495
PLDV,CIStock,Independence,39.27123044,40.6924309,41.63989787,41.96177074,45.14006647,48.50771778,50.56214027,52.82032224,55.07850421
PLDV,CIStock,Inver Grove Heights,422.1090223,448.5849723,466.2356056,504.6090005,533.2212974,554.4013147,582.8791536,615.0331799,647.1872061
PLDV,CIStock,Jackson Twp.,16.37523259,16.02910693,15.79835649,15.00132093,16.03055431,17.26225138,18.53821431,18.97081066,19.403407
PLDV,CIStock,Jordan,78.75450983,82.96202164,85.76702951,91.11514511,107.4626315,129.2688814,153.3749218,168.2990042,183.2230866
PLDV,CIStock,Lake Elmo,116.1362546,124.2698977,129.6923265,145.0662004,176.1175936,218.2129652,256.7563382,284.880355,313.0043717
PLDV,CIStock,Lake St. Croix Beach,10.06215334,9.998674302,9.956354943,9.492160338,10.09320488,10.68975996,10.98309287,11.16728077,11.35146868
PLDV,CIStock,Lakeland,29.43555304,28.97382438,28.66600527,26.92674055,28.22060084,30.12374357,31.19198374,31.54326988,31.89455602
PLDV,CIStock,Lakeland Shores,5.08471288,5.020791635,4.978177472,4.842938948,5.248466538,5.772470378,6.150532005,6.36369583,6.576859655
PLDV,CIStock,Laketown Twp.,17.98239962,16.20082609,15.0131104,10.14094155,7.068358977,3.826237632,0,0,0
PLDV,CIStock,Lakeville,615.49667,658.9340726,687.892341,744.6786366,819.9064046,892.430642,964.9696733,1034.864274,1104.758875
PLDV,CIStock,Landfall,3.754534827,3.659024168,3.595350396,3.357771004,3.498977692,3.705783453,3.807472194,3.818059667,3.82864714
PLDV,CIStock,Lauderdale,27.05997234,27.3656033,27.56935727,27.39838426,28.16848791,28.68572699,29.71542449,30.24651492,30.77760535
PLDV,CIStock,Lexington,17.44487378,18.28106397,18.83852409,20.1582499,20.78053412,21.36671992,22.57567782,23.60183862,24.62799943
PLDV,CIStock,Lilydale,13.28956488,14.98782993,16.12000663,15.62767356,16.08308302,16.60810312,17.02237708,17.76893952,18.51550195
PLDV,CIStock,Lino Lakes,192.7317086,195.6867131,197.6567161,211.0485276,242.8543331,274.9144682,312.1406244,336.0224075,359.9041907
PLDV,CIStock,Linwood Twp.,73.80419144,77.7907998,80.4485387,83.07417671,82.74387876,81.82004345,83.26119321,85.15259357,87.04399392
PLDV,CIStock,Little Canada,98.55059085,99.25281068,99.72095724,101.9792563,107.8007713,110.1987946,114.5887672,117.7964025,121.0040378
PLDV,CIStock,Long Lake,24.02752659,24.57345611,24.93740912,24.98481891,26.7368086,27.9559203,28.39807737,29.27218753,30.14629769
PLDV,CIStock,Loretto,9.192229589,9.301439806,9.374246618,9.099071507,9.452407081,9.888993168,10.05089198,10.22262446,10.39435694
PLDV,CIStock,Louisville Twp.,8.217303085,8.063063361,7.960236879,7.553706152,8.066815141,8.68662356,9.328707231,9.550988061,9.77326889
PLDV,CIStock,Mahtomedi,65.98028799,65.80268684,65.68428608,61.84486847,64.96771688,69.39435841,71.90142762,73.08565555,74.26988348
PLDV,CIStock,Maple Grove,642.8840692,695.5656383,730.6866843,769.929622,803.421061,829.1337014,847.1954332,888.057706,928.9199788
PLDV,CIStock,Maple Plain,19.90453774,20.43051965,20.78117426,21.07153402,22.79287323,24.89009297,26.32376471,27.60761011,28.8914555
PLDV,CIStock,Maplewood,393.660206,415.4055402,429.9024296,446.1698286,468.9229157,482.2960666,492.3430581,512.0796286,531.816199
PLDV,CIStock,Marine on St. Croix,11.47814933,11.64367782,11.75403014,11.9620592,13.49125052,15.16164288,16.4746393,17.47393729,18.47323529
PLDV,CIStock,Marshan Twp.,14.50575976,14.82461151,15.03717934,15.2225195,16.32950857,17.58274543,18.75946738,19.6102089,20.46095043
PLDV,CIStock,May Twp.,37.31854372,37.68480021,37.92897121,38.37452576,43.06434082,48.85118494,53.52218055,56.76290792,60.00363529
PLDV,CIStock,Mayer,28.54428159,29.38945553,29.95290483,31.25434572,37.32550587,44.94583586,51.59576336,56.20605972,60.81635607
PLDV,CIStock,Medicine Lake,2.368021674,2.410739009,2.439217232,2.32607843,2.374742666,2.442317925,2.44093091,2.455512757,2.470094604
PLDV,CIStock,Medina,52.05073096,56.70906945,59.81462845,63.73625935,71.90581101,81.25600716,88.50977011,95.80157794,103.0933858
PLDV,CIStock,Mendota,3.60925302,3.74531029,3.836015137,4.132062839,4.677723808,5.269554076,5.851081476,6.299447168,6.747812859
PLDV,CIStock,Mendota Heights,126.467311,130.1007811,132.5230945,129.1178554,133.54147,138.5833699,142.7397702,145.994262,149.2487539
PLDV,CIStock,Miesville,3.208224906,3.329164702,3.409791233,3.305650271,3.401980951,3.51303605,3.600665524,3.679153647,3.757641771
PLDV,CIStock,Minneapolis,2982.779837,3099.097862,3176.643212,3214.652986,3275.400263,3280.053328,3280.588734,3340.150513,3399.712292
PLDV,CIStock,Minnetonka,555.2418819,583.8093389,602.8543103,621.5583576,646.5095835,659.1109802,663.8724147,685.5985213,707.3246279
PLDV,CIStock,Minnetonka Beach,2.877505125,2.872802449,2.869667332,2.736562859,2.793814901,2.945148086,3.015267594,3.042820088,3.070372582
PLDV,CIStock,Minnetrista,87.40152724,94.85860319,99.82998715,111.1591833,129.7782898,152.9523151,172.3354656,189.3222533,206.3090409
PLDV,CIStock,Mound,148.3812512,150.8322621,152.4662694,149.8936209,157.6229281,164.6519475,167.1007246,170.8446192,174.5885139
PLDV,CIStock,Mounds View,118.1655337,118.4116968,118.5758056,118.9461883,123.4253545,125.7722831,130.3705637,132.8115697,135.2525756
PLDV,CIStock,New Brighton,189.3704969,198.0214312,203.7887208,207.9357933,208.714422,206.5441323,205.0447319,208.1795789,211.3144258
PLDV,CIStock,New Germany,4.778713809,4.950765587,5.065466772,5.543473696,6.855705159,8.24694236,9.459223283,10.39532518,11.33142707
PLDV,CIStock,New Hope,202.4488127,202.3972191,202.3628234,195.986759,202.1557012,208.344974,210.8301931,212.5064692,214.1827453
PLDV,CIStock,New Market Twp.,42.27873685,41.62228356,41.18464803,38.65832539,40.84260141,43.98071574,47.23161054,48.22218528,49.21276002
PLDV,CIStock,New Prague,78.83178279,80.22697465,81.15710256,84.46597717,97.98659517,114.1883813,131.9429029,142.5651269,153.1873509
PLDV,CIStock,New Trier,1.326364082,1.3980514,1.445842946,1.401684385,1.442531177,1.489621518,1.526778766,1.566861703,1.606944639
PLDV,CIStock,Newport,35.34473112,35.88541632,36.24587312,37.29339729,42.44913595,48.14667886,52.74394997,56.22379374,59.70363751
PLDV,CIStock,Nininger Twp.,14.61706552,14.63921646,14.65398375,14.56158621,15.35143904,15.89230594,16.3294468,16.67192306,17.01439932
PLDV,CIStock,North Oaks,48.21818296,49.104242,49.69494803,51.06892331,54.23235274,56.24082654,59.31037754,61.52881645,63.74725537
PLDV,CIStock,North St. Paul,134.9765539,137.3099871,138.8656093,140.7053353,147.4347423,153.0840725,161.6319269,166.9630015,172.2940761
PLDV,CIStock,Northfield,166.8892816,169.1773168,170.7026736,171.0178168,181.6912977,192.8920269,203.1045405,210.3475923,217.5906441
PLDV,CIStock,Norwood Young America,53.45982897,56.11856088,57.89104882,67.9127175,87.95615804,108.8753476,127.7609379,142.6211596,157.4813814
PLDV,CIStock,Nowthen,66.24058484,70.63351746,73.5621392,82.12796104,87.94492257,92.57353487,99.91343185,106.6480013,113.3825707
PLDV,CIStock,Oak Grove,113.8664013,122.2437412,127.8286344,142.6389135,152.6730645,161.5211576,175.104694,187.3523526,199.6000111
PLDV,CIStock,Oak Park Heights,50.24027338,51.37328724,52.12862981,51.11929614,55.80677167,61.32868,65.29605611,68.30721265,71.3183692
PLDV,CIStock,Oakdale,274.4048609,302.7212304,321.5988101,333.308942,328.9561169,323.7268073,318.7322555,327.5977344,336.4632133
PLDV,CIStock,Orono,77.84763616,80.74240217,82.67224617,83.23392765,89.46354075,96.41840171,100.770243,105.3547644,109.9392857
PLDV,CIStock,Osseo,26.13434829,27.24129321,27.97925649,27.70769895,29.33505646,31.24730287,32.30643851,33.54085656,34.7752746
PLDV,CIStock,Pine Springs,2.628174379,2.606950211,2.592800766,2.421469474,2.52330122,2.67243999,2.745773217,2.769292984,2.792812752
PLDV,CIStock,Plymouth,736.2536747,778.0194565,805.8633111,815.6517572,823.1220459,820.716732,812.2757622,827.4801797,842.6845972
PLDV,CIStock,Prior Lake,259.97571,291.7631219,312.9547299,362.1557154,382.0845295,393.6275133,422.0729997,454.4924576,486.9119155
PLDV,CIStock,Ramsey,294.3899882,320.8720842,338.5268149,388.7425594,416.6387819,434.3434151,467.8411166,502.5313423,537.221568
PLDV,CIStock,Randolph,4.984206551,5.06249473,5.114686849,4.958475407,5.102971427,5.269554076,5.400998286,5.484356633,5.56771498
PLDV,CIStock,Randolph Twp.,7.376052798,7.536590327,7.643615346,7.561674996,7.937955553,8.197084118,8.401552889,8.606652907,8.811752926
PLDV,CIStock,Ravenna Twp.,23.20234084,23.60205951,23.86853863,24.24143532,26.08185396,28.08965075,29.97554049,31.33018042,32.68482035
PLDV,CIStock,Richfield,341.9216972,372.2525338,392.4730916,401.6309326,384.8084704,365.446707,352.0529898,354.0792484,356.1055069
PLDV,CIStock,Robbinsdale,128.9887069,130.6523858,131.7615051,128.6316734,134.3668703,140.294972,142.3186836,144.9846789,147.6506742
PLDV,CIStock,Rockford,45.96274257,47.15159892,47.94416982,48.47288996,52.2971107,56.14617541,58.47385602,60.9760787,63.47830139
PLDV,CIStock,Rogers,167.3593338,181.6845121,191.234631,213.3971718,249.5435469,291.181763,325.5340329,357.1689727,388.8039125
PLDV,CIStock,Rosemount,229.6715488,245.9434223,256.7913379,286.4767279,320.2894867,353.6455021,388.7642321,420.5827687,452.4013054
PLDV,CIStock,Roseville,329.4811012,327.2084603,325.6933664,315.1934363,323.026334,328.1180457,330.0797681,330.1995015,330.3192349
PLDV,CIStock,San Francisco Twp.,13.80280283,13.67918867,13.59677923,12.85242325,14.13037008,15.87536404,17.15559132,17.82614902,18.49670671
PLDV,CIStock,Sand Creek Twp.,20.77709826,20.25578707,19.90824627,18.66261601,19.6913026,21.20427084,22.77161355,23.17051661,23.56941966
PLDV,CIStock,Savage,304.8859977,338.117878,360.2724649,396.1048476,416.7442777,430.3623501,457.1075942,487.5519135,517.9962328
PLDV,CIStock,Scandia,50.33079087,51.16295592,51.71773262,51.26928888,56.51925581,62.85436326,67.65585206,71.1208643,74.58587653
PLDV,CIStock,Sciota Twp.,2.141203676,2.211873486,2.258986692,2.26574779,2.409736507,2.634777038,2.850526873,2.992391512,3.134256152
PLDV,CIStock,Shakopee,376.5173504,438.0724493,479.1091819,544.3742612,550.3367492,555.9112579,584.8738584,626.54516,668.2164616
PLDV,CIStock,Shoreview,260.1474908,269.707859,276.0814378,272.4089952,272.5576554,269.8900334,266.2523104,267.4732743,268.6942382
PLDV,CIStock,Shorewood,78.316935,79.51996717,80.32198862,78.10150401,81.27207546,84.87773119,86.12178586,87.68275604,89.24372621
PLDV,CIStock,South St. Paul,189.3533302,209.9896833,223.7472521,235.9871641,225.6630351,213.6444497,209.4998635,213.5291702,217.5584768
PLDV,CIStock,Spring Lake Park,60.2808862,63.82488222,66.18754623,69.77673199,70.92332465,72.45749276,76.1007306,79.26469947,82.42866835
PLDV,CIStock,Spring Lake Park,60.2808862,63.82488222,66.18754623,69.77673199,70.92332465,72.45749276,76.1007306,79.26469947,82.42866835
PLDV,CIStock,Spring Lake Twp.,44.32118791,44.3039069,44.29238623,43.94941447,48.93867853,53.39136653,58.08156774,60.83364371,63.58571968
PLDV,CIStock,Spring Park,19.98825568,20.39226515,20.66160479,20.52422145,21.79175623,23.05835453,23.69138824,24.43201475,25.17264127
PLDV,CIStock,St. Anthony,103.1268313,105.8182475,107.612525,103.8427871,107.2625364,111.6103375,112.8417745,114.7847631,116.7277518
PLDV,CIStock,St. Anthony,103.1268313,105.8182475,107.612525,103.8427871,107.2625364,111.6103375,112.8417745,114.7847631,116.7277518
PLDV,CIStock,St. Bonifacius,25.90771188,25.96690087,26.0063602,24.94263023,25.60996992,26.62306121,26.89211872,27.08900009,27.28588146
PLDV,CIStock,St. Francis,111.8682837,123.1132763,130.6099381,156.6802643,177.7890142,197.21163,222.4699434,244.5902754,266.7106074
PLDV,CIStock,St. Lawrence Twp.,5.158376387,5.336093399,5.454571407,5.868975061,6.991239789,8.397069442,9.950621047,10.90906998,11.86751891
PLDV,CIStock,St. Louis Park,476.3339802,491.5047957,501.6186727,504.3212413,511.8338727,509.8504468,505.0577229,510.8024714,516.54722
PLDV,CIStock,St. Marys Point,3.31471789,3.317158145,3.318784981,3.099480927,3.229825562,3.420723187,3.514589717,3.554564083,3.594538448
PLDV,CIStock,St. Paul,"2,185.49",2293.736,"2,365.90","2,409.76","2,437.96","2,427.29","2,426.63","2,474.86","2,523.09"
PLDV,CIStock,St. Paul Park,57.25665611,58.68331302,59.63441763,61.84433037,70.85429826,81.62967949,90.63797388,97.31423744,103.990501
PLDV,CIStock,Stillwater,195.8123315,201.6452385,205.5338431,198.7840171,214.262694,234.4916709,248.6989019,259.276216,269.8535301
PLDV,CIStock,Stillwater Twp.,26.67221541,26.69861762,26.7162191,26.30684437,28.82619314,31.72720756,33.82792603,35.25906815,36.69021028
PLDV,CIStock,Sunfish Lake,10.68453473,10.75241724,10.79767224,10.74336338,11.3399365,12.00287317,12.60232933,12.98588825,13.36944717
PLDV,CIStock,Tonka Bay,13.08870162,13.37098753,13.55917814,13.23812283,13.82938376,14.43840891,14.64558546,14.95696223,15.268339
PLDV,CIStock,Vadnais Heights,140.2943287,144.2878982,146.9502778,151.099274,160.5445352,166.2973396,175.1770788,182.1536288,189.1301789
PLDV,CIStock,Vermillion,4.525888707,4.538188469,4.54638831,4.407533695,4.535974602,4.830424569,5.100942826,5.215953649,5.330964473
PLDV,CIStock,Vermillion Twp.,15.66516068,15.87741331,16.01891506,16.02896043,17.00990476,18.09579507,19.09102866,19.77620226,20.46137586
PLDV,CIStock,Victoria,80.89264986,86.0110172,89.42326209,93.18810261,111.1798593,135.2784899,156.6062796,171.7490056,186.8917315
PLDV,CIStock,Waconia,144.2170417,151.7788141,156.8199957,175.8888683,221.2411323,261.9673148,296.5620058,327.0309986,357.4999914
PLDV,CIStock,Waconia Twp.,15.44121899,15.386306,15.34969734,14.88211794,16.7374424,18.75045432,20.20834065,21.16176498,22.11518931
PLDV,CIStock,Waterford Twp.,4.221537014,4.24595823,4.262239041,4.23536441,4.465099999,4.610859816,4.7258735,4.826740797,4.927608095
PLDV,CIStock,Watertown,52.34540528,53.23051278,53.82058445,56.33856419,67.44617344,78.86138632,88.32191437,95.51721619,102.712518
PLDV,CIStock,Watertown Twp.,14.47658726,14.11866218,13.88004546,12.66337272,13.46225622,14.61856439,15.28882794,15.45127607,15.61372421
PLDV,CIStock,Wayzata,44.10865252,46.16191289,47.53075313,47.60539153,50.92830478,53.42097877,54.43351499,56.49848749,58.56345998
PLDV,CIStock,West Lakeland Twp.,47.09649479,47.34997798,47.51896677,45.64690092,48.88781418,52.12715675,53.91700135,55.28110266,56.64520397
PLDV,CIStock,West St. Paul,156.5007159,168.4496185,176.4155536,186.7503491,182.8853634,177.264024,177.3313534,181.4974809,185.6636083
PLDV,CIStock,White Bear Lake,246.8461303,242.4272883,239.4813936,225.8580768,242.9663866,263.8299451,277.4870814,283.6152716,289.7434618
PLDV,CIStock,White Bear Lake,246.8461303,242.4272883,239.4813936,225.8580768,242.9663866,263.8299451,277.4870814,283.6152716,289.7434618
PLDV,CIStock,White Bear Twp.,127.7380751,129.803557,131.1805449,132.8623208,139.1600664,143.6286382,150.769558,155.3758546,159.9821512
PLDV,CIStock,Willernie,3.203869719,3.189849252,3.180502274,2.970335888,3.095249497,3.278193054,3.368148479,3.401004231,3.433859983
PLDV,CIStock,Woodbury,627.2682591,675.2811291,707.2897091,740.7243457,767.6873593,785.0629202,801.5675507,836.427409,871.2872673
PLDV,CIStock,Woodland,5.097200633,5.192867129,5.256644793,5.012824568,5.117698622,5.263326953,5.26033786,5.292965306,5.325592751
PLDV,CIStock,Young America Twp.,8.433722058,8.137787173,7.940497249,7.378949922,7.764260037,8.65042236,9.74050794,10.00186512,10.26322229
PLDV,HEVStock,Afton,3.172092762,7.749851615,10.80169085,25.86812079,58.56690213,104.3910428,150.7284567,180.2397295,209.7510023
PLDV,HEVStock,Andover,38.46476712,99.02945735,139.4059175,366.1887689,849.8464594,1533.786803,2315.378347,2770.761063,3226.143779
PLDV,HEVStock,Anoka,23.04854904,60.05165078,84.72038528,194.1513881,403.7669066,672.7546759,972.5328146,1162.429668,1352.326521
PLDV,HEVStock,Apple Valley,64.59168848,169.2507843,239.0235148,517.7080348,1083.233241,1829.307785,2649.791079,3166.830957,3683.870835
PLDV,HEVStock,Arden Hills,8.794641783,21.54021882,30.03727017,77.77526158,189.3839974,344.7943662,535.9031815,641.3248895,746.7465974
PLDV,HEVStock,Bayport,2.135215189,5.518072965,7.773311482,19.17650964,44.62793955,80.77198686,118.3384721,141.5791235,164.8197749
PLDV,HEVStock,Baytown Twp.,2.030648905,5.020840324,7.01430127,17.01396167,38.98700698,70.24992466,102.4925798,122.584966,142.6773522
PLDV,HEVStock,Belle Plaine,7.990889843,20.2448115,28.41409261,79.08647717,204.5275522,418.6608929,707.6061869,847.5292463,987.4523058
PLDV,HEVStock,Belle Plaine Twp.,0.983867873,2.327837868,3.223817865,7.700265953,17.4400992,31.56653691,47.84793163,57.22074438,66.59355713
PLDV,HEVStock,Benton Twp.,0.988960922,2.246153809,3.084282401,7.22921137,16.532173,30.08981438,44.01598493,52.62138973,61.22679453
PLDV,HEVStock,Bethel,0.684901679,1.767121122,2.488600751,5.963793136,12.91243758,21.36898288,30.69219239,36.69365053,42.69510868
PLDV,HEVStock,Birchwood Village,0.828310588,1.959479658,2.713592372,6.345350885,14.03532251,24.6064601,34.95536407,41.78077477,48.60618547
PLDV,HEVStock,Blaine,64.14140598,163.1288021,229.1203995,562.5943821,1311.646997,2408.837848,3772.852717,4514.594979,5256.337241
PLDV,HEVStock,Blaine,64.14140598,163.1288021,229.1203995,562.5943821,1311.646997,2408.837848,3772.852717,4514.594979,5256.337241
PLDV,HEVStock,Blakeley Twp.,0.684608062,1.614624038,2.234634688,5.353339192,12.16038167,21.94169329,33.1554961,39.64967371,46.14385132
PLDV,HEVStock,Bloomington,115.1106586,298.8753893,421.3852098,844.6585877,1665.345166,2716.410602,3864.997366,4614.974707,5364.952048
PLDV,HEVStock,Brooklyn Center,38.22383633,96.55796061,135.4473768,269.5901421,526.138701,848.6696024,1169.641569,1395.925116,1622.208662
PLDV,HEVStock,Brooklyn Park,101.8138205,263.3770665,371.0858971,714.57724,1419.274304,2318.404035,3260.831992,3892.635627,4524.439261
PLDV,HEVStock,Burnsville,79.56106404,203.4461345,286.0361814,581.2484315,1157.056664,1877.59212,2650.181321,3164.305372,3678.429424
PLDV,HEVStock,Camden Twp.,0.972158509,2.222956013,3.056821016,7.197936911,16.53658158,30.00957487,43.76949541,52.32896279,60.88843017
PLDV,HEVStock,Carver,4.762888719,13.26947391,18.94053071,60.33039878,174.5316533,403.9256682,717.060409,859.519913,1001.979417
PLDV,HEVStock,Castle Rock Twp.,1.961928865,4.767189244,6.63736283,15.23122275,32.81416614,56.16649257,80.15923237,95.79869307,111.4381538
PLDV,HEVStock,Cedar Lake Twp.,3.560220036,8.858178428,12.39015069,31.62581778,76.22890233,145.7353884,232.5941121,278.4008905,324.2076689
PLDV,HEVStock,Centerville,5.333607432,13.62040748,19.14494084,43.28206175,88.85419218,146.2573565,208.9852818,249.7156167,290.4459515
PLDV,HEVStock,Champlin,37.68030499,97.23691622,136.9413237,264.7998161,501.8278855,772.8618272,1016.966072,1212.823225,1408.680379
PLDV,HEVStock,Chanhassen,34.28625473,89.72018757,126.6761428,285.5865496,629.9514901,1120.718366,1676.195806,2004.577716,2332.959627
PLDV,HEVStock,Chanhassen,34.28625473,89.72018757,126.6761428,285.5865496,629.9514901,1120.718366,1676.195806,2004.577716,2332.959627
PLDV,HEVStock,Chaska,33.3621685,87.48564154,123.5679569,288.720742,644.5094198,1147.980159,1695.169155,2027.530553,2359.89195
PLDV,HEVStock,Circle Pines,5.695190309,14.44653617,20.28076675,45.67798517,93.43207551,152.58594,216.3612329,258.4944414,300.62765
PLDV,HEVStock,Coates,0.212344536,0.522230336,0.72882087,1.670866752,3.59625624,6.155545704,8.78502103,10.49955633,12.21409163
PLDV,HEVStock,Cologne,2.214412498,5.804221983,8.197428307,23.70844527,64.53058196,138.914643,234.6051997,281.0833571,327.5615145
PLDV,HEVStock,Columbia Heights,18.95063946,46.23749241,64.42872771,139.0019015,298.5294655,508.2168168,762.4848085,911.1916424,1059.898476
PLDV,HEVStock,Columbus,6.970495078,18.23285619,25.74109693,63.08729001,139.2109088,240.8944695,360.4381448,431.1316748,501.8252047
PLDV,HEVStock,Coon Rapids,74.69216919,189.9280652,266.7519958,591.1349779,1260.765654,2148.977155,3205.804178,3832.026579,4458.248981
PLDV,HEVStock,Corcoran,7.213083997,19.38330346,27.4967831,74.65821653,186.7333682,366.9338984,575.8118584,689.5316133,803.2513682
PLDV,HEVStock,Cottage Grove,47.44768954,125.732184,177.9218469,376.428145,772.5313084,1304.981932,1877.303818,2243.275044,2609.24627
PLDV,HEVStock,Credit River Twp.,7.687492624,18.54554489,25.7842464,64.35850701,152.0405367,284.1234167,444.1211208,531.4078464,618.6945721
PLDV,HEVStock,Crystal,21.40509161,50.05221222,69.15029262,150.6472953,330.1566471,574.1343372,823.2027239,983.5622504,1143.921777
PLDV,HEVStock,Dahlgren Twp.,1.484433651,3.248686277,4.424854694,9.277172889,18.70497289,31.20743605,41.50078579,49.50405622,57.50732664
PLDV,HEVStock,Dayton,7.405491572,19.99454925,28.38725437,77.77338343,195.7469399,394.0405522,629.542595,753.9700157,878.3974364
PLDV,HEVStock,Deephaven,4.473046884,10.79958614,15.01727897,33.85404426,72.54901782,123.8974711,172.1908855,205.7344532,239.2780209
PLDV,HEVStock,Dellwood,0.936849176,2.259178818,3.140731912,7.619561971,17.46293021,31.32766911,45.51479697,54.43038653,63.34597609
PLDV,HEVStock,Denmark Twp.,2.527308412,6.30242849,8.819175209,22.62734499,54.48434225,103.2403335,157.6268449,188.6467522,219.6666594
PLDV,HEVStock,Douglas Twp.,1.650858619,4.085683063,5.708899359,13.55710761,30.18903284,53.48778293,78.92601341,94.38104436,109.8360753
PLDV,HEVStock,Eagan,86.05936297,215.4349379,301.6853212,657.3148863,1388.47846,2347.853171,3394.115725,4055.726997,4717.338269
PLDV,HEVStock,East Bethel,22.43131201,59.24845127,83.79321077,211.8011145,479.1388488,865.6371592,1343.194742,1607.347428,1871.500114
PLDV,HEVStock,Eden Prairie,82.71237525,210.3656767,295.4678777,633.3335866,1356.86728,2332.647171,3379.485528,4038.840159,4698.19479
PLDV,HEVStock,Edina,59.55084607,150.3744547,210.9235272,440.3850869,918.9077543,1515.457362,2117.039605,2528.537357,2940.035109
PLDV,HEVStock,Elko New Market,4.900208603,13.60186903,19.40297598,58.26138529,158.9433416,351.6263908,629.3043181,754.1851401,879.065962
PLDV,HEVStock,Empire Twp.,2.359780423,6.435274839,9.152271116,24.29812485,59.43465841,114.053084,180.3582728,215.9579713,251.5576698
PLDV,HEVStock,Eureka Twp.,2.756545216,6.83197945,9.548935606,23.25974344,53.00749914,95.77107067,143.8755453,172.0993453,200.3231453
PLDV,HEVStock,Excelsior,2.193994075,5.420640006,7.571737294,17.64426135,39.02502251,66.19066622,91.3665923,109.2011119,127.0356316
PLDV,HEVStock,Falcon Heights,4.851248392,11.65896801,16.19744775,36.7608929,79.67061431,136.7129478,200.9403929,240.1582218,279.3760508
PLDV,HEVStock,Farmington,23.22329679,60.03594338,84.57770777,212.0969351,495.669198,919.8643319,1414.776195,1693.086775,1971.397355
PLDV,HEVStock,Forest Lake,32.05543146,87.92500232,125.1713829,285.6990965,614.1476185,1063.601446,1547.455832,1850.535912,2153.615992
PLDV,HEVStock,Fort Snelling UT,0.216398264,0.525089091,0.730882975,2.22317693,5.978833578,12.28346017,19.91323166,23.85259833,27.79196501
PLDV,HEVStock,Fridley,30.98109446,77.4755899,108.4719202,242.8748554,533.6556423,906.2181554,1344.644009,1607.376591,1870.109174
PLDV,HEVStock,Gem Lake,0.457049025,1.198079342,1.692099553,4.129262655,9.575747613,17.14618788,26.25148918,31.41037721,36.56926525
PLDV,HEVStock,Golden Valley,18.37501516,40.96639089,56.02730805,124.8485738,290.2913392,529.5844308,789.5491162,943.7839364,1098.018757
PLDV,HEVStock,Grant,4.873860757,11.55947729,16.01655498,38.66698195,88.214195,158.9808008,231.9889201,277.411932,322.8349439
PLDV,HEVStock,Greenfield,4.285843958,10.96027013,15.40988757,38.56643437,90.72483867,167.4567282,249.8915345,299.0126726,348.1338107
PLDV,HEVStock,Greenvale Twp.,0.662798256,1.650908582,2.3096488,5.638044534,12.87324979,22.39098829,32.46448911,38.82482728,45.18516545
PLDV,HEVStock,Greenwood,1.16491766,2.832134968,3.943613174,8.822130676,18.76203005,31.82243568,43.9262463,52.47851203,61.03077775
PLDV,HEVStock,Grey Cloud Island Twp.,0.34678001,0.829093577,1.150635955,2.690598982,5.951353226,10.43379912,14.822012,17.7170584,20.6121048
PLDV,HEVStock,Ham Lake,24.04112042,62.70031029,88.47310353,210.0593614,451.1397885,757.6032773,1103.262594,1319.106889,1534.951183
PLDV,HEVStock,Hamburg,0.553368366,1.272468424,1.751868462,4.308872931,10.31884484,19.59765261,29.86233326,35.72412623,41.58591921
PLDV,HEVStock,Hampton,0.788485227,1.939623459,2.707048947,6.444771759,14.38502496,25.50154649,37.65009013,45.02241111,52.39473209
PLDV,HEVStock,Hampton Twp.,1.233285489,3.071526809,4.297021023,10.41215574,23.61778573,42.94576432,64.88787092,77.618788,90.34970509
PLDV,HEVStock,Hancock Twp.,0.359487478,0.844542376,1.167912308,2.937867908,7.178326845,13.47338617,20.30638661,24.29576644,28.28514627
PLDV,HEVStock,Hanover,3.907410254,9.868213446,13.84208224,32.08314856,70.60777311,123.2589009,174.9728811,209.1859753,243.3990694
PLDV,HEVStock,Hastings,29.13634354,72.98437454,102.2163952,251.301893,577.3977614,1050.491468,1587.982421,1899.751636,2211.520852
PLDV,HEVStock,Hastings,29.13634354,72.98437454,102.2163952,251.301893,577.3977614,1050.491468,1587.982421,1899.751636,2211.520852
PLDV,HEVStock,Helena Twp.,1.58375398,3.865127141,5.386042581,13.48599313,31.95080673,58.89838847,90.88506578,108.7453281,126.6055905
PLDV,HEVStock,Hilltop,0.76730914,2.044447699,2.895873405,6.78934302,14.41853017,24.49774266,36.06020549,43.11878475,50.17736402
PLDV,HEVStock,Hollywood Twp.,1.230192415,2.84473889,3.921103207,9.879521251,24.17371075,45.35538021,68.33237127,81.75280704,95.17324281
PLDV,HEVStock,Hopkins,19.80974292,49.58461623,69.43453177,159.5048487,348.0981976,599.3578969,839.6746015,1003.647573,1167.620545
PLDV,HEVStock,Hugo,18.84741523,49.47446726,69.89250194,193.9250652,496.3881424,997.9591735,1599.086533,1915.134357,2231.182181
PLDV,HEVStock,Independence,4.322211202,10.88460217,15.25952949,36.07369233,80.83754664,143.2615747,206.244185,246.6285798,287.0129745
PLDV,HEVStock,Inver Grove Heights,50.26253535,128.9445653,181.3992519,409.0009106,891.5824132,1554.581662,2319.839469,2773.754856,3227.670243
PLDV,HEVStock,Jackson Twp.,1.570316895,3.70725061,5.131873087,12.4051485,28.42985962,51.29767118,77.51451605,92.70335588,107.8921957
PLDV,HEVStock,Jordan,7.552230887,19.73701763,27.8602088,75.34649192,190.5827752,384.1441321,641.312191,768.064183,894.8161751
PLDV,HEVStock,Lake Elmo,11.82427744,31.24032479,44.18435635,123.7432929,318.8855429,654.0342894,1064.018373,1274.457192,1484.896012
PLDV,HEVStock,Lake St. Croix Beach,1.024466418,2.444980846,3.391990465,8.096932118,18.27515952,32.03966159,45.51479697,54.41286308,63.31092919
PLDV,HEVStock,Lakeland,2.996946536,7.058442142,9.76610588,22.96884825,51.09734602,90.28776635,129.2620234,154.5150388,179.7680541
PLDV,HEVStock,Lakeland Shores,0.517694117,1.224674786,1.695995232,4.131087816,9.503082951,17.30141726,25.4882863,30.48240474,35.47652318
PLDV,HEVStock,Laketown Twp.,1.672799285,3.438825804,4.616176816,8.097679025,12.27238309,11.1683361,0,0,0
PLDV,HEVStock,Lakeville,71.13926424,187.1622767,264.5109516,649.50468,1472.147957,2633.540337,3925.697478,4696.609121,5467.520764
PLDV,HEVStock,Landfall,0.382263589,0.887836703,1.224885446,2.864220885,6.335388634,11.10708268,15.77846295,18.85770282,21.93694269
PLDV,HEVStock,Lauderdale,2.821705584,6.85861801,9.54989296,21.68790268,47.03370654,80.64156091,118.4280183,141.5492808,164.6705434
PLDV,HEVStock,Lexington,2.228432147,5.640605243,7.915387307,18.21330598,38.02166406,63.97410512,93.3303682,111.5507554,129.7711426
PLDV,HEVStock,Lilydale,1.423611817,4.051920555,5.804126381,13.30631735,28.63958287,49.02105121,69.9614602,83.66902988,97.37659956
PLDV,HEVStock,Lino Lakes,18.25468988,43.87321626,60.95223384,156.2049524,390.3210888,754.9928854,1229.416277,1471.648595,1713.880912
PLDV,HEVStock,Linwood Twp.,9.427848822,24.05238892,33.80208232,75.05886709,151.3945668,244.9774266,344.2110524,411.1676931,478.1243338
PLDV,HEVStock,Little Canada,10.27646108,24.83630085,34.54286069,80.72432903,179.9979417,309.7917933,456.6827112,545.9639612,635.2452113
PLDV,HEVStock,Long Lake,2.644481556,6.54099238,9.138666262,21.47894749,47.8807007,82.56437012,115.8364399,138.4748316,161.1132232
PLDV,HEVStock,Loretto,1.011701372,2.465875701,3.435325254,7.8222892,16.92752045,29.2059243,40.99782988,48.99505558,56.99228128
PLDV,HEVStock,Louisville Twp.,0.788005288,1.866664463,2.585770579,6.246439699,14.30633137,25.81375682,39.006466,46.65015814,54.29385029
PLDV,HEVStock,Mahtomedi,6.717706143,16.11371138,22.37771487,52.75445041,117.6331407,207.9908031,297.965147,356.2146351,414.4641233
PLDV,HEVStock,Maple Grove,77.92585931,204.8317196,289.4356265,624.9572558,1336.992123,2309.604773,3338.931914,3991.133125,4643.334336
PLDV,HEVStock,Maple Plain,2.190703347,5.44561447,7.615555218,18.11477499,40.81783872,73.50982642,107.3752687,128.4121818,149.4490949
PLDV,HEVStock,Maplewood,43.84547878,112.3445135,158.0105366,348.3743454,762.5385175,1323.920404,1925.355535,2301.657546,2677.959557
PLDV,HEVStock,Marine on St. Croix,1.1686344,2.870113673,4.004433188,10.2037869,24.42779656,45.44292002,68.27219545,81.69290766,95.11361987
PLDV,HEVStock,Marshan Twp.,1.553893689,3.870105369,5.414246489,12.96134544,29.07839953,51.89783914,77.10084935,92.21024048,107.3196316
PLDV,HEVStock,May Twp.,3.799544046,9.272938682,12.92186844,32.73395298,77.97401395,146.4182021,221.8001077,265.4002205,309.0003332
PLDV,HEVStock,Mayer,2.655310461,6.588010606,9.209810703,24.95701789,64.80611818,131.1915907,211.2767276,253.0010111,294.7252945
PLDV,HEVStock,Medicine Lake,0.260625646,0.64058165,0.893885653,1.999682953,4.252726812,7.213085421,9.956615828,11.89581386,13.8350119
PLDV,HEVStock,Medina,5.7287294,15.4434417,21.91991656,54.79278327,128.7700663,239.9796171,361.0334788,432.0944287,503.1553786
PLDV,HEVStock,Mendota,0.386632316,0.983364124,1.381185329,3.518280521,8.329749865,15.55379794,24.04776971,28.77999719,33.51222467
PLDV,HEVStock,Mendota Heights,13.54749836,34.04854547,47.71591021,109.9385109,237.8009236,409.0474646,586.6561825,701.2779193,815.8996561
PLDV,HEVStock,Miesville,0.34367317,0.874101443,1.227720292,2.814624417,6.057999902,10.36919863,14.79862751,17.68961838,20.58060925
PLDV,HEVStock,Minneapolis,324.9378566,817.410406,1145.725439,2394.385319,5137.94581,8891.530468,13330.69113,15931.84178,18532.99244
PLDV,HEVStock,Minnetonka,65.74223778,166.9461654,234.4154504,512.7748253,1098.21682,1867.97022,2651.01124,3168.065041,3685.118841
PLDV,HEVStock,Minnetonka Beach,0.316699649,0.757657968,1.05163018,2.35256818,5.003208015,8.69813242,12.29934896,14.69587883,17.09240869
PLDV,HEVStock,Minnetrista,9.619455664,25.79824868,36.58411069,95.56131948,232.4090187,451.725839,702.9605048,841.6287146,980.2969244
PLDV,HEVStock,Mound,16.33091448,40.05641824,55.87342075,128.8605382,282.2736385,486.2792636,681.6078703,814.6632615,947.7186526
PLDV,HEVStock,Mounds View,12.32182879,29.57318529,41.07408962,94.15494475,206.0867421,353.5721174,519.5795706,621.031119,722.4826674
PLDV,HEVStock,New Brighton,22.79562347,56.95753502,79.73214272,164.7288451,341.1398742,569.3392279,807.9587868,964.9914195,1122.024052
PLDV,HEVStock,New Germany,0.44453628,1.112321339,1.557511378,4.426538742,11.90316456,24.0718515,38.73406674,46.39197283,54.04987892
PLDV,HEVStock,New Hope,20.69306781,49.03770047,67.93412225,148.0326548,325.3812383,571.1448254,830.3286416,992.2557564,1154.182871
PLDV,HEVStock,New Market Twp.,4.054355529,9.648693124,13.37825152,31.96800267,72.43351677,130.6960631,197.491267,236.1786493,274.8660316
PLDV,HEVStock,New Prague,7.559641043,18.84149988,26.36273911,69.84804841,173.7772189,339.3299001,551.6977035,660.525316,769.3529285
PLDV,HEVStock,New Trier,0.142083477,0.369185192,0.520586336,1.193476252,2.568754457,4.39681836,6.275015022,7.501601331,8.72818764
PLDV,HEVStock,Newport,3.598582617,8.848509365,12.34846053,31.8117368,76.86009947,144.3066358,218.5750593,261.5703546,304.5656499
PLDV,HEVStock,Nininger Twp.,1.565817044,3.792091285,5.276274113,12.39858809,27.33672456,46.90827951,67.11353752,80.22308161,93.33262571
PLDV,HEVStock,North Oaks,5.027999083,12.33965444,17.21409134,40.42493265,90.55326548,158.1046923,236.375909,282.645491,328.915073
PLDV,HEVStock,North St. Paul,14.07481468,34.49135397,48.10238016,111.3789627,246.1758836,430.3512533,644.1687819,770.1875754,896.2063688
PLDV,HEVStock,Northfield,17.87760212,44.02868913,61.46274713,145.6145942,323.5426298,569.3467737,834.7535815,998.1287774,1161.503973
PLDV,HEVStock,Norwood Young America,4.973060634,12.66930228,17.80013004,54.2292237,152.7131928,317.794291,523.1614208,626.7990929,730.4367649
PLDV,HEVStock,Nowthen,8.461663322,21.92983861,30.90862214,74.20394587,160.9107967,277.1744598,413.0532628,493.9715827,574.8899026
PLDV,HEVStock,Oak Grove,14.54545055,38.04405349,53.70978879,128.8765736,279.3423853,483.6105661,723.9023209,865.7736949,1007.645069
PLDV,HEVStock,Oak Park Heights,5.115154895,12.70175772,17.75949293,43.60540236,101.0459677,183.8161156,270.5919701,323.6873331,376.7826962
PLDV,HEVStock,Oakdale,41.62217036,109.3660622,154.5286568,326.7242422,634.7515372,1002.061782,1333.378963,1591.730322,1850.081681
PLDV,HEVStock,Orono,8.567949649,21.60502817,30.29641385,71.55453749,160.212727,284.7598835,411.0442424,491.5395009,572.0347594
PLDV,HEVStock,Osseo,2.876359403,7.302580311,10.25339425,23.81975283,52.53368415,92.28506348,131.7787389,157.5592148,183.3396907
PLDV,HEVStock,Pine Springs,0.267584512,0.637032315,0.88333085,2.065543908,4.56878988,8.009915397,11.37869924,13.60092219,15.82314513
PLDV,HEVStock,Plymouth,89.03244591,226.5683563,318.2589633,666.1262448,1380.775155,2303.293232,3225.892943,3853.265042,4480.637142
PLDV,HEVStock,Prior Lake,34.12473852,91.99300265,130.5718454,291.9670942,629.1209065,1090.577865,1673.323194,2001.162885,2329.002576
PLDV,HEVStock,Ramsey,38.1175893,100.2709174,141.7064695,332.7454409,724.2188247,1250.794296,1889.585185,2259.878704,2630.172223
PLDV,HEVStock,Randolph,0.533920817,1.31851659,1.841580438,4.221936625,9.086999853,15.55379794,22.19794127,26.53074536,30.86354945
PLDV,HEVStock,Randolph Twp.,0.790141439,1.967340369,2.752139655,6.438453353,14.1353331,24.1947968,34.53013087,41.27812875,48.02612664
PLDV,HEVStock,Ravenna Twp.,2.48549346,6.150622611,8.594042045,20.64057905,46.44466591,82.91038404,123.1985741,147.3411902,171.4838063
PLDV,HEVStock,Richfield,48.04647178,121.2192281,170.0010657,313.8959253,612.1017202,985.6520373,1371.775727,1636.521578,1901.267429
PLDV,HEVStock,Robbinsdale,14.19656139,34.65014479,48.28586706,110.5820686,240.6263215,414.3439339,580.5213296,693.7862833,807.0512369
PLDV,HEVStock,Rockford,5.058682363,12.56536441,17.56981911,41.67117088,93.65449491,165.8208193,238.5162636,285.2077799,331.8992961
PLDV,HEVStock,Rogers,18.41965172,49.4162418,70.08063518,183.4532667,446.8865399,859.9695019,1327.861141,1589.749439,1851.637737
PLDV,HEVStock,Rosemount,26.38998031,68.99883344,97.40473553,240.5002498,556.8122071,1021.67768,1572.941653,1882.251987,2191.562322
PLDV,HEVStock,Roseville,32.88137363,76.95616137,106.3393532,228.8425732,503.714047,880.0025658,1286.113114,1536.759462,1787.40581
PLDV,HEVStock,San Francisco Twp.,1.283995417,3.022011229,4.180688437,10.26283384,24.53374474,46.33831414,70.24951194,84.04261525,97.83571855
PLDV,HEVStock,Sand Creek Twp.,1.992437558,4.677122682,6.466912765,15.43280916,34.92212171,63.01204228,95.21578367,113.8604529,132.5051221
PLDV,HEVStock,Savage,37.91366779,103.0702743,146.508012,339.4504556,728.265653,1244.045727,1845.663472,2207.213433,2568.763394
PLDV,HEVStock,Scandia,5.124370828,12.62145195,17.61950603,43.73334805,102.3360199,188.3889382,280.3711493,335.420505,390.4698607
PLDV,HEVStock,Sciota Twp.,0.229371156,0.579767279,0.813364694,1.929190486,4.291083264,7.776898972,11.71558012,14.01282191,16.3100637
PLDV,HEVStock,Shakopee,62.17963039,170.7481371,243.1271415,542.0776789,1067.938507,1725.446646,2450.614596,2928.301589,3405.988582
PLDV,HEVStock,Shoreview,29.89047168,74.39884015,104.0710858,219.3796586,455.9807029,758.3688278,1062.697551,1269.258967,1475.820383
PLDV,HEVStock,Shorewood,8.619600913,21.1089176,29.43512873,67.14229587,145.5433211,250.6759333,351.2928337,419.8274803,488.3621269
PLDV,HEVStock,South St. Paul,28.97371414,74.0458211,104.0938924,201.1960162,384.274182,604.387412,837.9881124,999.790992,1161.593872
PLDV,HEVStock,Spring Lake Park,7.700363229,19.76616785,27.8100376,63.04440995,129.7667715,216.9450097,314.6089019,375.9906096,437.3723173
PLDV,HEVStock,Spring Lake Park,7.700363229,19.76616785,27.8100376,63.04440995,129.7667715,216.9450097,314.6089019,375.9906096,437.3723173
PLDV,HEVStock,Spring Lake Twp.,4.250218115,10.33274109,14.38775641,36.34340042,86.79174366,158.6613881,242.8585914,290.580266,338.3019407
PLDV,HEVStock,Spring Park,2.199917385,5.42300933,7.571737294,17.64426135,39.02502251,68.10001236,96.63774186,115.5253068,134.4128716
PLDV,HEVStock,St. Anthony,11.35019047,28.20175523,39.43613174,89.27156041,192.0874506,329.6273963,460.2843094,550.0711332,639.857957
PLDV,HEVStock,St. Anthony,11.35019047,28.20175523,39.43613174,89.27156041,192.0874506,329.6273963,460.2843094,550.0711332,639.857957
PLDV,HEVStock,St. Bonifacius,2.851415686,6.858805377,9.530398504,21.44267873,45.86274013,78.62793483,109.6935984,131.0620349,152.4304715
PLDV,HEVStock,St. Francis,14.29020826,38.64312921,54.87840984,141.563162,325.2964592,590.4714245,919.7155409,1100.800607,1281.885674
PLDV,HEVStock,St. Lawrence Twp.,0.494666903,1.260971074,1.771840522,4.853273092,12.39882052,24.95329826,41.60689707,49.8293431,58.05178913
PLDV,HEVStock,St. Louis Park,54.2235055,133.5764904,186.4784804,390.9480253,828.7602626,1400.260395,1994.502749,2382.558598,2770.614446
PLDV,HEVStock,St. Marys Point,0.33748414,0.813391749,1.130663488,2.643896202,5.848051047,10.25269171,14.56473503,17.41018521,20.25563539
PLDV,HEVStock,St. Paul,247.61,632.252,888.68,"1,858.75","3,918.39","6,686.17","9,932.62","11,869.62","13,806.62"
PLDV,HEVStock,St. Paul Park,5.829519728,14.52177363,20.31660956,52.7539914,128.2916198,244.6628658,375.610862,449.5671304,523.5233989
PLDV,HEVStock,Stillwater,19.93640438,49.98806006,70.02249718,169.565266,387.9525838,702.8253027,1030.627726,1232.765991,1434.904255
PLDV,HEVStock,Stillwater Twp.,2.715600534,6.547344862,9.101841081,22.44006901,52.19385559,95.09371559,140.1855747,167.6795695,195.1735643
PLDV,HEVStock,Sunfish Lake,1.144554396,2.790490313,3.887780925,9.147529354,20.19333301,35.42809532,51.7951963,61.92532468,72.05545306
PLDV,HEVStock,Tonka Bay,1.440549026,3.55759117,4.968952599,11.38054857,24.76587967,42.64206381,59.73969497,71.39952415,83.05935334
PLDV,HEVStock,Vadnais Heights,14.62933094,36.39345468,50.90287051,119.6065548,268.065669,467.4965026,698.1517057,834.8561807,971.5606557
PLDV,HEVStock,Vermillion,0.48482465,1.176106094,1.63696039,3.752832555,8.077333203,14.25764812,20.96472231,25.06070184,29.15668138
PLDV,HEVStock,Vermillion Twp.,1.678091649,4.131873233,5.767727623,13.64799652,30.28999951,53.41217419,78.4635563,93.82064923,109.1777422
PLDV,HEVStock,Victoria,7.524978294,19.50731579,27.49554078,74.41196065,193.0351627,394.8619475,641.2786657,768.0294032,894.7801407
PLDV,HEVStock,Waconia,13.41568252,34.29733963,48.21844437,140.4496409,384.1281887,764.6516765,1214.375872,1454.56791,1694.759948
PLDV,HEVStock,Waconia Twp.,1.436407856,3.406364751,4.719669348,11.88357251,29.06025371,54.73036337,82.75005166,99.01278042,115.2755092
PLDV,HEVStock,Waterford Twp.,0.452221727,1.10167891,1.534650365,3.606237534,7.951124871,13.6095732,19.42319861,23.21739399,27.01158937
PLDV,HEVStock,Watertown,4.869392203,11.87689192,16.5485584,44.98710569,117.1028921,230.18708,361.6646761,433.0237329,504.3827897
PLDV,HEVStock,Watertown Twp.,1.34667371,3.099341152,4.267786113,10.11187444,23.37373727,42.66986427,62.60540256,74.85714833,87.1088941
PLDV,HEVStock,Wayzata,4.854620288,12.39283814,17.41831671,40.92539988,91.20321557,157.7722864,222.0356155,265.4718145,308.9080136
PLDV,HEVStock,West Lakeland Twp.,4.795074742,11.63145714,16.1890454,38.93738043,88.5182272,156.2370407,223.436276,267.1645163,310.8927565
PLDV,HEVStock,West St. Paul,20.30595073,51.51493578,72.32092582,142.187616,286.2863431,473.0513418,686.4237864,819.6473535,952.8709206
PLDV,HEVStock,White Bear Lake,23.20186927,53.408341,73.54598882,173.7385397,405.4552401,743.7188952,1101.937091,1317.684135,1533.431179
PLDV,HEVStock,White Bear Lake,23.20186927,53.408341,73.54598882,173.7385397,405.4552401,743.7188952,1101.937091,1317.684135,1533.431179
PLDV,HEVStock,White Bear Twp.,13.32001509,32.59219251,45.44031079,105.1706208,232.3594276,403.7700554,600.8778363,718.3894006,835.9009648
PLDV,HEVStock,Willernie,0.326198262,0.780610811,1.08355251,2.53373386,5.604382253,9.82549622,13.95787107,16.68420563,19.41054019
PLDV,HEVStock,Woodbury,76.45681599,199.3999562,281.3620496,616.3967427,1311.359841,2235.658042,3219.672403,3848.315521,4476.958638
PLDV,HEVStock,Woodland,0.561000443,1.380223275,1.926371829,4.309424698,9.164855822,15.54458841,21.45704452,25.63625333,29.81546215
PLDV,HEVStock,Young America Twp.,0.784540691,1.778725479,2.441515338,5.892191341,13.48063588,25.24956201,39.88588421,47.70615291,55.52642162
PLDV,PHEVStock,Afton,0.177875328,2.215899893,3.574582937,43.07390458,71.57507624,84.5347487,110.6692314,132.7675026,154.8657738
PLDV,PHEVStock,Andover,1.420676785,17.11730989,27.58173196,357.4152918,599.9332314,691.4098179,888.8968137,1066.392041,1243.887268
PLDV,PHEVStock,Anoka,0.865538538,9.862415581,15.86033361,176.5851105,260.501144,280.8667318,361.4629424,433.5824232,505.701904
PLDV,PHEVStock,Apple Valley,3.685433759,43.39289951,69.86454334,749.859565,1100.264072,1229.9946,1672.559918,2006.334814,2340.109711
PLDV,PHEVStock,Arden Hills,0.248789167,3.032762969,4.888745503,64.62702641,112.1595681,135.4716282,196.2354014,235.4327238,274.6300463
PLDV,PHEVStock,Bayport,0.119732344,1.591337217,2.572407133,31.9314709,54.54015936,65.40829007,86.88755951,104.2411249,121.5946904
PLDV,PHEVStock,Baytown Twp.,0.113868782,1.438285112,2.321229332,28.33053732,47.64633087,56.88763677,75.253043,90.28087784,105.3087127
PLDV,PHEVStock,Belle Plaine,0.143808572,1.966266196,3.181237945,45.76144638,87.56336588,120.3278225,188.5542917,226.2363883,263.9184849
PLDV,PHEVStock,Belle Plaine Twp.,0.017706243,0.223645423,0.36093821,4.455569652,7.466543116,9.072575711,12.74993495,15.29638069,17.84282644
PLDV,PHEVStock,Benton Twp.,0.04054235,0.508468809,0.820419782,10.21170007,17.18940663,20.77356641,28.0185102,33.61410377,39.20969734
PLDV,PHEVStock,Bethel,0.025720005,0.289819579,0.465885961,5.42420572,8.330808464,8.921285277,11.40741989,13.68375986,15.96009984
PLDV,PHEVStock,Birchwood Village,0.046447575,0.557381397,0.898003945,10.5658637,17.15267911,19.92604791,25.66524835,30.7890085,35.91276866
PLDV,PHEVStock,Blaine,1.814478337,23.10022117,37.29071639,467.485435,776.8014332,946.4458161,1381.531763,1657.47522,1933.418677
PLDV,PHEVStock,Blaine,1.814478337,23.10022117,37.29071639,467.485435,776.8014332,946.4458161,1381.531763,1657.47522,1933.418677
PLDV,PHEVStock,Blakeley Twp.,0.012320594,0.155041875,0.250189396,3.097578159,5.206163852,6.306288023,8.834873405,10.59938397,12.36389453
PLDV,PHEVStock,Bloomington,8.287070756,89.48218286,143.6122576,1423.879445,1955.042895,2062.727562,2686.678966,3222.357345,3758.035724
PLDV,PHEVStock,Brooklyn Center,3.943956407,39.34339664,62.94302347,600.3431731,811.0318646,843.0435429,1054.468321,1264.573194,1474.678067
PLDV,PHEVStock,Brooklyn Park,9.143298223,96.53333319,154.7933565,1453.44169,1979.27188,2143.478177,2892.948243,3469.709232,4046.470221
PLDV,PHEVStock,Burnsville,4.83803738,52.44931239,84.1901624,835.0855703,1157.287121,1245.663268,1662.678834,1994.246993,2325.815152
PLDV,PHEVStock,Camden Twp.,0.039853537,0.503810443,0.813115047,10.167523,17.19399047,20.71817023,27.86160654,33.42595714,38.99030774
PLDV,PHEVStock,Carver,0.195254127,3.101012796,5.038185242,85.220352,181.4701285,278.8643555,456.4470025,547.6973522,638.9477019
PLDV,PHEVStock,Castle Rock Twp.,0.098120616,1.159450423,1.867003627,21.7077904,33.75944867,37.84788922,49.03069027,58.8172042,68.60371813
PLDV,PHEVStock,Cedar Lake Twp.,0.064071733,0.857948445,1.387199587,18.29950222,32.63550164,41.88598035,61.97885046,74.36180621,86.74476196
PLDV,PHEVStock,Centerville,0.200292121,2.230568462,3.584086022,39.36602119,57.32668611,61.06063205,77.67391881,93.16864414,108.6633695
PLDV,PHEVStock,Champlin,4.119269022,41.21832756,65.95103326,609.9058265,800.525425,791.2423964,934.5809835,1120.673326,1306.765669
PLDV,PHEVStock,Chanhassen,2.036208993,23.98970569,38.62537015,429.5956858,664.1847212,784.7142561,1110.520904,1332.217843,1553.914782
PLDV,PHEVStock,Chanhassen,2.036208993,23.98970569,38.62537015,429.5956858,664.1847212,784.7142561,1110.520904,1332.217843,1553.914782
PLDV,PHEVStock,Chaska,1.988147547,24.21199927,39.02790042,453.8333014,716.2263749,839.0052148,1144.461131,1372.955728,1601.450325
PLDV,PHEVStock,Circle Pines,0.213870586,2.363581263,3.796721714,41.54516812,60.2802314,63.70273717,80.41535124,96.45564737,112.4959435
PLDV,PHEVStock,Coates,0.010619843,0.127252623,0.205007809,2.38134691,3.699854125,4.147925235,5.373500125,6.446076182,7.518652238
PLDV,PHEVStock,Cologne,0.09077961,1.344622459,2.180517692,33.48961871,67.09598388,95.90463159,149.3386594,179.1882353,209.0378113
PLDV,PHEVStock,Columbia Heights,0.544690872,6.181857532,9.939968639,107.5102537,161.1262745,186.9683635,276.2004361,331.3315852,386.4627342
PLDV,PHEVStock,Columbus,0.261761906,2.996068276,4.81893919,57.37932747,89.81568429,100.5704528,133.9646647,160.7052452,187.4458258
PLDV,PHEVStock,Coon Rapids,2.352937762,27.6876525,44.57746232,494.2579995,737.0374405,840.14965,1193.064682,1431.20703,1669.349379
PLDV,PHEVStock,Corcoran,0.568882411,7.481849496,12.09049422,167.4553191,297.9669612,377.8437377,530.2259809,636.1574006,742.0888203
PLDV,PHEVStock,Cottage Grove,3.647076008,40.23614241,64.62885335,647.216717,933.774109,1049.389746,1411.993668,1693.662987,1975.332305
PLDV,PHEVStock,Credit River Twp.,0.138348464,1.787419818,2.886800721,37.2394684,65.0923604,81.66024727,118.3439954,141.9851248,165.6262542
PLDV,PHEVStock,Crystal,1.380426122,16.39318882,26.40169728,300.6240677,465.2038109,538.0594865,734.6753843,881.334376,1027.993368
PLDV,PHEVStock,Dahlgren Twp.,0.060854203,0.730549061,1.1770123,13.10457009,19.44858579,21.54515602,26.41745247,31.68877213,36.96009178
PLDV,PHEVStock,Dayton,0.584057236,7.722846636,12.48203957,174.4425108,312.3497497,405.7563384,579.7029621,695.5267431,811.3505241
PLDV,PHEVStock,Deephaven,0.352780821,4.103022865,6.603184227,75.93323345,115.7651178,127.581245,158.5588762,190.2000952,221.8413143
PLDV,PHEVStock,Dellwood,0.052533884,0.644627404,1.039356417,12.68759675,21.3415857,25.36881099,33.41829212,40.09144377,46.76459542
PLDV,PHEVStock,Denmark Twp.,0.141719,1.807795292,2.91851282,37.67757647,66.58574739,83.60291663,115.7342293,138.8527313,161.9712334
PLDV,PHEVStock,Douglas Twp.,0.082563271,0.996528683,1.605838958,19.32181382,31.05869278,36.04283604,48.27637196,57.9151337,67.55389544
PLDV,PHEVStock,Eagan,4.680703435,53.66529103,86.32168276,936.8398505,1392.967892,1561.030387,2122.136166,2545.627259,2969.118351
PLDV,PHEVStock,East Bethel,0.842359533,9.748999285,15.68675912,192.6379387,309.1293918,361.392776,499.227498,598.9045257,698.5815534
PLDV,PHEVStock,Eden Prairie,6.536252867,74.82626287,120.3529362,1290.008122,1920.268639,2181.740493,3001.435163,3600.414945,4199.394727
PLDV,PHEVStock,Edina,4.902384139,54.38453291,87.37263209,905.5200529,1310.3999,1424.287779,1881.863251,2257.255424,2632.647598
PLDV,PHEVStock,Elko New Market,0.088186925,1.338687502,2.172354553,33.71151876,68.047624,101.0613569,167.6893619,201.2095969,234.7298319
PLDV,PHEVStock,Empire Twp.,0.118018096,1.591855962,2.574414539,34.63008911,61.1468014,76.85487005,110.3190531,132.3592601,154.3994671
PLDV,PHEVStock,Eureka Twp.,0.137861224,1.666739142,2.685991088,33.15017077,54.534494,64.53550341,88.00380305,105.5769914,123.1501798
PLDV,PHEVStock,Excelsior,0.173036199,2.066816431,3.329336585,39.5753549,62.2715023,68.15867609,84.13328123,100.9253302,117.7173792
PLDV,PHEVStock,Falcon Heights,0.137235612,1.636633186,2.636231569,30.5463093,47.18361537,53.71527916,73.57974355,88.26824514,102.9567467
PLDV,PHEVStock,Farmington,1.161450971,14.73894428,23.79060648,302.2840572,509.9480138,619.8521883,865.37073,1038.212586,1211.054442
PLDV,PHEVStock,Forest Lake,2.45604839,28.90205254,46.53272198,505.0999657,769.0365806,879.7344954,1175.410938,1410.001915,1644.592893
PLDV,PHEVStock,Fort Snelling UT,0.017066925,0.199650847,0.321373462,4.986494718,9.540313493,12.64867739,18.33674078,22.00067555,25.66461032
PLDV,PHEVStock,Fridley,0.878328518,10.59749077,17.07693227,194.0125157,298.5703427,343.4158713,495.0865377,593.9281795,692.7698213
PLDV,PHEVStock,Gem Lake,0.012929332,0.170411331,0.27539933,3.431193431,5.671079559,6.736832785,9.612690677,11.53264295,13.45259522
PLDV,PHEVStock,Golden Valley,0.939884035,11.80119174,19.04206354,231.2948036,384.2390526,476.2222603,696.7983277,835.9700164,975.1417051
PLDV,PHEVStock,Grant,0.27330209,3.289517618,5.30032797,64.38573194,107.8072683,128.7409501,170.3330349,204.3449815,238.3569281
PLDV,PHEVStock,Greenfield,0.338016477,4.200696488,6.775816495,86.5029313,144.767937,172.435625,230.1081196,276.0621402,322.0161609
PLDV,PHEVStock,Greenvale Twp.,0.033148079,0.403063688,0.649674094,8.035434251,13.2440914,15.08820661,19.85742956,23.82228586,27.78714215
PLDV,PHEVStock,Greenwood,0.091874872,1.077167631,1.734029471,19.78767745,29.93822226,32.76859428,40.4486929,48.52005651,56.59142011
PLDV,PHEVStock,Grey Cloud Island Twp.,0.019445714,0.236244942,0.38077776,4.480209627,7.273196044,8.449178805,10.88275374,13.05541535,15.22807695
PLDV,PHEVStock,Ham Lake,0.902812415,10.29884845,16.56287247,191.0537746,291.0650405,316.2899704,410.0515041,491.8812425,573.7109808
PLDV,PHEVStock,Hamburg,0.022685279,0.288672544,0.465997388,6.086544684,10.7290687,13.52993185,19.00895982,22.80621473,26.60346964
PLDV,PHEVStock,Hampton,0.039433976,0.472648135,0.761457575,9.185195224,14.7994165,17.18426169,23.02928625,27.62725671,32.22522716
PLDV,PHEVStock,Hampton Twp.,0.06167947,0.749889382,1.20869599,14.83957645,24.29814677,28.93907837,39.68971518,47.61532232,55.54092946
PLDV,PHEVStock,Hancock Twp.,0.014737152,0.192293816,0.310664925,4.14991683,7.463699965,9.30182815,12.92609268,15.50836378,18.09063489
PLDV,PHEVStock,Hanover,0.308170121,3.775134115,6.086443445,71.961187,112.6675098,126.9236885,161.1206267,193.283118,225.4456094
PLDV,PHEVStock,Hastings,1.457176162,17.83415403,28.75213928,358.1596113,594.030944,707.8755124,971.3151179,1165.286706,1359.258295
PLDV,PHEVStock,Hastings,1.457176162,17.83415403,28.75213928,358.1596113,594.030944,707.8755124,971.3151179,1165.286706,1359.258295
PLDV,PHEVStock,Helena Twp.,0.028502132,0.37321321,0.603020595,7.803338489,13.67894032,16.9280555,24.2179471,29.05583609,33.89372508
PLDV,PHEVStock,Hilltop,0.028814639,0.336804251,0.542130659,6.175062147,9.302504846,10.22750367,13.40255854,16.07730732,18.7520561
PLDV,PHEVStock,Hollywood Twp.,0.05043161,0.645981222,1.043014296,13.95542373,25.13473236,31.3126891,43.4971805,52.18653028,60.87588006
PLDV,PHEVStock,Hopkins,1.562357283,18.94340151,30.53076433,357.7628369,555.453817,617.1782684,773.1992363,927.5266121,1081.853988
PLDV,PHEVStock,Hugo,1.056870155,14.30038343,23.12939228,322.9113479,606.6398912,808.1366528,1174.095997,1408.703822,1643.311647
PLDV,PHEVStock,Independence,0.340884694,4.162175786,6.709703181,80.9118131,128.990969,147.5210906,189.9162438,227.8313156,265.7463875
PLDV,PHEVStock,Inver Grove Heights,2.802543891,32.4374524,52.19405807,582.7958152,892.2035438,1030.825001,1447.993263,1737.031407,2026.069551
PLDV,PHEVStock,Jackson Twp.,0.028260311,0.356042412,0.574563813,7.177934312,12.17153471,14.74352435,20.6551256,24.78049866,28.90587172
PLDV,PHEVStock,Jordan,0.135914218,1.925900801,3.119225189,43.59739583,81.5932577,110.4073194,170.8890738,205.0397057,239.1903376
PLDV,PHEVStock,Lake Elmo,0.663047202,9.038325713,14.62184472,206.0492463,389.7125546,529.6299643,781.2333392,937.3473976,1093.461456
PLDV,PHEVStock,Lake St. Croix Beach,0.057447028,0.69648177,1.122504931,13.48248233,22.33421759,25.94537488,33.41829212,40.09046114,46.76263016
PLDV,PHEVStock,Lakeland,0.168053991,2.006348864,3.23187878,38.24622538,62.44647239,73.11406641,94.90794962,113.8559288,132.8039079
PLDV,PHEVStock,Lakeland Shores,0.029029735,0.348363373,0.561252465,6.878817515,11.61379315,14.01050243,18.71424359,22.45128636,26.18832913
PLDV,PHEVStock,Laketown Twp.,0.068576233,0.764172908,1.227904025,11.43846338,12.76026952,7.710455399,0,0,0
PLDV,PHEVStock,Lakeville,4.113211026,50.88960866,82.07387375,1006.295138,1628.816689,1892.392135,2527.230444,3031.853891,3536.477338
PLDV,PHEVStock,Landfall,0.021435458,0.251783585,0.405349003,4.769313477,7.742528766,8.994396625,11.58500794,13.89772243,16.21043693
PLDV,PHEVStock,Lauderdale,0.079822442,0.96451032,1.554302239,18.02147149,27.85494172,31.68451874,43.3656125,52.02277051,60.67992852
PLDV,PHEVStock,Lexington,0.083683962,0.922567865,1.481823801,16.56541672,24.53070528,26.70839531,34.68825833,41.6091732,48.53008808
PLDV,PHEVStock,Lilydale,0.071198131,1.008054299,1.632625078,18.96438341,29.46460757,33.03292106,42.79305808,51.33743007,59.88180206
PLDV,PHEVStock,Lino Lakes,0.451332258,5.833471224,9.421563868,126.9048764,227.4949575,294.7547313,453.8457848,544.5246753,635.2035658
PLDV,PHEVStock,Linwood Twp.,0.354042524,3.938429079,6.328020115,68.26774956,97.67630088,102.2750367,127.9335133,153.4494075,178.9653017
PLDV,PHEVStock,Little Canada,0.29070794,3.489517573,5.622057329,67.0775416,106.6008304,121.7189222,167.2266899,200.6138863,234.0010827
PLDV,PHEVStock,Long Lake,0.208565302,2.494420698,4.018324295,48.1763987,76.4023432,85.01921013,106.6658998,127.9573666,149.2488335
PLDV,PHEVStock,Loretto,0.07979099,0.9382358,1.51053234,17.54507401,27.01092942,30.07428763,37.75211337,45.28657785,52.82104233
PLDV,PHEVStock,Louisville Twp.,0.014181389,0.179374069,0.289502522,3.614348819,6.12489865,7.419162381,10.39396871,12.46992618,14.54588364
PLDV,PHEVStock,Mahtomedi,0.376695852,4.593927026,7.405414475,87.84326398,143.7603955,168.4287253,218.7747059,262.454308,306.13391
PLDV,PHEVStock,Maple Grove,6.264083171,75.04542597,120.8996545,1313.929165,1953.881771,2223.853637,3027.132175,3631.305794,4235.479412
PLDV,PHEVStock,Maple Plain,0.172776666,2.078272814,3.348603579,40.6306977,65.13226576,75.69545278,98.87458265,118.6149438,138.355305
PLDV,PHEVStock,Maplewood,3.882889343,48.05234265,77.49864486,892.2528031,1356.726224,1549.584008,2132.595975,2558.338592,2984.081209
PLDV,PHEVStock,Marine on St. Croix,0.065531257,0.821320162,1.325179432,16.99067926,29.85340418,36.79919004,50.12743818,60.13981957,70.15220095
PLDV,PHEVStock,Marshan Twp.,0.07771383,0.9448597,1.522956947,18.47272373,29.91606528,34.97144964,47.15998086,56.57643426,65.99288767
PLDV,PHEVStock,May Twp.,0.213059704,2.650949438,4.27620926,54.50643974,95.29266173,118.5678922,162.8521115,195.3799219,227.9077323
PLDV,PHEVStock,Mayer,0.108854176,1.513428647,2.449811627,35.25330335,67.38247399,90.57274955,134.488849,161.3648479,188.2408469
PLDV,PHEVStock,Medicine Lake,0.020555056,0.24405003,0.39304668,4.485206889,6.785997045,7.427548036,9.168370391,10.99793346,12.82749652
PLDV,PHEVStock,Medina,0.451814147,5.963713946,9.638313812,122.8979667,205.4759988,247.1147962,332.4511777,398.8510504,465.2509231
PLDV,PHEVStock,Mendota,0.019336379,0.240840207,0.388509425,5.014311545,8.569706201,10.48095394,14.70920708,17.64718122,20.58515536
PLDV,PHEVStock,Mendota Heights,0.677541835,8.324134792,13.42186343,156.6861827,244.6512899,275.6373491,358.8377375,430.4697766,502.1018157
PLDV,PHEVStock,Miesville,0.017187893,0.214080184,0.345341711,4.011449236,6.232513601,6.987302625,9.051819742,10.85874611,12.66567248
PLDV,PHEVStock,Minneapolis,17.36125586,206.29205,332.2459128,3572.437266,5348.185412,6215.108518,9057.546257,10865.58326,12673.62026
PLDV,PHEVStock,Minnetonka,5.306423744,61.64681273,99.20707205,1090.815478,1632.40187,1817.29935,2396.507975,2874.748285,3352.988595
PLDV,PHEVStock,Minnetonka Beach,0.024977508,0.287435719,0.462407859,5.276713987,7.983525936,8.956749102,11.32563401,13.58576531,15.84589661
PLDV,PHEVStock,Minnetrista,0.758668433,9.955214133,16.0862446,214.3401222,370.8507468,465.1567495,647.3085222,776.618493,905.9284637
PLDV,PHEVStock,Mound,1.287988607,15.25591477,24.56786555,289.0289047,450.4187928,500.7375316,627.6463333,752.9180022,878.1896712
PLDV,PHEVStock,Mounds View,0.348568776,4.150459868,6.685053929,78.23765523,122.0514948,138.9204556,190.2580711,228.2399715,266.221872
PLDV,PHEVStock,New Brighton,2.192565202,24.66541598,39.6473165,418.3414416,597.6945539,655.7396796,883.7931099,1060.113219,1236.433328
PLDV,PHEVStock,New Germany,0.018223719,0.255868504,0.414298361,6.252754787,12.37637277,16.61885313,24.65628898,29.58390203,34.51151508
PLDV,PHEVStock,New Hope,1.355295872,16.07020713,25.88014797,293.0624631,453.359911,530.396407,738.2386696,885.6153443,1032.992019
PLDV,PHEVStock,New Market Twp.,0.072964475,0.927882123,1.497827222,18.4974991,31.01060206,37.56351008,52.62507119,63.13549253,73.64591388
PLDV,PHEVStock,New Prague,0.136047575,1.825360242,2.951568686,40.41585662,74.39837828,97.52720798,147.009695,176.3844244,205.7591539
PLDV,PHEVStock,New Trier,0.007105924,0.090702859,0.146434149,1.700962079,2.642752946,2.962803739,3.838214375,4.604436065,5.370657755
PLDV,PHEVStock,Newport,0.201790777,2.532587796,4.086452475,52.97082562,93.931338,116.8579685,160.4841868,192.5406661,224.5971453
PLDV,PHEVStock,Nininger Twp.,0.078310144,0.921812328,1.484147117,17.67067266,28.12421762,31.60922616,41.05108013,49.24563413,57.44018812
PLDV,PHEVStock,North Oaks,0.142235663,1.737912104,2.801696398,33.59092772,53.62868713,62.12021481,86.55541334,103.8380489,121.1206844
PLDV,PHEVStock,North St. Paul,0.398158505,4.856633571,7.828950281,92.54988046,145.7936318,169.087406,235.8797705,282.9760929,330.0724154
PLDV,PHEVStock,Northfield,0.894100374,10.7308418,17.28866942,207.5323262,332.8629701,383.6553189,510.5905221,612.5298065,714.4690908
PLDV,PHEVStock,Norwood Young America,0.203870103,2.922451091,4.734838417,76.60207169,158.7842788,219.4005163,333.0200069,399.5832343,466.1464617
PLDV,PHEVStock,Nowthen,0.317759512,3.598908544,5.786341232,67.49017923,103.8159541,115.7168987,153.520216,184.1607073,214.8011986
PLDV,PHEVStock,Oak Grove,0.546223017,6.251430383,10.05490196,117.2161797,180.2252977,201.9014123,269.0540196,322.7555789,376.4571382
PLDV,PHEVStock,Oak Park Heights,0.286832676,3.641002132,5.877115102,72.60886694,123.4890797,148.8523222,198.6765207,238.3544583,278.0323959
PLDV,PHEVStock,Oakdale,3.609390558,38.73143246,62.14612706,612.7189136,849.2017338,871.5748059,1024.558316,1228.748101,1432.937886
PLDV,PHEVStock,Orono,0.675738125,8.263200056,13.32150801,160.4938943,255.6484675,293.226489,378.5026887,454.0680788,529.6334689
PLDV,PHEVStock,Osseo,0.226853073,2.795827205,4.508476626,53.42672912,83.82702232,95.0289234,121.3460787,145.5699238,169.793769
PLDV,PHEVStock,Pine Springs,0.015004821,0.181393324,0.292318992,3.439408757,5.583554398,6.48634372,8.35457303,10.02248667,11.69040031
PLDV,PHEVStock,Plymouth,7.224141287,82.92579347,133.3935616,1399.268384,2018.476308,2212.944159,2907.210784,3487.208113,4067.205442
PLDV,PHEVStock,Prior Lake,0.964447331,11.07550201,17.81620513,191.8992529,287.6851613,335.3810963,492.5610105,590.8803231,689.1996358
PLDV,PHEVStock,Ramsey,1.417473258,16.10997037,25.90496844,295.333019,450.522097,508.7944298,703.6002878,844.0368507,984.4734136
PLDV,PHEVStock,Randolph,0.026702619,0.321488588,0.518012567,6.017173854,9.348770401,10.48095394,13.57772961,16.28793501,18.99814041
PLDV,PHEVStock,Randolph Twp.,0.039516807,0.480291325,0.774141003,9.176190128,14.54253173,16.30370613,21.12091273,25.33719192,29.5534711
PLDV,PHEVStock,Ravenna Twp.,0.124305296,1.500157306,2.417391979,29.4172944,47.78260427,55.86930724,75.35639936,90.40281817,105.449237
PLDV,PHEVStock,Richfield,4.096314561,42.40630734,67.94630253,616.0134322,820.7470512,888.1386292,1212.797812,1454.538112,1696.278411
PLDV,PHEVStock,Robbinsdale,1.11965618,13.18680712,21.23157441,248.0310466,383.9629439,426.6633892,534.5626126,641.2512039,747.9397952
PLDV,PHEVStock,Rockford,0.398968794,4.794918033,7.725550859,93.46672801,149.4427349,170.7510765,219.6334063,263.4802937,307.3271812
PLDV,PHEVStock,Rogers,1.452723397,19.0700052,30.81485973,411.4781567,713.0885366,885.5384917,1222.737021,1466.99388,1711.250739
PLDV,PHEVStock,Rosemount,1.480158276,18.00041034,29.01391172,356.5418281,585.7537659,703.5407103,991.4791977,1189.479006,1387.478813
PLDV,PHEVStock,Roseville,2.457198311,29.35420533,47.28554335,542.6596497,835.3867299,976.8131971,1389.472436,1666.875483,1944.278531
PLDV,PHEVStock,San Francisco Twp.,0.052637258,0.688293317,1.112064023,14.49687604,25.50907944,31.99129227,44.71754228,53.65052328,62.58350429
PLDV,PHEVStock,Sand Creek Twp.,0.035857033,0.448763618,0.724034674,8.929815744,14.95103465,18.11036561,25.37194414,30.43916156,35.50637898
PLDV,PHEVStock,Savage,1.088461546,13.23224382,21.32809867,240.5103184,364.2563953,410.182306,557.071106,668.2676349,779.4641638
PLDV,PHEVStock,Scandia,0.28734946,3.613413485,5.830789502,72.82191374,125.0656627,152.5553449,205.8566795,246.9705455,288.0844115
PLDV,PHEVStock,Sciota Twp.,0.011471384,0.141861884,0.228788884,2.749514164,4.414697134,5.240476969,7.166023963,8.596934479,10.02784499
PLDV,PHEVStock,Shakopee,2.324181592,25.29527924,40.60934434,423.025112,589.3553146,613.4167937,757.6410247,908.7043933,1059.767762
PLDV,PHEVStock,Shoreview,2.835038091,32.64526329,52.51874675,568.0640076,821.0419392,889.9655455,1163.715063,1395.891069,1628.067074
PLDV,PHEVStock,Shorewood,0.679811763,8.037602293,12.94279598,150.5974172,232.2407695,258.12914,323.48168,388.0420537,452.6024273
PLDV,PHEVStock,South St. Paul,1.969483873,19.82838541,31.73431977,292.4937811,386.9808121,401.2545195,522.37774,626.4593912,730.5410424
PLDV,PHEVStock,Spring Lake Park,0.289170529,3.239425068,5.206261427,57.34032708,83.72254361,90.57185039,116.9312312,140.2596433,163.5880554
PLDV,PHEVStock,Spring Lake Park,0.289170529,3.239425068,5.206261427,57.34032708,83.72254361,90.57185039,116.9312312,140.2596433,163.5880554
PLDV,PHEVStock,Spring Lake Twp.,0.076489329,0.997106482,1.610851251,21.02921547,37.15771847,45.60105722,64.71400408,77.64150703,90.56900998
PLDV,PHEVStock,Spring Park,0.17350336,2.067003295,3.329336585,39.5753549,62.2715023,70.12479175,88.98712438,106.7498486,124.5125728
PLDV,PHEVStock,St. Anthony,0.895168242,10.76224412,17.34029471,200.2324504,306.5103707,339.4280224,423.8445178,508.4343877,593.0242576
PLDV,PHEVStock,St. Anthony,0.895168242,10.76224412,17.34029471,200.2324504,306.5103707,339.4280224,423.8445178,508.4343877,593.0242576
PLDV,PHEVStock,St. Bonifacius,0.224885809,2.604297057,4.190571223,48.09504936,73.18232108,80.96573502,101.0093748,121.1662726,141.3231704
PLDV,PHEVStock,St. Francis,0.536637944,6.37886148,10.27367717,128.7549208,209.8738118,246.5144951,341.8322555,410.0913791,478.3505026
PLDV,PHEVStock,St. Lawrence Twp.,0.008902305,0.122585936,0.198375024,2.8082272,5.308245496,7.171856968,11.08689996,13.30249949,15.51809902
PLDV,PHEVStock,St. Louis Park,4.01904987,45.59406142,73.31073579,775.7987183,1143.743849,1286.898752,1762.757962,2114.505745,2466.253527
PLDV,PHEVStock,St. Marys Point,0.018924447,0.232070765,0.37416831,4.40244321,7.14694963,8.302519961,10.69385348,12.82883929,14.96382509
PLDV,PHEVStock,St. Paul,17.36,205.202,330.43,"3,593.78","5,259.68","5,905.81","8,331.49","9,994.31","11,657.14"
PLDV,PHEVStock,St. Paul Park,0.326890735,4.16475839,6.723336826,87.84249967,156.7862075,198.1253689,275.7844557,330.8759687,385.9674817
PLDV,PHEVStock,Stillwater,1.1179353,14.35062093,23.17241135,282.349002,474.1199338,569.1404044,756.7169518,907.836755,1058.956558
PLDV,PHEVStock,Stillwater Twp.,0.152277494,1.868143936,3.012054898,37.36573674,63.78652545,77.00587264,102.9283397,123.4835522,144.0387646
PLDV,PHEVStock,Sunfish Lake,0.057241822,0.67904598,1.093582086,13.03721002,20.77504534,23.87328397,31.6813691,38.00619455,44.33102001
PLDV,PHEVStock,Tonka Bay,0.113613401,1.356371641,2.184877134,25.52610391,39.51845338,43.90991633,55.01022234,65.98954413,76.96886592
PLDV,PHEVStock,Vadnais Heights,0.413845061,5.136386133,8.284746848,99.38656351,158.7574983,183.6819815,255.6470738,306.6937196,357.7403653
PLDV,PHEVStock,Vermillion,0.024247206,0.285972251,0.460455615,5.348598982,8.310018134,9.60754111,12.8234113,15.38324412,17.94307694
PLDV,PHEVStock,Vermillion Twp.,0.083925258,1.007002052,1.622386581,19.4513502,31.162568,35.99188696,47.99350259,57.57541806,67.15733353
PLDV,PHEVStock,Victoria,0.308485702,4.511686136,7.313819759,105.1114133,200.7092416,272.6068957,408.2079014,489.7877846,571.3676677
PLDV,PHEVStock,Waconia,0.549974509,7.915659746,12.82611657,198.3936469,399.3991372,527.9042995,773.0146858,927.5076281,1082.00057
PLDV,PHEVStock,Waconia Twp.,0.058885391,0.776813993,1.255433061,16.78626784,30.21553898,37.78503994,52.67479917,63.19798193,73.72116469
PLDV,PHEVStock,Waterford Twp.,0.022616658,0.268052947,0.431677139,5.139669334,8.180174101,9.170834696,11.88051341,14.25209276,16.62367211
PLDV,PHEVStock,Watertown,0.199620227,2.721000145,4.401920091,63.54701876,121.758297,158.917783,230.2187588,276.2225865,322.2264142
PLDV,PHEVStock,Watertown Twp.,0.055206749,0.703221913,1.135232023,14.28363672,24.30295607,29.4586483,39.85166101,47.81095186,55.77024271
PLDV,PHEVStock,Wayzata,0.3828748,4.748510549,7.658934381,91.79399424,145.5312741,162.4632411,204.4574982,245.2724229,286.0873476
PLDV,PHEVStock,West Lakeland Twp.,0.268884159,3.321999602,5.357409897,64.83598181,108.1788285,126.5190826,164.053434,196.810344,229.567254
PLDV,PHEVStock,West St. Paul,1.115307424,12.10220256,19.42679932,187.8796399,261.4208505,294.2513312,422.853357,507.2009669,591.5485769
PLDV,PHEVStock,White Bear Lake,1.726246247,21.84092309,35.25070765,455.6862677,761.1898104,909.3850833,1234.850962,1481.475905,1728.100848
PLDV,PHEVStock,White Bear Lake,1.726246247,21.84092309,35.25070765,455.6862677,761.1898104,909.3850833,1234.850962,1481.475905,1728.100848
PLDV,PHEVStock,White Bear Twp.,0.37680619,4.588132011,7.395682558,87.39108493,137.6110622,158.6435052,220.0276234,263.9577868,307.8879503
PLDV,PHEVStock,Willernie,0.018291591,0.222463415,0.358577964,4.219008076,6.849160062,7.95658163,10.24827625,12.29427318,14.34027011
PLDV,PHEVStock,Woodbury,5.1651907,60.21968609,96.92268301,1023.337214,1541.073593,1757.298131,2387.289348,2863.714179,3340.139011
PLDV,PHEVStock,Woodland,0.044245053,0.525920108,0.847036811,9.665862936,14.62418991,16.00676692,19.75833306,23.70115066,27.64396826
PLDV,PHEVStock,Young America Twp.,0.032162164,0.402531029,0.649443605,8.323078088,14.01655618,17.43192718,25.38948192,30.46094587,35.53240982
PLDV,BEVStock,Afton,0.130342952,2.664517819,4.353967731,67.79459034,78.75671822,84.13141322,186.6409346,223.9430529,261.2451712
PLDV,BEVStock,Andover,0.568100691,12.05692725,19.71614496,312.5485446,388.7357042,438.0694785,990.1999207,1188.126285,1386.052649
PLDV,BEVStock,Anoka,0.486415806,8.595699434,14.00188852,188.2964892,196.333255,190.7745758,402.700509,483.1433276,563.5861462
PLDV,BEVStock,Apple Valley,3.711084408,65.3586148,106.4569684,1354.37885,1323.615602,1185.341601,2413.617997,2895.59938,3377.580762
PLDV,BEVStock,Arden Hills,0.187948847,3.344160976,5.448302396,85.55201876,100.1691221,99.76434291,220.5826615,264.661604,308.7405465
PLDV,BEVStock,Bayport,0.08773711,1.915064258,3.133282357,50.25736603,60.01256567,65.09621149,146.5337303,175.822929,205.1121276
PLDV,BEVStock,Baytown Twp.,0.083440427,1.729779548,2.827338962,44.58980885,52.42702979,56.61621227,126.9124046,152.2781975,177.6439903
PLDV,BEVStock,Belle Plaine,0.105294242,2.02480873,3.304485056,59.00383004,80.92329707,105.9811378,288.7244315,346.4482589,404.1720864
PLDV,BEVStock,Belle Plaine Twp.,0.012964216,0.230138665,0.374921631,5.744916197,6.900343318,7.990852628,19.52338336,23.42546719,27.32755102
PLDV,BEVStock,Benton Twp.,0.040973642,0.799488321,1.305164774,20.03824104,23.64326351,25.74651219,57.85768604,69.42102852,80.984371
PLDV,BEVStock,Bethel,0.014454142,0.252558936,0.411295465,5.783946851,6.278723837,6.059651148,12.70883749,15.24771416,17.78659083
PLDV,BEVStock,Birchwood Village,0.034035716,0.669894518,1.093800386,16.62975317,18.87373073,19.83097597,43.28380958,51.93376435,60.58371912
PLDV,BEVStock,Blaine,1.370755465,25.48366844,41.55894376,618.8482579,693.7572868,696.9839087,1552.940759,1863.25476,2173.568761
PLDV,BEVStock,Blaine,1.370755465,25.48366844,41.55894376,618.8482579,693.7572868,696.9839087,1552.940759,1863.25476,2173.568761
PLDV,BEVStock,Blakeley Twp.,0.009020934,0.159537694,0.259882201,3.993951016,4.811372196,5.554389385,13.52843141,16.2323135,18.93619559
PLDV,BEVStock,Bloomington,10.2071797,157.8758555,256.3216394,2840.187815,2690.202981,2386.345904,4700.720355,5638.82299,6576.925625
PLDV,BEVStock,Brooklyn Center,4.05080494,58.13899424,94.19778711,1013.891157,970.4886906,893.6902368,1762.191323,2113.819426,2465.44753
PLDV,BEVStock,Brooklyn Park,13.50908685,188.9769288,305.9554901,3185.166901,2901.814729,2489.729589,4846.558072,5813.167869,6779.777666
PLDV,BEVStock,Burnsville,5.189395224,80.94378535,131.4467121,1545.740875,1417.97263,1209.691307,2393.750856,2871.463148,3349.17544
PLDV,BEVStock,Camden Twp.,0.040277501,0.792237423,1.293544037,19.95155314,23.64956838,25.67785483,57.533683,69.0323641,80.5310452
PLDV,BEVStock,Carver,0.197331252,4.887930563,8.014996771,167.2264111,249.6040823,345.6211797,942.5543035,1131.025698,1319.497092
PLDV,BEVStock,Castle Rock Twp.,0.07114322,1.306494336,2.130061746,30.04124935,33.07519321,33.5441345,70.69736418,84.82260837,98.94785256
PLDV,BEVStock,Cedar Lake Twp.,0.046912256,0.883330279,1.440942294,23.5949867,30.16069983,36.89191546,94.90533579,113.8770205,132.8487052
PLDV,BEVStock,Centerville,0.112560272,1.943495131,3.164118371,41.97683237,43.20570232,41.47453171,86.53536218,103.8199226,121.1044829
PLDV,BEVStock,Champlin,3.722870661,60.70528752,98.69356542,1024.253955,956.5512205,839.7354596,1576.731375,1891.333076,2205.934777
PLDV,BEVStock,Chanhassen,2.99943939,49.47988118,80.46684237,1085.707742,1103.481399,1038.512408,2262.325834,2714.191113,3166.056392
PLDV,BEVStock,Chanhassen,2.99943939,49.47988118,80.46684237,1085.707742,1103.481399,1038.512408,2262.325834,2714.191113,3166.056392
PLDV,BEVStock,Chaska,2.402536817,45.97916195,75.03024538,1058.96006,1120.749273,1082.414259,2346.792362,2815.670327,3284.548291
PLDV,BEVStock,Circle Pines,0.120191105,2.059179443,3.351838335,44.30050347,45.43171619,43.26914256,89.58955143,107.4834235,125.3772956
PLDV,BEVStock,Coates,0.007700011,0.143415872,0.233893113,3.295528241,3.624863404,3.676256849,7.748051132,9.296121356,10.84419158
PLDV,BEVStock,Cologne,0.091745329,2.118024017,3.468876475,65.71609499,92.28753858,118.8630646,308.3814666,370.0394109,431.6973551
PLDV,BEVStock,Columbia Heights,0.62419574,8.857309184,14.34605148,182.304176,173.8544738,148.6787433,306.9856388,368.2579274,429.530216
PLDV,BEVStock,Columbus,0.147105094,2.611408118,4.254276801,61.18480706,67.69185491,68.31099341,149.2480482,179.0682368,208.8884254
PLDV,BEVStock,Coon Rapids,2.127118069,36.09899095,58.7469062,762.3860403,741.6406439,649.6476199,1340.588272,1608.280503,1875.972734
PLDV,BEVStock,Corcoran,0.486623033,10.72405951,17.54901716,273.2210941,348.2539542,397.0597119,894.9955022,1073.897278,1252.799054
PLDV,BEVStock,Cottage Grove,3.709473807,63.29353676,103.0162454,1306.116907,1243.485635,1130.571142,2385.48814,2861.843873,3338.199607
PLDV,BEVStock,Credit River Twp.,0.101296441,1.839703046,2.998640782,48.01577394,60.15630355,71.92389705,181.214665,217.4373387,253.6600124
PLDV,BEVStock,Crystal,1.892368705,31.0308722,50.45654119,636.9306081,664.9462957,618.3521016,1234.051868,1480.483768,1726.915667
PLDV,BEVStock,Dahlgren Twp.,0.061501574,1.148070609,1.872449966,25.71486944,26.75066386,26.70281122,54.55153255,65.44953875,76.34754495
PLDV,BEVStock,Dayton,0.499603605,11.07024208,18.11733439,284.6214376,365.0640829,426.3918619,978.5102247,1174.112349,1369.714473
PLDV,BEVStock,Deephaven,0.301769346,5.871311043,9.584338841,123.8931151,135.3024506,134.0696359,267.6396218,321.1071923,374.5747628
PLDV,BEVStock,Dellwood,0.038495623,0.774981851,1.265972669,19.96917699,23.48294043,25.24777034,56.35912705,67.62325334,78.88737962
PLDV,BEVStock,Denmark Twp.,0.103848426,2.174450124,3.554851256,59.30123787,73.26677414,83.20402714,195.1829288,234.1987449,273.214561
PLDV,BEVStock,Douglas Twp.,0.059863229,1.123204903,1.832099352,26.73931415,30.42917775,31.94433732,69.60971242,83.51968226,97.4296521
PLDV,BEVStock,Eagan,4.846648389,78.80101826,128.1039315,1657.63437,1645.744359,1490.151728,3044.785722,3652.773537,4260.761352
PLDV,BEVStock,East Bethel,0.473389656,8.498547506,13.84865274,205.4139641,232.98316,245.4707009,556.1819593,667.3236732,778.4653872
PLDV,BEVStock,Eden Prairie,8.981636982,137.6325911,223.3998939,2667.577007,2689.267891,2481.963981,5020.894795,6023.277426,7025.660058
PLDV,BEVStock,Edina,6.581996423,98.08610941,159.0888514,1839.27017,1809.536923,1609.999683,3146.968721,3775.046066,4403.12341
PLDV,BEVStock,Elko New Market,0.064568998,1.379736979,2.256515633,43.46691115,62.88746483,89.01181263,256.7749333,308.1170062,359.4590791
PLDV,BEVStock,Empire Twp.,0.085570063,1.796515526,2.937145835,47.92432223,59.9074437,68.11555812,159.0690694,190.8657693,222.6624691
PLDV,BEVStock,Eureka Twp.,0.099957498,1.878649015,3.06444336,45.87627427,53.42915826,57.19704986,126.8927049,152.2512544,177.6098039
PLDV,BEVStock,Excelsior,0.148015475,2.958670041,4.832439752,64.57138431,72.78087753,71.62501741,142.0128606,170.3858296,198.7587986
PLDV,BEVStock,Falcon Heights,0.103675234,1.804251989,2.937969826,40.43661873,42.13943947,39.55713532,82.70890751,99.22995396,115.7510004
PLDV,BEVStock,Farmington,0.842120288,16.62244929,27.14266863,418.3286539,499.6121011,549.3676293,1247.778265,1497.165494,1746.552723
PLDV,BEVStock,Forest Lake,2.150219956,41.84456352,68.30745923,942.7368334,964.3356452,922.7291752,1989.19038,2386.598412,2784.006444
PLDV,BEVStock,Fort Snelling UT,0.014599078,0.285718434,0.466464671,8.135994423,11.15040367,13.29195035,30.95152089,37.13890525,43.32628962
PLDV,BEVStock,Fridley,0.915154779,14.96438622,24.33054052,322.5762275,318.307183,272.3045177,554.8631827,665.6527883,776.4423939
PLDV,BEVStock,Gem Lake,0.00976752,0.188059629,0.306921035,4.542148094,5.064811417,4.961154634,10.80535356,12.96447077,15.12358798
PLDV,BEVStock,Golden Valley,1.555200587,25.41954409,41.32910642,552.6419441,603.1220225,570.5060825,1169.531839,1403.127166,1636.722494
PLDV,BEVStock,Grant,0.20026949,3.95369932,6.455985874,101.3375584,118.6243466,128.1266963,287.2624706,344.6749108,402.087351
PLDV,BEVStock,Greenfield,0.2891399,6.016601835,9.834909792,141.1386969,169.1999888,181.2051722,388.4112425,466.0356631,543.6600836
PLDV,BEVStock,Greenvale Twp.,0.024034308,0.454341066,0.741212238,11.12017757,12.97565272,13.37249824,28.63243249,34.35411213,40.07579177
PLDV,BEVStock,Greenwood,0.07858993,1.541573394,2.516895704,32.28569216,34.9908065,34.43510452,68.27541373,81.91477849,95.55414325
PLDV,BEVStock,Grey Cloud Island Twp.,0.014249372,0.283980171,0.463800704,7.051461418,8.002968093,8.408865755,18.3534963,22.02134568,25.68919507
PLDV,BEVStock,Ham Lake,0.507362999,8.976209358,14.62210693,203.724736,219.3685062,214.8352869,456.8323057,548.0972943,639.3622828
PLDV,BEVStock,Hamburg,0.022926606,0.453969797,0.741331924,11.94352053,14.75735632,16.76883731,39.25313735,47.0991795,54.94522165
PLDV,BEVStock,Hampton,0.028591953,0.532684291,0.868745849,12.71132322,14.49945362,15.23020695,33.20593342,39.84140172,46.47687001
PLDV,BEVStock,Hampton Twp.,0.044721244,0.845288205,1.378999512,20.53637925,23.80565829,25.6483613,57.22860993,68.66538766,80.1021654
PLDV,BEVStock,Hancock Twp.,0.014893926,0.30249034,0.494221282,8.143309452,10.265987,11.52857565,26.6921334,32.0275813,37.36302919
PLDV,BEVStock,Hanover,0.263609273,5.406026062,8.834303922,117.4123005,131.6820685,133.3786382,271.9637314,326.3037558,380.6437802
PLDV,BEVStock,Hastings,1.056538451,20.10457993,32.80327425,495.6544168,581.9907913,627.3816556,1400.539504,1680.436097,1960.33269
PLDV,BEVStock,Hastings,1.056538451,20.10457993,32.80327425,495.6544168,581.9907913,627.3816556,1400.539504,1680.436097,1960.33269
PLDV,BEVStock,Helena Twp.,0.020868787,0.384177159,0.626382741,10.06145772,12.64164459,14.90972366,37.08381785,44.49640767,51.90899748
PLDV,BEVStock,Hilltop,0.016193266,0.29364099,0.47860614,6.584601157,7.011067314,6.946880686,14.93159191,17.91467163,20.89775136
PLDV,BEVStock,Hollywood Twp.,0.050968105,1.01595479,1.659279247,27.3844847,34.57170531,38.80857604,89.82084326,107.7748183,125.7287933
PLDV,BEVStock,Hopkins,1.336443216,27.12331209,44.314558,583.7279714,649.1960967,648.5660631,1305.122464,1565.879668,1826.636873
PLDV,BEVStock,Hugo,0.774450159,17.213228,28.17241322,508.234458,667.5084329,804.2808398,1980.083997,2375.945906,2771.807816
PLDV,BEVStock,Independence,0.291593377,5.96000624,9.738948149,132.0161952,150.7603892,155.023561,320.5693235,384.6248695,448.6804156
PLDV,BEVStock,Inver Grove Heights,2.934030794,47.67014909,77.49422796,1032.344468,1054.685572,984.0470235,2075.634837,2490.174999,2904.71516
PLDV,BEVStock,Jackson Twp.,0.020691729,0.366370786,0.59682349,9.255074954,11.24854794,12.98565414,31.62823473,37.94974333,44.27125193
PLDV,BEVStock,Jordan,0.099514127,1.983847537,3.24006981,56.21354956,75.40591165,97.24345614,261.6745037,313.9895016,366.3044995
PLDV,BEVStock,Lake Elmo,0.48586575,10.88029896,17.8099211,324.3036446,428.815217,527.1029732,1317.530796,1580.939782,1844.348768
PLDV,BEVStock,Lake St. Croix Beach,0.042095861,0.837188634,1.367250483,21.22025795,24.57517022,25.8215833,56.35912705,67.62253329,78.88593953
PLDV,BEVStock,Lakeland,0.123146102,2.41118365,3.936542015,60.19624195,68.71217593,72.76522173,160.0599208,192.0472758,224.0346307
PLDV,BEVStock,Lakeland Shores,0.021272322,0.418684073,0.683625241,10.82666222,12.77908851,13.94365498,31.56111115,37.86907891,44.17704668
PLDV,BEVStock,Laketown Twp.,0.069305751,1.199768939,1.953411065,22.44549728,17.55118261,9.556247109,0,0,0
PLDV,BEVStock,Lakeville,2.875473022,60.9324405,99.63708549,1468.680692,1660.803961,1692.892735,3650.829782,4380.420644,5110.011506
PLDV,BEVStock,Landfall,0.015707411,0.302520569,0.493729341,7.506485807,8.519392342,8.95148221,19.53783071,23.44225537,27.34668003
PLDV,BEVStock,Lauderdale,0.060302207,1.063443786,1.732204838,23.85647851,24.87710239,23.33318965,48.74605782,58.48320894,68.22036006
PLDV,BEVStock,Lexington,0.047028757,0.803725572,1.308190116,17.664059,18.48818451,18.1412827,38.64567469,46.36540387,54.08513306
PLDV,BEVStock,Lilydale,0.051622834,1.138244892,1.862659597,26.24466886,28.86740235,29.27668544,61.70332081,74.0336604,86.364
PLDV,BEVStock,Lino Lakes,0.389117728,7.026076943,11.45071642,182.3896639,216.089753,221.7283207,506.6374389,607.8871031,709.1367674
PLDV,BEVStock,Linwood Twp.,0.198965005,3.431504105,5.586530171,72.79536497,73.61620679,69.46880686,142.5288318,170.9948052,199.4607786
PLDV,BEVStock,Little Canada,0.219616564,3.847175279,6.265547755,88.7959638,95.2046427,89.63654203,187.9747898,225.5258244,263.0768591
PLDV,BEVStock,Long Lake,0.178407133,3.57085464,5.832486312,78.6048985,89.2965382,89.34302652,180.0468177,216.0204998,251.9941819
PLDV,BEVStock,Loretto,0.068253356,1.34279883,2.192495813,28.62664704,31.5694832,31.60377371,63.72371948,76.45481271,89.18590593
PLDV,BEVStock,Louisville Twp.,0.010383377,0.184584386,0.300718392,4.66026405,5.660437878,6.534575747,15.91580165,19.09688531,22.27796896
PLDV,BEVStock,Mahtomedi,0.276034062,5.522446786,9.020055269,138.2576795,158.1849095,167.6251116,368.9581563,442.6945808,516.4310052
PLDV,BEVStock,Maple Grove,7.869827099,141.5424452,230.657524,2763.518176,2784.370262,2557.030169,5123.289219,6146.373098,7169.456976
PLDV,BEVStock,Maple Plain,0.147793469,2.975360544,4.86040526,66.29328789,76.12444348,79.54509145,166.8954558,200.2449882,233.5945207
PLDV,BEVStock,Maplewood,3.561798316,64.87133947,105.7443669,1307.327951,1348.733229,1231.361657,2435.938364,2922.413677,3408.88899
PLDV,BEVStock,Marine on St. Croix,0.048019799,0.987677011,1.614115153,26.74185569,32.84881086,36.62361231,84.53869058,101.4368247,118.3349589
PLDV,BEVStock,Marshan Twp.,0.056347099,1.065062471,1.737539385,25.5642647,29.30970967,30.99478028,67.99998782,81.58871597,95.17744411
PLDV,BEVStock,May Twp.,0.156125254,3.187594062,5.208573268,85.78840922,104.8540596,118.0021765,274.6460774,329.5440679,384.4420583
PLDV,BEVStock,Mayer,0.110012173,2.382374501,3.897282719,69.17694261,92.68159297,112.2547932,277.716893,333.2382692,388.7596453
PLDV,BEVStock,Medicine Lake,0.017582832,0.349330949,0.57049636,7.318090222,7.931249474,7.805290358,15.47576045,18.56739597,21.65903149
PLDV,BEVStock,Medina,0.38648263,8.548440226,13.98974529,200.521053,240.1535686,259.6822972,561.1613151,673.3162815,785.471248
PLDV,BEVStock,Mendota,0.014020013,0.271557911,0.443249843,6.939268377,8.396010583,9.289144939,21.20920925,25.4482471,29.68728495
PLDV,BEVStock,Mendota Heights,0.491257694,9.384293856,15.31298463,216.8368405,239.6925602,244.2941074,517.4082206,620.7916131,724.1750057
PLDV,BEVStock,Miesville,0.012462234,0.24138481,0.393999861,5.551414701,6.106189515,6.192763293,13.05182108,15.65969285,18.26756462
PLDV,BEVStock,Minneapolis,31.58238448,470.3980351,762.9418022,9060.164994,8862.385227,7799.929906,15771.80095,18919.84466,22067.88837
PLDV,BEVStock,Minnetonka,6.163201643,106.0279639,172.6044721,2112.071768,2177.068835,2025.78492,4035.949059,4841.90623,5647.863402
PLDV,BEVStock,Minnetonka Beach,0.021365805,0.411249635,0.671172188,8.609517908,9.330881734,9.412261903,19.11711584,22.93626585,26.75541586
PLDV,BEVStock,Minnetrista,0.648966335,14.26882938,23.34873807,349.7186174,433.4381183,488.8131957,1092.625101,1311.020328,1529.415555
PLDV,BEVStock,Mound,1.101747759,21.83644455,35.65957574,471.581279,526.4346256,526.2035074,1059.436289,1271.103197,1482.770105
PLDV,BEVStock,Mounds View,0.263327782,4.575458918,7.450213008,103.5695083,109.0035501,102.3041367,213.8637136,256.5837908,299.303868
PLDV,BEVStock,New Brighton,2.109544248,32.55994812,52.86021736,603.3939038,585.2984342,516.563243,1001.93116,1201.895483,1401.859806
PLDV,BEVStock,New Germany,0.018417584,0.402818952,0.65908653,12.26967172,17.02314973,20.59720975,50.91476372,61.09403294,71.27330217
PLDV,BEVStock,New Hope,1.93418158,30.99497466,50.36883672,632.312993,656.9567338,613.0773279,1238.345478,1485.627737,1732.909996
PLDV,BEVStock,New Market Twp.,0.053423373,0.95488286,1.555855851,23.85027964,28.65901895,33.08481326,80.58232792,96.68810883,112.7938897
PLDV,BEVStock,New Prague,0.099611769,1.879395496,3.06591798,52.11134097,68.75663135,85.89904025,225.1091196,270.1110212,315.1129228
PLDV,BEVStock,New Trier,0.005152213,0.102300791,0.167066509,2.353948744,2.589188146,2.62589775,5.534322237,6.640156242,7.745990247
PLDV,BEVStock,Newport,0.147867644,3.045612755,4.977442829,83.37148577,103.3561445,116.3004112,270.6526307,324.7535833,378.8545359
PLDV,BEVStock,Nininger Twp.,0.056779462,1.038668568,1.693261305,24.4543122,27.55418019,28.01488156,59.19156238,71.01851897,82.84547555
PLDV,BEVStock,North Oaks,0.107452544,1.916405092,3.122373458,44.46702623,47.89549927,45.74671829,97.29449072,116.7318984,136.169306
PLDV,BEVStock,North St. Paul,0.300790555,5.355338811,8.725037649,122.5157577,130.207528,124.519755,265.145775,318.1147718,371.0837687
PLDV,BEVStock,Northfield,0.648275376,12.09408096,19.72461802,287.2024396,326.1163165,340.0291505,736.2205975,883.335062,1030.449526
PLDV,BEVStock,Norwood Young America,0.206038885,4.601866047,7.532417488,150.3149099,218.4007062,271.9224015,687.6799255,825.1747029,962.6694802
PLDV,BEVStock,Nowthen,0.178574659,3.136423585,5.108322869,71.96622506,78.24351122,78.5989929,171.0345982,205.2058029,239.3770076
PLDV,BEVStock,Oak Grove,0.306966701,5.448813984,8.876712172,124.9901254,135.8313395,137.1385497,299.7490971,359.6375232,419.5259492
PLDV,BEVStock,Oak Park Heights,0.210184392,4.379193488,7.158532885,114.2800597,135.8796269,148.1421122,335.0630616,402.0336371,469.0042125
PLDV,BEVStock,Oakdale,2.35738214,45.06849703,73.54257362,936.5895648,912.4521347,852.281424,1728.26147,2073.442287,2418.623105
PLDV,BEVStock,Orono,0.578027601,11.83269078,19.33579956,261.8627919,298.7934949,308.1390893,638.8940115,766.5572083,894.2204051
PLDV,BEVStock,Osseo,0.194050525,4.003977509,6.543928831,87.17136882,97.97425821,99.86180312,204.8262412,245.7526793,286.6791175
PLDV,BEVStock,Pine Springs,0.010995188,0.218030963,0.356054813,5.413331111,6.143792554,6.455395824,14.08978176,16.90553908,19.72129639
PLDV,BEVStock,Plymouth,8.972689419,149.5495805,243.2675079,2831.218714,2786.077435,2505.334326,4896.90168,5874.487478,6852.073276
PLDV,BEVStock,Prior Lake,1.241650814,18.78329804,30.47772952,393.7714896,375.4186002,331.5918791,742.0428636,890.2031061,1038.363349
PLDV,BEVStock,Ramsey,1.007553155,16.62400968,27.03498069,368.3965974,382.9767,363.9606317,783.6634007,940.1945702,1096.72574
PLDV,BEVStock,Randolph,0.01936097,0.362344263,0.590999791,8.327122052,9.159284273,9.289144939,19.57773162,23.48940575,27.40107988
PLDV,BEVStock,Randolph Twp.,0.02865201,0.541390616,0.883216354,12.69886113,14.24777554,14.44978102,30.45424919,36.53936862,42.62448806
PLDV,BEVStock,Ravenna Twp.,0.090128653,1.690850876,2.757999024,40.71037448,46.81411962,49.51630316,108.6564105,130.3696669,152.0829232
PLDV,BEVStock,Richfield,6.967213514,93.34549669,150.9310188,1503.516164,1310.189926,1072.143753,2036.750726,2442.707428,2848.664131
PLDV,BEVStock,Robbinsdale,0.9577559,18.87332734,30.81704164,404.68893,448.7632217,448.3621812,902.3155243,1082.587078,1262.858632
PLDV,BEVStock,Rockford,0.34127862,6.864565182,11.21342289,152.500869,174.6637384,179.4349528,370.7304391,444.8082712,518.8861033
PLDV,BEVStock,Rogers,1.242662194,27.33321363,44.72691459,671.3702065,833.4343565,930.5742646,2063.92024,2476.455756,2888.991271
PLDV,BEVStock,Rosemount,1.273240601,23.03362228,37.5405434,554.9921252,626.2391349,641.9759465,1420.962061,1704.899825,1988.837589
PLDV,BEVStock,Roseville,2.755056974,42.42444917,68.87071063,852.5691881,873.6155217,791.7383514,1570.7373,1884.333749,2197.930198
PLDV,BEVStock,San Francisco Twp.,0.053197217,1.082755088,1.769127002,28.44696715,35.08660305,39.64962878,92.34086692,110.7984009,129.2559348
PLDV,BEVStock,Sand Creek Twp.,0.026253922,0.461752648,0.752085132,11.5139134,13.817274,15.95106695,38.85087993,46.61580514,54.38073034
PLDV,BEVStock,Savage,1.010323412,18.70056021,30.49405141,415.0386998,416.3178095,382.6978509,844.414757,1013.095644,1181.77653
PLDV,BEVStock,Scandia,0.21056308,4.345489237,7.102106675,114.6153769,137.6143998,151.8274669,347.1722226,416.5645546,485.9568865
PLDV,BEVStock,Sciota Twp.,0.008317428,0.159941916,0.261024908,3.80503216,4.325217573,4.64457247,10.33269169,12.39756654,14.46244139
PLDV,BEVStock,Shakopee,1.44058817,27.78616691,45.34988607,578.7104299,563.6696387,528.41266,1150.101749,1379.833982,1609.566214
PLDV,BEVStock,Shoreview,2.437384256,38.85424638,63.13215446,745.1039741,745.756371,677.3286609,1315.029403,1577.547807,1840.066211
PLDV,BEVStock,Shorewood,0.581512199,11.5042706,18.78610954,245.7156411,271.4353496,271.2567967,546.0212421,655.109188,764.197134
PLDV,BEVStock,South St. Paul,2.057056698,28.69354333,46.45120109,511.821538,452.8671133,381.1746061,747.6017864,896.7107323,1045.819678
PLDV,BEVStock,Spring Lake Park,0.162508207,2.822731862,4.596214299,61.14322011,63.09960582,61.51959053,130.2713523,156.2931211,182.3148899
PLDV,BEVStock,Spring Lake Park,0.162508207,2.822731862,4.596214299,61.14322011,63.09960582,61.51959053,130.2713523,156.2931211,182.3148899
PLDV,BEVStock,Spring Lake Twp.,0.056004213,1.026356871,1.673258643,27.11462058,34.33998979,40.16404376,99.09354952,118.9010586,138.7085676
PLDV,BEVStock,Spring Park,0.148415084,2.958829885,4.832439752,64.57138431,72.78087753,73.69112368,150.2059102,180.2174092,210.2289083
PLDV,BEVStock,St. Anthony,0.765728517,15.40766563,25.16895704,326.7004563,358.2392094,356.690291,715.4287996,858.3614138,1001.294028
PLDV,BEVStock,St. Anthony,0.765728517,15.40766563,25.16895704,326.7004563,358.2392094,356.690291,715.4287996,858.3614138,1001.294028
PLDV,BEVStock,St. Bonifacius,0.192367724,3.726445861,6.082497952,78.47216843,85.53308256,85.08340409,170.4988804,204.5601829,238.6214855
PLDV,BEVStock,St. Francis,0.301580076,5.562543379,9.069852248,137.2941325,158.1766897,167.4413268,380.8302516,456.9359858,533.0417201
PLDV,BEVStock,St. Lawrence Twp.,0.00651812,0.126243514,0.206060444,3.62086808,4.905712828,6.316756555,16.9768551,20.37092249,23.76498989
PLDV,BEVStock,St. Louis Park,5.984929371,88.63377481,143.7330051,1689.846774,1667.710822,1490.3902,2947.488356,3535.789041,4124.089727
PLDV,BEVStock,St. Marys Point,0.0138674,0.278997057,0.455750161,6.929063822,7.864054469,8.262906655,18.03492066,21.63913131,25.24334196
PLDV,BEVStock,St. Paul,19.21,296.608,481.54,"5,669.47","5,567.96","4,927.57","9,806.33","11,763.76","13,721.18"
PLDV,BEVStock,St. Paul Park,0.239538017,5.00937163,8.189260705,138.2564766,172.5176949,197.1800655,465.103696,558.0765276,651.0493592
PLDV,BEVStock,Stillwater,0.819197293,17.2625661,28.22481197,444.3928432,521.6917955,566.4248996,1276.184512,1531.257575,1786.330638
PLDV,BEVStock,Stillwater Twp.,0.111585448,2.245907457,3.668788796,58.81042919,70.18668614,76.63845923,173.5861113,208.2810165,242.9759217
PLDV,BEVStock,Sunfish Lake,0.041503689,0.765201211,1.247666225,18.04209778,20.35396505,21.15860792,45.68137378,54.8093478,63.93732181
PLDV,BEVStock,Tonka Bay,0.097185106,1.941647195,3.171288587,41.64854288,46.18786458,46.14304006,92.85456267,111.4060382,129.9575137
PLDV,BEVStock,Vadnais Heights,0.312641032,5.664858729,9.23300386,131.5660277,141.7854893,135.2675274,287.3656412,344.7762412,402.1868413
PLDV,BEVStock,Vermillion,0.017580651,0.322232149,0.525333147,7.401886269,8.14158602,8.515049527,18.49007986,22.1845797,25.87907955
PLDV,BEVStock,Vermillion Twp.,0.06085075,1.134927407,1.850978512,26.91857858,30.53094758,31.89918175,69.20184301,83.03004147,96.85823992
PLDV,BEVStock,Victoria,0.311767391,7.10582086,11.63518984,206.2582939,276.0666259,337.8657581,842.9414852,1011.467429,1179.993372
PLDV,BEVStock,Waconia,0.55582517,12.46498626,20.40442698,389.3043949,549.3557312,654.278337,1596.260496,1915.401431,2234.542365
PLDV,BEVStock,Waconia Twp.,0.059511817,1.222128105,1.99720563,32.93940075,41.5601286,46.83033103,108.7724498,130.5150373,152.2576249
PLDV,BEVStock,Waterford Twp.,0.016398408,0.302059259,0.492499826,7.112750086,8.014373739,8.128001822,17.13051517,20.55333852,23.97616187
PLDV,BEVStock,Watertown,0.201743798,4.282374149,7.002794383,124.6972071,167.4731166,196.9608183,475.3973203,570.4364356,665.4755509
PLDV,BEVStock,Watertown Twp.,0.055794041,1.105907905,1.805983815,28.02853133,33.42763406,36.51069983,82.29291545,98.74033973,115.187764
PLDV,BEVStock,Wayzata,0.327511789,6.801043268,11.11673092,149.7716267,170.092152,170.7256235,345.1142492,414.0715967,483.0289441
PLDV,BEVStock,West Lakeland Twp.,0.197032131,3.994121053,6.525513668,102.0462126,119.0331881,125.9154298,276.6720783,331.9670875,387.2620967
PLDV,BEVStock,West St. Paul,1.636842655,22.9143063,37.09928207,420.765335,371.479048,305.1081527,607.4465598,728.6085032,849.7704466
PLDV,BEVStock,White Bear Lake,1.227753233,24.97557716,40.80745978,572.5984567,671.1501064,684.6064738,1410.865345,1692.792864,1974.720382
PLDV,BEVStock,White Bear Lake,1.227753233,24.97557716,40.80745978,572.5984567,671.1501064,684.6064738,1410.865345,1692.792864,1974.720382
PLDV,BEVStock,White Bear Twp.,0.284659857,5.059171278,8.242178892,115.6866431,122.899718,116.8286324,247.3268249,296.735258,346.143691
PLDV,BEVStock,Willernie,0.013403657,0.267417805,0.436760571,6.640352829,7.536385533,7.918618878,17.28346563,20.73747802,24.19149042
PLDV,BEVStock,Woodbury,5.702857307,94.62392788,153.9046416,2067.686338,2049.306694,1889.0878,4004.464504,4804.216833,5603.969162
PLDV,BEVStock,Woodland,0.037847298,0.752809188,1.229450448,15.77087942,17.09227071,16.82082201,33.35109907,40.01374942,46.67639977
PLDV,BEVStock,Young America Twp.,8.95252798,9.943893772,10.6048043,19.39552665,33.17219984,43.36436756,50.09828513,58.32743656,66.55658799
PLDV,PHEVPr,Andover,0.358591494,0.358591494,0.358591494,0.358591494,0.358591494,0.358591494,0.358591494,0.358591494,0.358591494
PLDV,PHEVPr,Anoka,0.423543659,0.423543659,0.423543659,0.423543659,0.423543659,0.423543659,0.423543659,0.423543659,0.423543659
PLDV,PHEVPr,Bethel,0.454765709,0.454765709,0.454765709,0.454765709,0.454765709,0.454765709,0.454765709,0.454765709,0.454765709
PLDV,PHEVPr,Blaine,0.576408598,0.576408598,0.576408598,0.576408598,0.576408598,0.576408598,0.576408598,0.576408598,0.576408598
PLDV,PHEVPr,Centerville,0.770738173,0.770738173,0.770738173,0.770738173,0.770738173,0.770738173,0.770738173,0.770738173,0.770738173
PLDV,PHEVPr,Circle Pines,0.549184487,0.549184487,0.549184487,0.549184487,0.549184487,0.549184487,0.549184487,0.549184487,0.549184487
PLDV,PHEVPr,Columbia Heights,0.532566598,0.532566598,0.532566598,0.532566598,0.532566598,0.532566598,0.532566598,0.532566598,0.532566598
PLDV,PHEVPr,Columbus,0.145318688,0.145318688,0.145318688,0.145318688,0.145318688,0.145318688,0.145318688,0.145318688,0.145318688
PLDV,PHEVPr,Coon Rapids,0.472058215,0.472058215,0.472058215,0.472058215,0.472058215,0.472058215,0.472058215,0.472058215,0.472058215
PLDV,PHEVPr,East Bethel,0.422621013,0.422621013,0.422621013,0.422621013,0.422621013,0.422621013,0.422621013,0.422621013,0.422621013
PLDV,PHEVPr,Fridley,0.663716776,0.663716776,0.663716776,0.663716776,0.663716776,0.663716776,0.663716776,0.663716776,0.663716776
PLDV,PHEVPr,Ham Lake,0.579214244,0.579214244,0.579214244,0.579214244,0.579214244,0.579214244,0.579214244,0.579214244,0.579214244
PLDV,PHEVPr,Hilltop,0.454765709,0.454765709,0.454765709,0.454765709,0.454765709,0.454765709,0.454765709,0.454765709,0.454765709
PLDV,PHEVPr,Lexington,0.766290672,0.766290672,0.766290672,0.766290672,0.766290672,0.766290672,0.766290672,0.766290672,0.766290672
PLDV,PHEVPr,Lino Lakes,0.563696353,0.563696353,0.563696353,0.563696353,0.563696353,0.563696353,0.563696353,0.563696353,0.563696353
PLDV,PHEVPr,Linwood Twp.,0.172510139,0.172510139,0.172510139,0.172510139,0.172510139,0.172510139,0.172510139,0.172510139,0.172510139
PLDV,PHEVPr,Nowthen,0.217923545,0.217923545,0.217923545,0.217923545,0.217923545,0.217923545,0.217923545,0.217923545,0.217923545
PLDV,PHEVPr,Oak Grove,0.338485494,0.338485494,0.338485494,0.338485494,0.338485494,0.338485494,0.338485494,0.338485494,0.338485494
PLDV,PHEVPr,Ramsey,0.403794405,0.403794405,0.403794405,0.403794405,0.403794405,0.403794405,0.403794405,0.403794405,0.403794405
PLDV,PHEVPr,St. Francis,0.349484654,0.349484654,0.349484654,0.349484654,0.349484654,0.349484654,0.349484654,0.349484654,0.349484654
PLDV,PHEVPr,Spring Lake Park,0.31253817,0.31253817,0.31253817,0.31253817,0.31253817,0.31253817,0.31253817,0.31253817,0.31253817
PLDV,PHEVPr,Benton Twp.,0.183445649,0.183445649,0.183445649,0.183445649,0.183445649,0.183445649,0.183445649,0.183445649,0.183445649
PLDV,PHEVPr,Camden Twp.,0.344726684,0.344726684,0.344726684,0.344726684,0.344726684,0.344726684,0.344726684,0.344726684,0.344726684
PLDV,PHEVPr,Carver,0.363320583,0.363320583,0.363320583,0.363320583,0.363320583,0.363320583,0.363320583,0.363320583,0.363320583
PLDV,PHEVPr,Chanhassen,0.438273659,0.438273659,0.438273659,0.438273659,0.438273659,0.438273659,0.438273659,0.438273659,0.438273659
PLDV,PHEVPr,Chaska,0.498572857,0.498572857,0.498572857,0.498572857,0.498572857,0.498572857,0.498572857,0.498572857,0.498572857
PLDV,PHEVPr,Cologne,0.183445649,0.183445649,0.183445649,0.183445649,0.183445649,0.183445649,0.183445649,0.183445649,0.183445649
PLDV,PHEVPr,Dahlgren Twp.,0.358055361,0.358055361,0.358055361,0.358055361,0.358055361,0.358055361,0.358055361,0.358055361,0.358055361
PLDV,PHEVPr,Hamburg,0.454765709,0.454765709,0.454765709,0.454765709,0.454765709,0.454765709,0.454765709,0.454765709,0.454765709
PLDV,PHEVPr,Hancock Twp.,0.454765709,0.454765709,0.454765709,0.454765709,0.454765709,0.454765709,0.454765709,0.454765709,0.454765709
PLDV,PHEVPr,Hollywood Twp.,0.454765709,0.454765709,0.454765709,0.454765709,0.454765709,0.454765709,0.454765709,0.454765709,0.454765709
PLDV,PHEVPr,Laketown Twp.,0.569958411,0.569958411,0.569958411,0.569958411,0.569958411,0.569958411,0.569958411,0.569958411,0.569958411
PLDV,PHEVPr,Mayer,0.249042102,0.249042102,0.249042102,0.249042102,0.249042102,0.249042102,0.249042102,0.249042102,0.249042102
PLDV,PHEVPr,New Germany,0.309449786,0.309449786,0.309449786,0.309449786,0.309449786,0.309449786,0.309449786,0.309449786,0.309449786
PLDV,PHEVPr,Norwood Young America,0.33196959,0.33196959,0.33196959,0.33196959,0.33196959,0.33196959,0.33196959,0.33196959,0.33196959
PLDV,PHEVPr,San Francisco Twp.,0.47977891,0.47977891,0.47977891,0.47977891,0.47977891,0.47977891,0.47977891,0.47977891,0.47977891
PLDV,PHEVPr,Victoria,0.354939256,0.354939256,0.354939256,0.354939256,0.354939256,0.354939256,0.354939256,0.354939256,0.354939256
PLDV,PHEVPr,Waconia,0.39723619,0.39723619,0.39723619,0.39723619,0.39723619,0.39723619,0.39723619,0.39723619,0.39723619
PLDV,PHEVPr,Waconia Twp.,0.413407912,0.413407912,0.413407912,0.413407912,0.413407912,0.413407912,0.413407912,0.413407912,0.413407912
PLDV,PHEVPr,Watertown,0.62066356,0.62066356,0.62066356,0.62066356,0.62066356,0.62066356,0.62066356,0.62066356,0.62066356
PLDV,PHEVPr,Watertown Twp.,0.62066356,0.62066356,0.62066356,0.62066356,0.62066356,0.62066356,0.62066356,0.62066356,0.62066356
PLDV,PHEVPr,Young America Twp.,0.311393151,0.311393151,0.311393151,0.311393151,0.311393151,0.311393151,0.311393151,0.311393151,0.311393151
PLDV,PHEVPr,Apple Valley,0.480297341,0.480297341,0.480297341,0.480297341,0.480297341,0.480297341,0.480297341,0.480297341,0.480297341
PLDV,PHEVPr,Burnsville,0.480875442,0.480875442,0.480875442,0.480875442,0.480875442,0.480875442,0.480875442,0.480875442,0.480875442
PLDV,PHEVPr,Castle Rock Twp.,0.454765709,0.454765709,0.454765709,0.454765709,0.454765709,0.454765709,0.454765709,0.454765709,0.454765709
PLDV,PHEVPr,Coates,0.454765709,0.454765709,0.454765709,0.454765709,0.454765709,0.454765709,0.454765709,0.454765709,0.454765709
PLDV,PHEVPr,Douglas Twp.,0.347051154,0.347051154,0.347051154,0.347051154,0.347051154,0.347051154,0.347051154,0.347051154,0.347051154
PLDV,PHEVPr,Eagan,0.574276754,0.574276754,0.574276754,0.574276754,0.574276754,0.574276754,0.574276754,0.574276754,0.574276754
PLDV,PHEVPr,Empire Twp.,0.408193546,0.408193546,0.408193546,0.408193546,0.408193546,0.408193546,0.408193546,0.408193546,0.408193546
PLDV,PHEVPr,Eureka Twp.,0.454765709,0.454765709,0.454765709,0.454765709,0.454765709,0.454765709,0.454765709,0.454765709,0.454765709
PLDV,PHEVPr,Farmington,0.415183171,0.415183171,0.415183171,0.415183171,0.415183171,0.415183171,0.415183171,0.415183171,0.415183171
PLDV,PHEVPr,Greenvale Twp.,0.746444777,0.746444777,0.746444777,0.746444777,0.746444777,0.746444777,0.746444777,0.746444777,0.746444777
PLDV,PHEVPr,Hampton,0.454765709,0.454765709,0.454765709,0.454765709,0.454765709,0.454765709,0.454765709,0.454765709,0.454765709
PLDV,PHEVPr,Hampton Twp.,0.267343447,0.267343447,0.267343447,0.267343447,0.267343447,0.267343447,0.267343447,0.267343447,0.267343447
PLDV,PHEVPr,Hastings,0.451508332,0.451508332,0.451508332,0.451508332,0.451508332,0.451508332,0.451508332,0.451508332,0.451508332
PLDV,PHEVPr,Inver Grove Heights,0.546892911,0.546892911,0.546892911,0.546892911,0.546892911,0.546892911,0.546892911,0.546892911,0.546892911
PLDV,PHEVPr,Lakeville,0.40974364,0.40974364,0.40974364,0.40974364,0.40974364,0.40974364,0.40974364,0.40974364,0.40974364
PLDV,PHEVPr,Lilydale,0.610234787,0.610234787,0.610234787,0.610234787,0.610234787,0.610234787,0.610234787,0.610234787,0.610234787
PLDV,PHEVPr,Marshan Twp.,0.407842875,0.407842875,0.407842875,0.407842875,0.407842875,0.407842875,0.407842875,0.407842875,0.407842875
PLDV,PHEVPr,Mendota,0.193284796,0.193284796,0.193284796,0.193284796,0.193284796,0.193284796,0.193284796,0.193284796,0.193284796
PLDV,PHEVPr,Mendota Heights,0.637828741,0.637828741,0.637828741,0.637828741,0.637828741,0.637828741,0.637828741,0.637828741,0.637828741
PLDV,PHEVPr,Miesville,0.347051154,0.347051154,0.347051154,0.347051154,0.347051154,0.347051154,0.347051154,0.347051154,0.347051154
PLDV,PHEVPr,New Trier,0.454765709,0.454765709,0.454765709,0.454765709,0.454765709,0.454765709,0.454765709,0.454765709,0.454765709
PLDV,PHEVPr,Nininger Twp.,0.570727906,0.570727906,0.570727906,0.570727906,0.570727906,0.570727906,0.570727906,0.570727906,0.570727906
PLDV,PHEVPr,Northfield,0.331563826,0.331563826,0.331563826,0.331563826,0.331563826,0.331563826,0.331563826,0.331563826,0.331563826
PLDV,PHEVPr,Randolph,0.454765709,0.454765709,0.454765709,0.454765709,0.454765709,0.454765709,0.454765709,0.454765709,0.454765709
PLDV,PHEVPr,Randolph Twp.,0.454765709,0.454765709,0.454765709,0.454765709,0.454765709,0.454765709,0.454765709,0.454765709,0.454765709
PLDV,PHEVPr,Ravenna Twp.,0.41028198,0.41028198,0.41028198,0.41028198,0.41028198,0.41028198,0.41028198,0.41028198,0.41028198
PLDV,PHEVPr,Rosemount,0.446186533,0.446186533,0.446186533,0.446186533,0.446186533,0.446186533,0.446186533,0.446186533,0.446186533
PLDV,PHEVPr,Sciota Twp.,0.454765709,0.454765709,0.454765709,0.454765709,0.454765709,0.454765709,0.454765709,0.454765709,0.454765709
PLDV,PHEVPr,South St. Paul,0.819475563,0.819475563,0.819475563,0.819475563,0.819475563,0.819475563,0.819475563,0.819475563,0.819475563
PLDV,PHEVPr,Sunfish Lake,0.454765709,0.454765709,0.454765709,0.454765709,0.454765709,0.454765709,0.454765709,0.454765709,0.454765709
PLDV,PHEVPr,Vermillion,0.454765709,0.454765709,0.454765709,0.454765709,0.454765709,0.454765709,0.454765709,0.454765709,0.454765709
PLDV,PHEVPr,Vermillion Twp.,0.264401534,0.264401534,0.264401534,0.264401534,0.264401534,0.264401534,0.264401534,0.264401534,0.264401534
PLDV,PHEVPr,Waterford Twp.,0.344496415,0.344496415,0.344496415,0.344496415,0.344496415,0.344496415,0.344496415,0.344496415,0.344496415
PLDV,PHEVPr,West St. Paul,0.73502148,0.73502148,0.73502148,0.73502148,0.73502148,0.73502148,0.73502148,0.73502148,0.73502148
PLDV,PHEVPr,Bloomington,0.527587765,0.527587765,0.527587765,0.527587765,0.527587765,0.527587765,0.527587765,0.527587765,0.527587765
PLDV,PHEVPr,Brooklyn Center,0.241626958,0.241626958,0.241626958,0.241626958,0.241626958,0.241626958,0.241626958,0.241626958,0.241626958
PLDV,PHEVPr,Brooklyn Park,0.666580714,0.666580714,0.666580714,0.666580714,0.666580714,0.666580714,0.666580714,0.666580714,0.666580714
PLDV,PHEVPr,Champlin,0.500707549,0.500707549,0.500707549,0.500707549,0.500707549,0.500707549,0.500707549,0.500707549,0.500707549
PLDV,PHEVPr,Chanhassen,0.438273659,0.438273659,0.438273659,0.438273659,0.438273659,0.438273659,0.438273659,0.438273659,0.438273659
PLDV,PHEVPr,Corcoran,0.416213665,0.416213665,0.416213665,0.416213665,0.416213665,0.416213665,0.416213665,0.416213665,0.416213665
PLDV,PHEVPr,Crystal,0.583103983,0.583103983,0.583103983,0.583103983,0.583103983,0.583103983,0.583103983,0.583103983,0.583103983
PLDV,PHEVPr,Dayton,0.32325483,0.32325483,0.32325483,0.32325483,0.32325483,0.32325483,0.32325483,0.32325483,0.32325483
PLDV,PHEVPr,Deephaven,0.503745836,0.503745836,0.503745836,0.503745836,0.503745836,0.503745836,0.503745836,0.503745836,0.503745836
PLDV,PHEVPr,Eden Prairie,0.497247802,0.497247802,0.497247802,0.497247802,0.497247802,0.497247802,0.497247802,0.497247802,0.497247802
PLDV,PHEVPr,Edina,0.515978404,0.515978404,0.515978404,0.515978404,0.515978404,0.515978404,0.515978404,0.515978404,0.515978404
PLDV,PHEVPr,Excelsior,0.261387517,0.261387517,0.261387517,0.261387517,0.261387517,0.261387517,0.261387517,0.261387517,0.261387517
PLDV,PHEVPr,Fort Snelling UT,0.454765709,0.454765709,0.454765709,0.454765709,0.454765709,0.454765709,0.454765709,0.454765709,0.454765709
PLDV,PHEVPr,Golden Valley,0.709114552,0.709114552,0.709114552,0.709114552,0.709114552,0.709114552,0.709114552,0.709114552,0.709114552
PLDV,PHEVPr,Greenfield,0.402043298,0.402043298,0.402043298,0.402043298,0.402043298,0.402043298,0.402043298,0.402043298,0.402043298
PLDV,PHEVPr,Greenwood,0.210632665,0.210632665,0.210632665,0.210632665,0.210632665,0.210632665,0.210632665,0.210632665,0.210632665
PLDV,PHEVPr,Hanover,0.444041411,0.444041411,0.444041411,0.444041411,0.444041411,0.444041411,0.444041411,0.444041411,0.444041411
PLDV,PHEVPr,Hopkins,0.695488265,0.695488265,0.695488265,0.695488265,0.695488265,0.695488265,0.695488265,0.695488265,0.695488265
PLDV,PHEVPr,Independence,0.286112899,0.286112899,0.286112899,0.286112899,0.286112899,0.286112899,0.286112899,0.286112899,0.286112899
PLDV,PHEVPr,Long Lake,0.489368091,0.489368091,0.489368091,0.489368091,0.489368091,0.489368091,0.489368091,0.489368091,0.489368091
PLDV,PHEVPr,Loretto,0.454765709,0.454765709,0.454765709,0.454765709,0.454765709,0.454765709,0.454765709,0.454765709,0.454765709
PLDV,PHEVPr,Maple Grove,0.482691205,0.482691205,0.482691205,0.482691205,0.482691205,0.482691205,0.482691205,0.482691205,0.482691205
PLDV,PHEVPr,Maple Plain,0.479416125,0.479416125,0.479416125,0.479416125,0.479416125,0.479416125,0.479416125,0.479416125,0.479416125
PLDV,PHEVPr,Medicine Lake,0.719414186,0.719414186,0.719414186,0.719414186,0.719414186,0.719414186,0.719414186,0.719414186,0.719414186
PLDV,PHEVPr,Medina,0.294601638,0.294601638,0.294601638,0.294601638,0.294601638,0.294601638,0.294601638,0.294601638,0.294601638
PLDV,PHEVPr,Minneapolis,0.619509573,0.619509573,0.619509573,0.619509573,0.619509573,0.619509573,0.619509573,0.619509573,0.619509573
PLDV,PHEVPr,Minnetonka,0.654145795,0.654145795,0.654145795,0.654145795,0.654145795,0.654145795,0.654145795,0.654145795,0.654145795
PLDV,PHEVPr,Minnetonka Beach,0.454765709,0.454765709,0.454765709,0.454765709,0.454765709,0.454765709,0.454765709,0.454765709,0.454765709
PLDV,PHEVPr,Minnetrista,0.316088031,0.316088031,0.316088031,0.316088031,0.316088031,0.316088031,0.316088031,0.316088031,0.316088031
PLDV,PHEVPr,Mound,0.322928698,0.322928698,0.322928698,0.322928698,0.322928698,0.322928698,0.322928698,0.322928698,0.322928698
PLDV,PHEVPr,New Hope,0.598742703,0.598742703,0.598742703,0.598742703,0.598742703,0.598742703,0.598742703,0.598742703,0.598742703
PLDV,PHEVPr,Orono,0.458417942,0.458417942,0.458417942,0.458417942,0.458417942,0.458417942,0.458417942,0.458417942,0.458417942
PLDV,PHEVPr,Osseo,0.54644981,0.54644981,0.54644981,0.54644981,0.54644981,0.54644981,0.54644981,0.54644981,0.54644981
PLDV,PHEVPr,Plymouth,0.562493832,0.562493832,0.562493832,0.562493832,0.562493832,0.562493832,0.562493832,0.562493832,0.562493832
PLDV,PHEVPr,Richfield,0.601854799,0.601854799,0.601854799,0.601854799,0.601854799,0.601854799,0.601854799,0.601854799,0.601854799
PLDV,PHEVPr,Robbinsdale,0.370891236,0.370891236,0.370891236,0.370891236,0.370891236,0.370891236,0.370891236,0.370891236,0.370891236
PLDV,PHEVPr,Rockford,0.227575369,0.227575369,0.227575369,0.227575369,0.227575369,0.227575369,0.227575369,0.227575369,0.227575369
PLDV,PHEVPr,Rogers,0.446868839,0.446868839,0.446868839,0.446868839,0.446868839,0.446868839,0.446868839,0.446868839,0.446868839
PLDV,PHEVPr,St. Anthony,0.339738686,0.339738686,0.339738686,0.339738686,0.339738686,0.339738686,0.339738686,0.339738686,0.339738686
PLDV,PHEVPr,St. Bonifacius,0.312018913,0.312018913,0.312018913,0.312018913,0.312018913,0.312018913,0.312018913,0.312018913,0.312018913
PLDV,PHEVPr,St. Louis Park,0.62797596,0.62797596,0.62797596,0.62797596,0.62797596,0.62797596,0.62797596,0.62797596,0.62797596
PLDV,PHEVPr,Shorewood,0.319000325,0.319000325,0.319000325,0.319000325,0.319000325,0.319000325,0.319000325,0.319000325,0.319000325
PLDV,PHEVPr,Spring Park,0.432752886,0.432752886,0.432752886,0.432752886,0.432752886,0.432752886,0.432752886,0.432752886,0.432752886
PLDV,PHEVPr,Tonka Bay,0.382442676,0.382442676,0.382442676,0.382442676,0.382442676,0.382442676,0.382442676,0.382442676,0.382442676
PLDV,PHEVPr,Wayzata,0.529397114,0.529397114,0.529397114,0.529397114,0.529397114,0.529397114,0.529397114,0.529397114,0.529397114
PLDV,PHEVPr,Woodland,0.454765709,0.454765709,0.454765709,0.454765709,0.454765709,0.454765709,0.454765709,0.454765709,0.454765709
PLDV,PHEVPr,Arden Hills,0.535531887,0.535531887,0.535531887,0.535531887,0.535531887,0.535531887,0.535531887,0.535531887,0.535531887
PLDV,PHEVPr,Blaine,0.576408598,0.576408598,0.576408598,0.576408598,0.576408598,0.576408598,0.576408598,0.576408598,0.576408598
PLDV,PHEVPr,Falcon Heights,0.491989294,0.491989294,0.491989294,0.491989294,0.491989294,0.491989294,0.491989294,0.491989294,0.491989294
PLDV,PHEVPr,Gem Lake,0.528742144,0.528742144,0.528742144,0.528742144,0.528742144,0.528742144,0.528742144,0.528742144,0.528742144
PLDV,PHEVPr,Lauderdale,0.469653356,0.469653356,0.469653356,0.469653356,0.469653356,0.469653356,0.469653356,0.469653356,0.469653356
PLDV,PHEVPr,Little Canada,0.631306438,0.631306438,0.631306438,0.631306438,0.631306438,0.631306438,0.631306438,0.631306438,0.631306438
PLDV,PHEVPr,Maplewood,0.45184687,0.45184687,0.45184687,0.45184687,0.45184687,0.45184687,0.45184687,0.45184687,0.45184687
PLDV,PHEVPr,Mounds View,0.673512475,0.673512475,0.673512475,0.673512475,0.673512475,0.673512475,0.673512475,0.673512475,0.673512475
PLDV,PHEVPr,New Brighton,0.662902689,0.662902689,0.662902689,0.662902689,0.662902689,0.662902689,0.662902689,0.662902689,0.662902689
PLDV,PHEVPr,North Oaks,0.304018216,0.304018216,0.304018216,0.304018216,0.304018216,0.304018216,0.304018216,0.304018216,0.304018216
PLDV,PHEVPr,North St. Paul,0.56513341,0.56513341,0.56513341,0.56513341,0.56513341,0.56513341,0.56513341,0.56513341,0.56513341
PLDV,PHEVPr,Roseville,0.482501064,0.482501064,0.482501064,0.482501064,0.482501064,0.482501064,0.482501064,0.482501064,0.482501064
PLDV,PHEVPr,St. Anthony,0.339738686,0.339738686,0.339738686,0.339738686,0.339738686,0.339738686,0.339738686,0.339738686,0.339738686
PLDV,PHEVPr,St. Paul,0.55,0.55,0.55,0.55,0.55,0.55,0.55,0.55,0.55
PLDV,PHEVPr,Shoreview,0.371647286,0.371647286,0.371647286,0.371647286,0.371647286,0.371647286,0.371647286,0.371647286,0.371647286
PLDV,PHEVPr,Spring Lake Park,0.31253817,0.31253817,0.31253817,0.31253817,0.31253817,0.31253817,0.31253817,0.31253817,0.31253817
PLDV,PHEVPr,Vadnais Heights,0.495837933,0.495837933,0.495837933,0.495837933,0.495837933,0.495837933,0.495837933,0.495837933,0.495837933
PLDV,PHEVPr,White Bear Twp.,0.374037638,0.374037638,0.374037638,0.374037638,0.374037638,0.374037638,0.374037638,0.374037638,0.374037638
PLDV,PHEVPr,White Bear Lake,0.479427981,0.479427981,0.479427981,0.479427981,0.479427981,0.479427981,0.479427981,0.479427981,0.479427981
PLDV,PHEVPr,Belle Plaine,0.274102928,0.274102928,0.274102928,0.274102928,0.274102928,0.274102928,0.274102928,0.274102928,0.274102928
PLDV,PHEVPr,Belle Plaine Twp.,0.257179731,0.257179731,0.257179731,0.257179731,0.257179731,0.257179731,0.257179731,0.257179731,0.257179731
PLDV,PHEVPr,Blakeley Twp.,0.407313868,0.407313868,0.407313868,0.407313868,0.407313868,0.407313868,0.407313868,0.407313868,0.407313868
PLDV,PHEVPr,Cedar Lake Twp.,0.238610463,0.238610463,0.238610463,0.238610463,0.238610463,0.238610463,0.238610463,0.238610463,0.238610463
PLDV,PHEVPr,Credit River Twp.,0.292596306,0.292596306,0.292596306,0.292596306,0.292596306,0.292596306,0.292596306,0.292596306,0.292596306
PLDV,PHEVPr,Elko New Market,0.369044682,0.369044682,0.369044682,0.369044682,0.369044682,0.369044682,0.369044682,0.369044682,0.369044682
PLDV,PHEVPr,Helena Twp.,0.457214927,0.457214927,0.457214927,0.457214927,0.457214927,0.457214927,0.457214927,0.457214927,0.457214927
PLDV,PHEVPr,Jackson Twp.,0.467819058,0.467819058,0.467819058,0.467819058,0.467819058,0.467819058,0.467819058,0.467819058,0.467819058
PLDV,PHEVPr,Jordan,0.382002137,0.382002137,0.382002137,0.382002137,0.382002137,0.382002137,0.382002137,0.382002137,0.382002137
PLDV,PHEVPr,Louisville Twp.,0.700435269,0.700435269,0.700435269,0.700435269,0.700435269,0.700435269,0.700435269,0.700435269,0.700435269
PLDV,PHEVPr,New Market Twp.,0.339205177,0.339205177,0.339205177,0.339205177,0.339205177,0.339205177,0.339205177,0.339205177,0.339205177
PLDV,PHEVPr,New Prague,0.292868673,0.292868673,0.292868673,0.292868673,0.292868673,0.292868673,0.292868673,0.292868673,0.292868673
PLDV,PHEVPr,Prior Lake,0.518266341,0.518266341,0.518266341,0.518266341,0.518266341,0.518266341,0.518266341,0.518266341,0.518266341
PLDV,PHEVPr,St. Lawrence Twp.,0.454765709,0.454765709,0.454765709,0.454765709,0.454765709,0.454765709,0.454765709,0.454765709,0.454765709
PLDV,PHEVPr,Sand Creek Twp.,0.320987273,0.320987273,0.320987273,0.320987273,0.320987273,0.320987273,0.320987273,0.320987273,0.320987273
PLDV,PHEVPr,Savage,0.398395199,0.398395199,0.398395199,0.398395199,0.398395199,0.398395199,0.398395199,0.398395199,0.398395199
PLDV,PHEVPr,Shakopee,0.440489285,0.440489285,0.440489285,0.440489285,0.440489285,0.440489285,0.440489285,0.440489285,0.440489285
PLDV,PHEVPr,Spring Lake Twp.,0.394992356,0.394992356,0.394992356,0.394992356,0.394992356,0.394992356,0.394992356,0.394992356,0.394992356
PLDV,PHEVPr,Afton,0.449590083,0.449590083,0.449590083,0.449590083,0.449590083,0.449590083,0.449590083,0.449590083,0.449590083
PLDV,PHEVPr,Bayport,0.333260612,0.333260612,0.333260612,0.333260612,0.333260612,0.333260612,0.333260612,0.333260612,0.333260612
PLDV,PHEVPr,Baytown Twp.,0.437493169,0.437493169,0.437493169,0.437493169,0.437493169,0.437493169,0.437493169,0.437493169,0.437493169
PLDV,PHEVPr,Birchwood Village,0.421346951,0.421346951,0.421346951,0.421346951,0.421346951,0.421346951,0.421346951,0.421346951,0.421346951
PLDV,PHEVPr,Cottage Grove,0.418863621,0.418863621,0.418863621,0.418863621,0.418863621,0.418863621,0.418863621,0.418863621,0.418863621
PLDV,PHEVPr,Dellwood,0.326258866,0.326258866,0.326258866,0.326258866,0.326258866,0.326258866,0.326258866,0.326258866,0.326258866
PLDV,PHEVPr,Denmark Twp.,0.658328357,0.658328357,0.658328357,0.658328357,0.658328357,0.658328357,0.658328357,0.658328357,0.658328357
PLDV,PHEVPr,Forest Lake,0.415420925,0.415420925,0.415420925,0.415420925,0.415420925,0.415420925,0.415420925,0.415420925,0.415420925
PLDV,PHEVPr,Grant,0.411813714,0.411813714,0.411813714,0.411813714,0.411813714,0.411813714,0.411813714,0.411813714,0.411813714
PLDV,PHEVPr,Grey Cloud Island Twp.,0.454765709,0.454765709,0.454765709,0.454765709,0.454765709,0.454765709,0.454765709,0.454765709,0.454765709
PLDV,PHEVPr,Hastings,0.451508332,0.451508332,0.451508332,0.451508332,0.451508332,0.451508332,0.451508332,0.451508332,0.451508332
PLDV,PHEVPr,Hugo,0.430613643,0.430613643,0.430613643,0.430613643,0.430613643,0.430613643,0.430613643,0.430613643,0.430613643
PLDV,PHEVPr,Lake Elmo,0.428214926,0.428214926,0.428214926,0.428214926,0.428214926,0.428214926,0.428214926,0.428214926,0.428214926
PLDV,PHEVPr,Lakeland,0.371563475,0.371563475,0.371563475,0.371563475,0.371563475,0.371563475,0.371563475,0.371563475,0.371563475
PLDV,PHEVPr,Lakeland Shores,0.371563475,0.371563475,0.371563475,0.371563475,0.371563475,0.371563475,0.371563475,0.371563475,0.371563475
PLDV,PHEVPr,Lake St. Croix Beach,0.483164273,0.483164273,0.483164273,0.483164273,0.483164273,0.483164273,0.483164273,0.483164273,0.483164273
PLDV,PHEVPr,Landfall,0.132187595,0.132187595,0.132187595,0.132187595,0.132187595,0.132187595,0.132187595,0.132187595,0.132187595
PLDV,PHEVPr,Mahtomedi,0.419547078,0.419547078,0.419547078,0.419547078,0.419547078,0.419547078,0.419547078,0.419547078,0.419547078
PLDV,PHEVPr,Marine on St. Croix,0.430879336,0.430879336,0.430879336,0.430879336,0.430879336,0.430879336,0.430879336,0.430879336,0.430879336
PLDV,PHEVPr,May Twp.,0.412042598,0.412042598,0.412042598,0.412042598,0.412042598,0.412042598,0.412042598,0.412042598,0.412042598
PLDV,PHEVPr,Newport,0.340283562,0.340283562,0.340283562,0.340283562,0.340283562,0.340283562,0.340283562,0.340283562,0.340283562
PLDV,PHEVPr,Oakdale,0.549419592,0.549419592,0.549419592,0.549419592,0.549419592,0.549419592,0.549419592,0.549419592,0.549419592
PLDV,PHEVPr,Oak Park Heights,0.494863314,0.494863314,0.494863314,0.494863314,0.494863314,0.494863314,0.494863314,0.494863314,0.494863314
PLDV,PHEVPr,Pine Springs,0.445240371,0.445240371,0.445240371,0.445240371,0.445240371,0.445240371,0.445240371,0.445240371,0.445240371
PLDV,PHEVPr,St. Marys Point,0.869565682,0.869565682,0.869565682,0.869565682,0.869565682,0.869565682,0.869565682,0.869565682,0.869565682
PLDV,PHEVPr,St. Paul Park,0.622323089,0.622323089,0.622323089,0.622323089,0.622323089,0.622323089,0.622323089,0.622323089,0.622323089
PLDV,PHEVPr,Scandia,0.369003621,0.369003621,0.369003621,0.369003621,0.369003621,0.369003621,0.369003621,0.369003621,0.369003621
PLDV,PHEVPr,Stillwater,0.487532692,0.487532692,0.487532692,0.487532692,0.487532692,0.487532692,0.487532692,0.487532692,0.487532692
PLDV,PHEVPr,Stillwater Twp.,0.53007033,0.53007033,0.53007033,0.53007033,0.53007033,0.53007033,0.53007033,0.53007033,0.53007033
PLDV,PHEVPr,West Lakeland Twp.,0.439894455,0.439894455,0.439894455,0.439894455,0.439894455,0.439894455,0.439894455,0.439894455,0.439894455
PLDV,PHEVPr,White Bear Lake,0.479427981,0.479427981,0.479427981,0.479427981,0.479427981,0.479427981,0.479427981,0.479427981,0.479427981
PLDV,PHEVPr,Willernie,0.383060265,0.383060265,0.383060265,0.383060265,0.383060265,0.383060265,0.383060265,0.383060265,0.383060265
PLDV,PHEVPr,Woodbury,0.44622063,0.44622063,0.44622063,0.44622063,0.44622063,0.44622063,0.44622063,0.44622063,0.44622063
PLDV,TotExist,Afton,2125.870753,2197.385299,2245.061663,2246.232929,2280.523555,2289.090331,2328.738809,2369.312421,2409.886032
PLDV,TotExist,Andover,22254.21203,23327.95362,24043.78135,25576.60449,27594.10281,29359.97642,31522.15912,33375.74854,35229.33795
PLDV,TotExist,Anoka,11918.9495,12407.68504,12733.50873,12766.88892,13155.73953,13513.06496,14036.80835,14460.38012,14883.95189
PLDV,TotExist,Apple Valley,34889.35121,36678.59319,37871.42117,38208.93063,39573.46383,40736.00763,42388.1169,43887.87003,45387.62317
PLDV,TotExist,Arden Hills,5720.06754,5880.092593,5986.775961,6653.085572,7443.245995,7855.331473,8374.732741,8905.665781,9436.598821
PLDV,TotExist,Bayport,1430.993953,1541.777126,1615.632575,1665.173429,1737.757397,1771.17087,1828.316953,1907.781553,1987.246152
PLDV,TotExist,Baytown Twp.,1360.900905,1419.086686,1457.877206,1477.390695,1518.10638,1540.442733,1583.499583,1628.019318,1672.539054
PLDV,TotExist,Belle Plaine,5722.565048,6083.042735,6323.361193,7204.473344,8163.048075,9176.222727,10319.43172,11238.80506,12158.17839
PLDV,TotExist,Belle Plaine Twp.,704.583344,712.2964545,717.4385281,701.4645587,696.064499,691.8763568,697.7941581,696.4363209,695.0784838
PLDV,TotExist,Benton Twp.,732.5631668,736.3205007,738.8253899,721.9618037,714.0329972,703.7550895,703.5944766,697.8007385,692.0070005
PLDV,TotExist,Bethel,354.1793443,366.0943671,374.0377157,392.1634825,420.7196351,429.2210283,442.9880575,460.7498002,478.5115429
PLDV,TotExist,Birchwood Village,555.1150293,560.4475984,564.0026445,550.9923281,546.5182967,539.5712923,540.0566998,537.0450339,534.033368
PLDV,TotExist,Blaine,41717.31208,44086.73498,45666.35025,48125.69564,51550.87753,54879.7243,58959.59245,62408.04852,65856.5046
PLDV,TotExist,Blaine,41717.31208,44086.73498,45666.35025,48125.69564,51550.87753,54879.7243,58959.59245,62408.04852,65856.5046
PLDV,TotExist,Blakeley Twp.,490.2721247,494.4904127,497.3026047,487.6685736,485.341848,480.9187293,483.5258433,482.176587,480.8273307
PLDV,TotExist,Bloomington,54920.00075,56582.35196,57690.5861,57406.73963,58676.70625,59380.85669,60727.34641,61888.81554,63050.28467
PLDV,TotExist,Brooklyn Center,15718.67761,16211.31398,16539.73822,16818.85094,17577.68049,18170.88212,18970.80308,19621.22818,20271.65327
PLDV,TotExist,Brooklyn Park,45996.12587,48703.86788,50509.02922,51117.36992,53154.87536,54561.83743,56576.06707,58692.0553,60808.04354
PLDV,TotExist,Burnsville,38789.96355,40052.96403,40894.96435,40491.96095,41317.43856,41805.47513,42759.81454,43553.78474,44347.75494
PLDV,TotExist,Camden Twp.,720.1184291,727.395658,732.2471439,718.838508,714.223406,701.8784092,699.6543475,695.5615312,691.4687149
PLDV,TotExist,Carver,3528.081325,4133.501733,4537.115339,6025.033893,7538.111263,9447.208321,11462.19366,13049.01612,14635.83859
PLDV,TotExist,Castle Rock Twp.,1240.417515,1255.458747,1265.486235,1235.211499,1229.124885,1217.777177,1222.919855,1219.420323,1215.920791
PLDV,TotExist,Cedar Lake Twp.,2549.602911,2674.246937,2757.342954,2880.990143,3042.427231,3194.232863,3392.054935,3560.54534,3729.035745
PLDV,TotExist,Centerville,2758.143073,2829.752715,2877.492477,2846.115497,2895.092663,2937.750163,3016.336626,3067.975336,3119.614047
PLDV,TotExist,Champlin,13901.61998,14391.49564,14718.07941,14912.41894,15563.21395,15558.16909,15729.96785,16095.63743,16461.307
PLDV,TotExist,Chanhassen,18674.61784,19858.25675,20647.34936,22025.35736,23911.26262,25830.61885,28064.86344,29942.91256,31820.96168
PLDV,TotExist,Chanhassen,18674.61784,19858.25675,20647.34936,22025.35736,23911.26262,25830.61885,28064.86344,29942.91256,31820.96168
PLDV,TotExist,Chaska,18778.38938,19836.90053,20542.57463,21836.99785,23595.16281,25197.33967,27120.45191,28788.86441,30457.27692
PLDV,TotExist,Circle Pines,2945.117879,3006.971698,3048.207577,3003.665173,3044.251596,3064.867169,3122.795565,3158.331103,3193.86664
PLDV,TotExist,Coates,134.2533446,137.0759674,138.957716,135.5028325,134.7054811,133.4618333,134.0254432,133.979863,133.9342827
PLDV,TotExist,Cologne,1640.307371,1834.316261,1963.655521,2367.698361,2787.108799,3249.002663,3750.15856,4172.128798,4594.099036
PLDV,TotExist,Columbia Heights,11406.02414,11708.11614,11909.51081,11937.79703,12291.63958,12540.79894,12944.85215,13252.61775,13560.38335
PLDV,TotExist,Columbus,3604.616092,3763.184906,3868.897449,4148.455654,4535.840919,4838.647328,5202.293522,5521.829007,5841.364493
PLDV,TotExist,Coon Rapids,42610.36196,44015.49241,44952.24605,45424.90994,47183.91075,48650.97542,50716.78699,52338.072,53959.357
PLDV,TotExist,Corcoran,4423.12147,4826.791661,5095.905121,6032.600826,7048.623359,8062.527232,9177.884485,10128.83709,11079.78969
PLDV,TotExist,Cottage Grove,21524.68393,22639.36566,23382.48681,24388.09625,26086.2795,27748.21679,29718.59178,31357.37335,32996.15492
PLDV,TotExist,Credit River Twp.,5505.294057,5644.981809,5738.106977,5862.81201,6068.200576,6227.426056,6476.876075,6671.192478,6865.508882
PLDV,TotExist,Crystal,14505.86826,14712.91399,14850.94448,14573.44102,14560.17691,14459.40936,14557.00056,14567.22701,14577.45347
PLDV,TotExist,Dahlgren Twp.,1099.580078,1075.80395,1059.953198,926.4861863,807.877334,729.8945642,663.3890779,576.1508779,488.9126779
PLDV,TotExist,Dayton,4541.107693,4973.003342,5260.933775,6284.315363,7388.858594,8658.133512,10034.30049,11132.93905,12231.57761
PLDV,TotExist,Deephaven,2742.904831,2767.029171,2783.112064,2735.505144,2738.507351,2722.361545,2744.556287,2744.886578,2745.21687
PLDV,TotExist,Dellwood,627.8587017,642.8119838,652.7808386,661.6371996,679.9851493,686.9541916,703.1988279,718.2668531,733.3348784
PLDV,TotExist,Denmark Twp.,1693.752184,1777.306031,1833.008595,1964.823337,2121.553666,2263.857538,2435.318181,2583.63138,2731.944579
PLDV,TotExist,Douglas Twp.,1043.746187,1070.577151,1088.464461,1099.44523,1130.794894,1159.698573,1204.105704,1236.177607,1268.24951
PLDV,TotExist,Eagan,49540.29924,51130.49002,52190.6172,52021.00424,53145.54657,54024.9657,55572.12532,56778.49053,57984.85575
PLDV,TotExist,East Bethel,11599.78843,12196.40778,12594.15402,13927.48889,15611.54664,17387.33536,19386.66427,20944.03944,22501.41461
PLDV,TotExist,Eden Prairie,46249.72522,48556.96892,50095.13138,51511.0753,54100.16547,56169.55681,58929.32527,61465.24528,64001.16529
PLDV,TotExist,Edina,31902.43498,33207.65253,34077.79756,34529.83983,35815.19615,36018.98082,36664.20908,37616.5639,38568.91871
PLDV,TotExist,Elko New Market,3509.219472,3994.487228,4317.999066,5307.387715,6343.703448,7706.958382,9177.510123,10311.16825,11444.82638
PLDV,TotExist,Empire Twp.,1491.96235,1643.773638,1744.981164,1970.513051,2226.252448,2472.84878,2751.569674,3003.491139,3255.412604
PLDV,TotExist,Eureka Twp.,1742.809836,1789.489702,1820.609612,1886.303091,1985.50943,2076.466212,2194.984355,2285.419259,2375.854163
PLDV,TotExist,Excelsior,1345.348723,1380.089357,1403.24978,1425.707585,1473.077297,1454.387428,1456.295173,1478.484463,1500.673753
PLDV,TotExist,Falcon Heights,3155.260242,3199.107499,3228.339003,3144.61644,3131.24651,3114.684075,3140.160659,3137.140742,3134.120826
PLDV,TotExist,Farmington,14682.83931,15548.53793,16125.67035,17200.49515,18566.3516,19944.09368,21584.01283,22964.24753,24344.48224
PLDV,TotExist,Forest Lake,15271.27647,16368.49888,17099.98049,18469.97883,20315.14154,21924.15588,23787.43676,25490.66881,27193.90087
PLDV,TotExist,Fort Snelling UT,132.6907572,134.3478527,135.452583,179.6391557,225.6829961,269.9007439,317.3976659,354.3390476,391.2804293
PLDV,TotExist,Fridley,19092.62306,19775.80625,20231.26171,20579.99019,21464.12949,21647.07829,22102.24477,22704.16911,23306.09345
PLDV,TotExist,Gem Lake,297.2654549,321.2592094,337.2550458,353.2271989,376.3498821,390.6357021,410.2405314,432.8355467,455.430562
PLDV,TotExist,Golden Valley,14136.70914,14399.27656,14574.3215,14480.23926,14590.46288,14539.47549,14691.71508,14802.71626,14913.71745
PLDV,TotExist,Grant,3266.366739,3303.909186,3328.937484,3357.6095,3434.952888,3486.136397,3584.204426,3647.771963,3711.339501
PLDV,TotExist,Greenfield,2628.118563,2764.771324,2855.873164,3116.279957,3424.589955,3679.475887,3983.029532,4254.011726,4524.99392
PLDV,TotExist,Greenvale Twp.,419.0508712,431.8363185,440.35995,457.2303585,482.1951472,485.4715554,495.2825413,510.5288754,525.7752094
PLDV,TotExist,Greenwood,714.3300819,724.2475891,730.8592606,712.8537926,708.2102388,699.2247252,700.14191,697.3042756,694.4666412
PLDV,TotExist,Grey Cloud Island Twp.,232.4045911,236.4531864,239.15225,233.6355268,231.7384175,228.7927013,228.9985271,228.3173143,227.6361015
PLDV,TotExist,Ham Lake,12432.27499,12951.43629,13297.54382,13812.95575,14699.26696,15217.34841,15923.66382,16621.94158,17320.21935
PLDV,TotExist,Hamburg,409.90209,415.7519624,419.6518773,430.3154956,445.6761798,458.3593503,477.3486899,490.8380098,504.3273298
PLDV,TotExist,Hampton,498.5158566,509.0835383,516.1286595,522.6537825,538.8219246,552.9133095,574.3947566,589.5705367,604.7463167
PLDV,TotExist,Hampton Twp.,779.7377966,803.4597139,819.2743255,844.3980308,884.654757,931.1311646,989.9379443,1031.977974,1074.018003
PLDV,TotExist,Hancock Twp.,266.2871688,274.3756184,279.7679182,293.3969288,310.0356034,315.1220533,324.5971091,336.2590972,347.9210852
PLDV,TotExist,Hanover,2396.072304,2497.618525,2565.316005,2592.411626,2665.231199,2708.330436,2788.898608,2867.463869,2946.02913
PLDV,TotExist,Hastings,18420.82406,19061.5377,19488.68013,20379.91257,21627.67002,22776.29376,24226.46993,25387.5991,26548.72827
PLDV,TotExist,Hastings,18420.82406,19061.5377,19488.68013,20379.91257,21627.67002,22776.29376,24226.46993,25387.5991,26548.72827
PLDV,TotExist,Helena Twp.,1134.183834,1172.849608,1198.626791,1228.522011,1275.211914,1290.936746,1325.429664,1363.678831,1401.927997
PLDV,TotExist,Hilltop,396.791521,419.8671862,435.250963,446.4494898,469.7919129,492.0658299,520.4659276,545.2008089,569.9356902
PLDV,TotExist,Hollywood Twp.,911.2535519,928.0705554,939.281891,986.6410895,1044.074916,1060.793505,1092.291336,1128.498893,1164.70645
PLDV,TotExist,Hopkins,12147.30319,12579.79069,12868.11569,12888.45524,13139.66063,13169.50924,13383.60158,13630.86126,13878.12093
PLDV,TotExist,Hugo,12631.141,13768.47941,14526.70502,16839.29306,19328.7473,21883.28263,24705.71882,27120.63438,29535.54995
PLDV,TotExist,Independence,2650.417987,2756.971818,2828.007705,2914.859158,3051.3744,3147.84312,3287.332968,3414.715964,3542.09896
PLDV,TotExist,Inver Grove Heights,28084.71629,29450.6853,30361.3313,31670.96477,33761.27172,35672.6201,38018.46083,40005.20973,41991.95864
PLDV,TotExist,Jackson Twp.,1124.561483,1135.062462,1142.063115,1130.061231,1134.68483,1124.343984,1130.439177,1131.614716,1132.790255
PLDV,TotExist,Jordan,5408.426507,5883.429496,6200.098155,6863.775099,7606.487924,8419.683267,9352.627902,10141.46818,10930.30846
PLDV,TotExist,Lake Elmo,7924.407187,8679.822695,9183.433034,10745.12762,12417.01312,14341.6861,16438.972,18141.88496,19844.79792
PLDV,TotExist,Lake St. Croix Beach,686.5726099,697.6310274,705.0033057,703.0891687,711.6123655,702.5667869,703.1988279,706.5240715,709.8493151
PLDV,TotExist,Lakeland,2008.49037,2021.289359,2029.822018,1994.477438,1989.668174,1979.833205,1997.084671,1994.803531,1992.522392
PLDV,TotExist,Lakeland Shores,346.9479927,350.2801888,352.5016528,358.7189636,370.0384301,379.3860649,393.7913436,403.1600138,412.528684
PLDV,TotExist,Laketown Twp.,1239.11284,1159.115245,1105.783515,808.6933215,530.0504949,261.2104307,0,0,0
PLDV,TotExist,Lakeville,41229.33802,43618.6232,45211.47998,47970.04694,51711.30173,54930.75185,58861.29243,62387.68331,65914.07419
PLDV,TotExist,Landfall,256.1850689,255.2247438,254.584527,248.7118148,246.6922867,243.5564861,243.7755937,241.2936986,238.8118036
PLDV,TotExist,Lauderdale,1835.238541,1876.138005,1903.404314,1855.236093,1848.537641,1837.22895,1850.713033,1853.807931,1856.902829
PLDV,TotExist,Lexington,1152.376898,1174.762338,1189.685965,1197.6595,1238.841274,1284.994767,1347.060451,1385.997161,1424.933872
PLDV,TotExist,Lilydale,900.0569296,1023.995096,1106.62054,1079.10681,1072.756926,1062.852862,1067.341294,1100.798167,1134.255039
PLDV,TotExist,Lino Lakes,13230.45786,13932.54863,14400.60914,15696.17103,17229.5707,18621.98912,20279.35148,21689.13021,23098.90893
PLDV,TotExist,Linwood Twp.,4875.371228,4998.42861,5080.466865,4935.67534,4932.815085,4920.658299,4968.083854,4986.626379,5005.168905
PLDV,TotExist,Little Canada,6683.818051,6804.402633,6884.792355,6905.355995,7074.351462,7057.879892,7136.728771,7227.310915,7317.893058
PLDV,TotExist,Long Lake,1621.602921,1664.827885,1693.644527,1735.561367,1807.352529,1814.161857,1846.320893,1891.264487,1936.208081
PLDV,TotExist,Loretto,620.3783592,630.1471172,636.6596226,632.0636961,638.9630155,641.7329145,653.4657827,660.0832673,666.700752
PLDV,TotExist,Louisville Twp.,564.3193404,570.9950278,575.4454861,569.0265886,570.9904094,565.7867404,568.8539332,569.7608518,570.6677704
PLDV,TotExist,Mahtomedi,4502.070065,4591.466111,4651.063475,4580.881023,4580.490661,4560.829392,4603.530193,4623.822219,4644.114245
PLDV,TotExist,Maple Grove,42569.41687,44902.4456,46457.79808,48075.78053,50817.98044,53060.88679,55970.03019,58650.15286,61330.27552
PLDV,TotExist,Maple Plain,1343.347453,1384.161245,1411.370439,1463.726454,1540.75072,1615.209115,1711.458002,1785.080112,1858.702222
PLDV,TotExist,Maplewood,26392.0161,27633.98336,28461.96153,29294.1428,30759.13135,31604.4475,32830.12185,34117.743,35405.36415
PLDV,TotExist,Marine on St. Croix,783.1901392,812.6533972,832.2955692,886.0358402,951.1885286,996.4738927,1054.798242,1109.119862,1163.441483
PLDV,TotExist,Marshan Twp.,982.4402854,1012.347504,1032.28565,1051.130509,1089.193744,1125.226112,1176.260759,1215.024854,1253.788949
PLDV,TotExist,May Twp.,2546.373681,2629.9856,2685.726879,2842.42074,3036.21276,3210.663305,3426.788345,3602.871278,3778.954211
PLDV,TotExist,Mayer,1966.901517,2110.460794,2206.166978,2492.389934,2799.009349,3068.37219,3377.253488,3659.323882,3941.394276
PLDV,TotExist,Medicine Lake,159.8163313,163.323392,165.6614324,161.580193,160.5276541,158.4909377,158.6988329,158.4753333,158.2518336
PLDV,TotExist,Medina,3512.917294,3842.582552,4062.35939,4427.416097,4860.682939,5272.999325,5754.524703,6202.846185,6651.167667
PLDV,TotExist,Mendota,244.445621,255.7811541,263.3381761,285.3231566,312.0086247,337.2306029,366.8759566,391.3620237,415.8480908
PLDV,TotExist,Mendota Heights,8565.313063,8884.663121,9097.56316,8915.719707,8907.342995,8868.787133,8950.104343,9027.062598,9104.020854
PLDV,TotExist,Miesville,217.2846805,227.3608994,234.0783787,228.2585253,226.9153634,224.8204019,225.7698194,227.4668472,229.163875
PLDV,TotExist,Minneapolis,200570.0898,209259.5248,215052.4814,215616.3958,220964.2299,224565.7378,230703.407,236730.0704,242756.7338
PLDV,TotExist,Minnetonka,36986.08376,38373.95158,39299.1968,40198.93449,41986.67875,42908.848,44382.90087,45862.26429,47341.62771
PLDV,TotExist,Minnetonka Beach,194.2024517,194.6184624,194.8958028,190.0943447,188.8560637,191.1214249,196.0397348,196.4071914,196.774648
PLDV,TotExist,Minnetrista,5898.738167,6427.51638,6780.035189,7721.632282,8772.74187,9925.634819,11204.51101,12265.66558,13326.82015
PLDV,TotExist,Mound,10014.12081,10218.57112,10354.87133,10412.30591,10654.98138,10684.86674,10864.17066,11034.18063,11204.1906
PLDV,TotExist,Mounds View,8014.138687,8117.580647,8186.541954,8054.243622,8099.703984,8055.31196,8119.638382,8140.738321,8161.838259
PLDV,TotExist,New Brighton,12558.45603,12920.97437,13162.65326,13166.02446,13495.89598,13658.95345,13977.55943,14261.38011,14545.20079
PLDV,TotExist,New Germany,329.2854067,355.5708921,373.0945491,442.0664622,514.103758,563.0040716,619.1631394,677.1386859,735.1142325
PLDV,TotExist,New Hope,13760.60033,14051.73777,14245.8294,14135.75631,14290.06575,14434.11862,14771.03375,14973.12044,15175.20712
PLDV,TotExist,New Market Twp.,2903.471703,2947.731487,2977.238009,2912.161868,2890.946834,2864.600454,2880.129772,2875.461386,2870.793
PLDV,TotExist,New Prague,5413.729577,5685.599765,5866.846557,6362.888081,6935.749129,7437.443511,8045.727818,8572.127467,9098.527115
PLDV,TotExist,New Trier,89.83147102,95.48589528,99.25551145,96.7877375,96.21820082,95.32988095,95.73245944,96.91265713,98.09285481
PLDV,TotExist,Newport,2411.688449,2504.604028,2566.547748,2762.341002,2992.838292,3164.360808,3376.961685,3570.016333,3763.07098
PLDV,TotExist,Nininger Twp.,989.9770867,999.5786541,1005.979699,1005.492391,1023.955577,1017.044675,1023.893008,1030.676193,1037.459377
PLDV,TotExist,North Oaks,3270.221094,3366.669148,3430.96785,3458.047337,3558.960841,3602.044834,3693.922956,3778.663328,3863.403701
PLDV,TotExist,North St. Paul,9154.283143,9414.130271,9587.361689,9527.628125,9675.303538,9804.544608,10066.63437,10249.10462,10431.57487
PLDV,TotExist,Northfield,11303.08366,11552.36276,11718.54883,11808.95481,12118.98227,12344.32622,12735.11109,13021.51658,13307.92206
PLDV,TotExist,Norwood Young America,3683.744231,4031.860314,4263.937703,5415.726025,6595.760806,7432.726133,8362.722922,9298.51866,10234.3144
PLDV,TotExist,Nowthen,4375.743684,4537.64464,4645.578611,4879.45795,5242.877748,5567.37339,5961.700625,6278.892013,6596.083402
PLDV,TotExist,Oak Grove,7521.821447,7852.290577,8072.60333,8474.587359,9101.676245,9713.884166,10448.26251,11033.55072,11618.83893
PLDV,TotExist,Oak Park Heights,3428.053662,3585.938992,3691.195879,3786.432398,3934.606428,4030.726023,4180.617489,4331.130254,4481.64302
PLDV,TotExist,Oakdale,17603.94333,18139.33357,18496.26039,18357.51372,18759.25347,18872.94897,19203.12283,19522.95873,19842.79463
PLDV,TotExist,Orono,5253.91873,5470.419402,5614.753184,5781.814541,6047.548871,6256.942531,6551.647937,6811.193778,7070.73962
PLDV,TotExist,Osseo,1763.782315,1845.653373,1900.234078,1924.70524,1982.988669,2027.751703,2100.42573,2167.754413,2235.083096
PLDV,TotExist,Pine Springs,179.3300136,181.888772,183.5946109,179.3594818,177.9030914,175.6416967,175.799707,175.0936456,174.3875843
PLDV,TotExist,Plymouth,48840.59942,50656.97547,51867.89284,51751.41272,52871.57216,53343.49246,54491.6087,55621.81056,56752.01242
PLDV,TotExist,Prior Lake,17006.78987,18501.26997,19497.59004,20861.93808,22861.38659,24769.08507,26973.18027,28966.45835,30959.73643
PLDV,TotExist,Ramsey,19357.42319,20465.1627,21203.6557,22690.46313,24822.53815,26655.05774,28812.99403,30704.10819,32595.22236
PLDV,TotExist,Randolph,337.5677623,345.6976458,351.1175681,342.387788,340.3730451,337.2306029,338.6547291,338.8721225,339.0895159
PLDV,TotExist,Randolph Twp.,499.5621857,514.6602937,524.725699,522.1413766,529.4691813,524.5809378,526.7962453,532.2430572,537.6898692
PLDV,TotExist,Ravenna Twp.,1571.442803,1611.706312,1638.548651,1673.895852,1739.684453,1797.626464,1879.533747,1941.151935,2002.770124
PLDV,TotExist,Richfield,21992.46168,22899.4489,23504.10705,23251.25179,23660.76407,23822.66592,24245.70623,24696.35514,25147.00405
PLDV,TotExist,Robbinsdale,8705.378866,8851.365749,8948.690337,8935.352453,9082.920349,9104.253559,9252.948903,9362.46291,9471.976918
PLDV,TotExist,Rockford,3102.024539,3194.510308,3256.167488,3367.151688,3535.175672,3643.530557,3801.718709,3941.657543,4081.596377
PLDV,TotExist,Rogers,11295.11786,12310.76092,12987.8563,14823.557,16868.62361,18895.84897,21164.82318,23138.76424,25112.7053
PLDV,TotExist,Rosemount,15396.37713,16428.06193,17115.8518,18728.33608,20722.52631,22705.25318,24975.08497,26890.82654,28806.56811
PLDV,TotExist,Roseville,22442.24715,22858.18773,23135.48145,22876.54254,23057.65697,23102.57696,23434.97963,23633.52613,23832.07262
PLDV,TotExist,San Francisco Twp.,951.1081186,981.321837,1001.464316,1024.921482,1059.624968,1083.782838,1122.936785,1157.302518,1191.668251
PLDV,TotExist,Sand Creek Twp.,1426.856075,1434.242647,1439.167028,1405.869451,1393.80223,1381.099941,1388.587037,1380.933229,1373.279422
PLDV,TotExist,Savage,20178.33447,21806.13283,22891.33174,23588.60626,24937.99684,26135.25298,27659.3287,29155.52754,30651.72639
PLDV,TotExist,Scandia,3434.244653,3570.958164,3662.100504,3797.542437,3984.839484,4130.999031,4331.70478,4511.196805,4690.68883
PLDV,TotExist,Sciota Twp.,145.0189817,151.0537482,155.0769259,156.4521976,160.7317157,168.6153014,178.7344404,185.4775321,192.2206238
PLDV,TotExist,Shakopee,23737.28316,25236.96056,26236.74549,27040.94262,28831.52299,30500.58773,32499.9186,34252.44569,36004.97277
PLDV,TotExist,Shoreview,17414.39605,18020.2487,18424.15047,18112.10069,18213.49208,18123.49562,18250.93542,18418.24329,18585.55116
PLDV,TotExist,Shorewood,5285.60491,5387.322077,5455.133521,5425.292598,5493.822892,5508.026235,5599.268235,5662.0009,5724.733565
PLDV,TotExist,South St. Paul,12039.69993,12575.30387,12932.37316,12808.70497,13108.54308,13234.97418,13495.96853,13787.22225,14078.47597
PLDV,TotExist,Spring Lake Park,3981.969368,4100.703796,4179.860081,4145.635973,4228.127216,4357.5944,4540.828643,4652.600498,4764.372353
PLDV,TotExist,Spring Lake Park,3981.969368,4100.703796,4179.860081,4145.635973,4228.127216,4357.5944,4540.828643,4652.600498,4764.372353
PLDV,TotExist,Spring Lake Twp.,3043.734977,3138.631824,3201.896389,3310.743744,3464.008483,3477.545335,3541.747794,3641.350358,3740.952921
PLDV,TotExist,Spring Park,1348.976924,1381.540638,1403.24978,1425.707585,1473.077297,1496.340912,1540.312202,1578.579258,1616.846313
PLDV,TotExist,St. Anthony,6959.67593,7169.025936,7308.592606,7213.401473,7250.723873,7242.802779,7336.487014,7411.849231,7487.211447
PLDV,TotExist,St. Anthony,6959.67593,7169.025936,7308.592606,7213.401473,7250.723873,7242.802779,7336.487014,7411.849231,7487.211447
PLDV,TotExist,St. Bonifacius,1748.503504,1759.147329,1766.243213,1732.630746,1731.180584,1727.667759,1748.409936,1748.391223,1748.372509
PLDV,TotExist,St. Francis,7389.821898,7904.877292,8248.247554,9308.824322,10598.97535,11860.30956,13274.48348,14451.4158,15628.34812
PLDV,TotExist,St. Lawrence Twp.,354.2488924,378.2861216,394.310941,442.1144787,494.8583548,546.9271824,606.7775288,657.2832561,707.7889834
PLDV,TotExist,St. Louis Park,31890.03522,32937.73351,33636.19903,33637.27621,34396.74423,34693.54782,35426.1943,36133.42612,36840.65794
PLDV,TotExist,St. Marys Point,226.1742874,231.4703761,235.0011019,229.5801367,227.715957,224.8213718,225.0236249,224.7934924,224.5633599
PLDV,TotExist,St. Paul,"146,196.71",152574.182,"156,825.83","157,011.87","160,864.47","163,147.29","167,150.46","171,341.21","175,531.96"
PLDV,TotExist,St. Paul Park,3906.826048,4096.336049,4222.67605,4580.841166,4995.518806,5364.975626,5803.148327,6182.412783,6561.677239
PLDV,TotExist,Stillwater,13360.94528,14076.61233,14553.72369,14724.03377,15106.39924,15411.5771,15923.09001,16435.51896,16947.9479
PLDV,TotExist,Stillwater Twp.,1819.941269,1863.03183,1891.75887,1948.56141,2032.364916,2085.218223,2165.85239,2235.034614,2304.216838
PLDV,TotExist,Sunfish Lake,723.639959,734.2049032,741.2481993,741.8402073,756.3845447,768.1363732,790.194368,803.5052498,816.8161315
PLDV,TotExist,Tonka Bay,883.3509939,905.8699986,920.8826684,919.5813925,934.8375152,936.9611318,952.1929976,965.9613983,979.729799
PLDV,TotExist,Vadnais Heights,9514.938017,9893.294323,10145.53186,10231.43642,10535.62468,10650.81205,10910.24302,11189.30403,11468.36503
PLDV,TotExist,Vermillion,306.527495,309.873701,312.104505,304.3447004,302.5538179,309.1280526,319.8405775,322.503194,325.1658105
PLDV,TotExist,Vermillion Twp.,1060.964954,1084.194412,1099.680717,1106.816078,1134.576817,1158.059258,1197.050397,1224.267485,1251.484574
PLDV,TotExist,Victoria,5574.076709,6181.48742,6586.427894,7431.321423,8337.287286,9235.221649,10250.82428,11186.1738,12121.52331
PLDV,TotExist,Waconia,9937.554025,10905.32299,11550.5023,14026.32609,16590.6927,17884.04216,19411.76956,21306.61266,23201.45577
PLDV,TotExist,Waconia Twp.,1064.007734,1103.947893,1130.574666,1186.780273,1255.127202,1280.060132,1322.757616,1374.507592,1426.257569
PLDV,TotExist,Waterford Twp.,285.9142912,289.9245005,292.5979734,292.4562356,297.8264145,295.0767775,296.322888,298.4046073,300.4863267
PLDV,TotExist,Watertown,3606.959471,3821.261539,3964.129584,4492.740675,5057.73373,5383.726434,5781.201283,6216.049645,6650.898008
PLDV,TotExist,Watertown Twp.,997.5344121,1012.410658,1022.328156,1009.845575,1009.523653,997.9833631,1000.745877,1001.38817,1002.030463
PLDV,TotExist,Wayzata,2976.840691,3127.590249,3228.089955,3306.891225,3442.647245,3466.682585,3539.033107,3651.47159,3763.910074
PLDV,TotExist,West Lakeland Twp.,3213.577639,3304.304158,3364.788504,3381.089286,3446.79153,3425.971132,3452.066973,3499.76484,3547.462707
PLDV,TotExist,West St. Paul,10206.70084,10606.2825,10872.67028,10827.3658,11111.80557,11372.42504,11756.38038,12066.31629,12376.2522
PLDV,TotExist,White Bear Lake,16969.16577,17276.28156,17481.02542,17662.63569,18074.10746,18215.47207,18600.47957,18926.74233,19253.00509
PLDV,TotExist,White Bear Lake,16969.16577,17276.28156,17481.02542,17662.63569,18074.10746,18215.47207,18600.47957,18926.74233,19253.00509
PLDV,TotExist,White Bear Twp.,8663.36277,8899.41336,9056.78042,8996.551422,9132.283629,9198.95432,9390.112734,9535.462727,9680.81272
PLDV,TotExist,Willernie,218.6103806,222.5697858,225.2093893,220.0142977,218.2277921,215.4538146,215.6476406,215.0550925,214.4625445
PLDV,TotExist,Woodbury,41634.2794,44127.28608,45789.29054,46840.29802,49015.16982,50809.28842,53207.00612,55521.55147,57836.09681
PLDV,TotExist,Woodland,344.0086394,351.8090528,357.0093284,348.2140372,345.9457592,341.5565254,342.0045508,341.603733,341.2029153
PLDV,TotExist,Young America Twp.,586.7028337,591.3362476,594.4251902,591.5005221,596.1286007,612.3083762,635.2444065,644.9527211,654.6610356
PLDV,SIExist,Afton,2093.897984,2156.330639,2197.952409,2086.768366,2058.467321,2021.912473,1907.607619,1870.349545,1833.091472
PLDV,SIExist,Andover,21918.15912,22890.44114,23538.62915,24239.0367,25515.67317,26547.18098,27258.39338,28326.44023,29394.48709
PLDV,SIExist,Anoka,11737.81259,12161.23955,12443.52419,12042.19689,12168.96603,12295.56116,12271.06019,12377.70971,12484.35923
PLDV,SIExist,Apple Valley,34358.02563,35907.50296,36940.48785,35116.7584,35752.69481,36472.37339,35929.47487,36243.76472,36558.05457
PLDV,SIExist,Arden Hills,5633.958989,5774.892054,5868.847431,6347.258043,6972.885518,7232.58705,7404.742052,7758.898664,8113.055277
PLDV,SIExist,Bayport,1409.455245,1512.820666,1581.730947,1546.959441,1568.550697,1564.443493,1497.682494,1515.327944,1532.973394
PLDV,SIExist,Baytown Twp.,1340.431056,1392.543925,1427.285838,1372.507778,1370.287259,1360.645463,1297.138114,1288.479526,1279.820938
PLDV,SIExist,Belle Plaine,5636.910405,5979.914857,6208.584492,6942.608969,7718.624629,8478.404681,9105.076061,9798.709192,10492.34232
PLDV,SIExist,Belle Plaine Twp.,694.0372302,700.2645794,704.4161456,675.968097,658.1684362,639.2617003,615.6801125,600.008689,584.3372655
PLDV,SIExist,Benton Twp.,721.5904712,723.3270235,724.4847251,677.4964733,652.4948557,628.7322738,581.5915768,553.5917979,525.592019
PLDV,SIExist,Bethel,348.7962533,358.8302776,365.5196271,369.9029497,389.1626871,390.5489554,387.2627581,394.9560591,402.6493601
PLDV,SIExist,Birchwood Village,546.7677021,550.0078174,552.1678943,511.876282,493.3034132,476.5936542,442.3923675,421.5173005,400.6422336
PLDV,SIExist,Blaine,41089.7976,43296.00307,44766.80672,45913.46457,48293.22685,50529.04319,52130.68728,54338.86522,56547.04315
PLDV,SIExist,Blaine,41089.7976,43296.00307,44766.80672,45913.46457,48293.22685,50529.04319,52130.68728,54338.86522,56547.04315
PLDV,SIExist,Blakeley Twp.,482.9342393,486.13927,488.2759572,469.943055,458.918226,444.3466258,426.6261649,415.3645501,404.1029352
PLDV,SIExist,Bloomington,54077.70194,55269.06848,56063.31284,51592.23627,51970.09936,52401.01105,50273.52064,49512.68438,48751.84812
PLDV,SIExist,Brooklyn Center,15474.85177,15797.58749,16012.74463,14733.13975,15178.5215,15696.55103,15294.80376,15258.79416,15222.78455
PLDV,SIExist,Brooklyn Park,45284.65537,47499.71625,48976.42351,45151.06668,46535.98698,47882.88104,46451.90853,46685.35917,46918.8098
PLDV,SIExist,Burnsville,38195.64043,39171.427,39821.95138,37009.05837,37247.49546,37450.19646,36332.99079,35960.46086,35587.93093
PLDV,SIExist,Camden Twp.,709.3306732,714.5527673,718.0341634,674.5655401,652.6688544,627.0556544,578.334664,552.1354621,525.9362603
PLDV,SIExist,Carver,3475.218323,4059.517051,4449.049537,5653.954534,6888.44751,8440.102044,9474.655506,10674.54294,11874.43038
PLDV,SIExist,Castle Rock Twp.,1221.706549,1231.771934,1238.48219,1154.647354,1120.700814,1089.761503,1030.8462,992.67413,954.5020602
PLDV,SIExist,Cedar Lake Twp.,2511.440122,2628.952343,2707.293824,2776.273442,2876.787389,2951.323182,2992.889436,3089.179299,3185.469162
PLDV,SIExist,Centerville,2716.21803,2773.664627,2811.962359,2684.560303,2677.940239,2673.063951,2636.89917,2621.035398,2605.171626
PLDV,SIExist,Champlin,13684.26689,13991.80854,14196.8363,12824.14774,13224.59602,13263.07603,12471.41472,12228.84428,11986.27385
PLDV,SIExist,Chanhassen,18390.18098,19431.51097,20125.73096,19969.90598,21354.19089,22950.96846,23341.83247,24332.16277,25322.49307
PLDV,SIExist,Chanhassen,18390.18098,19431.51097,20125.73096,19969.90598,21354.19089,22950.96846,23341.83247,24332.16277,25322.49307
PLDV,SIExist,Chaska,18493.17064,19415.50877,20030.40086,19786.40367,20963.25756,22204.06781,22261.8818,23015.62403,23769.36627
PLDV,SIExist,Circle Pines,2900.359428,2947.417594,2978.789705,2833.166923,2815.911197,2788.727934,2729.966199,2695.887554,2661.808908
PLDV,SIExist,Coates,132.228398,134.4868686,135.9925156,126.6649373,122.8227857,119.4320035,112.975203,109.1245639,105.2739249
PLDV,SIExist,Cologne,1615.735185,1801.618553,1925.540798,2221.872793,2546.90492,2902.647331,3099.883104,3396.712688,3693.542272
PLDV,SIExist,Columbia Heights,11233.58511,11492.06688,11664.38806,11361.17699,11538.53428,11627.82867,11576.99852,11645.68121,11714.36389
PLDV,SIExist,Columbus,3549.827138,3688.404691,3780.789726,3912.975204,4195.620773,4402.693566,4547.875509,4747.485183,4947.094858
PLDV,SIExist,Coon Rapids,41964.58452,43169.07787,43972.07344,42987.81779,43972.52011,44738.94548,44875.01707,45457.10358,46039.19009
PLDV,SIExist,Corcoran,4356.220887,4726.341212,4973.088095,5455.652759,6182.929043,6970.709487,7328.107338,7922.484628,8516.861918
PLDV,SIExist,Cottage Grove,21193.00594,22099.79659,22704.32369,21750.24514,22957.58429,24340.66333,24399.46644,25040.75854,25682.05064
PLDV,SIExist,Credit River Twp.,5422.888816,5549.527538,5633.953352,5649.71363,5737.827585,5753.85317,5714.699306,5773.061403,5831.423501
PLDV,SIExist,Crystal,14287.41967,14426.47742,14519.18259,13339.54529,13021.22001,12794.97515,11984.20514,11523.56223,11062.91932
PLDV,SIExist,Dahlgren Twp.,1083.109711,1056.871533,1039.379415,869.4242833,738.2513225,652.0851868,548.3577724,441.4073848,334.4569971
PLDV,SIExist,Dayton,4472.42221,4869.452508,5134.139374,5683.29373,6481.377437,7485.659481,8011.915077,8719.813651,9427.712224
PLDV,SIExist,Deephaven,2701.42151,2710.19017,2716.035944,2473.88591,2402.170719,2353.702618,2191.398584,2089.393999,1987.389414
PLDV,SIExist,Dellwood,618.414009,630.8155302,639.083211,614.666253,613.7745014,606.7743283,576.0317285,567.5552724,559.0788162
PLDV,SIExist,Denmark Twp.,1668.275926,1744.037764,1794.545656,1825.336603,1914.976444,1999.624799,1994.913082,2060.240513,2125.567944
PLDV,SIExist,Douglas Twp.,1028.000975,1050.343107,1065.237861,1027.736163,1031.044749,1037.788262,1014.987028,1012.384238,1009.781449
PLDV,SIExist,Eagan,48788.93002,50105.97555,50984.00591,48158.96996,48309.96322,48594.44323,47368.0334,47083.85408,46799.67475
PLDV,SIExist,East Bethel,11423.47556,11953.79605,12307.34305,13136.91726,14440.57024,15820.76649,16947.93562,18052.82763,19157.71964
PLDV,SIExist,Eden Prairie,45545.66356,47498.26628,48800.00143,46356.9331,47829.86412,49445.8638,48430.25054,49007.16793,49584.08532
PLDV,SIExist,Edina,31415.92966,32468.06623,33169.49061,30961.08839,31575.38238,31648.3613,30083.73561,29817.29679,29550.85798
PLDV,SIExist,Elko New Market,3456.690982,3926.44967,4239.622128,5114.477602,5998.331166,7120.872495,8097.531915,9025.700102,9953.868288
PLDV,SIExist,Empire Twp.,1469.45144,1612.42772,1707.74524,1841.990366,2029.86935,2212.896951,2319.40395,2489.394452,2659.384954
PLDV,SIExist,Eureka Twp.,1716.519596,1755.663756,1781.759862,1763.272829,1810.362854,1858.183075,1850.236769,1876.980204,1903.723638
PLDV,SIExist,Excelsior,1325.025859,1351.668276,1369.429888,1289.355246,1292.157623,1257.436031,1162.782922,1130.334335,1097.885748
PLDV,SIExist,Falcon Heights,3107.771205,3141.956462,3164.746633,3000.065424,2933.373888,2867.762332,2776.456324,2710.193348,2643.930372
PLDV,SIExist,Farmington,14461.30606,15253.46249,15781.56678,16078.62802,16928.56895,17847.52244,18193.9949,18940.53266,19687.07043
PLDV,SIExist,Forest Lake,15037.02204,15986.46848,16619.43277,16508.65733,17834.60244,19126.85293,19366.77409,20232.7245,21098.67491
PLDV,SIExist,Fort Snelling UT,130.6900955,131.5888525,132.1880239,162.458761,197.9651742,233.3511097,253.4270472,277.9744375,302.5218278
PLDV,SIExist,Fridley,18804.29308,19410.17216,19814.09155,19564.66951,20103.53412,20004.53527,19665.35295,19837.56492,20009.7769
PLDV,SIExist,Gem Lake,292.791398,315.4836024,330.6117386,336.9901311,352.5672326,359.6674094,362.7250454,376.7117749,390.6985044
PLDV,SIExist,Golden Valley,13924.95846,14138.95449,14281.61851,13435.60861,13232.78261,13018.30652,12246.37489,11910.65818,11574.94146
PLDV,SIExist,Grant,3217.234798,3242.344751,3259.08472,3119.246094,3100.489031,3079.241813,2936.03372,2879.793504,2823.553289
PLDV,SIExist,Greenfield,2588.363448,2707.571431,2787.04342,2818.244044,3003.99037,3181.205686,3180.260984,3298.640491,3417.019998
PLDV,SIExist,Greenvale Twp.,412.7290161,423.6695065,430.9631667,427.4084432,439.6595503,434.4376144,417.492711,418.4454499,419.3981889
PLDV,SIExist,Greenwood,703.5324484,709.3598193,713.2447332,644.6776229,621.2296262,604.5365536,559.0302511,530.1298117,501.2293722
PLDV,SIExist,Grey Cloud Island Twp.,228.9094357,232.0441733,234.1339984,217.0492741,209.1738795,202.0884935,187.5862305,179.3215894,171.0569484
PLDV,SIExist,Ham Lake,12243.29417,12694.14626,12994.71432,13028.88541,13596.71799,13846.29162,13920.5603,14256.01353,14591.46676
PLDV,SIExist,Hamburg,403.7625057,408.4088411,411.5063981,403.8125413,407.2660729,409.4966002,394.5766865,392.7395227,390.9023588
PLDV,SIExist,Hampton,490.9951542,499.4670964,505.1150578,488.5647581,491.291143,494.7897286,484.1794412,482.8162986,481.453156
PLDV,SIExist,Hampton Twp.,767.9753258,788.2652932,801.7919381,789.3238956,806.6172272,833.2484104,834.4567829,847.7530743,861.0493657
PLDV,SIExist,Hancock Twp.,262.2982702,269.5218673,274.3375987,275.3267327,283.3155289,281.5289126,268.3121468,269.5149222,270.7176975
PLDV,SIExist,Hanover,2359.814772,2446.019317,2503.489013,2344.477622,2337.89416,2341.571584,2226.803834,2200.201646,2173.599458
PLDV,SIExist,Hastings,18143.40079,18701.04856,19072.81374,19050.67444,19719.84108,20381.99482,20421.42366,20877.02823,21332.6328
PLDV,SIExist,Hastings,18143.40079,18701.04856,19072.81374,19050.67444,19719.84108,20381.99482,20421.42366,20877.02823,21332.6328
PLDV,SIExist,Helena Twp.,1117.207152,1153.005014,1176.870256,1183.868345,1205.785143,1192.765746,1169.457605,1179.907696,1190.357786
PLDV,SIExist,Hilltop,390.7634648,411.5086924,425.3388442,421.1074985,434.5541971,447.7315491,454.9943666,467.8405469,480.6867272
PLDV,SIExist,Hollywood Twp.,897.6038436,911.6717464,921.0503482,925.8742708,954.0924779,947.7091141,902.8886123,903.9455661,905.0025198
PLDV,SIExist,Hopkins,11963.7614,12320.29237,12557.97968,11655.82448,11525.88033,11386.11013,10686.17382,10430.65631,10175.13879
PLDV,SIExist,Hugo,12441.17613,13509.60078,14221.88388,15643.83801,17446.69314,19329.11144,20237.91473,21797.26245,23356.61016
PLDV,SIExist,Independence,2610.326834,2700.040463,2759.849549,2636.0868,2676.612218,2721.565989,2624.780131,2627.670791,2630.56145
PLDV,SIExist,Inver Grove Heights,27658.0089,28850.61448,29645.68486,29270.17574,30661.13888,32082.11958,32419.63396,33371.95897,34324.28398
PLDV,SIExist,Jackson Twp.,1107.728403,1115.891329,1121.33328,1088.986365,1072.90882,1038.841752,997.412936,975.3498425,953.286749
PLDV,SIExist,Jordan,5327.472872,5783.524445,6087.558827,6614.294243,7192.365461,7779.397269,8252.042429,8836.956341,9421.870252
PLDV,SIExist,Lake Elmo,7805.203872,8516.521022,8990.732455,9982.309548,11207.95953,12667.75435,13466.13373,14598.3197,15730.50567
PLDV,SIExist,Lake St. Croix Beach,676.2501378,684.6259759,690.2098679,653.1754641,642.3221527,620.564654,576.0317285,555.9880466,535.9443647
PLDV,SIExist,Lakeland,1978.283985,1983.651141,1987.229245,1852.8855,1795.932739,1748.751195,1635.930109,1567.459334,1498.988558
PLDV,SIExist,Lakeland Shores,341.7298138,343.7548859,345.1049339,333.2527878,334.0075194,335.1049131,322.5777679,318.7473588,314.9169496
PLDV,SIExist,Laketown Twp.,1220.549769,1138.812005,1084.320162,758.8862326,484.3686812,233.3644623,0,0,0
PLDV,SIExist,Lakeville,40604.65741,42740.02627,44163.60551,44291.49903,46577.29168,48715.67756,49159.58962,50870.57606,52581.56251
PLDV,SIExist,Landfall,252.332141,250.4783278,249.2424523,231.0552662,222.6716796,215.12908,199.6909992,189.1627708,178.6345425
PLDV,SIExist,Lauderdale,1807.620359,1842.594583,1865.910732,1769.955021,1731.723143,1691.57958,1636.357009,1602.104339,1567.851669
PLDV,SIExist,Lexington,1134.861846,1151.500443,1162.592841,1129.676274,1145.919418,1169.21896,1177.608147,1186.157407,1194.706667
PLDV,SIExist,Lilydale,886.4928341,1004.40104,1083.00651,1008.724275,978.1264504,951.1232049,899.7030443,902.3450864,904.9871284
PLDV,SIExist,Lino Lakes,13032.21204,13696.39244,14139.17937,15061.17435,16245.50463,17252.32747,18050.67432,19054.36678,20058.05923
PLDV,SIExist,Linwood Twp.,4801.270675,4899.368865,4964.767659,4655.509623,4562.819069,4477.315491,4343.128044,4251.499518,4159.870992
PLDV,SIExist,Little Canada,6583.231208,6682.797211,6749.174546,6587.932156,6627.302509,6498.354765,6310.128009,6255.50737,6200.88673
PLDV,SIExist,Long Lake,1597.090203,1630.531558,1652.825795,1569.575119,1585.378006,1568.49024,1474.200041,1449.622008,1425.043976
PLDV,SIExist,Loretto,611.000045,617.1892652,621.315412,571.614159,560.4871739,554.8302147,521.7615677,503.9138723,486.0661768
PLDV,SIExist,Louisville Twp.,555.8724112,561.3492345,565.0004501,548.343912,539.9037953,522.7607362,501.9131352,491.12128,480.3294248
PLDV,SIExist,Mahtomedi,4434.356877,4505.823478,4553.467878,4255.675128,4134.484958,4028.498879,3771.023712,3638.357079,3505.690446
PLDV,SIExist,Maple Grove,41920.07436,43883.61677,45192.64504,42829.56245,44457.0758,46262.71783,45373.3521,46064.00764,46754.66319
PLDV,SIExist,Maple Plain,1323.038479,1355.628289,1377.354829,1323.738052,1351.519565,1396.479439,1366.518392,1375.214374,1383.910357
PLDV,SIExist,Maplewood,25991.50287,27046.64516,27750.07335,26431.05374,27121.66986,27647.86915,26836.83581,27005.90239,27174.96898
PLDV,SIExist,Marine on St. Croix,771.4154024,797.4648174,814.831094,823.1343858,858.5706107,880.1675342,864.0475927,882.5740308,901.1004688
PLDV,SIExist,Marshan Twp.,967.6202488,993.2028047,1010.257842,982.5726707,993.113337,1006.939628,991.5154526,996.2944934,1001.073534
PLDV,SIExist,May Twp.,2508.078489,2580.853951,2629.370925,2640.631614,2740.574518,2835.921367,2807.084903,2866.886186,2926.687469
PLDV,SIExist,Mayer,1937.434215,2072.980738,2163.345086,2338.884664,2557.779834,2741.272714,2791.639569,2962.480639,3133.32171
PLDV,SIExist,Medicine Lake,157.40048,159.9614757,161.6688062,146.1269279,140.8120486,137.0282855,126.7135236,120.5761323,114.438741
PLDV,SIExist,Medina,3459.769868,3762.579132,3964.451975,4003.985269,4263.706001,4558.936096,4594.71622,4821.70549,5048.69476
PLDV,SIExist,Mendota,240.7585927,250.9347394,257.7188372,266.7135371,284.4855913,301.7801084,309.25386,322.9529134,336.6519669
PLDV,SIExist,Mendota Heights,8436.120067,8716.506899,8903.431453,8334.210118,8121.604785,7936.478835,7544.387321,7366.040772,7187.694223
PLDV,SIExist,Miesville,214.007638,223.0531017,229.0834109,213.3708297,206.8986119,201.1867389,190.3100677,185.5705536,180.8310396
PLDV,SIExist,Minneapolis,197533.4062,205032.1791,210031.361,198190.8186,200082.9488,202093.0669,195313.1989,194869.1574,194425.1159
PLDV,SIExist,Minnetonka,36423.99523,37534.11102,38274.18822,36043.92314,36854.25348,37433.68832,36004.68778,35920.82629,35836.9648
PLDV,SIExist,Minnetonka Beach,191.2654317,190.62533,190.1985955,171.9140328,165.6612337,165.2399913,156.5284703,149.581078,142.6336857
PLDV,SIExist,Minnetrista,5809.508624,6293.780694,6616.628741,6983.148011,7695.295626,8581.517286,8946.272915,9573.625773,10200.97863
PLDV,SIExist,Mound,9862.781412,10008.29696,10105.30732,9416.490019,9346.363183,9237.934929,8674.527214,8436.876374,8199.225534
PLDV,SIExist,Mounds View,7893.519687,7972.57711,8025.282059,7684.007977,7587.860007,7416.713753,7179.193609,7036.328393,6893.463178
PLDV,SIExist,New Brighton,12367.01523,12636.95984,12816.92292,11834.22338,11896.12317,11978.82498,11494.57428,11320.08609,11145.5979
PLDV,SIExist,New Germany,324.3537101,349.2531349,365.8527515,414.8397707,469.7962961,502.985819,511.8005876,549.2899631,586.7793386
PLDV,SIExist,New Hope,13553.14895,13774.92765,13922.78012,12919.3202,12775.87776,12784.34108,12185.51706,11911.99068,11638.4643
PLDV,SIExist,New Market Twp.,2860.011753,2897.923211,2923.197516,2806.312154,2733.554088,2646.758108,2541.205887,2477.444713,2413.68354
PLDV,SIExist,New Prague,5332.700124,5589.293741,5760.356152,6131.6132,6558.143914,6871.85324,7098.933906,7452.180663,7805.427419
PLDV,SIExist,New Trier,88.47635452,93.67304847,97.13751111,90.47495521,87.73056125,85.3085739,80.69657354,79.14061734,77.58466114
PLDV,SIExist,Newport,2375.423877,2457.785105,2512.69259,2566.236896,2701.423453,2795.023201,2766.268941,2844.437953,2922.606966
PLDV,SIExist,Nininger Twp.,975.0450036,980.7259395,984.5132301,939.9112054,933.6299861,910.1304856,863.0788129,840.6855747,818.2923366
PLDV,SIExist,North Oaks,3220.999937,3306.430413,3363.384063,3299.088601,3334.0597,3316.486759,3266.079945,3275.095946,3284.111948
PLDV,SIExist,North St. Paul,9016.504664,9245.706791,9398.508209,9089.664275,9063.892818,9027.273083,8900.681751,8877.517168,8854.352585
PLDV,SIExist,Northfield,11132.50536,11334.0951,11468.48826,11038.73987,11049.93761,11046.66087,10734.91514,10655.3971,10575.87906
PLDV,SIExist,Norwood Young America,3628.569226,3960.132272,4181.174303,5082.173687,6027.312481,6640.37088,6912.631313,7569.44373,8226.256147
PLDV,SIExist,Nowthen,4309.226498,4447.560558,4539.783264,4602.483324,4849.624839,5065.762669,5211.753653,5392.259084,5572.764515
PLDV,SIExist,Oak Grove,7407.484625,7696.251757,7888.763179,7993.540962,8418.986159,8838.67999,9133.932364,9479.221912,9824.51146
PLDV,SIExist,Oak Park Heights,3376.513025,3518.850209,3613.741665,3517.625998,3551.490942,3560.268072,3424.590916,3434.206494,3443.822073
PLDV,SIExist,Oakdale,17332.52319,17695.7512,17937.9032,16249.67461,16249.99886,16222.54161,15365.8424,14972.50624,14579.17008
PLDV,SIExist,Orono,5174.469233,5357.446496,5479.431338,5228.851264,5304.804024,5409.634896,5231.181478,5242.523927,5253.866376
PLDV,SIExist,Osseo,1737.128934,1807.513357,1854.436306,1740.629582,1739.442953,1753.156005,1677.090753,1665.083117,1653.075481
PLDV,SIExist,Pine Springs,176.6324987,178.4982913,179.7421531,166.6263939,160.5805382,155.1411635,144.0079321,137.4830188,130.9581055
PLDV,SIExist,Plymouth,48096.64349,49528.37494,50482.86257,46278.76246,46394.22428,46608.46534,44322.32075,43567.45621,42812.59166
PLDV,SIExist,Prior Lake,16747.30809,18128.06749,19048.57376,19702.79337,21334.47815,22866.35818,24005.44527,25457.0727,26908.70014
PLDV,SIExist,Ramsey,19062.59885,20054.66166,20716.03687,21394.33883,23020.69624,24385.84427,25381.03542,26644.72274,27908.41005
PLDV,SIExist,Randolph,332.4761518,339.1655305,343.6251163,320.0562445,310.3479178,301.7801084,285.4651015,276.0628915,266.6606814
PLDV,SIExist,Randolph Twp.,492.0264891,504.9277833,513.5286461,488.0857729,482.7634277,469.4357242,444.0568246,434.4628917,424.8689588
PLDV,SIExist,Ravenna Twp.,1547.73381,1581.24385,1603.583876,1564.719418,1586.222691,1608.655633,1584.331313,1591.650814,1598.970315
PLDV,SIExist,Richfield,21652.84364,22334.33018,22788.65454,20535.77772,20768.89493,20988.89318,19994.84923,19663.25034,19331.65146
PLDV,SIExist,Robbinsdale,8573.774722,8669.32001,8733.016869,8080.789972,7967.378759,7871.366488,7388.042731,7150.896333,6913.749935
PLDV,SIExist,Rockford,3055.106219,3128.656609,3177.690202,3045.122813,3100.994226,3150.12803,3035.492854,3031.570181,3027.647508
PLDV,SIExist,Rogers,11124.23917,12054.59631,12674.83441,13405.85628,14796.86139,16336.99582,16899.1118,18054.08633,19209.06086
PLDV,SIExist,Rosemount,15163.0728,16101.45385,16727.04121,17362.27997,18801.91857,20330.77113,21153.73434,22351.86665,23549.99895
PLDV,SIExist,Roseville,22104.11996,22416.95456,22625.51096,21023.61321,20716.17428,20539.52868,19524.88946,19009.04336,18493.19726
PLDV,SIExist,San Francisco Twp.,936.8609395,963.9598599,982.0258068,961.79699,968.3023659,968.2477017,928.2201566,926.492,924.7638434
PLDV,SIExist,Sand Creek Twp.,1405.49954,1410.026453,1413.044395,1354.769654,1317.919008,1276.072361,1225.182833,1189.119491,1153.05615
PLDV,SIExist,Savage,19871.93269,21375.89789,22378.54135,22284.94286,23180.94357,23946.36802,24343.51419,25237.83049,26132.14679
PLDV,SIExist,Scandia,3382.596461,3504.192673,3585.256814,3527.947313,3596.832769,3648.837423,3548.355447,3581.507245,3614.659042
PLDV,SIExist,Sciota Twp.,142.8309905,148.193052,151.7677597,146.2479228,146.5531834,150.8900542,150.6621369,152.2283662,153.7945955
PLDV,SIExist,Shakopee,23370.29296,24651.13463,25505.02907,25085.0172,26304.62254,27452.89664,28052.98109,28989.51871,29926.05634
PLDV,SIExist,Shoreview,17149.98597,17639.97613,17966.63624,16388.62991,16094.90623,15880.85415,14984.52892,14551.43751,14118.3461
PLDV,SIExist,Shorewood,5205.663147,5276.460472,5323.658688,4906.426495,4819.085287,4762.135945,4470.751262,4323.768885,4176.786508
PLDV,SIExist,South St. Paul,11853.31792,12279.44946,12563.53715,11631.37729,11776.33977,11841.70352,11477.28142,11402.07412,11326.86682
PLDV,SIExist,Spring Lake Park,3921.523229,4019.411712,4084.6707,3910.315577,3910.987774,3964.982675,3969.619033,3979.238193,3988.857354
PLDV,SIExist,Spring Lake Park,3921.523229,4019.411712,4084.6707,3910.315577,3910.987774,3964.982675,3969.619033,3979.238193,3988.857354
PLDV,SIExist,Spring Lake Twp.,2998.176572,3085.537473,3143.778073,3190.406587,3275.416358,3213.090781,3124.966948,3150.325023,3175.683099
PLDV,SIExist,Spring Park,1328.603142,1353.09919,1369.429888,1289.355246,1292.157623,1293.708225,1229.866552,1210.119234,1190.371917
PLDV,SIExist,St. Anthony,6854.756833,7021.371132,7132.447332,6523.523565,6360.208078,6261.991134,5857.838417,5658.454734,5459.071051
PLDV,SIExist,St. Anthony,6854.756833,7021.371132,7132.447332,6523.523565,6360.208078,6261.991134,5857.838417,5658.454734,5459.071051
PLDV,SIExist,St. Bonifacius,1722.064595,1723.030701,1723.674772,1566.924778,1518.561309,1493.709068,1396.022766,1330.8144,1265.606035
PLDV,SIExist,St. Francis,7277.498733,7747.243931,8060.407397,8780.423798,9803.97724,10791.71617,11604.63132,12470.05784,13335.48435
PLDV,SIExist,St. Lawrence Twp.,348.9464963,371.870829,387.1537175,426.0447362,467.9166226,505.3353783,535.3740109,572.6595138,609.9450168
PLDV,SIExist,St. Louis Park,31406.37086,32241.42754,32798.13199,30419.08757,30560.02625,30674.10017,29255.17603,28824.93706,28394.6981
PLDV,SIExist,St. Marys Point,222.773233,227.1512668,230.069956,213.2817842,205.5430889,198.5806893,184.3301531,176.6415371,168.9529211
PLDV,SIExist,St. Paul,"143,977.08",149436.21,"153,075.63","144,124.17","145,028.45","145,927.74","141,074.59","140,494.09","139,913.59"
PLDV,SIExist,St. Paul Park,3848.06515,4019.667773,4134.069521,4255.6381,4509.101512,4738.786839,4753.701839,4934.829177,5115.956515
PLDV,SIExist,Stillwater,13160.01772,13813.00845,14248.33561,13678.7452,13635.47817,13612.7699,13043.5443,13020.24962,12996.95493
PLDV,SIExist,Stillwater Twp.,1792.56753,1828.264899,1852.063145,1810.229143,1834.472068,1841.835893,1774.177724,1770.499763,1766.821801
PLDV,SIExist,Sunfish Lake,712.7218657,720.3472269,725.4308011,693.4551965,689.6620396,687.3880247,666.0852369,656.7579111,647.4305853
PLDV,SIExist,Tonka Bay,869.9953802,887.2111704,898.6883638,831.6341335,820.0231066,810.0789818,760.2811415,738.3382938,716.395446
PLDV,SIExist,Vadnais Heights,9371.734813,9716.103997,9945.683453,9761.120072,9869.847753,9806.451271,9646.580711,9701.549891,9756.519071
PLDV,SIExist,Vermillion,301.9036321,304.0281816,305.4445479,284.4944396,275.8648158,276.631766,269.6059292,263.1463886,256.686848
PLDV,SIExist,Vermillion Twp.,1044.95917,1063.712532,1076.214774,1034.626263,1034.493059,1036.321275,1009.039838,1001.855972,994.6721053
PLDV,SIExist,Victoria,5490.563393,6071.376213,6458.584759,6973.629395,7618.747434,8250.713911,8473.336925,9069.891631,9666.446338
PLDV,SIExist,Waconia,9788.686752,10711.25833,11326.30605,13162.45044,15160.84226,15977.53915,16045.77927,17297.19777,18548.61627
PLDV,SIExist,Waconia Twp.,1048.067926,1084.405239,1108.630114,1113.686965,1146.955457,1143.601133,1093.392164,1102.457012,1111.52186
PLDV,SIExist,Waterford Twp.,281.6015683,284.4531855,286.3542636,273.3813755,271.5544281,264.0575948,249.7819638,243.4180429,237.0541221
PLDV,SIExist,Watertown,3552.928066,3753.482517,3887.185485,4216.034626,4621.838561,4809.801895,4778.744123,5023.907334,5269.070545
PLDV,SIExist,Watertown Twp.,982.5938473,994.5283457,1002.484678,947.6496011,922.5189769,891.5947586,827.2170861,796.1417338,765.0663816
PLDV,SIExist,Wayzata,2931.866357,3062.920164,3150.289369,2990.625562,3019.829909,2997.228597,2825.750806,2804.527696,2783.304586
PLDV,SIExist,West Lakeland Twp.,3165.22816,3242.60134,3294.18346,3141.059003,3111.174936,3026.098913,2827.792122,2760.304914,2692.817706
PLDV,SIExist,West St. Paul,10050.36942,10376.40008,10593.75386,9937.359818,10098.12562,10288.78943,10113.18072,10125.74298,10138.30524
PLDV,SIExist,White Bear Lake,16714.57627,16955.91333,17116.80471,16296.07388,16150.76082,15963.32491,15133.66057,14817.47743,14501.2943
PLDV,SIExist,White Bear Lake,16714.57627,16955.91333,17116.80471,16296.07388,16150.76082,15963.32491,15133.66057,14817.47743,14501.2943
PLDV,SIExist,White Bear Twp.,8532.970481,8740.215245,8878.378421,8582.999986,8555.187925,8469.691969,8302.517201,8256.426545,8210.335889
PLDV,SIExist,Willernie,215.323427,218.4195955,220.4837078,204.3950432,196.9787935,190.3064939,176.6497301,168.9149907,161.1802513
PLDV,SIExist,Woodbury,41000.23685,43188.34248,44647.07957,42594.65716,43789.91554,45043.22006,44205.26226,44846.26735,45487.27243
PLDV,SIExist,Woodland,338.8067917,344.5657187,348.4050034,314.9114168,303.4575651,295.3033513,273.0744827,259.9280209,246.7815591
PLDV,SIExist,Young America Twp.,572.4362557,573.0753993,573.5014951,552.1956198,532.0562251,527.5942993,527.0197708,517.9364739,508.8531769
PLDV,CIExist,Afton,30.07356575,30.34585453,30.52738039,28.88490115,30.61881476,32.92823588,34.85842412,35.8153958,36.77236747
PLDV,CIExist,Andover,316.3714281,332.9837116,344.0585673,369.7078225,412.9456393,460.3426168,522.6795751,563.9412045,605.202834
PLDV,CIExist,Anoka,170.4185479,183.049668,191.4704147,203.1659931,208.3807152,212.3028195,225.2906931,236.2651221,247.2395511
PLDV,CIExist,Apple Valley,498.6172095,539.0976649,566.0846352,596.0567894,609.4768382,616.8361474,640.7189218,669.1392642,697.5596066
PLDV,CIExist,Arden Hills,81.07961683,82.21425392,82.97067864,93.04218288,107.1387869,115.8991371,128.6489834,138.1628567,147.6767301
PLDV,CIExist,Bayport,20.2432713,21.27851356,21.96867507,21.41290393,23.331516,25.47803876,27.36770972,28.79259741,30.2174851
PLDV,CIExist,Baytown Twp.,19.25191284,19.59491649,19.82358559,18.99815626,20.38243276,22.15904762,23.70308763,24.59332258,25.48355754
PLDV,CIExist,Belle Plaine,80.78716026,82.9794983,84.441057,91.23660031,109.2370401,133.1580809,161.987048,178.2270255,194.4670031
PLDV,CIExist,Belle Plaine Twp.,9.946813575,9.727054439,9.580548349,8.8832644,9.314661007,10.03996204,10.95347291,11.15480477,11.35613664
PLDV,CIExist,Benton Twp.,10.33032445,9.951202623,9.698454738,8.640768433,9.020105227,9.747387735,10.29598684,10.28911932,10.2822518
PLDV,CIExist,Bethel,5.064090991,5.400220326,5.624306549,6.240696844,6.664000775,6.743461589,7.109955769,7.519128724,7.92830168
PLDV,CIExist,Birchwood Village,7.852939617,7.742614699,7.669064753,7.085355544,7.337675793,7.7616556,8.084000411,8.13021257,8.176424729
PLDV,CIExist,Blaine,591.3328534,616.2668841,632.8895712,673.0290368,742.0282072,809.7064663,905.7114855,968.587212,1031.462938
PLDV,CIExist,Blaine,591.3328534,616.2668841,632.8895712,673.0290368,742.0282072,809.7064663,905.7114855,968.587212,1031.462938
PLDV,CIExist,Blakeley Twp.,6.921324446,6.753064867,6.640891814,6.175777272,6.494792929,6.978711935,7.590042367,7.723785951,7.857529535
PLDV,CIExist,Bloomington,789.3318625,854.7859042,898.421932,923.3981077,907.6610072,885.6762801,877.724964,895.4035843,913.0822046
PLDV,CIExist,Brooklyn Center,227.4617013,251.1560906,266.9523501,279.7109071,276.062992,272.3572852,273.2556958,282.4144947,291.5732936
PLDV,CIExist,Brooklyn Park,663.3524086,738.8404681,789.1658411,824.6880859,813.4336637,792.8543214,788.4162456,813.429013,838.4417804
PLDV,CIExist,Burnsville,557.2110343,602.6366566,632.9204048,663.7910848,653.4486011,635.7232569,641.0170137,657.7782096,674.5394055
PLDV,CIExist,Camden Twp.,10.15481259,9.829186865,9.612103048,8.603387405,9.022510588,9.721394701,10.23832932,10.25503266,10.27173601
PLDV,CIExist,Carver,49.75139536,55.63539484,59.55806116,72.11035598,95.22607089,130.848933,167.7309857,191.3269038,214.9228218
PLDV,CIExist,Castle Rock Twp.,17.59009401,17.63761598,17.6692973,16.98676872,17.42354366,17.98305638,18.67807803,18.89567483,19.11327164
PLDV,CIExist,Cedar Lake Twp.,35.99349662,36.49004334,36.82107449,36.48451922,40.71343724,46.35217896,53.24604885,56.69655929,60.14706974
PLDV,CIExist,Centerville,39.43613248,41.73531059,43.26809599,45.29168266,45.8569036,46.15478758,48.41218545,50.20739604,52.00260663
PLDV,CIExist,Champlin,202.6122674,233.0516246,253.3445294,266.1707315,258.5127063,245.740365,238.4889396,245.6642741,252.8396085
PLDV,CIExist,Chanhassen,266.6454286,288.3223093,302.7735631,328.7565499,353.2515088,376.0671706,401.6152637,428.6092308,455.6031978
PLDV,CIExist,Chanhassen,266.6454286,288.3223093,302.7735631,328.7565499,353.2515088,376.0671706,401.6152637,428.6092308,455.6031978
PLDV,CIExist,Chaska,267.6926263,287.5002731,300.705371,322.9923349,350.5722843,377.002608,403.9609446,431.2146083,458.468272
PLDV,CIExist,Circle Pines,42.10963825,44.34491167,45.83509395,47.79885073,48.21951081,48.15191398,50.12085082,51.72309333,53.32533584
PLDV,CIExist,Coates,1.903820482,1.925642884,1.940191152,1.863450331,1.909526738,1.970846324,2.047016962,2.075656258,2.104295554
PLDV,CIExist,Cologne,23.13094389,24.71835189,25.77662389,28.33769481,35.2084774,45.00044004,54.87760988,61.22694308,67.57627628
PLDV,CIExist,Columbia Heights,162.305589,166.0065754,168.4738996,176.7898843,180.8821163,179.8528218,187.2015414,192.1807319,197.1599224
PLDV,CIExist,Columbus,51.5391076,55.52099778,58.17559124,66.01648358,71.84558285,76.01965013,83.49678102,89.8883157,96.27985039
PLDV,CIExist,Coon Rapids,607.7781262,639.7436877,661.0540621,710.434759,733.0599855,741.4691995,784.7399772,820.1323474,855.5247176
PLDV,CIExist,Corcoran,62.79455262,68.20946044,71.81939898,82.42780819,98.56357557,117.4201908,135.2791831,149.7761092,164.2730353
PLDV,CIExist,Cottage Grove,310.1745768,347.7608918,372.8184351,407.198481,418.3638402,429.2633346,448.1414956,475.7348793,503.3282631
PLDV,CIExist,Credit River Twp.,77.71984232,77.0633418,76.62567478,74.2459595,81.20401394,90.36747769,101.6693616,106.4592655,111.2491693
PLDV,CIExist,Crystal,205.3092807,202.515337,200.6527078,188.3990573,192.8736578,197.2717382,199.6600697,198.5302275,197.4003853
PLDV,CIExist,Dahlgren Twp.,15.50585156,14.55065263,13.91385334,11.08860961,10.20560477,10.10943357,9.707644739,8.548003376,7.388362013
PLDV,CIExist,Dayton,64.46958478,70.27497716,74.14523874,85.8671668,103.321214,126.0944192,147.9024906,164.5890717,181.2756529
PLDV,CIExist,Deephaven,38.94076072,39.11066347,39.22393197,37.37719431,38.29358763,39.64764432,40.45391213,40.75654241,41.05917269
PLDV,CIExist,Dellwood,8.881958194,8.878522689,8.876232352,8.508167103,9.12963134,9.881737453,10.5260422,10.854859,11.18367581
PLDV,CIExist,Denmark Twp.,23.96057789,24.53890743,24.92446045,25.26618105,28.48444978,32.56526578,36.45378935,38.95243165,41.45107394
PLDV,CIExist,Douglas Twp.,14.801127,15.03903382,15.19763837,15.11969558,16.02966017,17.12540292,18.39072298,19.10864218,19.82656138
PLDV,CIExist,Eagan,705.7191609,733.9795103,752.8197433,768.7145303,784.3101007,791.3722044,816.1881768,838.28198,860.3757832
PLDV,CIExist,East Bethel,165.8547622,179.9668896,189.3749746,221.6352104,247.2795426,273.1712111,311.1558498,340.2160673,369.2762848
PLDV,CIExist,Eden Prairie,659.6471551,697.803064,723.2403366,746.4437494,774.4208278,791.8276413,812.544069,843.1234518,873.7028346
PLDV,CIExist,Edina,455.8662291,482.0122029,499.4428521,511.1933844,520.0229364,511.7094817,507.5746414,517.9163239,528.2580063
PLDV,CIExist,Elko New Market,49.54065761,54.41334463,57.66180265,67.21213176,84.89076405,111.8372797,144.0619806,162.9662452,181.8705098
PLDV,CIExist,Empire Twp.,21.15711747,23.0813818,24.36422468,27.09871911,31.55839346,36.51684385,42.02567557,46.19938719,50.3730988
PLDV,CIExist,Eureka Twp.,24.71439732,25.13786912,25.42018365,25.94065419,28.14572438,30.66341664,33.52475544,35.28682706,37.04889869
PLDV,CIExist,Excelsior,19.10013477,19.50611736,19.77677242,19.48047861,20.59859891,21.18125551,21.46534113,21.9383824,22.41142367
PLDV,CIExist,Falcon Heights,44.72465969,44.73477804,44.7415236,43.97688481,45.07145845,45.95467393,48.23777535,48.94039848,49.64302162
PLDV,CIExist,Farmington,208.213448,218.3777677,225.1539808,236.5431614,263.1885838,294.5167373,329.6600951,353.9494246,378.238754
PLDV,CIExist,Forest Lake,219.3984053,248.9219536,268.6043191,301.9774586,323.9042463,342.9475831,366.1356205,395.4830636,424.8305066
PLDV,CIExist,Fort Snelling UT,1.883886582,1.898959369,1.909007893,2.454540305,3.155810987,3.930752224,4.678343579,5.237234978,5.796126378
PLDV,CIExist,Fridley,271.4733647,281.1560367,287.6111513,305.9639546,320.2206039,319.0189931,331.5948715,343.6191729,355.6434743
PLDV,CIExist,Gem Lake,4.213629245,4.489860636,4.674014897,4.939817666,5.4172158,5.763517547,6.30193571,6.719597003,7.137258296
PLDV,CIExist,Golden Valley,199.2434608,192.2941339,187.6612493,170.8518593,179.2011976,188.3610291,194.5482845,193.6092492,192.6702139
PLDV,CIExist,Grant,46.20746709,45.64226068,45.26545641,43.17638535,46.11843887,50.14757173,53.6512371,55.13999111,56.62874511
PLDV,CIExist,Greenfield,37.3110384,39.0740519,40.24939424,42.57999725,47.88734106,53.58676607,58.70862531,62.98814269,67.26766007
PLDV,CIExist,Greenvale Twp.,5.942459912,6.066088117,6.148506921,6.287883782,6.835390207,7.16901459,7.564621602,7.88905394,8.213486278
PLDV,CIExist,Greenwood,10.14136025,10.23678548,10.3004023,9.740239307,9.903172554,10.18329592,10.31987554,10.3555786,10.39128166
PLDV,CIExist,Grey Cloud Island Twp.,3.287706954,3.266216283,3.251889169,3.004380807,3.111371361,3.291150172,3.427833018,3.455858231,3.483883443
PLDV,CIExist,Ham Lake,177.7575163,191.0740036,199.9516618,219.8125864,232.8294623,239.0786978,255.5747124,271.1381516,286.7015909
PLDV,CIExist,Hamburg,5.780283767,5.617339446,5.508709898,5.150212285,5.630056391,6.348524332,6.98523936,7.226230478,7.467221597
PLDV,CIExist,Hampton,7.069333406,7.15158793,7.20642428,7.187594134,7.638106952,8.164934771,8.772929836,9.113649122,9.454368408
PLDV,CIExist,Hampton Twp.,11.05728555,11.2863638,11.43908264,11.61225755,12.54048386,13.75012157,15.1196647,15.93214053,16.74461636
PLDV,CIExist,Hancock Twp.,3.755074856,3.705513901,3.672473265,3.511508376,3.916560967,4.364610478,4.749962765,4.948940346,5.147917928
PLDV,CIExist,Hanover,34.01652871,35.29925873,36.15441208,35.42200361,37.26893938,39.44329952,41.10750424,42.52569935,43.94389446
PLDV,CIExist,Hastings,261.2281368,267.7571711,272.1098607,280.2668706,306.5845119,336.3401635,370.0192566,391.7774805,413.5357045
PLDV,CIExist,Hastings,261.2281368,267.7571711,272.1098607,280.2668706,306.5845119,336.3401635,370.0192566,391.7774805,413.5357045
PLDV,CIExist,Helena Twp.,16.01160685,16.00839398,16.00625207,15.55785779,17.06475005,18.73305223,20.80564555,21.76445329,22.72326102
PLDV,CIExist,Hilltop,5.673403091,6.196213645,6.544754015,7.104577672,7.441282532,7.730811877,8.353475136,8.889489545,9.425503954
PLDV,CIExist,Hollywood Twp.,12.8501405,12.53794726,12.32981843,11.80857095,13.18939831,14.69256245,15.98394758,16.61070899,17.23747041
PLDV,CIExist,Hopkins,172.4566004,177.7971074,181.3574454,176.1043283,183.7368615,191.7967212,197.2701543,202.232865,207.1955758
PLDV,CIExist,Hugo,178.6861304,189.9911746,197.5278707,216.540907,259.5120457,314.7878799,369.8149494,408.0407131,446.2664769
PLDV,CIExist,Independence,37.62763873,38.96505807,39.85667096,39.82783852,42.66852632,45.84422838,48.45427278,50.61959959,52.7849264
PLDV,CIExist,Inver Grove Heights,400.5939702,425.6070199,442.2823863,475.5768203,503.0141688,523.796059,557.3741085,588.7301362,620.0861639
PLDV,CIExist,Jackson Twp.,15.87575917,15.50085006,15.25091066,14.31096208,15.18423157,16.31558993,17.74482454,18.11863761,18.49245069
PLDV,CIExist,Jordan,76.35235862,80.21795784,82.79502398,86.92203794,101.7892114,122.1797791,146.8108541,160.9025532,174.9942523
PLDV,CIExist,Lake Elmo,112.1020764,119.7642479,124.8723623,138.1744276,166.7135705,206.3030962,246.0716744,272.865594,299.6595136
PLDV,CIExist,Lake St. Croix Beach,9.712628377,9.636849915,9.586330941,9.041208897,9.554265355,10.1063224,10.5260422,10.68872497,10.85140773
PLDV,CIExist,Lakeland,28.41306212,27.92561155,27.6006445,25.64751095,26.71372593,28.47961651,29.89395985,30.1901394,30.48631895
PLDV,CIExist,Lakeland Shores,4.908087261,4.839134186,4.79316547,4.612861682,4.968217985,5.457414094,5.894583633,6.091882908,6.289182182
PLDV,CIExist,Laketown Twp.,17.47345014,15.69865685,14.51546133,9.678810831,6.69592478,3.617905414,0,0,0
PLDV,CIExist,Lakeville,586.7779868,628.437205,656.2100171,706.0012368,774.5663221,843.1475956,924.7944932,992.3977945,1060.001096
PLDV,CIExist,Landfall,3.624115066,3.526684397,3.461730617,3.198250766,3.312145323,3.503525097,3.649027963,3.654010543,3.658993122
PLDV,CIExist,Lauderdale,26.01388586,26.23311315,26.37926468,25.94513688,26.60802566,27.10684465,28.42984458,28.91303633,29.39622807
PLDV,CIExist,Lexington,16.47679295,17.32411377,17.88899431,19.05896442,19.62266204,20.18846302,21.62031247,22.64901637,23.67772027
PLDV,CIExist,Lilydale,12.76369706,14.37616393,15.45114185,14.83999933,15.206939,15.6952711,16.30187284,17.00950799,17.71714315
PLDV,CIExist,Lino Lakes,186.8007239,188.8262658,190.1766271,200.1342772,229.5774519,259.9454638,298.5197978,320.8636126,343.2074274
PLDV,CIExist,Linwood Twp.,69.70852277,73.71959385,76.39364124,78.54391061,78.13346659,77.30811877,79.73771721,81.7435561,83.74939498
PLDV,CIExist,Little Canada,94.74081457,95.14609409,95.41628044,96.57013853,101.8288841,104.1333764,109.6313076,112.6094062,115.5875048
PLDV,CIExist,Long Lake,23.0219191,23.530447,23.8694656,23.71423596,25.27289636,26.4209007,27.2141998,28.05265594,28.89111208
PLDV,CIExist,Loretto,8.807513547,8.906682355,8.972794894,8.636345518,8.934862349,9.346002697,9.631883839,9.796757898,9.961631956
PLDV,CIExist,Louisville Twp.,7.966660873,7.797303242,7.684398155,7.206085574,7.640932858,8.210249336,8.929461608,9.122021755,9.314581902
PLDV,CIExist,Mahtomedi,63.68835735,63.42123625,63.24315551,58.90675622,61.49868292,65.60687622,68.90932005,69.9535126,70.99770514
PLDV,CIExist,Maple Grove,608.1507142,658.1397601,691.4657907,725.8739102,757.6085318,782.961591,810.5114365,850.9835809,891.4557254
PLDV,CIExist,Maple Plain,19.07148686,19.56332754,19.89122133,19.99995804,21.54490207,23.52341357,25.22636244,26.45733755,27.68831267
PLDV,CIExist,Maplewood,375.4997367,395.3163852,408.5274842,421.0986839,442.3366981,455.5058216,470.9296473,490.0156294,509.1016116
PLDV,CIExist,Marine on St. Croix,11.07943749,11.22209275,11.31719625,11.39376836,12.77086803,14.33413393,15.7890633,16.73098847,17.67291363
PLDV,CIExist,Marshan Twp.,13.93176713,14.22065333,14.41324413,14.45526606,15.43994023,16.61634409,17.96543751,18.77217159,19.57890567
PLDV,CIExist,May Twp.,36.02222453,36.32050339,36.51935596,36.55143733,40.76486552,46.18493084,51.29490737,54.34944394,57.40398051
PLDV,CIExist,Mayer,27.73640292,28.47058333,28.96003694,29.83006047,35.35881249,42.49861053,49.42073685,53.75760364,58.09447043
PLDV,CIExist,Medicine Lake,2.268914497,2.308420512,2.334757855,2.207787576,2.244719112,2.308213741,2.33917179,2.353223248,2.367274707
PLDV,CIExist,Medina,49.87228763,54.30075673,57.25306946,60.49500296,67.9687743,76.79435603,84.81991707,91.80944296,98.79896885
PLDV,CIExist,Mendota,3.466434949,3.592682775,3.676847993,3.923796432,4.422899546,4.979923304,5.603423409,6.030821101,6.458218793
PLDV,CIExist,Mendota Heights,121.463002,124.7998022,127.0243356,122.6099893,126.2666483,130.966405,136.69804,139.7450476,142.7920552
PLDV,CIExist,Miesville,3.08127551,3.1934958,3.268309327,3.139037146,3.216654215,3.319948869,3.448260559,3.521657569,3.595054579
PLDV,CIExist,Minneapolis,2850.910408,2951.365229,3018.33511,3025.892199,3089.081023,3095.824579,3121.035376,3175.060369,3229.085362
PLDV,CIExist,Minnetonka,527.3523737,554.4339987,572.4884154,586.6475582,610.0458412,622.6707751,635.1895633,656.7570012,678.3244391
PLDV,CIExist,Minnetonka Beach,2.757074889,2.750894324,2.746773947,2.597397148,2.640846014,2.783434217,2.889565152,2.916063204,2.942561257
PLDV,CIExist,Minnetrista,83.74357143,90.83029181,95.55477207,105.5062722,122.6725791,144.5539222,165.1510323,181.4325244,197.7140166
PLDV,CIExist,Mound,142.171153,144.4306058,145.9369077,142.2709009,148.9926485,155.6111446,160.1345205,163.727194,167.3198675
PLDV,CIExist,Mounds View,113.5974814,113.513323,113.4572174,112.6371215,116.5879053,118.8496893,124.7303354,126.9569062,129.183477
PLDV,CIExist,New Brighton,179.3212249,187.4427547,192.8571079,195.6973595,196.7917644,195.1058149,195.9963663,199.3313946,202.6664228
PLDV,CIExist,New Germany,4.643463567,4.79592055,4.897558539,5.290853217,6.494475763,7.797910188,9.060468423,9.943869394,10.82727037
PLDV,CIExist,New Hope,194.9065581,194.1209235,193.5971671,185.2012469,190.8878405,196.9357707,201.5339817,202.8594664,204.1849512
PLDV,CIExist,New Market Twp.,40.98916094,40.25017309,39.75751452,36.87927427,38.6863427,41.56881436,45.2102143,46.05442497,46.89863564
PLDV,CIExist,New Prague,76.42727462,77.57781418,78.34484056,80.57886385,92.8134563,107.9262932,126.2960726,136.2698322,146.2435918
PLDV,CIExist,New Trier,1.273879881,1.341062446,1.385850823,1.331035951,1.36394767,1.407747374,1.462154973,1.499809991,1.537465009
PLDV,CIExist,Newport,34.11697546,34.58607591,34.89880954,35.52167088,40.18251029,45.51887607,50.54906209,53.83547942,57.12189675
PLDV,CIExist,Nininger Twp.,14.03866852,14.04303646,14.04594842,13.82764547,14.51515214,15.01881631,15.63827214,15.95819287,16.27811359
PLDV,CIExist,North Oaks,46.35416076,47.07151738,47.54975512,48.36015849,51.22801898,53.14529238,56.74442969,58.82248347,60.90053726
PLDV,CIExist,North St. Paul,129.75862,131.6261479,132.8711665,133.2421339,139.2672343,144.6582188,154.6392367,159.6153601,164.5914834
PLDV,CIExist,Northfield,160.285476,162.2860318,163.6197357,162.3980867,171.79346,182.2900925,194.5077575,201.3522138,208.1966701
PLDV,CIExist,Norwood Young America,51.9467744,54.36196831,55.97209759,64.81788127,83.32171868,102.9472676,122.3751579,136.4608346,150.5465113
PLDV,CIExist,Nowthen,62.56464879,66.93846422,69.85434118,77.64929471,83.04471306,87.46861438,95.68526065,102.309383,108.9335054
PLDV,CIExist,Oak Grove,107.5475318,115.8503779,121.3856087,134.8604165,144.166263,152.6141555,167.694553,179.7239572,191.7533614
PLDV,CIExist,Oak Park Heights,48.49509728,49.51281282,50.19128985,48.690732,52.82689804,57.98141534,62.57882461,65.39557008,68.21231554
PLDV,CIExist,Oakdale,254.1770106,283.5937558,303.2049193,315.0776254,310.4949733,305.751222,305.6583298,315.9545936,326.2508574
PLDV,CIExist,Orono,74.58953276,77.31489949,79.13181064,79.00113297,84.56517108,91.12420518,96.56926737,100.9652143,105.3611612
PLDV,CIExist,Osseo,25.04056545,26.08485377,26.78104599,26.29864613,27.72888315,29.53155816,30.95962663,32.14343886,33.3272511
PLDV,CIExist,Pine Springs,2.536880546,2.512616428,2.496440349,2.306430841,2.388566339,2.526580599,2.63151055,2.650436551,2.669362552
PLDV,CIExist,Plymouth,697.3269119,737.0658166,763.5584197,768.8818724,776.3814363,775.2439474,776.9497597,792.8743293,808.7988988
PLDV,CIExist,Prior Lake,243.9561182,274.4912627,294.8480257,340.0624936,360.1113339,371.8551935,403.2824364,435.1477001,467.0129637
PLDV,CIExist,Ramsey,277.1980997,303.0336604,320.2573676,366.3418641,393.0384399,410.3527824,447.5977996,481.6777396,515.7576796
PLDV,CIExist,Randolph,4.786981596,4.856271032,4.90246399,4.708555718,4.824981322,4.979923304,5.172390839,5.249472688,5.326554536
PLDV,CIExist,Randolph Twp.,7.084182534,7.229549058,7.326460074,7.18054747,7.505526501,7.746547362,8.045941305,8.238293059,8.430644814
PLDV,CIExist,Ravenna Twp.,22.28422467,22.64058904,22.87816529,23.01960573,24.66101565,26.54575783,28.70676916,29.99127805,31.27578695
PLDV,CIExist,Richfield,317.2536336,347.1941464,367.1544882,376.1770739,362.3243726,345.072287,336.2352916,340.0316232,343.8279548
PLDV,CIExist,Robbinsdale,123.5902315,125.1073871,126.1188241,122.0902127,127.0099225,132.5915757,136.3856094,138.944685,141.5037606
PLDV,CIExist,Rockford,44.03909563,45.15021589,45.89096273,46.00783999,49.43370312,53.06326923,56.03615976,58.43557259,60.83498541
PLDV,CIExist,Rogers,160.3549591,173.9689931,183.0450158,202.5450296,235.880366,275.1933889,311.9629577,342.2845574,372.6061572
PLDV,CIExist,Rosemount,219.0662118,234.4999869,244.7891703,270.8652357,302.4625348,334.2243195,372.0874514,402.6916993,433.2959473
PLDV,CIExist,Roseville,317.6560742,313.9846365,311.5370113,297.5251827,304.9317115,310.1485298,315.3330674,314.8684661,314.4038647
PLDV,CIExist,San Francisco Twp.,13.412147,13.25250571,13.14607818,12.26672817,13.38583616,15.01097711,16.432395,17.0364446,17.64049421
PLDV,CIExist,Sand Creek Twp.,20.14336018,19.58837461,19.21838423,17.80376484,18.65171303,20.04142915,21.79704475,22.12778166,22.45851857
PLDV,CIExist,Savage,288.3314026,320.3419853,341.6823738,373.9247831,393.2729766,406.5714107,437.5330014,467.3733212,497.213641
PLDV,CIExist,Scandia,48.5824705,49.3103863,49.7956635,48.83359891,53.50133819,59.42382818,64.84041996,68.09200986,71.34359975
PLDV,CIExist,Sciota Twp.,2.056476289,2.121743473,2.165254929,2.151548377,2.278463402,2.489961652,2.729872943,2.864552274,2.999231604
PLDV,CIExist,Shakopee,344.7897068,407.82337,449.8458122,513.9715638,519.2586253,524.9797286,560.84592,604.0571627,647.2684053
PLDV,CIExist,Shoreview,247.8926347,256.7153813,262.5972123,256.9375333,257.2152901,255.0501573,254.5898572,255.9293017,257.2687462
PLDV,CIExist,Shorewood,75.03919036,76.14499781,76.88220278,74.12971462,76.82221056,80.21721637,82.53148467,84.02994353,85.52840239
PLDV,CIExist,South St. Paul,174.363497,195.3575119,209.3535218,221.4175175,212.6045638,201.7656635,200.2871625,205.4718956,210.6566286
PLDV,CIExist,Spring Lake Park,56.93567596,60.48514302,62.85145439,65.97161256,66.97154279,68.46186118,72.88027353,76.06919304,79.25811255
PLDV,CIExist,Spring Lake Park,56.93567596,60.48514302,62.85145439,65.97161256,66.97154279,68.46186118,72.88027353,76.06919304,79.25811255
PLDV,CIExist,Spring Lake Twp.,42.96931364,42.84226334,42.75756314,41.92686812,46.35499267,50.46338529,55.59582013,58.12112143,60.64642273
PLDV,CIExist,Spring Park,19.151701,19.52674385,19.77677242,19.48047861,20.59859891,21.79225326,22.70372619,23.41413123,24.12453627
PLDV,CIExist,St. Anthony,98.81073524,101.3267079,103.004023,98.56194536,101.3896238,105.4819735,108.137553,110.0029166,111.8682801
PLDV,CIExist,St. Anthony,98.81073524,101.3267079,103.004023,98.56194536,101.3896238,105.4819735,108.137553,110.0029166,111.8682801
PLDV,CIExist,St. Bonifacius,24.82341429,24.86494906,24.8926389,23.67419276,24.20775513,25.16122699,25.77102253,25.96054418,26.15006583
PLDV,CIExist,St. Francis,105.6602972,116.6801536,124.0267246,148.1360533,167.8827752,186.3364949,213.0553833,234.5344006,256.0134178
PLDV,CIExist,St. Lawrence Twp.,5.001036825,5.159750244,5.26555919,5.598885589,6.62214181,7.936574358,9.524759048,10.42950349,11.33424794
PLDV,CIExist,St. Louis Park,453.9384187,467.4720246,476.4944285,474.8075077,482.802457,481.8125745,482.5631562,488.2881036,494.0130511
PLDV,CIExist,St. Marys Point,3.199575873,3.197096537,3.195443647,2.952231477,3.057364914,3.234023167,3.368333505,3.402085031,3.435836557
PLDV,CIExist,St. Paul,"2,081.58",2179.554,"2,244.87","2,269.26","2,299.32","2,290.57","2,309.70","2,355.32","2,400.94"
PLDV,CIExist,St. Paul Park,55.26775476,56.55797872,57.41812803,58.90624368,67.07094279,77.17440439,86.86616327,93.18584497,99.50552668
PLDV,CIExist,Stillwater,189.0104776,194.3413464,197.8952589,189.3402303,202.8218647,221.6933246,238.3495404,248.217353,258.0851656
PLDV,CIExist,Stillwater Twp.,25.74571343,25.73227819,25.72332136,25.05706466,27.28698185,29.99556487,32.42020998,33.75510929,35.0900086
PLDV,CIExist,Sunfish Lake,10.2617479,10.31448688,10.3496462,10.20187072,10.72218072,11.34315864,12.06891196,12.43034477,12.79177758
PLDV,CIExist,Tonka Bay,12.54090922,12.80346783,12.9785069,12.56490871,13.07218777,13.64561653,14.03503074,14.33385504,14.63267934
PLDV,CIExist,Vadnais Heights,134.8708198,138.3124334,140.6068424,143.084764,151.6507782,157.1442185,167.598384,174.1438969,180.6894097
PLDV,CIExist,Vermillion,4.34679938,4.353367213,4.357745769,4.185382861,4.288872287,4.564929695,4.885035792,4.992683075,5.100330357
PLDV,CIExist,Vermillion Twp.,15.04529058,15.23066315,15.35424486,15.22106033,16.08327107,17.10119496,18.28296484,18.93049969,19.57803455
PLDV,CIExist,Victoria,78.60317389,83.31672513,86.45909263,88.9414471,105.3217553,127.9128032,150.0045203,164.2847896,178.5650589
PLDV,CIExist,Waconia,140.135318,147.0271977,151.6217841,167.8734735,209.5838631,247.7036342,284.0603936,312.8454087,341.6304239
PLDV,CIExist,Waconia Twp.,15.00419165,14.90621138,14.8408912,14.20392806,15.85554097,17.72952355,19.35645527,20.22690799,21.09736071
PLDV,CIExist,Waterford Twp.,4.054490878,4.073028346,4.085386658,4.021891343,4.221858657,4.357432891,4.525841984,4.620112206,4.714382427
PLDV,CIExist,Watertown,50.86389184,51.56749242,52.03655947,53.77117128,63.89241202,74.56751617,84.59869191,91.34565192,98.09261193
PLDV,CIExist,Watertown Twp.,14.06686154,13.6787175,13.41995481,12.08629282,12.75292544,13.82260809,14.64432529,14.75981804,14.87531079
PLDV,CIExist,Wayzata,42.26260353,44.20219177,45.49525059,45.1844575,48.13984301,50.48770923,52.16425511,54.14458543,56.12491574
PLDV,CIExist,West Lakeland Twp.,45.46052286,45.63597502,45.75294313,43.47831811,46.2773871,49.28210303,51.67329808,52.91585313,54.15840817
PLDV,CIExist,West St. Paul,146.5563323,157.9843137,165.602968,175.0734454,172.227795,167.3823238,169.3573902,173.9176018,178.4778133
PLDV,CIExist,White Bear Lake,239.4738446,234.3317373,230.9036657,214.9524146,229.8747954,249.4306709,265.7707105,271.0300836,276.2894568
PLDV,CIExist,White Bear Lake,239.4738446,234.3317373,230.9036657,214.9524146,229.8747954,249.4306709,265.7707105,271.0300836,276.2894568
PLDV,CIExist,White Bear Twp.,122.7999668,124.4306938,125.5178451,125.8151235,131.4509544,135.7232182,144.246807,148.5361751,152.8255431
PLDV,CIExist,Willernie,3.09257819,3.074411373,3.062300162,2.829221832,2.929974709,3.099272201,3.227986275,3.255067892,3.282149509
PLDV,CIExist,Woodbury,594.3273159,640.3046948,670.9562807,698.3849502,724.3399913,741.7897502,766.7018147,801.1767145,835.6516143
PLDV,CIExist,Woodland,4.883871012,4.972465923,5.031529197,4.757901392,4.837490846,4.974325198,5.041041464,5.072475554,5.103909644
PLDV,CIExist,Young America Twp.,8.195025415,7.884383303,7.677288561,7.042685341,7.355158581,8.179421379,9.329895487,9.556869501,9.783843515
PLDV,HEVExist,Afton,1.734573868,6.204834951,9.185009007,22.33076944,51.12955441,94.7615617,141.7071187,169.7016277,197.6961367
PLDV,HEVExist,Andover,18.16092965,77.90105462,117.7278046,316.456961,742.55827,1398.564518,2185.454689,2618.913441,3052.372193
PLDV,HEVExist,Anoka,9.728259364,46.48050661,70.98200478,166.2363138,351.7299863,609.9218524,913.2151135,1093.912484,1274.609855
PLDV,HEVExist,Apple Valley,28.47525236,131.120941,199.5514001,438.9763914,940.6582419,1649.248069,2479.278246,2969.438844,3459.599443
PLDV,HEVExist,Arden Hills,4.667558101,17.08919863,25.37029231,66.32497627,164.728313,311.0916536,501.3405018,600.6750905,700.0096793
PLDV,HEVExist,Bayport,1.167585171,4.432965161,6.609885154,16.55420658,38.96068565,73.32122957,111.2557262,133.2733544,155.2909827
PLDV,HEVExist,Baytown Twp.,1.110405903,4.022847657,5.964475493,14.6873775,34.03608902,63.76976788,96.35823583,115.4078018,134.4573678
PLDV,HEVExist,Belle Plaine,4.669141798,16.45713369,24.31579495,68.50420587,178.6577064,379.0064138,662.8470868,794.4826758,926.1182648
PLDV,HEVExist,Belle Plaine Twp.,0.574881985,1.885251702,2.758831514,6.669921623,15.23417304,28.57663601,44.8213465,53.6706394,62.51993231
PLDV,HEVExist,Benton Twp.,0.597675506,1.824111135,2.641734887,6.247670129,14.43400313,27.25588185,41.29391598,49.43316408,57.57241217
PLDV,HEVExist,Bethel,0.289081155,1.366659849,2.085045645,5.106319336,11.24830049,19.37319812,28.82018328,34.5264037,40.23262412
PLDV,HEVExist,Birchwood Village,0.452939434,1.565646264,2.307450817,5.477652155,12.25299205,22.33665383,32.8632299,39.345288,45.82734609
PLDV,HEVExist,Blaine,34.04160698,129.7294216,193.521298,479.7677087,1140.885186,2173.380492,3529.525369,4228.622121,4927.718873
PLDV,HEVExist,Blaine,34.04160698,129.7294216,193.521298,479.7677087,1140.885186,2173.380492,3529.525369,4228.622121,4927.718873
PLDV,HEVExist,Blakeley Twp.,0.400022048,1.307402535,1.91232286,4.637028519,10.62226518,19.86343274,31.05826999,37.18991958,43.32156917
PLDV,HEVExist,Bloomington,44.8301943,228.703817,351.2862322,718.719762,1446.759846,2441.580001,3580.12235,4287.180782,4994.239213
PLDV,HEVExist,Brooklyn Center,12.83267041,72.62931894,112.4937513,229.1279821,457.4975156,767.762105,1095.957551,1312.582527,1529.207503
PLDV,HEVExist,Brooklyn Park,37.54688025,199.6566832,307.7298852,601.2104387,1230.486338,2084.753273,3041.247548,3641.987682,4242.727816
PLDV,HEVExist,Burnsville,31.66325275,155.3408439,237.7925714,491.2694721,1004.011545,1691.179097,2477.074515,2966.156767,3455.23902
PLDV,HEVExist,Camden Twp.,0.587521019,1.805936683,2.618213792,6.220641939,14.4378522,27.1831995,41.06267005,49.15769986,57.25272967
PLDV,HEVExist,Carver,2.878437221,10.88508684,16.22285325,52.13908005,152.3810833,365.8829579,672.7154313,806.6828301,940.6502289
PLDV,HEVExist,Castle Rock Twp.,1.01216668,3.77480581,5.61656523,13.09276137,28.6084258,50.8790834,75.21856699,90.05984705,104.9011271
PLDV,HEVExist,Cedar Lake Twp.,2.080265466,7.193942918,10.60306122,27.39408315,66.58702313,131.9317085,217.8815455,261.0418015,304.2020575
PLDV,HEVExist,Centerville,2.251192314,10.52469861,16.04036948,37.05896965,77.40278683,132.5974549,196.238641,235.0361307,273.8336204
PLDV,HEVExist,Champlin,11.35159153,72.54914681,113.347517,225.5439333,436.4064891,700.0480325,955.1999512,1143.969623,1332.739295
PLDV,HEVExist,Chanhassen,15.2408008,69.66317032,105.94475,242.0666788,547.2163395,1010.482831,1566.793857,1877.104469,2187.41508
PLDV,HEVExist,Chanhassen,15.2408008,69.66317032,105.94475,242.0666788,547.2163395,1010.482831,1566.793857,1877.104469,2187.41508
PLDV,HEVExist,Chaska,15.32500579,68.2736366,103.5727238,246.1832204,560.612483,1037.926997,1589.55971,1904.406651,2219.253592
PLDV,HEVExist,Circle Pines,2.403808081,11.15672816,16.99200821,39.11040735,81.39067889,138.3349719,203.1647106,243.3168912,283.4690717
PLDV,HEVExist,Coates,0.109549367,0.413858577,0.616731383,1.436277311,3.135329704,5.576074078,8.243550659,9.870350918,11.49715118
PLDV,HEVExist,Cologne,1.338273416,4.74804274,7.02122229,20.4894473,56.34072557,125.8313212,220.0965722,263.8482319,307.5998917
PLDV,HEVExist,Columbia Heights,9.308319762,36.10017401,53.96141017,116.7496802,258.7059262,455.7696899,709.4473257,849.4751269,989.5029281
PLDV,HEVExist,Columbus,2.942084723,14.11696389,21.56688334,54.01660344,121.2695995,218.3958081,338.4539384,405.5563091,472.6586799
PLDV,HEVExist,Coon Rapids,34.77625832,147.6338312,222.8722132,499.6756099,1093.786095,1933.341328,2994.707509,3586.693759,4178.680009
PLDV,HEVExist,Corcoran,3.609257547,15.36274328,23.19840044,64.07833254,162.7480252,332.7798314,541.3126245,648.8532979,756.3939713
PLDV,HEVExist,Cottage Grove,17.57106592,95.70753003,147.7985061,319.6142562,671.1607767,1178.745229,1759.179332,2107.500986,2455.822639
PLDV,HEVExist,Credit River Twp.,4.49186434,15.035904,22.06526377,55.74693135,132.8095568,257.21198,416.0285715,498.3359129,580.6432544
PLDV,HEVExist,Crystal,11.83589585,39.83079709,58.49406459,127.9696754,286.935717,517.0762032,768.7757834,920.1637609,1071.551738
PLDV,HEVExist,Dahlgren Twp.,0.897112934,2.632818467,3.789955489,8.01757107,16.33104355,28.26824317,38.93426364,46.54169378,54.14912392
PLDV,HEVExist,Dayton,3.705533772,15.85201579,23.94967047,66.7520463,170.6038305,357.3634082,591.8241338,709.4478539,827.0715739
PLDV,HEVExist,Deephaven,2.238207434,8.4971217,12.66973121,29.05655675,63.23031333,112.3651418,161.8742281,193.8014323,225.7286364
PLDV,HEVExist,Dellwood,0.512290851,1.807312741,2.670660668,6.577620498,15.24533154,28.43786946,42.79066394,51.24633855,59.70201317
PLDV,HEVExist,Denmark Twp.,1.381990836,5.052325429,7.499215157,19.53315543,47.5654344,93.7169988,148.1926273,177.5547546,206.916882
PLDV,HEVExist,Douglas Twp.,0.851684338,3.239210982,4.830895412,11.65369173,26.31975174,48.4525425,74.06135826,88.70329305,103.3452278
PLDV,HEVExist,Eagan,40.42932056,167.8935982,252.8697833,557.5974214,1206.260156,2116.706667,3172.998073,3799.511823,4426.025574
PLDV,HEVExist,East Bethel,9.467737892,45.91020449,70.20518223,181.3483636,417.3880969,784.789818,1261.269255,1511.629559,1761.989862
PLDV,HEVExist,Eden Prairie,37.74392605,163.4859311,247.3139344,535.6546871,1178.116876,2100.572193,3154.545513,3777.905831,4401.266148
PLDV,HEVExist,Edina,26.03676218,116.1727154,176.2633509,372.4695717,797.8769668,1365.162944,1976.648351,2366.770668,2756.892986
PLDV,HEVExist,Elko New Market,2.863231662,11.10792899,16.60439387,50.46564312,138.8392544,318.3212466,589.4981442,706.8251267,824.1521092
PLDV,HEVExist,Empire Twp.,1.217419835,5.133782855,7.744691535,20.88667176,51.81701123,103.3163387,169.2417757,202.8466469,236.4515181
PLDV,HEVExist,Eureka Twp.,1.422112325,5.417055379,8.080350748,19.99407895,46.21361091,86.75536016,135.0076843,161.7247987,188.4419131
PLDV,HEVExist,Excelsior,1.097823023,4.271989071,6.388099769,15.14387698,34.01237502,60.02966431,85.89244759,102.8513725,119.8102974
PLDV,HEVExist,Falcon Heights,2.574690851,9.238358308,13.68080328,31.34885437,69.29838886,123.3496285,187.9808908,225.0621307,262.1433707
PLDV,HEVExist,Farmington,11.98098852,47.73440941,71.57002334,182.3185572,432.1400524,833.2700141,1327.575563,1590.694477,1853.813392
PLDV,HEVExist,Forest Lake,12.46540928,67.54347015,104.2621774,243.6727575,534.2032531,962.8681798,1453.16487,1741.304762,2029.444655
PLDV,HEVExist,Fort Snelling UT,0.1082806,0.413289685,0.616629075,1.908128499,5.210870275,11.1401204,18.72014883,22.44252248,26.16489613
PLDV,HEVExist,Fridley,15.58096902,60.77570422,90.90552768,204.7362989,462.6909023,813.6901553,1253.648471,1501.261972,1748.875472
PLDV,HEVExist,Gem Lake,0.242568479,0.954543272,1.429193134,3.521341388,8.329092069,15.4701946,24.55841878,29.42158885,34.28475891
PLDV,HEVExist,Golden Valley,11.53342302,33.30801254,47.82440555,105.9390131,252.210041,475.6989736,735.6130251,880.4289456,1025.244866
PLDV,HEVExist,Grant,2.665140064,9.237676772,13.61936791,33.37944282,77.01196954,144.3157244,218.1040141,261.1917889,304.2795637
PLDV,HEVExist,Greenfield,2.144535494,8.658393804,13.00096601,33.10114976,79.07150431,151.86992,234.9195148,281.4745106,328.0295065
PLDV,HEVExist,Greenvale Twp.,0.341940181,1.309436975,1.954434837,4.846463928,11.22330551,20.28314229,30.46351963,36.48783552,42.51215141
PLDV,HEVExist,Greenwood,0.582897393,2.229440135,3.327135296,7.571938488,16.35210337,28.86041553,41.29444596,49.43675567,57.57906538
PLDV,HEVExist,Grey Cloud Island Twp.,0.18962735,0.662903565,0.978421041,2.322671445,5.1955973,9.471340378,13.934891,16.68394373,19.43299646
PLDV,HEVExist,Ham Lake,10.14720078,48.53458639,74.1261768,179.8570397,392.9975167,686.8459051,1035.97129,1241.136108,1446.300926
PLDV,HEVExist,Hamburg,0.334426478,1.034071815,1.50050204,3.72383865,9.00923543,17.75189762,28.01556486,33.55179254,39.08802021
PLDV,HEVExist,Hampton,0.406782574,1.53714297,2.290716567,5.539926771,12.54131882,23.10087832,35.32950283,42.31404688,49.29859093
PLDV,HEVExist,Hampton Twp.,0.636256748,2.436197401,3.636157837,8.950290638,20.59073108,38.90292993,60.88846564,72.93890741,84.98934919
PLDV,HEVExist,Hancock Twp.,0.217255157,0.687102879,1.000334693,2.538980897,6.267294212,12.20442961,19.0505841,22.81724989,26.58391568
PLDV,HEVExist,Hanover,1.955176171,7.789017402,11.67824489,27.5366163,61.5384157,111.7860095,164.4895431,196.9964164,229.5032898
PLDV,HEVExist,Hastings,15.03155218,57.91019517,86.49595717,216.019145,503.3935937,951.6001546,1490.106112,1785.121024,2080.135936
PLDV,HEVExist,Hastings,15.03155218,57.91019517,86.49595717,216.019145,503.3935937,951.6001546,1490.106112,1785.121024,2080.135936
PLDV,HEVExist,Helena Twp.,0.925400306,3.135673182,4.609188432,11.68148187,27.90948107,53.31968513,85.13619892,101.9783586,118.8205184
PLDV,HEVExist,Hilltop,0.323863438,1.58531,2.426274375,5.81317171,12.56028995,22.2097432,33.86078511,40.56816944,47.27555377
PLDV,HEVExist,Hollywood Twp.,0.743463021,2.312476006,3.358484662,8.538135995,21.10572014,41.08369924,64.10651046,76.77911994,89.45172943
PLDV,HEVExist,Hopkins,9.912329342,39.11311762,58.5803098,136.9012711,303.3860246,543.569893,789.3662758,945.2570651,1101.147854
PLDV,HEVExist,Hugo,10.30620363,39.78152422,59.43173795,167.4066683,433.3523477,905.9031046,1503.37866,1801.993151,2100.607642
PLDV,HEVExist,Independence,2.162732807,8.589560551,12.87411238,30.96165648,70.45420539,129.9268421,193.8872558,232.2321604,270.577065
PLDV,HEVExist,Inver Grove Heights,22.92037916,100.2706474,151.8374929,346.6638497,774.4363159,1401.309072,2168.202638,2597.25909,3026.315542
PLDV,HEVExist,Jackson Twp.,0.917548908,3.00202696,4.391678994,10.7452611,24.83388403,46.43888817,72.61139331,86.95016219,101.2889311
PLDV,HEVExist,Jordan,4.412829809,16.07021216,23.84180039,65.26465433,166.4767466,347.7589914,600.746468,720.0131957,839.2799233
PLDV,HEVExist,Lake Elmo,6.465789056,25.1291036,37.5713133,106.8219437,278.3906118,593.7033387,1000.33518,1199.109059,1397.882937
PLDV,HEVExist,Lake St. Croix Beach,0.56020199,1.954668909,2.884313522,6.989712385,15.95441673,29.08418467,42.79066394,51.23675633,59.68284872
PLDV,HEVExist,Lakeland,1.638799851,5.638171549,8.304419348,19.82795962,44.60854917,81.95923241,121.5254856,145.5028227,169.4801599
PLDV,HEVExist,Lakeland Shores,0.283087146,0.978528915,1.442156761,3.566179788,8.296296698,15.70545972,23.9627718,28.69870874,33.43464567
PLDV,HEVExist,Laketown Twp.,1.010951128,2.776675932,3.953825802,6.998222181,10.71484166,10.11647481,0,0,0
PLDV,HEVExist,Lakeville,33.64592567,146.8704719,222.3535027,556.7919457,1282.427698,2387.818478,3691.107442,4422.599745,5154.092048
PLDV,HEVExist,Landfall,0.209030593,0.708546834,1.041557661,2.47255132,5.530864465,10.08251735,14.83409683,17.75911008,20.68412333
PLDV,HEVExist,Lauderdale,1.497556703,5.438681704,8.066098371,18.49495072,40.91044249,72.7590674,110.7900908,132.6485976,154.5071044
PLDV,HEVExist,Lexington,0.940569658,4.355317839,6.631816626,15.594598,33.1214846,57.99915795,87.63786836,104.9773281,122.3167878
PLDV,HEVExist,Lilydale,0.734446835,3.240664893,4.911476931,11.43811239,24.96889234,44.4063006,65.64934101,78.63231984,91.61529868
PLDV,HEVExist,Lino Lakes,10.79485228,35.4254495,51.84584765,133.0612143,339.4776999,680.2597938,1148.538019,1376.086653,1603.635286
PLDV,HEVExist,Linwood Twp.,3.979276891,18.58412335,28.32068765,64.26690793,131.8830445,222.097432,323.2165851,387.0640468,450.9115084
PLDV,HEVExist,Little Canada,5.454000326,19.68710183,29.17583616,68.839874,156.5642171,279.5104871,427.2292972,511.5843566,595.9394159
PLDV,HEVExist,Long Lake,1.32323636,5.15534346,7.710081527,18.43514624,41.73056781,74.87931011,108.896207,130.4108011,151.9253952
PLDV,HEVExist,Loretto,0.506231567,1.941475342,2.898304525,6.713785459,14.75323104,26.48744803,38.54148289,46.14853316,53.75558342
PLDV,HEVExist,Louisville Twp.,0.460437886,1.511862821,2.212812777,5.410626525,12.49678257,23.3687444,36.53914117,43.75488183,50.97062248
PLDV,HEVExist,Mahtomedi,3.673397471,12.88643334,19.02845726,45.54051214,102.695035,188.8048322,280.1314587,335.423071,390.7146832
PLDV,HEVExist,Maple Grove,34.74198891,158.8707385,241.6232383,529.6446938,1160.752067,2081.387219,3123.583614,3741.351939,4359.120264
PLDV,HEVExist,Maple Plain,1.09617642,4.293511331,6.425067939,15.5477137,35.57490934,66.66755988,100.941979,120.9111395,140.8803
PLDV,HEVExist,Maplewood,21.53687329,88.06585712,132.418513,295.1175667,661.9055583,1191.824103,1799.642752,2155.263928,2510.885103
PLDV,HEVExist,Marine on St. Croix,0.639036385,2.298669965,3.405092352,8.808464077,21.32573703,41.2510686,64.18599591,76.89538781,89.60477971
PLDV,HEVExist,Marshan Twp.,0.801659757,3.069599227,4.581558874,11.14157448,25.35146656,47.01227307,72.34868935,86.65809527,100.9675012
PLDV,HEVExist,May Twp.,2.077678778,7.423788135,10.98786104,28.25772937,68.07217804,132.911954,208.5250183,249.8144862,291.1039541
PLDV,HEVExist,Mayer,1.604728751,5.374897446,7.888343243,21.56849581,56.58129229,118.8356449,198.2107967,237.5320103,276.8532239
PLDV,HEVExist,Medicine Lake,0.130410942,0.504654777,0.754150667,1.716306057,3.706476765,6.541694187,9.360074417,11.20600711,13.05193981
PLDV,HEVExist,Medina,2.866521426,12.24260478,18.49332702,47.02804796,112.2299362,217.6424061,339.4024925,406.7096867,474.016881
PLDV,HEVExist,Mendota,0.199465105,0.781045053,1.168765019,3.024314464,7.262138857,14.08959233,22.5655701,27.03879109,31.51201209
PLDV,HEVExist,Mendota Heights,6.989206734,27.02212887,40.37741029,94.50316049,207.3223512,370.5404969,550.4972547,659.1988643,767.9004739
PLDV,HEVExist,Miesville,0.177302316,0.69426227,1.038902239,2.419451571,5.281555533,9.393061551,13.88650467,16.62834515,19.37018562
PLDV,HEVExist,Minneapolis,163.6712148,642.9925199,962.5400566,2019.280552,4454.009917,7947.853185,12280.77982,14704.20154,17127.62327
PLDV,HEVExist,Minnetonka,30.18427978,129.8809429,196.3453849,435.8403823,954.5112716,1686.053918,2481.49607,2971.758428,3462.020786
PLDV,HEVExist,Minnetonka Beach,0.158469054,0.595729269,0.887236079,2.019183597,4.3605609,7.888513579,11.56244487,13.84324003,16.12403519
PLDV,HEVExist,Minnetrista,4.813349321,20.44444096,30.86516872,82.0192377,202.5567749,409.6793706,660.8432775,792.0492632,923.2552488
PLDV,HEVExist,Mound,8.171605429,31.55211047,47.13911383,110.5995938,246.0164334,441.0165756,640.7699664,767.2896386,893.8093108
PLDV,HEVExist,Mounds View,6.539533184,23.43118673,34.69228909,80.29319798,179.2565467,319.0114034,486.0696701,581.9756975,677.8817249
PLDV,HEVExist,New Brighton,10.24914221,44.05887105,66.59869027,139.1366194,296.011395,512.2945735,754.1941188,902.9831141,1051.772109
PLDV,HEVExist,New Germany,0.268654141,0.907880997,1.334032235,3.825528465,10.39248226,21.80470548,36.33864606,43.55264445,50.76664283
PLDV,HEVExist,New Hope,11.2279983,38.91743834,57.37706504,125.530447,282.6690539,514.0679437,774.9256939,927.665233,1080.404772
PLDV,HEVExist,New Market Twp.,2.368992845,7.816783328,11.44864365,27.69048154,63.27170022,118.3168693,184.9991046,221.525127,258.0511494
PLDV,HEVExist,New Prague,4.417159624,15.30305451,22.56031776,60.50193737,151.7968558,307.1894478,516.8004779,619.2771416,721.7538052
PLDV,HEVExist,New Trier,0.073301414,0.293634016,0.440522417,1.025912365,2.239521217,3.982910056,5.888250471,7.051240282,8.214230094
PLDV,HEVExist,Newport,1.967788409,7.087280184,10.5002747,27.46162219,67.09971835,130.9951678,205.4929941,246.1980353,286.9030764
PLDV,HEVExist,Nininger Twp.,0.807811061,3.002008055,4.464806051,10.65782819,23.83301934,42.4924213,62.97695185,75.41078001,87.84460817
PLDV,HEVExist,North Oaks,2.6684973,9.79109172,14.539488,34.47346424,78.76424021,142.6503881,221.1310194,264.8235238,308.5160283
PLDV,HEVExist,North St. Paul,7.469890973,27.36510063,40.62857373,94.9814492,214.1265291,388.2855873,602.6235923,721.6543326,840.6850728
PLDV,HEVExist,Northfield,9.223123994,34.8952756,52.01004334,125.170327,282.0746771,515.7495271,783.3030124,938.1189901,1092.934968
PLDV,HEVExist,Norwood Young America,3.005453975,10.3498312,15.24608269,46.86628785,133.3316983,287.8636451,490.8076871,588.3681337,685.9285804
PLDV,HEVExist,Nowthen,3.571472343,16.96645004,25.89643517,63.53490723,140.1728359,251.2873802,387.8599021,464.7175881,541.575274
PLDV,HEVExist,Oak Grove,6.139298196,29.45579823,45.00013158,110.346708,243.3411252,438.4431099,679.7493413,814.4713499,949.1933585
PLDV,HEVExist,Oak Park Heights,2.797085293,10.17969902,15.10144151,37.64255603,88.21424929,166.8601224,254.3966101,304.716515,355.03642
PLDV,HEVExist,Oakdale,14.37164431,82.9422348,128.6559618,280.4060104,553.2736582,911.4307237,1256.842322,1505.336458,1753.830594
PLDV,HEVExist,Orono,4.287200447,17.0511107,25.5603842,61.41447869,139.6338811,258.2545423,386.4169075,462.8428489,539.2687903
PLDV,HEVExist,Osseo,1.43926258,5.766036095,8.650551771,20.44423392,45.78588945,83.69520504,123.8833379,148.3721529,172.860968
PLDV,HEVExist,Pine Springs,0.146321415,0.509202554,0.751123313,1.783089894,3.988604182,7.271046169,10.69766598,12.8079349,14.91820381
PLDV,HEVExist,Plymouth,39.85982258,175.575847,266.0531966,564.8397802,1199.275547,2076.680446,3016.998478,3612.426209,4207.85394
PLDV,HEVExist,Prior Lake,13.88218505,70.77712496,108.7070849,246.1047899,545.756938,981.1558207,1560.824937,1870.213488,2179.602038
PLDV,HEVExist,Ramsey,15.80013035,77.31845336,118.3306687,282.8082302,629.6017484,1130.04256,1769.234912,2119.921869,2470.608825
PLDV,HEVExist,Randolph,0.275451812,1.04519274,1.558353359,3.629177356,7.922333299,14.08959233,20.82975701,24.94061805,29.05147909
PLDV,HEVExist,Randolph Twp.,0.407637021,1.56037832,2.328872519,5.534495469,12.32362958,21.91714362,32.40184424,38.80068568,45.19952713
PLDV,HEVExist,Ravenna Twp.,1.282275677,4.876299675,7.272315673,17.74264485,40.49192575,75.10535466,115.6051514,138.4697266,161.3343017
PLDV,HEVExist,Richfield,17.95321382,91.62766243,140.7439615,262.9589355,530.0043172,884.2754542,1277.504294,1529.41451,1781.324726
PLDV,HEVExist,Robbinsdale,7.10362535,27.28405222,40.73767014,94.91138273,209.7185897,375.7769589,545.7399321,653.4671934,761.1944548
PLDV,HEVExist,Rockford,2.531245652,9.906448465,14.82325034,35.76591123,81.62485497,150.3862808,224.2257827,268.5646901,312.9035975
PLDV,HEVExist,Rogers,9.216760408,39.16195155,59.12541231,157.4559369,389.4852996,779.9238693,1248.303572,1496.120934,1743.938296
PLDV,HEVExist,Rosemount,12.56431821,54.1558804,81.88358853,205.1720885,484.5588448,923.9431231,1473.992676,1766.278348,2058.564019
PLDV,HEVExist,Roseville,18.3114132,61.22865082,89.84014256,193.3080773,437.1390897,790.2605008,1197.9929,1433.929197,1669.865495
PLDV,HEVExist,San Francisco Twp.,0.775978701,2.458885501,3.580823368,8.869404583,21.42006065,41.97405805,65.90508991,78.93091215,91.95673439
PLDV,HEVExist,Sand Creek Twp.,1.164197438,3.786174763,5.534159647,13.3678016,30.50496668,57.04370427,89.19298049,106.7987371,124.4044937
PLDV,HEVExist,Savage,16.46931597,80.12646605,122.5645661,289.1507333,633.4055914,1124.820951,1729.989318,2072.693318,2415.397318
PLDV,HEVExist,Scandia,2.802124779,10.11029372,14.98240635,37.75300571,89.34047916,171.011128,263.5904899,315.7481629,367.9058359
PLDV,HEVExist,Sciota Twp.,0.118333465,0.460297026,0.688272733,1.658332431,3.741101836,7.044796164,10.99348287,13.16851275,15.34354263
PLDV,HEVExist,Shakopee,19.38331946,128.890573,201.8954087,464.8482141,930.6541423,1569.351778,2309.827596,2767.916451,3226.005306
PLDV,HEVExist,Shoreview,14.21101083,58.08688882,87.33747415,186.131644,396.2245888,683.785697,993.1499212,1188.937703,1384.725485
PLDV,HEVExist,Shorewood,4.313045525,16.62546092,24.83373785,57.62749985,126.8487166,227.3431133,330.2454491,395.4319299,460.6184106
PLDV,HEVExist,South St. Paul,9.829823077,55.6762731,86.24057312,169.9140665,333.4916162,544.736128,783.0837655,937.734554,1092.385342
PLDV,HEVExist,Spring Lake Park,3.250145185,15.28025102,23.30032158,53.97988867,113.0426096,196.6831401,295.4199588,353.8539215,412.2878842
PLDV,HEVExist,Spring Lake Park,3.250145185,15.28025102,23.30032158,53.97988867,113.0426096,196.6831401,295.4199588,353.8539215,412.2878842
PLDV,HEVExist,Spring Lake Twp.,2.483436944,8.380900524,12.31254291,31.48042337,75.81381426,143.6333909,227.4967528,272.499416,317.5020792
PLDV,HEVExist,Spring Park,1.100786908,4.273174625,6.388099769,15.14387698,34.01237502,61.76128924,90.8477811,108.7971799,126.7465788
PLDV,HEVExist,St. Anthony,5.679368305,22.2345591,33.27135296,76.62080613,167.4143917,298.9458042,432.7068016,518.1122882,603.5177749
PLDV,HEVExist,St. Anthony,5.679368305,22.2345591,33.27135296,76.62080613,167.4143917,298.9458042,432.7068016,518.1122882,603.5177749
PLDV,HEVExist,St. Bonifacius,1.426781331,5.395058712,8.040576966,18.40401716,39.97180825,71.30927671,103.1214081,123.4603335,143.7992588
PLDV,HEVExist,St. Francis,6.031566329,30.00017494,45.97924734,121.2092195,283.3727016,535.3235555,863.6193241,1035.136876,1206.654427
PLDV,HEVExist,St. Lawrence Twp.,0.289037887,1.025382953,1.516279664,4.203874429,10.83054489,22.58978625,38.97508391,46.71229312,54.44950232
PLDV,HEVExist,St. Louis Park,26.02423842,104.2218595,156.3536069,330.1325962,719.2810514,1259.403599,1859.762109,2226.509684,2593.257258
PLDV,HEVExist,St. Marys Point,0.184544152,0.650680365,0.961437841,2.282355065,5.105413353,9.306939096,13.69301246,16.39470612,19.09639978
PLDV,HEVExist,St. Paul,119.31,494.994,745.45,"1,571.90","3,398.88","5,985.45","9,164.31","10,973.31","12,782.31"
PLDV,HEVExist,St. Paul Park,3.187716547,11.64058834,17.2758362,45.5401159,112.0000054,222.0941052,353.1299541,423.1184017,493.1068492
PLDV,HEVExist,Stillwater,10.90168815,40.08604139,59.54227688,146.3779642,338.6869037,637.993658,968.9430166,1160.551282,1352.159548
PLDV,HEVExist,Stillwater Twp.,1.484953334,5.237726104,7.739574617,19.37148861,45.56581417,86.32186011,131.7952449,157.8573032,183.9193616
PLDV,HEVExist,Sunfish Lake,0.590480034,2.210106268,3.28985709,7.863217606,17.60518511,32.0929603,48.60276636,58.20522363,67.80768089
PLDV,HEVExist,Tonka Bay,0.720816844,2.803641022,4.192190474,9.76780065,21.58477645,38.67295681,56.1604465,67.24837243,78.33629836
PLDV,HEVExist,Vadnais Heights,7.764187996,28.90204146,42.99394377,101.9977528,233.1665085,421.7999894,653.1249273,782.1970752,911.2692231
PLDV,HEVExist,Vermillion,0.25012291,0.931170955,1.385202985,3.225935428,7.042074043,12.91545963,19.67254829,23.55703336,27.44151844
PLDV,HEVExist,Vermillion Twp.,0.865733964,3.274699272,4.880676144,11.73181986,26.40777766,48.38405143,73.62740499,88.1797392,102.7320734
PLDV,HEVExist,Victoria,4.547697603,15.9492889,23.55034976,64.30872747,168.5362319,357.6728806,601.6202384,721.0347465,840.4492547
PLDV,HEVExist,Waconia,8.107726675,28.02299019,41.29983254,121.3801867,335.3768122,692.6349059,1139.275545,1365.509109,1591.742673
PLDV,HEVExist,Waconia Twp.,0.868088692,2.772716717,4.042468733,10.27008856,25.37209071,49.57572349,77.63256205,92.98545672,108.3383514
PLDV,HEVExist,Waterford Twp.,0.233302936,0.872497854,1.298627799,3.099922325,6.932041636,12.32839329,18.22603739,21.82458428,25.42313117
PLDV,HEVExist,Watertown,2.942802276,9.68157641,14.1740925,38.87901212,102.2408555,208.5074961,339.298343,406.5694511,473.8405593
PLDV,HEVExist,Watertown Twp.,0.813858135,2.518797567,3.655423855,8.738941588,20.40727476,38.65111178,58.73371317,70.31768417,81.90165518
PLDV,HEVExist,Wayzata,2.429137789,9.788913878,14.69543127,35.12582412,79.48843514,143.0869023,208.7325574,249.9932413,291.2539252
PLDV,HEVExist,West Lakeland Twp.,2.622058044,9.308448304,13.76604181,33.6128655,77.27739302,141.8250605,210.0632593,251.5514996,293.0397398
PLDV,HEVExist,West St. Paul,8.331351533,39.33748259,60.00823663,119.061938,247.830747,424.0692071,639.0006301,765.1344858,891.2683415
PLDV,HEVExist,White Bear Lake,13.84475071,43.14148047,62.67263365,149.0202269,353.216621,672.3948285,1033.432153,1237.349634,1441.267115
PLDV,HEVExist,White Bear Lake,13.84475071,43.14148047,62.67263365,149.0202269,353.216621,672.3948285,1033.432153,1237.349634,1441.267115
PLDV,HEVExist,White Bear Twp.,7.069298086,25.85578992,38.38011781,89.68711631,202.1088215,364.3026294,562.1246642,673.1357375,784.1468107
PLDV,HEVExist,Willernie,0.178372773,0.624175868,0.921377931,2.187256937,4.892687796,8.919149967,13.12247027,15.71128977,18.30010927
PLDV,HEVExist,Woodbury,33.9784257,154.8966134,235.5087385,523.529142,1139.816676,2018.045422,3012.148841,3607.782924,4203.417007
PLDV,HEVExist,Woodland,0.280711424,1.087425805,1.625235393,3.698732191,7.987657486,14.09770406,20.17146558,24.14961641,28.12776724
PLDV,HEVExist,Young America Twp.,0.474134766,1.444370966,2.0911951,5.092183082,11.76974984,22.87149632,37.419232,44.80825144,52.19727089
PLDV,PHEVExist,Afton,0.082959047,1.87721772,3.073390168,41.34400772,66.82679323,74.62633756,90.71285912,108.8388391,126.9648192
PLDV,PHEVExist,Andover,1.038592451,14.68750335,23.78677729,343.2414366,561.6978872,615.5937223,736.5093976,883.6035586,1030.69772
PLDV,PHEVExist,Anoka,0.599329242,8.417913353,13.63030276,169.3844806,243.0442342,247.7113759,295.4757518,354.4510364,413.4263209
PLDV,PHEVExist,Apple Valley,1.854795502,36.50064904,59.59788473,717.8607538,1022.114654,1073.35101,1352.610587,1622.761746,1892.912904
PLDV,PHEVExist,Arden Hills,0.197933369,2.586190702,4.178362257,61.89559804,104.2382124,118.3158202,158.6940676,190.3932945,222.0925213
PLDV,PHEVExist,Bayport,0.066149384,1.353497497,2.211729572,30.64906681,50.92197094,57.74171224,71.219605,85.45029612,99.68098724
PLDV,PHEVExist,Baytown Twp.,0.054379006,1.21921327,1.995769446,27.19275081,44.4854783,50.21977412,61.68307669,74.00881623,86.33455577
PLDV,PHEVExist,Belle Plaine,0.109806724,1.687419462,2.739161288,43.96280781,81.59709132,105.4641847,153.069019,183.6608615,214.2527039
PLDV,PHEVExist,Belle Plaine Twp.,0.013518349,0.191875876,0.310780894,4.280444955,6.957797868,7.95187498,10.35044081,12.4178253,14.4852098
PLDV,PHEVExist,Benton Twp.,0.01922931,0.430394461,0.704504562,9.799533528,16.02355126,18.25088627,22.83326724,27.39607482,31.95888241
PLDV,PHEVExist,Bethel,0.018161104,0.247492681,0.400380399,5.203022304,7.772537701,7.868158098,9.324928153,11.18628156,13.04763497
PLDV,PHEVExist,Birchwood Village,0.020755318,0.471558939,0.772094687,10.14152663,16.01477219,17.59049385,21.03717563,25.24045969,29.44374376
PLDV,PHEVExist,Blaine,1.128305426,19.57452526,31.87200515,447.7274011,721.9392349,826.5901463,1117.234166,1340.455339,1563.676511
PLDV,PHEVExist,Blaine,1.128305426,19.57452526,31.87200515,447.7274011,721.9392349,826.5901463,1117.234166,1340.455339,1563.676511
PLDV,PHEVExist,Blakeley Twp.,0.009114479,0.13289908,0.215422147,2.975828871,4.851433279,5.527296277,7.172180453,8.604793648,10.03740684
PLDV,PHEVExist,Bloomington,3.067630547,75.0768263,123.0829568,1364.332693,1818.500789,1801.867889,2156.455033,2587.132514,3017.809994
PLDV,PHEVExist,Brooklyn Center,1.486711198,33.01850327,54.03969799,575.3518976,755.5313521,741.3168713,857.3302278,1028.498931,1199.667635
PLDV,PHEVExist,Brooklyn Park,3.670596245,80.68224178,132.0233388,1389.888113,1834.186104,1861.932523,2320.74217,2784.156484,3247.570799
PLDV,PHEVExist,Burnsville,2.302998842,44.00111554,71.79986001,799.1683144,1074.228634,1085.307829,1341.140188,1608.907626,1876.675064
PLDV,PHEVExist,Camden Twp.,0.019667449,0.426806118,0.698231897,9.75713954,16.0278242,18.20221724,22.70540094,27.24254764,31.77969434
PLDV,PHEVExist,Carver,0.101903028,2.63657221,4.326351665,81.78067224,169.1620873,244.9998974,371.9746808,446.3492364,520.7237919
PLDV,PHEVExist,Castle Rock Twp.,0.057474563,0.984918476,1.603214418,20.82616653,31.47637211,33.29300597,39.99250962,47.97951663,55.96652364
PLDV,PHEVExist,Cedar Lake Twp.,0.049349922,0.736397473,1.194429173,17.58024631,30.41182783,36.71196469,50.31464283,60.36770141,70.42075999
PLDV,PHEVExist,Centerville,0.144787245,1.906003802,3.080148174,37.76078874,53.48506462,53.85263353,63.49408712,76.1639471,88.83380707
PLDV,PHEVExist,Champlin,1.470043658,34.51781461,56.54966191,584.8055368,746.541276,696.9547509,764.0640843,916.5828925,1069.101701
PLDV,PHEVExist,Chanhassen,0.881764783,20.16602065,33.02219123,411.2292763,616.9601176,685.1646104,896.3295938,1075.41916,1254.508725
PLDV,PHEVExist,Chanhassen,0.881764783,20.16602065,33.02219123,411.2292763,616.9601176,685.1646104,896.3295938,1075.41916,1254.508725
PLDV,PHEVExist,Chaska,0.831259912,20.36967606,33.39528683,434.8749557,666.8680162,736.1298611,931.1947812,1117.267485,1303.34019
PLDV,PHEVExist,Circle Pines,0.148341315,2.017068352,3.262886376,39.85107636,56.24068459,56.18284718,65.7350549,78.85239762,91.96974034
PLDV,PHEVExist,Coates,0.006103134,0.108066589,0.176042226,2.284632678,3.449641205,3.648734512,4.382964104,5.258336298,6.133708492
PLDV,PHEVExist,Cologne,0.044542419,1.141279393,1.872437375,32.13790447,62.54526174,84.2582583,121.7013144,146.0326688,170.3640232
PLDV,PHEVExist,Columbia Heights,0.361196947,5.213974024,8.449158742,102.666945,148.8435437,161.3487979,220.0167797,263.9478963,307.8790129
PLDV,PHEVExist,Columbus,0.187150829,2.559685749,4.141375696,55.03956451,83.79688421,88.69845522,109.5086256,131.3729205,153.2372154
PLDV,PHEVExist,Coon Rapids,1.574711776,23.38148601,37.9193355,472.7772868,683.3444982,729.8573604,960.3821997,1152.143697,1343.905195
PLDV,PHEVExist,Corcoran,0.223993531,6.31313613,10.37256453,160.6017053,278.0326594,333.2772649,434.3590806,521.186098,608.0131154
PLDV,PHEVExist,Cottage Grove,1.677531051,33.82664556,55.25938856,620.0274074,868.9042408,919.397554,1146.910162,1375.956688,1605.003214
PLDV,PHEVExist,Credit River Twp.,0.107406207,1.534346576,2.485640156,35.77578337,60.65718491,71.57306787,96.07206033,115.2649911,134.457922
PLDV,PHEVExist,Crystal,0.45850767,13.7000642,22.52776855,287.6176147,431.571521,468.3778231,591.2472025,709.4049415,827.5626805
PLDV,PHEVExist,Dahlgren Twp.,0.029024419,0.618038735,1.010714946,12.57564098,18.12950371,18.92877634,21.52850911,25.82840605,30.12830299
PLDV,PHEVExist,Dayton,0.230149674,6.517145164,10.70847549,167.3029251,291.4532243,357.8975888,474.890433,569.8224897,664.7545463
PLDV,PHEVExist,Deephaven,0.136937591,3.453740535,5.664942498,72.82543694,108.0203102,112.5331033,129.8908204,155.841597,181.7923736
PLDV,PHEVExist,Dellwood,0.025585878,0.546411217,0.89362811,12.17804847,19.92578716,22.39530467,27.39215577,32.86546975,38.33878372
PLDV,PHEVExist,Denmark Twp.,0.067594792,1.532622557,2.509307733,36.16440226,62.16845593,73.80372655,94.86451386,113.8238977,132.7832815
PLDV,PHEVExist,Douglas Twp.,0.048943419,0.846947213,1.378949742,18.53709221,28.95826234,31.70518569,39.37724024,47.24289961,55.10855897
PLDV,PHEVExist,Eagan,2.26562344,45.1559767,73.74954554,896.7567682,1293.784185,1362.413905,1713.061533,2055.220715,2397.379897
PLDV,PHEVExist,East Bethel,0.602251051,8.329580574,13.48113359,184.7827209,288.4137671,318.7315963,408.0905758,489.5882408,571.0859057
PLDV,PHEVExist,Eden Prairie,2.396006834,62.65928021,102.8347958,1234.201658,1781.576409,1900.285057,2413.627769,2895.874121,3378.120474
PLDV,PHEVExist,Edina,1.661834568,45.48069748,74.69327276,866.4776875,1216.194176,1241.585764,1514.551036,1817.128877,2119.706717
PLDV,PHEVExist,Elko New Market,0.069268893,1.149993208,1.870476084,32.38649863,63.41108674,88.5776323,136.1307976,163.3431034,190.5554091
PLDV,PHEVExist,Empire Twp.,0.072660722,1.355469373,2.21067514,33.22364872,57.01157899,67.60561025,89.98314665,107.9652438,125.947341
PLDV,PHEVExist,Eureka Twp.,0.081375873,1.416442563,2.306487023,31.80383467,50.84644726,56.76884351,71.78142753,86.12143786,100.4614482
PLDV,PHEVExist,Excelsior,0.054585461,1.735598302,2.856273529,37.95561419,58.10547358,60.1193956,68.92165982,82.69507469,96.46848957
PLDV,PHEVExist,Falcon Heights,0.102906019,1.393058981,2.253160955,29.25528509,43.85123626,46.91290267,59.50337562,71.38346954,83.26356346
PLDV,PHEVExist,Farmington,0.713013641,12.54274243,20.42922829,290.0073199,475.4613619,545.2547825,705.850704,846.8782421,987.9057801
PLDV,PHEVExist,Forest Lake,1.086297311,24.34428413,39.84960867,484.2255879,716.8323042,773.7991593,960.0355222,1151.825367,1343.615212
PLDV,PHEVExist,Fort Snelling UT,0.003539144,0.166841499,0.275709736,4.782407388,8.902056529,11.15677245,15.0213874,18.02495705,21.0285267
PLDV,PHEVExist,Fridley,0.581747304,8.932534828,14.49972651,185.4079161,276.2328187,297.0512172,396.3974161,475.5605499,554.7236836
PLDV,PHEVExist,Gem Lake,0.009687435,0.145103618,0.235381074,3.286175788,5.270555205,5.883696143,7.7737094,9.326513793,10.87931819
PLDV,PHEVExist,Golden Valley,0.308427424,9.84003221,16.1944354,221.0048868,355.4069352,411.9442363,556.9103378,668.2307199,779.551102
PLDV,PHEVExist,Grant,0.131259604,2.786804792,4.557168251,61.79992791,100.6553455,113.6510814,139.617818,167.5151296,195.4124413
PLDV,PHEVExist,Greenfield,0.13541798,3.541994534,5.81304557,82.96253804,135.0828104,152.0969325,188.503685,226.1773384,263.8509918
PLDV,PHEVExist,Greenvale Twp.,0.019874321,0.342678658,0.557881549,7.709089168,12.34842291,13.27238488,16.1969664,19.43238481,22.66780323
PLDV,PHEVExist,Greenwood,0.032582367,0.905618425,1.487642463,18.97780709,27.93532384,28.90355558,33.13541338,39.75597958,46.37654578
PLDV,PHEVExist,Grey Cloud Island Twp.,0.008964903,0.200019276,0.327388858,4.300279326,6.790692985,7.458841238,8.920326765,10.70259914,12.48487151
PLDV,PHEVExist,Ham Lake,0.65590624,8.802799486,14.23406165,183.2631545,271.5599585,278.9530225,335.1941852,402.101841,469.0094968
PLDV,PHEVExist,Hamburg,0.010690476,0.244370805,0.400157691,5.840878431,10.00137968,11.88689716,15.49106846,18.58714405,21.68321965
PLDV,PHEVExist,Hampton,0.023661111,0.401787119,0.653871125,8.812154614,13.79856482,15.11618584,18.78413187,22.53622603,26.28832018
PLDV,PHEVExist,Hampton Twp.,0.036501163,0.637351961,1.03791916,14.23689305,22.65491706,25.45634456,32.37342381,38.84080834,45.30819287
PLDV,PHEVExist,Hancock Twp.,0.007155088,0.162925112,0.266771794,3.982417112,6.957481519,8.172241798,10.53392655,12.63928084,14.74463513
PLDV,PHEVExist,Hanover,0.130304427,3.185096797,5.221625044,69.01595847,105.1299354,111.9531053,131.9893966,158.3612151,184.7330335
PLDV,PHEVExist,Hastings,0.58378952,15.04736305,24.68974541,343.6135862,553.8579502,622.6847559,792.265599,950.6019609,1108.938323
PLDV,PHEVExist,Hastings,0.58378952,15.04736305,24.68974541,343.6135862,553.8579502,622.6847559,792.265599,950.6019609,1108.938323
PLDV,PHEVExist,Helena Twp.,0.021999449,0.320333346,0.51922261,7.496630842,12.74690313,14.83699726,19.6602123,23.58785487,27.51549744
PLDV,PHEVExist,Hilltop,0.01843197,0.286915648,0.465904766,5.923260978,8.679117992,9.020181887,10.95584248,13.14332459,15.33080669
PLDV,PHEVExist,Hollywood Twp.,0.024179543,0.547061344,0.895649211,13.39215231,23.42999273,27.51016924,35.44737887,42.53201874,49.6166586
PLDV,PHEVExist,Hopkins,0.515648058,15.92186113,26.19266984,343.1203142,518.2933749,544.3824118,633.4018352,759.9790727,886.5563101
PLDV,PHEVExist,Hugo,0.489582526,12.1276832,19.88641698,309.9428619,566.3954648,713.4140643,962.3777393,1154.755371,1347.133002
PLDV,PHEVExist,Independence,0.135873241,3.508145046,5.75632625,77.60025321,120.3613381,130.1210545,155.5786552,186.6672116,217.755768
PLDV,PHEVExist,Inver Grove Heights,1.384117572,27.31254284,44.59815968,557.8274759,828.5708736,899.4913981,1168.239286,1401.610319,1634.981353
PLDV,PHEVExist,Jackson Twp.,0.022095385,0.305670327,0.494720289,6.895807969,11.34220708,12.92231293,16.76790162,20.11706287,23.46622412
PLDV,PHEVExist,Jordan,0.104422594,1.653228671,2.685766056,41.88381456,76.03376632,96.76912363,138.7283347,166.4531171,194.1778996
PLDV,PHEVExist,Lake Elmo,0.322199779,7.671908216,12.57171384,197.7740749,363.8590648,467.551452,640.3578388,768.3649666,896.3720944
PLDV,PHEVExist,Lake St. Croix Beach,0.024724326,0.588960746,0.965118359,12.94101055,20.85256795,22.90428887,27.39215577,32.86564206,38.33912835
PLDV,PHEVExist,Lakeland,0.077777749,1.698353064,2.778736608,36.71021359,58.30378,64.54428604,77.79372238,93.33691131,108.8801002
PLDV,PHEVExist,Lakeland Shores,0.013620153,0.294983569,0.482559179,6.602556401,10.84333534,12.36831599,15.33960723,18.40480465,21.47000206
PLDV,PHEVExist,Laketown Twp.,0.034106902,0.646292539,1.054416297,10.97678198,11.89481622,6.774120622,0,0,0
PLDV,PHEVExist,Lakeville,2.23091919,43.11004922,70.36280257,965.0868672,1519.709283,1668.443249,2070.743156,2484.445604,2898.148051
PLDV,PHEVExist,Landfall,0.009963585,0.213094412,0.348514963,4.577772438,7.228890224,7.940153475,9.495947333,11.39314408,13.29034083
PLDV,PHEVExist,Lauderdale,0.057547739,0.820087113,1.328446696,17.25980317,25.88766505,27.67206589,35.06943902,42.07181728,49.07419553
PLDV,PHEVExist,Lexington,0.059334113,0.787817461,1.273473026,15.88992695,22.88683414,23.5555607,28.35571232,34.01498796,39.6742636
PLDV,PHEVExist,Lilydale,0.033829937,0.854702723,1.401951247,18.1941782,27.47198158,29.05750521,34.90470514,41.87888018,48.85305523
PLDV,PHEVExist,Lino Lakes,0.33144386,4.95662547,8.040079877,121.4292309,211.1066031,256.7237636,365.5496242,438.5932602,511.6368963
PLDV,PHEVExist,Linwood Twp.,0.250639971,3.363220016,5.438273379,65.48398824,91.13073891,90.20181887,104.5784964,125.4440677,146.309639
PLDV,PHEVExist,Little Canada,0.211691753,2.967746658,4.805116595,64.24254346,99.07206485,106.3047245,135.2349446,162.2395952,189.2442457
PLDV,PHEVExist,Long Lake,0.074478695,2.098209558,3.447363467,46.20463434,71.29094643,74.9912384,87.3802941,104.8414572,122.3026203
PLDV,PHEVExist,Loretto,0.028734407,0.78903489,1.295901879,16.82698896,25.20386995,26.52704101,30.92638582,37.1059161,43.28544638
PLDV,PHEVExist,Louisville Twp.,0.011004615,0.153965151,0.249272175,3.47228803,5.707568564,6.502701502,8.437859357,10.12323031,11.80860125
PLDV,PHEVExist,Mahtomedi,0.177341367,3.891196717,6.367100284,84.31537885,134.223346,148.6870086,179.3242695,215.1536552,250.9830408
PLDV,PHEVExist,Maple Grove,2.369806874,62.77326513,103.0422373,1257.684247,1814.458516,1938.803758,2446.612846,2935.461454,3424.310062
PLDV,PHEVExist,Maple Plain,0.062998081,1.748880966,2.872802889,38.9677639,60.77484897,66.76721339,80.99767714,97.18461295,113.3715488
PLDV,PHEVExist,Maplewood,1.559787245,40.19364024,65.94954223,853.6793873,1258.578602,1347.665677,1719.305418,2062.854544,2406.40367
PLDV,PHEVExist,Marine on St. Croix,0.027992064,0.69482233,1.13937584,16.30831431,27.8729325,32.48591638,41.08823365,49.30028197,57.51233029
PLDV,PHEVExist,Marshan Twp.,0.045841548,0.803003504,1.307778142,17.72248643,27.89290821,30.76273752,38.46664156,46.15080156,53.83496157
PLDV,PHEVExist,May Twp.,0.098242866,2.245281967,3.676641367,52.31739929,88.9709566,104.6704188,133.4858882,160.1634173,186.8409464
PLDV,PHEVExist,Mayer,0.054811923,1.284134803,2.10368339,33.83040294,62.81232093,79.57386416,109.5996827,131.5086569,153.4176311
PLDV,PHEVExist,Medicine Lake,0.007346345,0.205257913,0.337198958,4.301636275,6.332006736,6.551472598,7.510693699,9.011363169,10.51203264
PLDV,PHEVExist,Medina,0.185414144,5.035453271,8.268812689,117.8679969,191.7294393,217.9677342,272.3427238,326.7741858,381.2056477
PLDV,PHEVExist,Mendota,0.011143228,0.204627415,0.333616873,4.810664068,7.990155998,9.219601653,11.99775289,14.39507482,16.79239675
PLDV,PHEVExist,Mendota Heights,0.390742531,7.07158887,11.52548643,150.322648,228.1060664,242.4651969,292.6905901,351.1505596,409.6105291
PLDV,PHEVExist,Miesville,0.009709189,0.181812675,0.296548332,3.848531254,5.811022544,6.146401102,7.383232545,8.857937217,10.33264189
PLDV,PHEVExist,Minneapolis,6.779128207,172.498714,282.9784379,3413.55542,4943.94757,5360.642747,7163.08509,8594.346283,10025.60748
PLDV,PHEVExist,Minnetonka,1.732357564,51.57863652,84.80948916,1044.629078,1517.79557,1589.641262,1941.087521,2328.958553,2716.829586
PLDV,PHEVExist,Minnetonka Beach,0.009656992,0.241885591,0.396704657,5.060748559,7.44941969,7.900305192,9.277915745,11.1315675,12.98521925
PLDV,PHEVExist,Minnetrista,0.304108307,8.401980283,13.8005616,205.5676064,346.0404434,410.2917522,530.2726473,636.2663551,742.260063
PLDV,PHEVExist,Mound,0.440281759,12.82233376,21.07703509,277.1995254,420.2853039,441.6757995,514.1654579,616.9104932,719.6555284
PLDV,PHEVExist,Mounds View,0.261499179,3.532789215,5.713649239,74.93098057,113.4315142,121.3278962,153.8602463,184.5799958,215.2997452
PLDV,PHEVExist,New Brighton,0.827414074,20.61157662,33.80101832,400.1502565,554.180256,570.0932556,710.4180632,852.336193,994.2543228
PLDV,PHEVExist,New Germany,0.008382639,0.216810916,0.355763101,6.000379931,11.5369569,14.60070902,20.09327517,24.11025368,28.12723218
PLDV,PHEVExist,New Hope,0.455389611,13.42857712,22.0773688,280.3118891,420.3425025,461.1852257,593.1060523,711.6361848,830.1663173
PLDV,PHEVExist,New Market Twp.,0.056468386,0.796397502,1.28968358,17.77046099,28.89764346,32.92343271,42.72121282,51.25416171,59.78711059
PLDV,PHEVExist,New Prague,0.102186477,1.565719225,2.541407723,38.8273247,69.3291219,85.48004334,119.3429733,143.1911306,167.039288
PLDV,PHEVExist,New Trier,0.004201535,0.077127282,0.125744447,1.631880484,2.464029432,2.606238937,3.130688646,3.755986068,4.38128349
PLDV,PHEVExist,Newport,0.090017051,2.144101064,3.513490406,50.84345717,87.69994294,103.1609171,131.5449583,157.8359466,184.1269348
PLDV,PHEVExist,Nininger Twp.,0.045151667,0.782731722,1.274451758,16.95300925,26.22223923,27.80514784,33.48383855,40.17157593,46.8593133
PLDV,PHEVExist,North Oaks,0.107883972,1.479902851,2.394582103,32.17122426,49.84111988,54.25345706,69.9967005,83.9744638,97.95222711
PLDV,PHEVExist,North St. Paul,0.298321846,4.134124396,6.691326096,88.63830689,135.4968444,147.674575,190.7541656,228.8453344,266.9365031
PLDV,PHEVExist,Northfield,0.573686286,9.137045024,14.84595085,199.1037644,310.3521865,337.4835185,416.4696898,499.6488905,582.8280912
PLDV,PHEVExist,Norwood Young America,0.095684264,2.477792114,4.065864014,73.51024457,148.0148841,192.7571699,271.3896906,325.6484919,379.9072931
PLDV,PHEVExist,Nowthen,0.232504572,3.076655949,4.972756867,64.73812498,96.85895679,102.0569151,125.4941957,150.546534,175.5988722
PLDV,PHEVExist,Oak Grove,0.396068457,5.343111187,8.641139673,112.436443,168.1478967,178.0676419,219.9366225,263.8447333,307.7528441
PLDV,PHEVExist,Oak Park Heights,0.123793406,3.08136775,5.053083979,69.69281248,115.2968272,131.4051773,162.8502792,195.3955764,227.9408735
PLDV,PHEVExist,Oakdale,1.476846455,32.66689066,53.46025347,588.1383026,794.0677698,773.0297026,845.5223376,1014.331436,1183.140534
PLDV,PHEVExist,Orono,0.256908434,6.95996205,11.42866446,153.9251978,238.5453173,258.6405767,310.0679442,372.0301514,433.9923585
PLDV,PHEVExist,Osseo,0.076530981,2.351334634,3.867870403,51.24007916,78.21890674,83.82031118,99.40624013,119.272182,139.1381238
PLDV,PHEVExist,Pine Springs,0.007251182,0.153700216,0.251332906,3.3012782,5.213141989,5.726072218,6.848038942,8.216196494,9.584354046
PLDV,PHEVExist,Plymouth,2.504434576,69.34403415,113.9037672,1339.508899,1875.045809,1931.609922,2349.052549,2818.362171,3287.671794
PLDV,PHEVExist,Prior Lake,0.673339838,9.395711019,15.21062514,183.5353692,266.6965826,291.616649,395.3190675,474.2482131,553.1773586
PLDV,PHEVExist,Ramsey,1.011089664,13.71978906,22.19225532,282.9137832,419.2229041,446.0600142,570.611896,684.5320573,798.4522185
PLDV,PHEVExist,Randolph,0.015388267,0.273048805,0.444822497,5.772796881,8.716533815,9.219601653,11.07484882,13.28674093,15.49863304
PLDV,PHEVExist,Randolph Twp.,0.023208011,0.40814071,0.66476251,8.803515244,13.5590526,14.34160257,17.22754261,20.66840953,24.10927644
PLDV,PHEVExist,Ravenna Twp.,0.075809026,1.275826603,2.075838321,28.22256253,44.55117283,49.14559881,61.46541094,73.74333132,86.02125171
PLDV,PHEVExist,Richfield,1.376231181,35.19484695,57.7405908,588.4901492,758.8052724,767.4685906,968.5005231,1161.925381,1355.35024
PLDV,PHEVExist,Robbinsdale,0.405410068,11.09104113,18.21479517,237.8796282,358.2754208,376.3386638,437.9116326,525.4128771,612.9141216
PLDV,PHEVExist,Rockford,0.15686946,4.039447498,6.627832857,89.64132037,139.4448595,150.6110756,179.9228402,215.8760343,251.8292284
PLDV,PHEVExist,Rogers,0.592483502,16.0988324,26.43639833,394.6371726,665.3821667,781.089686,1001.661456,1201.875251,1402.089045
PLDV,PHEVExist,Rosemount,0.810291448,15.24506952,24.8682549,341.6437837,545.4189391,617.7086226,805.7912304,966.7874182,1127.783606
PLDV,PHEVExist,Roseville,0.887941397,24.49646948,40.23548821,518.5153754,772.7130262,845.11748,1110.179654,1332.037997,1553.896339
PLDV,PHEVExist,San Francisco Twp.,0.0254915,0.583162437,0.954943061,13.91175043,23.77895006,28.10636486,36.44189451,43.72517511,51.00845572
PLDV,PHEVExist,Sand Creek Twp.,0.027070481,0.384880266,0.623420123,8.57883228,13.93232121,15.8732611,20.59703105,24.71102316,28.82501527
PLDV,PHEVExist,Savage,0.776384248,11.2710172,18.26743916,230.4611307,339.1630171,360.0260938,452.9552959,543.3910782,633.8268605
PLDV,PHEVExist,Scandia,0.132625492,3.061002415,5.013253697,69.89730308,116.7688199,134.6741647,168.7356795,202.4562903,236.1769012
PLDV,PHEVExist,Sciota Twp.,0.007015942,0.120684339,0.19646327,2.637847464,4.116140968,4.609800827,5.845059099,7.01266773,8.180276361
PLDV,PHEVExist,Shakopee,1.623969495,21.61253426,34.93824411,406.056348,551.1016702,544.1107225,625.2226806,749.9424228,874.662165
PLDV,PHEVExist,Shoreview,1.084449284,27.38073122,44.91158585,543.7559932,762.6059542,777.0153659,938.8275092,1126.376121,1313.924733
PLDV,PHEVExist,Shorewood,0.265488577,6.768453435,11.10376334,144.4337639,216.7036188,227.6829418,264.9949459,317.9408374,370.8867288
PLDV,PHEVExist,South St. Paul,0.949570996,16.65890507,27.13179445,279.9698051,359.4117671,350.2552931,421.3910387,505.4793322,589.5676257
PLDV,PHEVExist,Spring Lake Park,0.151853023,2.745284469,4.474238767,55.00215444,78.11206193,79.88015359,95.58474574,114.6713243,133.7579028
PLDV,PHEVExist,Spring Lake Park,0.151853023,2.745284469,4.474238767,55.00215444,78.11206193,79.88015359,95.58474574,114.6713243,133.7579028
PLDV,PHEVExist,Spring Lake Twp.,0.058508239,0.855604118,1.38700137,20.20266909,34.62591595,39.96813226,52.53504989,63.03035823,73.52566656
PLDV,PHEVExist,Spring Park,0.052753957,1.7348657,2.856273529,37.95561419,58.10547358,61.85360894,72.89790943,87.46694052,102.0359716
PLDV,PHEVExist,St. Anthony,0.178021635,8.997063432,14.87642463,192.0373337,286.0045059,299.3926632,347.2117959,416.6185507,486.0253056
PLDV,PHEVExist,St. Anthony,0.178021635,8.997063432,14.87642463,192.0373337,286.0045059,299.3926632,347.2117959,416.6185507,486.0253056
PLDV,PHEVExist,St. Bonifacius,0.084499535,2.190881385,3.595135952,46.12661447,68.28634716,71.41586858,82.74649063,99.27888884,115.8112871
PLDV,PHEVExist,St. Francis,0.383932946,5.451065667,8.829154148,123.5046677,195.809581,217.4143031,279.4287625,335.2377285,391.0466944
PLDV,PHEVExist,St. Lawrence Twp.,0.006825527,0.105215067,0.170808093,2.697850756,4.946559422,6.285944786,9.000383314,10.79909487,12.59780643
PLDV,PHEVExist,St. Louis Park,1.252045892,38.03659013,62.55961963,741.8390461,1059.814813,1117.873411,1413.189478,1695.576965,1977.964451
PLDV,PHEVExist,St. Marys Point,0.008483922,0.196417241,0.32170612,4.225636096,6.672821745,7.329372439,8.765489846,10.51689103,12.26829222
PLDV,PHEVExist,St. Paul,7.93,172.3,281.88,"3,436.84","4,871.15","5,112.16","6,616.54","7,938.26","9,259.98"
PLDV,PHEVExist,St. Paul Park,0.154166008,3.530060505,5.780656837,84.31464524,146.385027,174.9028759,226.0537655,271.2336854,316.4136053
PLDV,PHEVExist,Stillwater,0.510008323,12.15804593,19.92340434,271.0095458,442.6668674,502.4308298,620.2623563,744.2128259,868.1632955
PLDV,PHEVExist,Stillwater Twp.,0.07228764,1.582755614,2.589734263,35.86508637,59.55493408,67.97992937,84.36783977,101.2269502,118.0860606
PLDV,PHEVExist,Sunfish Lake,0.035066423,0.577468399,0.939069717,12.50772658,19.37007515,21.00020377,25.84131391,31.00256341,36.1638129
PLDV,PHEVExist,Tonka Bay,0.04192951,1.141429506,1.874429503,24.48137115,36.87462746,38.73076448,45.06416219,54.06860873,63.07305526
PLDV,PHEVExist,Vadnais Heights,0.307858228,4.37167783,7.080890898,95.18604101,147.545128,160.4209278,206.7398325,248.0262274,289.3126223
PLDV,PHEVExist,Vermillion,0.014251454,0.242939247,0.395397775,5.131375006,7.748030058,8.451301516,10.45957944,12.54864504,14.63771063
PLDV,PHEVExist,Vermillion Twp.,0.050274247,0.856005308,1.393159349,18.6613677,29.05511272,31.66036818,39.14651423,46.96576222,54.78501022
PLDV,PHEVExist,Victoria,0.157882209,3.8314331,6.280467028,100.8688868,187.0963257,239.5023248,332.6629445,399.1639569,465.6649694
PLDV,PHEVExist,Waconia,0.270066655,6.71639314,11.01394413,190.3860455,372.3102656,463.7971711,629.9567955,755.8941413,881.8314871
PLDV,PHEVExist,Waconia Twp.,0.029274259,0.658543194,1.078055818,16.10873736,28.1661984,33.19653705,42.92654241,51.50599604,60.08544967
PLDV,PHEVExist,Waterford Twp.,0.01316848,0.22767864,0.370685414,4.930930669,7.626967089,8.067151447,9.690492716,11.62595756,13.56142241
PLDV,PHEVExist,Watertown,0.09706393,2.306815342,3.77998295,60.98212212,113.5001547,139.61928,187.6133458,225.1166022,262.6198586
PLDV,PHEVExist,Watertown Twp.,0.025665313,0.59516875,0.974837708,13.7071179,22.65463089,25.88127764,32.4765171,38.96668746,45.45685782
PLDV,PHEVExist,Wayzata,0.123915654,3.991975382,6.570681867,88.03704828,135.7950794,143.3007861,167.4907948,200.9641706,234.4375464
PLDV,PHEVExist,West Lakeland Twp.,0.136195963,2.818226413,4.606246713,62.23209524,101.0022564,111.6896414,134.4705829,161.3374602,188.2043376
PLDV,PHEVExist,West St. Paul,0.515669223,10.09401684,16.47958192,179.417933,241.4773883,253.7615999,337.2175151,404.5578843,471.8982535
PLDV,PHEVExist,White Bear Lake,0.630815027,18.32562707,30.12216843,436.5968713,708.4865584,796.9642411,1004.474594,1205.24335,1406.012106
PLDV,PHEVExist,White Bear Lake,0.630815027,18.32562707,30.12216843,436.5968713,708.4865584,796.9642411,1004.474594,1205.24335,1406.012106
PLDV,PHEVExist,White Bear Twp.,0.283970345,3.906198022,6.321016474,83.69754522,127.8921751,138.5532652,177.9346555,213.4647926,248.9949296
PLDV,PHEVExist,Willernie,0.007986665,0.188175685,0.308301698,4.049567926,6.394787506,7.02398192,8.400261102,10.07871599,11.75717088
PLDV,PHEVExist,Woodbury,2.382604315,50.73203343,82.96498618,979.9809893,1432.883291,1537.838778,1931.646081,2317.498776,2703.351471
PLDV,PHEVExist,Woodland,0.016696704,0.442687855,0.726681955,9.270258354,13.64581629,14.11877707,16.18595031,19.41980103,22.65365175
PLDV,PHEVExist,Young America Twp.,0.002618118,0.335658376,0.557685215,7.987140456,13.06589641,15.31504578,20.69077983,24.82841217,28.96604452
PLDV,BEVExist,Afton,0.081669408,2.626752654,4.323474818,66.90488459,73.48107245,64.86172342,153.8527888,184.6070126,215.3612365
PLDV,BEVExist,Andover,0.481961568,11.94021613,19.57905251,308.1615768,361.2278411,338.294579,819.1220753,982.8500981,1146.578121
PLDV,BEVExist,Anoka,0.390775632,8.497401809,13.90181926,185.9052427,183.6185667,147.5677512,331.7666027,398.0417681,464.3169335
PLDV,BEVExist,Apple Valley,2.3783319,64.37097264,105.6993998,1339.278296,1248.519288,924.1990149,1986.034269,2382.765457,2779.496644
PLDV,BEVExist,Arden Hills,0.16344302,3.310895196,5.409196647,84.56477229,94.25516522,77.43781209,181.3071363,217.535875,253.7646136
PLDV,BEVExist,Bayport,0.061702113,1.891483936,3.111338485,49.59781093,55.99252718,50.18639654,120.7914175,144.9373606,169.0833037
PLDV,BEVExist,Baytown Twp.,0.05315153,1.705783267,2.807537758,44.00463223,48.91512066,43.64867961,104.6170682,125.5298515,146.4426349
PLDV,BEVExist,Belle Plaine,0.088534782,2.003826844,3.280688219,58.16076108,74.93160754,80.18936647,236.4525079,283.7253025,330.9980971
PLDV,BEVExist,Belle Plaine Twp.,0.010899937,0.227692983,0.37222168,5.662830669,6.389430931,6.046183531,15.98878534,19.18436242,22.3799395
PLDV,BEVExist,Benton Twp.,0.025466422,0.787768936,1.295970612,19.77735832,22.06048185,19.7686598,47.57972974,57.0905824,66.60143507
PLDV,BEVExist,Bethel,0.011757686,0.249716676,0.408356002,5.710494378,5.87210899,4.687255045,10.47023221,12.56192711,14.65362202
PLDV,BEVExist,Birchwood Village,0.020692837,0.659961123,1.08613998,16.41151176,17.60944344,15.28883481,35.67992641,42.81177313,49.94361985
PLDV,BEVExist,Blaine,1.011713046,25.16107533,41.26065018,611.7069213,652.798051,541.0040038,1276.43415,1531.518637,1786.603124
PLDV,BEVExist,Blaine,1.011713046,25.16107533,41.26065018,611.7069213,652.798051,541.0040038,1276.43415,1531.518637,1786.603124
PLDV,BEVExist,Blakeley Twp.,0.007424391,0.157776172,0.258010692,3.936883938,4.455130552,4.202662618,11.0791855,13.29353772,15.50788994
PLDV,BEVExist,Bloomington,5.069122165,154.7169308,254.4821365,2808.052798,2533.685254,1850.721466,3839.523421,4606.414281,5373.305141
PLDV,BEVExist,Brooklyn Center,2.044764931,56.92258348,93.50779585,1001.520398,910.0671332,692.8948357,1449.455853,1738.93807,2028.420288
PLDV,BEVExist,Brooklyn Park,6.900614597,184.9722374,303.6866526,3150.516603,2740.782282,1939.416271,3973.752568,4767.122958,5560.493349
PLDV,BEVExist,Burnsville,3.145836394,79.55841538,130.5001347,1528.673705,1338.254312,943.0684881,1967.592038,2360.481279,2753.370519
PLDV,BEVExist,Camden Twp.,0.025754817,0.78096097,1.284431738,19.69179903,22.06636464,19.71594337,47.31328325,56.77078894,66.22829463
PLDV,BEVExist,Carver,0.131266424,4.827627911,7.958535569,165.04925,232.8945124,265.3744891,775.1170517,930.1142088,1085.111366
PLDV,BEVExist,Castle Rock Twp.,0.05123044,1.289472896,2.114967867,29.65844796,30.91572912,25.86052878,58.18450062,69.81115465,81.43780869
PLDV,BEVExist,Cedar Lake Twp.,0.039676546,0.874209935,1.430565528,23.25785264,27.92755367,27.91382874,77.72326208,93.25997919,108.7966963
PLDV,BEVExist,Centerville,0.092930538,1.922075169,3.141504923,41.4437531,40.40766875,32.08133658,71.29254243,85.53246481,99.77238719
PLDV,BEVExist,Champlin,1.919184589,59.56851288,98.00139841,1011.750999,897.1574523,652.34991,1300.800161,1560.576356,1820.352551
PLDV,BEVExist,Chanhassen,1.668866236,48.59428215,79.87789276,1073.398868,1039.64376,807.935774,1858.292254,2229.616931,2600.941609
PLDV,BEVExist,Chanhassen,1.668866236,48.59428215,79.87789276,1073.398868,1039.64376,807.935774,1858.292254,2229.616931,2600.941609
PLDV,BEVExist,Chaska,1.369840776,45.24816944,74.50038855,1046.543671,1053.852468,842.2123882,1933.854666,2320.351631,2706.848596
PLDV,BEVExist,Circle Pines,0.096662928,2.03539514,3.327883282,43.73791504,42.4895243,33.46950209,73.80874981,88.55116719,103.2935846
PLDV,BEVExist,Coates,0.005473607,0.141530874,0.232235718,3.253534888,3.388197746,2.83417496,6.37670854,7.650955526,8.925202513
PLDV,BEVExist,Cologne,0.058425421,2.090034268,3.444440166,64.86052122,86.10941415,91.26531274,253.5999595,304.3082663,355.0165731
PLDV,BEVExist,Columbia Heights,0.463925672,8.728543111,14.23828807,180.413534,164.6737188,115.9989532,251.1879785,301.3327891,351.4775997
PLDV,BEVExist,Columbus,0.120610774,2.582567609,4.223872165,60.40779864,63.30807981,52.83984848,122.9586673,147.5262786,172.0938899
PLDV,BEVExist,Coon Rapids,1.648349037,35.65554086,58.32700207,754.2044969,701.2000661,507.3620486,1101.940234,1321.998611,1542.056988
PLDV,BEVExist,Corcoran,0.272779107,10.56510867,17.42666172,269.840221,326.3500549,308.3404573,738.8262584,886.5369543,1034.24765
PLDV,BEVExist,Cottage Grove,2.254816808,62.27400264,102.2867932,1291.010968,1170.266347,880.1473404,1964.894353,2357.42226,2749.950167
PLDV,BEVExist,Credit River Twp.,0.086128044,1.820679085,2.977046445,47.32970646,55.70223522,54.42036065,148.4067759,178.0709055,207.735035
PLDV,BEVExist,Crystal,0.844907651,30.39037104,50.08734664,629.9093835,627.5760022,481.7084513,1013.112364,1215.565856,1418.019347
PLDV,BEVExist,Dahlgren Twp.,0.038378603,1.130907198,1.859259595,25.38008132,24.95985946,20.50292431,44.86088804,53.82538993,62.78989181
PLDV,BEVExist,Dayton,0.280215314,10.90669604,17.99101652,281.0994951,342.1028881,331.1186145,807.768359,969.2659878,1130.763617
PLDV,BEVExist,Deephaven,0.167414915,5.777474854,9.517514813,122.3600457,126.7924216,104.113038,220.938742,265.0930075,309.2472729
PLDV,BEVExist,Dellwood,0.024857789,0.764206991,1.257106459,19.70711048,21.90989779,19.46495172,46.45823752,55.74491346,65.03158941
PLDV,BEVExist,Denmark Twp.,0.066094133,2.144410615,3.529954936,58.52299506,68.35888112,64.14674839,160.8941682,193.059783,225.2253978
PLDV,BEVExist,Douglas Twp.,0.043456629,1.108852774,1.81911687,26.39858775,28.44247079,24.62718049,57.28935445,68.73853402,80.18771359
PLDV,BEVExist,Eagan,2.955110587,77.48537419,127.1722166,1638.965552,1551.228912,1160.029696,2501.844133,3001.621938,3501.399742
PLDV,BEVExist,East Bethel,0.38812699,8.40505798,13.74967864,202.8053365,217.8949964,189.8762409,458.2129771,549.7779472,641.3429172
PLDV,BEVExist,Eden Prairie,4.274564225,134.7543562,221.7408842,2637.842095,2536.187236,1931.008113,4118.357379,4941.173942,5763.990505
PLDV,BEVExist,Edina,2.940495151,95.92067988,157.9074697,1818.6108,1705.719698,1252.161327,2581.699443,3097.451233,3613.203023
PLDV,BEVExist,Elko New Market,0.055330984,1.366291764,2.240265617,42.84583953,58.23117698,67.34972858,210.2872855,252.3336764,294.3800673
PLDV,BEVExist,Empire Twp.,0.063711294,1.775284233,2.916332859,47.31364532,55.99611436,52.51303626,130.9151264,157.0854094,183.2556924
PLDV,BEVExist,Eureka Twp.,0.072354015,1.854578609,3.042728338,45.29169467,49.94079319,44.09551702,104.4337191,125.3059921,146.1782651
PLDV,BEVExist,Excelsior,0.070321188,2.907376654,4.798746964,63.77236966,68.20322668,55.62108156,117.2328019,140.665298,164.0977942
PLDV,BEVExist,Falcon Heights,0.086781145,1.784841806,2.916882246,39.96999141,39.65153877,30.70453754,67.9822932,81.56139561,95.14049802
PLDV,BEVExist,Farmington,0.625798775,16.42051892,26.95033235,412.9980903,466.9926578,423.529705,1026.931571,1232.192725,1437.45388
PLDV,BEVExist,Forest Lake,1.304324776,41.22070007,67.83161694,931.4456971,905.5992957,717.6880306,1641.326657,1969.331123,2297.33559
PLDV,BEVExist,Fort Snelling UT,0.004955351,0.279909569,0.463212381,8.035318578,10.44908409,10.32198917,25.55073888,30.65989558,35.76905229
PLDV,BEVExist,Fridley,0.693889864,14.7698079,24.15375326,319.2125087,301.4510435,212.7826561,455.2510567,546.16249,637.0739234
PLDV,BEVExist,Gem Lake,0.008171698,0.186099526,0.304718078,4.48973297,4.76578637,3.850884485,8.88142204,10.65607211,12.43072218
PLDV,BEVExist,Golden Valley,0.665371729,24.87988743,41.02289789,546.8348897,570.8620985,445.1647351,958.2685384,1149.789172,1341.309805
PLDV,BEVExist,Grant,0.128074565,3.897692741,6.410771525,100.0076498,110.6781035,98.78020612,236.7976366,284.131549,331.4654615
PLDV,BEVExist,Greenfield,0.164122557,5.925452261,9.76633873,139.3922284,158.5579287,140.7165824,320.6367232,384.7312433,448.8257634
PLDV,BEVExist,Greenvale Twp.,0.01758074,0.448608246,0.735959917,10.97847843,12.12847835,10.30939926,23.56472275,28.27415115,32.98357955
PLDV,BEVExist,Greenwood,0.040793525,1.515925836,2.499347377,31.88618483,32.79001283,26.7409046,56.36192399,67.62615009,78.89037618
PLDV,BEVExist,Grey Cloud Island Twp.,0.00885613,0.279873944,0.460552486,6.958921206,7.466876369,6.482876062,15.12924587,18.15332382,21.17740177
PLDV,BEVExist,Ham Lake,0.420205119,8.87864509,14.51760507,201.1375604,205.1620378,166.1791674,376.3633238,451.5519476,526.7405713
PLDV,BEVExist,Hamburg,0.014183524,0.447339201,0.736109652,11.78802494,13.76943547,12.87543095,32.28013069,38.73332012,45.18650955
PLDV,BEVExist,Hampton,0.020925268,0.525923993,0.862589809,12.54934885,13.55279099,11.74158198,27.32875088,32.79031601,38.25188113
PLDV,BEVExist,Hampton Twp.,0.032427291,0.834507568,1.369227752,20.27469391,22.25139785,19.77335816,47.0996073,56.5130433,65.9264793
PLDV,BEVExist,Hancock Twp.,0.009413551,0.298209281,0.490739768,8.037289732,9.578737715,8.851858779,21.95048887,26.33870393,30.72691899
PLDV,BEVExist,Hanover,0.155523117,5.325834823,8.772709294,115.9594255,123.3997483,103.5764371,224.5083306,269.3788921,314.2494535
PLDV,BEVExist,Hastings,0.579794358,19.77441348,32.57082622,489.3385277,543.9928813,483.6738703,1152.655301,1383.070403,1613.485504
PLDV,BEVExist,Hastings,0.579794358,19.77441348,32.57082622,489.3385277,543.9928813,483.6738703,1152.655301,1383.070403,1613.485504
PLDV,BEVExist,Helena Twp.,0.017674957,0.380193137,0.621871924,9.917695821,11.70563714,11.28126495,30.37000259,36.44046812,42.51093365
PLDV,BEVExist,Hilltop,0.012357696,0.29005445,0.475185619,6.500980879,6.557025356,5.373543913,12.3014583,14.75927842,17.21709854
PLDV,BEVExist,Hollywood Twp.,0.031925195,1.001324406,1.647590546,27.02795946,32.25732679,29.79795987,73.8648871,88.63147948,103.3980719
PLDV,BEVExist,Hopkins,0.657209991,26.66623654,44.00558757,576.5048461,608.364038,503.650082,1077.389489,1292.735945,1508.082401
PLDV,BEVExist,Hugo,0.482951096,16.97824546,27.97510837,501.5646172,622.7943041,620.0661487,1632.232745,1958.582704,2284.932662
PLDV,BEVExist,Independence,0.164907749,5.868590791,9.671046152,130.3826098,141.2781124,120.3850057,264.6326526,317.5262016,370.4197506
PLDV,BEVExist,Inver Grove Heights,1.808919385,46.88060415,76.92839399,1020.720891,994.111485,765.9039928,1705.010834,2045.651216,2386.291599
PLDV,BEVExist,Jackson Twp.,0.01767665,0.362585984,0.59252554,9.122834954,10.41568757,9.825440644,25.90212191,31.07901096,36.25590001
PLDV,BEVExist,Jordan,0.084023354,1.963651452,3.216736851,55.41034918,69.82273811,73.57810367,214.2998163,257.1429749,299.9861335
PLDV,BEVExist,Lake Elmo,0.313249477,10.73641363,17.68518973,320.0476292,400.0903382,406.3738615,1086.073576,1303.225641,1520.377707
PLDV,BEVExist,Lake St. Croix Beach,0.024917406,0.824571947,1.357674975,20.94177282,22.92896281,19.90733699,46.45823752,55.74490154,65.03156556
PLDV,BEVExist,Lakeland,0.076745233,2.376081614,3.908972534,59.40625351,64.10938001,56.09887563,131.9413946,158.3143244,184.6872543
PLDV,BEVExist,Lakeland Shores,0.01338438,0.412656245,0.678837488,10.68457797,11.92306066,10.74996197,26.01661301,31.21725874,36.41790446
PLDV,BEVExist,Laketown Twp.,0.044562951,1.181615402,1.939650369,22.15327391,16.37623103,7.337467562,0,0,0
PLDV,BEVExist,Lakeville,2.02578396,60.1792004,98.9481447,1450.66786,1557.306745,1315.664972,3015.057714,3617.6641,4220.270486
PLDV,BEVExist,Landfall,0.009818623,0.298090361,0.490271519,7.407974058,7.948707107,6.901210155,16.10552234,19.32466308,22.54380383
PLDV,BEVExist,Lauderdale,0.049191218,1.051539543,1.71977176,23.58118139,23.40836524,18.11139233,40.06664934,48.07014097,56.07363259
PLDV,BEVExist,Lexington,0.038355624,0.794646664,1.298840691,17.4397366,17.29087586,14.0326261,31.83841071,38.19842173,44.55843275
PLDV,BEVExist,Lilydale,0.032121682,1.12252501,1.849460562,25.9102455,26.98266299,22.57057985,50.78233042,60.93237217,71.08241392
PLDV,BEVExist,Lino Lakes,0.318798506,6.947853598,11.36722366,180.3719638,203.9043097,172.7326269,416.0697189,499.2199029,582.370087
PLDV,BEVExist,Linwood Twp.,0.162113499,3.392807879,5.546604132,71.87090979,68.84876623,53.73543913,117.4230111,140.8751906,164.3273701
PLDV,BEVExist,Little Canada,0.180336121,3.804480135,6.220576144,87.7712831,89.58378727,69.57653902,154.5052118,185.370187,216.2351621
PLDV,BEVExist,Long Lake,0.093083622,3.512326042,5.791820989,77.63223134,83.68011273,69.38016834,148.630151,178.3375645,208.044978
PLDV,BEVExist,Loretto,0.035834686,1.320659437,2.177209271,28.27241722,29.58387824,24.542208,52.60446239,63.11818793,73.63191347
PLDV,BEVExist,Louisville Twp.,0.008825835,0.182662018,0.298552806,4.593676441,5.241330061,4.944308963,13.03433588,15.63943789,18.24453989
PLDV,BEVExist,Mahtomedi,0.174092302,5.443767032,8.956883519,136.4432478,147.5886383,129.2317959,304.1414329,364.9349011,425.7283692
PLDV,BEVExist,Maple Grove,4.079996574,139.0450619,229.0217721,2733.015228,2628.085522,1995.016399,4215.9702,5058.348241,5900.726282
PLDV,BEVExist,Maple Plain,0.078312701,2.927235575,4.826517491,65.47296619,71.33649457,61.77148962,137.773592,165.3126478,192.8517037
PLDV,BEVExist,Maplewood,1.916837689,63.76231974,104.9926411,1293.193426,1274.640635,961.5827401,2003.408231,2403.70651,2804.004788
PLDV,BEVExist,Marine on St. Croix,0.02827081,0.972994765,1.602810735,26.39090758,30.64838029,28.23523963,69.68735628,83.61917337,97.55099047
PLDV,BEVExist,Marshan Twp.,0.040768207,1.051443463,1.725226967,25.2385114,27.39609226,23.89512859,55.96453813,67.14929212,78.3340461
PLDV,BEVExist,May Twp.,0.097045679,3.142075359,5.172095145,84.66256067,97.83024131,90.97463409,226.3976283,271.6577448,316.9178614
PLDV,BEVExist,Mayer,0.071358635,2.35044057,3.869828527,68.27631122,86.47708884,86.19135673,228.3827027,274.0449716,319.7072404
PLDV,BEVExist,Medicine Lake,0.009179513,0.343583049,0.566518739,7.227535229,7.432402907,6.061271709,12.77536944,15.32860742,17.88184541
PLDV,BEVExist,Medina,0.223202678,8.424604575,13.89220584,198.0397796,225.048788,201.6587326,463.2433501,555.8473796,648.4514091
PLDV,BEVExist,Mendota,0.009984972,0.268059341,0.44010892,6.850844572,7.84783893,7.161377201,17.45535019,20.94442323,24.43349627
PLDV,BEVExist,Mendota Heights,0.350045316,9.26270309,15.20447494,214.0737915,224.0431436,188.3361991,425.8311364,510.9273546,596.0235728
PLDV,BEVExist,Miesville,0.008755536,0.238226972,0.391207929,5.480675658,5.707519222,4.774251467,10.74175396,12.88835365,15.03495333
PLDV,BEVExist,Minneapolis,15.32287167,460.4892194,757.2667846,8966.849034,8394.242611,6068.350316,12825.30781,15387.3048,17949.30178
PLDV,BEVExist,Minnetonka,2.819515269,103.9469814,171.3652921,2087.894323,2050.072592,1576.793725,3320.439929,3983.964012,4647.488095
PLDV,BEVExist,Minnetonka Beach,0.011819045,0.404623198,0.666492634,8.502982622,8.74400342,7.30918059,15.78133872,18.93524265,22.08914659
PLDV,BEVExist,Minnetrista,0.368513969,14.05897304,23.18594575,345.3911541,406.1764469,379.5924889,901.971142,1082.291668,1262.612193
PLDV,BEVExist,Mound,0.556355175,21.46911187,35.41094967,465.7458714,493.3238142,408.6282875,874.5735003,1049.376929,1224.180358
PLDV,BEVExist,Mounds View,0.220486725,4.526237694,7.39673834,102.374345,102.568011,79.40921857,175.7845209,210.8973278,246.0101346
PLDV,BEVExist,New Brighton,1.043013462,31.9013213,52.47352653,596.8168462,552.7893938,402.634827,822.3766011,986.6433187,1150.910036
PLDV,BEVExist,New Germany,0.011196235,0.397144673,0.654443632,12.10992989,15.88354693,15.81492784,41.87016217,50.24195536,58.61374854
PLDV,BEVExist,New Hope,0.861434914,30.34318465,49.99768447,625.3925328,620.2885933,477.5885955,1015.950964,1218.968869,1421.986775
PLDV,BEVExist,New Market Twp.,0.045328352,0.94492227,1.544651549,23.50949786,26.53705964,25.03323017,65.9933537,79.18295876,92.37256383
PLDV,BEVExist,New Prague,0.082832248,1.859436392,3.043839154,51.36675448,63.66578108,64.99448641,184.3543881,221.2086992,258.0630104
PLDV,BEVExist,New Trier,0.003733667,0.10102306,0.165882656,2.323953491,2.420141247,2.024410686,4.554791814,5.465003443,6.375215073
PLDV,BEVExist,Newport,0.089790769,3.001466361,4.942583423,82.27735583,96.43266644,89.66264578,223.1057303,267.7089183,312.3121062
PLDV,BEVExist,Nininger Twp.,0.040451915,1.024938355,1.681262648,24.1427025,25.75518049,21.59780426,48.71513299,58.45006921,68.18500542
PLDV,BEVExist,North Oaks,0.090615193,1.896223458,3.099962302,43.95388913,45.06776241,35.50893707,79.97086159,95.94691087,111.9229602
PLDV,BEVExist,North St. Paul,0.251645894,5.298106036,8.662412797,121.10196,122.5201121,96.65314386,217.9356294,261.4724261,305.0092228
PLDV,BEVExist,Northfield,0.496013355,11.94931351,19.58484695,283.5427551,304.8243328,262.1422124,605.9154865,726.9993811,848.0832758
PLDV,BEVExist,Norwood Young America,0.12709229,4.538450389,7.479355789,148.3579237,203.7800243,208.7871712,565.5190735,678.5974697,791.6758659
PLDV,BEVExist,Nowthen,0.148559329,3.102512433,5.071814502,71.05229944,73.17640297,60.79781113,140.9076133,169.0594241,197.2112349
PLDV,BEVExist,Oak Grove,0.253923846,5.389532576,8.813271729,123.4028298,127.0348005,106.0792682,246.9496248,296.288765,345.6279052
PLDV,BEVExist,Oak Park Heights,0.12466135,4.314903499,7.108398265,112.7802996,126.7775109,114.2112362,276.2008589,331.4160985,386.631338
PLDV,BEVExist,Oakdale,1.394633935,44.37948707,73.03605582,924.2171772,851.4182049,660.1957049,1429.257445,1714.830007,2000.402569
PLDV,BEVExist,Orono,0.315854455,11.64693356,19.20098629,258.6224679,280.0004775,239.2883107,527.4123399,632.831637,738.2509341
PLDV,BEVExist,Osseo,0.097022176,3.937790779,6.498303181,86.09269905,91.81203592,77.54862333,169.085772,202.8835219,236.6812719
PLDV,BEVExist,Pine Springs,0.007061789,0.214961431,0.353561192,5.342288984,5.732240702,4.976834246,11.61455938,13.9360589,16.25755842
PLDV,BEVExist,Plymouth,4.26475707,146.6148321,241.5148821,2799.419707,2626.645089,1951.492808,4026.287162,4830.691643,5635.096124
PLDV,BEVExist,Prior Lake,0.970139426,18.53838284,30.25054511,389.4420594,354.3435853,258.0992318,608.3085612,729.7762456,851.2439299
PLDV,BEVExist,Ramsey,0.815018275,16.42913392,26.83854435,364.0604243,359.9788109,282.7581104,644.5139955,773.253791,901.9935864
PLDV,BEVExist,Randolph,0.013788771,0.357602645,0.586811894,8.221013486,8.561278832,7.161377201,16.11263094,19.33239937,22.55216781
PLDV,BEVExist,Randolph Twp.,0.020669029,0.534442276,0.876957774,12.53704557,13.31754485,11.13992009,25.06409257,30.07277728,35.08146199
PLDV,BEVExist,Ravenna Twp.,0.066682948,1.669746482,2.738455504,40.19162149,43.75764737,38.17411902,89.42510172,107.2967855,125.1684692
PLDV,BEVExist,Richfield,3.034966064,91.10206927,149.8134714,1487.847915,1240.735178,836.9564094,1668.616897,2001.733284,2334.84967
PLDV,BEVExist,Robbinsdale,0.504877575,18.56325827,30.60217874,399.681257,420.5376574,348.1798728,744.8689977,893.7418218,1042.614646
PLDV,BEVExist,Rockford,0.191109707,6.757588213,11.13524055,150.6138036,163.6780285,139.3419018,306.0410723,367.2110648,428.3810574
PLDV,BEVExist,Rogers,0.714485777,26.93483579,44.41506913,663.0625849,781.0143855,722.6462058,1703.783388,2044.397168,2385.010948
PLDV,BEVExist,Rosemount,0.863503987,22.70714565,37.26957343,548.3750095,588.1674205,498.6059894,1169.479274,1403.202428,1636.925582
PLDV,BEVExist,Roseville,1.271763034,41.52341318,68.35784661,843.580689,826.6988689,617.521763,1286.58455,1543.647108,1800.709665
PLDV,BEVExist,San Francisco Twp.,0.033561913,1.067423456,1.756664485,28.07660918,32.73775506,30.44373609,75.93724866,91.11798601,106.2987234
PLDV,BEVExist,Sand Creek Twp.,0.021907033,0.456764264,0.746669085,11.34939826,12.79422107,12.06918495,31.81714809,38.1761963,44.53524451
PLDV,BEVExist,Savage,0.824673805,18.49547489,30.27600895,410.1267605,391.211687,297.4665085,695.3368922,834.2393359,973.1417796
PLDV,BEVExist,Scandia,0.130971857,4.283809083,7.052367234,113.1112162,128.3960773,117.0524872,286.1827431,343.3930974,400.6034516
PLDV,BEVExist,Sciota Twp.,0.006165477,0.157971343,0.259175253,3.75654644,4.042826115,3.5806886,8.503888552,10.20343317,11.90297778
PLDV,BEVExist,Shakopee,1.193205724,27.49945735,45.03695844,571.0492963,525.8860113,409.2488667,951.0413134,1141.010935,1330.980556
PLDV,BEVExist,Shoreview,1.221985261,38.08956416,62.6679501,736.6456126,702.5400239,526.790259,1079.839213,1295.562659,1511.286105
PLDV,BEVExist,Shorewood,0.324038752,11.32269279,18.65512882,242.675124,254.3630595,210.6470191,450.7450935,540.8293044,630.9135154
PLDV,BEVExist,South St. Paul,1.239113861,28.16171723,46.11011948,506.0262942,426.6953626,296.5135762,613.9251457,736.4623521,858.9995584
PLDV,BEVExist,Spring Lake Park,0.108464493,2.781405331,4.56336589,60.36673981,59.0132282,47.5865696,107.3246321,128.7678656,150.2110992
PLDV,BEVExist,Spring Lake Park,0.108464493,2.781405331,4.56336589,60.36673981,59.0132282,47.5865696,107.3246321,128.7678656,150.2110992
PLDV,BEVExist,Spring Lake Twp.,0.047146511,1.015583932,1.66120888,26.72719666,31.79740237,30.38964567,81.15322343,97.37443881,113.5956542
PLDV,BEVExist,Spring Park,0.06853959,2.906664014,4.798746964,63.77236966,68.20322668,57.22553584,123.9962328,148.7817714,173.5673101
PLDV,BEVExist,St. Anthony,0.250971735,15.09647296,24.99347377,322.6578227,335.7072742,276.9912035,590.5924464,708.6607413,826.7290363
PLDV,BEVExist,St. Anthony,0.250971735,15.09647296,24.99347377,322.6578227,335.7072742,276.9912035,590.5924464,708.6607413,826.7290363
PLDV,BEVExist,St. Bonifacius,0.104214239,3.665739393,6.040089495,77.50114369,80.15336469,66.07231844,140.7482491,168.877056,197.005863
PLDV,BEVExist,St. Francis,0.247367951,5.501966058,9.005031463,135.5505837,147.933049,129.5190407,313.748694,376.4489592,439.1492244
PLDV,BEVExist,St. Lawrence Twp.,0.005495859,0.124944259,0.204576525,3.569131751,4.542486053,4.779498664,13.9032916,16.68285075,19.4624099
PLDV,BEVExist,St. Louis Park,2.449652596,86.5754921,142.6593851,1671.409482,1574.819651,1160.358071,2415.503528,2898.114304,3380.725079
PLDV,BEVExist,St. Marys Point,0.008450394,0.274915153,0.452558325,6.8381299,7.337268098,6.370347835,14.86663601,17.83827313,20.80991025
PLDV,BEVExist,St. Paul,10.82,291.128,478,"5,609.71","5,266.67","3,831.37","7,985.33","9,580.23","11,175.14"
PLDV,BEVExist,St. Paul Park,0.151260768,4.93964875,8.131907405,136.4420607,160.9613189,152.0174021,383.3966051,460.045674,536.6947429
PLDV,BEVExist,Stillwater,0.505392511,17.01844109,28.02714015,438.5608311,486.7454292,436.6893859,1051.9908,1262.287882,1472.584964
PLDV,BEVExist,Stillwater Twp.,0.070784775,2.214170621,3.643094518,58.03862753,65.48511778,59.08497617,143.0913716,171.6954889,200.2996063
PLDV,BEVExist,Sunfish Lake,0.030798933,0.755614639,1.238825109,17.81219589,19.02506407,16.31202585,37.59613886,45.10920685,52.62227483
PLDV,BEVExist,Tonka Bay,0.051958139,1.910289873,3.149177695,41.13317843,43.28281693,35.83281216,76.65221663,91.97226833,107.29232
PLDV,BEVExist,Vadnais Heights,0.260338665,5.604175283,9.166733028,130.0477924,133.4145137,104.9956434,236.1991696,283.3869358,330.574702
PLDV,BEVExist,Vermillion,0.012689087,0.318041978,0.521610572,7.307567543,7.610025629,6.564595767,15.21748478,18.25844392,21.29940305
PLDV,BEVExist,Vermillion Twp.,0.044485239,1.120511446,1.83786225,26.5755679,28.53759611,24.59236823,56.95367464,68.33551252,79.71735041
PLDV,BEVExist,Victoria,0.204562892,7.013760991,11.55322639,203.5729672,257.5855395,259.4197295,693.1996558,831.7986744,970.397693
PLDV,BEVExist,Waconia,0.354160877,12.29807782,20.26068912,384.2359466,512.5794977,502.3673017,1312.697555,1575.166234,1837.634913
PLDV,BEVExist,Waconia Twp.,0.038253635,1.20518331,1.983136426,32.51055471,38.77791499,35.95721531,89.44989191,107.3322196,125.2145472
PLDV,BEVExist,Waterford Twp.,0.011760675,0.298110217,0.489009911,7.022115686,7.491118978,6.266205051,14.09855207,16.91591035,19.73326863
PLDV,BEVExist,Watertown,0.127647007,4.223136954,6.953463585,123.073744,156.2617464,151.2302475,390.9467794,469.1106058,547.2744323
PLDV,BEVExist,Watertown Twp.,0.034179835,1.089628931,1.793261661,27.66362109,31.18984459,28.03360698,67.6742356,81.20224675,94.7302579
PLDV,BEVExist,Wayzata,0.158677147,6.687004497,11.03922273,147.9183332,159.3939781,132.5785902,284.8946937,341.841897,398.7891003
PLDV,BEVExist,West Lakeland Twp.,0.130702402,3.940168391,6.479812383,100.707004,111.059558,97.07541418,228.0677115,273.6551133,319.2425151
PLDV,BEVExist,West St. Paul,0.928069834,22.46660729,36.82563226,416.452662,352.1440214,238.4224763,497.6241289,596.9633407,696.3025525
PLDV,BEVExist,White Bear Lake,0.640092292,24.56937987,40.52223826,565.9922996,631.7686676,533.3574184,1163.141542,1395.641832,1628.142122
PLDV,BEVExist,White Bear Lake,0.640092292,24.56937987,40.52223826,565.9922996,631.7686676,533.3574184,1163.141542,1395.641832,1628.142122
PLDV,BEVExist,White Bear Twp.,0.239054034,5.005433498,8.183019808,114.3516514,115.6437531,90.68323831,203.2894066,243.8994771,284.5095476
PLDV,BEVExist,Willernie,0.008016046,0.263427455,0.433701728,6.553207821,7.031548594,6.104916676,14.24719284,17.0950282,19.94286356
PLDV,BEVExist,Woodbury,3.354207053,93.01026002,152.780962,2043.745784,1928.214322,1468.394406,3291.247124,3948.825707,4606.40429
PLDV,BEVExist,Woodland,0.020568586,0.74075451,1.22087846,15.57572853,16.01722943,13.06236769,27.53161069,33.03381911,38.53602753
PLDV,BEVExist,Young America Twp.,5.594799697,8.596435605,10.59752621,19.18289337,31.88157075,38.34811346,40.78472835,47.82271408,54.86069981
PLDV,TotSales,Afton,61.04565804,68.21300374,72.9912342,99.6194131,115.5630406,125.6179583,107.3083708,116.5609134,125.8134559
PLDV,TotSales,Andover,738.3970478,821.3963104,876.7291521,1282.586132,1469.75666,1476.388218,1096.633951,1168.281332,1239.928713
PLDV,TotSales,Anoka,596.3499567,632.5164886,656.6275098,802.9692852,802.4761331,733.7588659,511.7696022,494.8535313,477.9374604
PLDV,TotSales,Apple Valley,2015.051289,2122.983015,2194.937499,2516.143438,2508.744963,2409.820565,1858.082039,1826.68819,1795.29434
PLDV,TotSales,Arden Hills,223.6168981,242.5118534,255.1084903,359.1818805,416.9012721,411.0226684,301.6015605,317.198493,332.7954255
PLDV,TotSales,Bayport,41.07432739,47.9461078,52.52729474,73.84968746,88.05895823,97.19619426,84.24891308,92.88383022,101.5187474
PLDV,TotSales,Baytown Twp.,39.07688511,44.06977423,47.39836697,65.52160822,76.92838284,84.53457182,72.96771959,79.74588649,86.52405338
PLDV,TotSales,Belle Plaine,148.4175093,172.8372554,189.1170861,300.2964977,388.1105137,439.6902687,356.0641293,397.5934533,439.1227773
PLDV,TotSales,Belle Plaine Twp.,18.27371421,20.1836404,21.45692453,29.23841066,33.09424958,33.152127,24.07685578,25.2374841,26.39811241
PLDV,TotSales,Benton Twp.,17.90301512,19.7284819,20.94545976,28.54293068,33.63954777,37.36631632,32.00777941,34.82873226,37.64968512
PLDV,TotSales,Bethel,17.72040511,18.66094025,19.28796368,24.66499343,25.66313091,23.30668401,16.15095229,15.83706173,15.52317116
PLDV,TotSales,Birchwood Village,15.94204671,17.37889933,18.33680107,24.43626022,27.69421782,29.60994732,24.88583279,26.67459,28.46334722
PLDV,TotSales,Blaine,1631.386598,1820.115318,1945.934464,2598.174587,2887.399722,2871.528821,2123.328068,2221.716362,2320.104656
PLDV,TotSales,Blaine,1631.386598,1820.115318,1945.934464,2598.174587,2887.399722,2871.528821,2123.328068,2221.716362,2320.104656
PLDV,TotSales,Blakeley Twp.,12.71591166,14.01026605,14.87316898,20.3269771,23.07548262,23.0438266,16.68369083,17.47724666,18.27080249
PLDV,TotSales,Bloomington,3797.529113,3812.809794,3822.996915,4018.570311,3883.32272,3840.735936,3224.141953,3109.464522,2994.78709
PLDV,TotSales,Brooklyn Center,1247.871663,1219.302766,1200.256834,1250.450799,1202.633145,1196.58645,998.5463227,948.6812546,898.8161865
PLDV,TotSales,Brooklyn Park,3961.338633,3922.408503,3896.455083,3875.021582,3667.550196,3592.210236,2960.784247,2760.673369,2560.562492
PLDV,TotSales,Burnsville,2765.358815,2767.800409,2769.428138,2931.982342,2753.917244,2532.55849,1896.003901,1722.132918,1548.261936
PLDV,TotSales,Camden Twp.,17.59735758,19.49432421,20.75896863,28.41945045,33.64851831,37.26667281,31.82853584,34.67477149,37.52100715
PLDV,TotSales,Carver,86.20396642,111.657034,128.6257458,238.2011401,355.1357639,501.6054303,521.4358245,608.4821961,695.5285677
PLDV,TotSales,Castle Rock Twp.,43.40673944,46.68649405,48.87299713,62.25009677,66.84085954,66.83325964,52.12405523,53.86751839,55.61098154
PLDV,TotSales,Cedar Lake Twp.,66.12451673,75.92925115,82.46574076,120.0852871,144.6516038,153.0556905,117.0402712,127.2234221,137.4065729
PLDV,TotSales,Centerville,137.9912608,144.2265161,148.383353,179.0054994,176.5953757,159.5197118,109.9729623,104.3693026,98.76564285
PLDV,TotSales,Champlin,1218.971025,1171.759485,1140.285125,1162.118736,1090.083376,1038.708118,832.1423068,754.7765631,677.4108194
PLDV,TotSales,Chanhassen,1066.264204,1137.87255,1185.611448,1414.580622,1507.467702,1587.696931,1355.023357,1412.775187,1470.527018
PLDV,TotSales,Chanhassen,1066.264204,1137.87255,1185.611448,1414.580622,1507.467702,1587.696931,1355.023357,1412.775187,1470.527018
PLDV,TotSales,Chaska,905.5328398,980.6339393,1030.701339,1300.230521,1426.945028,1520.339094,1298.815661,1377.472225,1456.12879
PLDV,TotSales,Circle Pines,147.3549737,153.2539498,157.1866006,188.9145345,185.6937987,166.42216,113.8543609,107.1542384,100.4541158
PLDV,TotSales,Coates,4.698210162,5.099206907,5.36653807,6.82884222,7.325398952,7.324566044,5.712516298,5.915377525,6.118238753
PLDV,TotSales,Cologne,40.08429776,49.43511673,55.66899605,93.60751477,131.3063681,172.507827,170.6014642,196.7048975,222.8083308
PLDV,TotSales,Columbia Heights,662.8137303,684.433654,698.8469364,787.1849965,773.4895367,700.9115451,487.1380493,452.0029131,416.8677769
PLDV,TotSales,Columbus,180.3437818,191.8417302,199.5070292,260.9157558,276.6780287,262.7383489,189.6710149,191.5364615,193.4019081
PLDV,TotSales,Coon Rapids,2417.671215,2514.467584,2578.998496,3005.78814,2968.217062,2694.1607,1866.267174,1755.986366,1645.705558
PLDV,TotSales,Corcoran,161.54466,186.5927218,203.2914296,308.0573245,392.7575708,483.0966581,464.8357067,525.4939161,586.1521254
PLDV,TotSales,Cottage Grove,1544.045143,1567.996886,1583.964714,1761.243073,1747.280559,1744.482683,1443.321256,1423.176478,1403.031701
PLDV,TotSales,Credit River Twp.,142.7796865,160.0799675,171.6134882,244.3734371,288.5114018,298.3949624,223.4796743,239.6196719,255.7596694
PLDV,TotSales,Crystal,566.0241076,606.1690956,632.932421,757.9417615,818.9132927,865.1285064,733.017766,766.4164977,799.8152293
PLDV,TotSales,Dahlgren Twp.,26.87217099,28.77846568,30.0493288,36.62885053,38.06074547,38.75420807,30.17876344,30.84008193,31.50140042
PLDV,TotSales,Dayton,165.8534905,192.2663562,209.8749334,320.9112343,411.7158777,518.7846497,508.2109248,576.6824116,645.1538985
PLDV,TotSales,Deephaven,100.1823361,106.6891076,111.0269553,139.6897325,152.5928455,163.1205361,139.0045564,146.7690005,154.5334445
PLDV,TotSales,Dellwood,18.02746602,19.94487604,21.22314939,29.34331016,34.45750481,37.6978496,32.40342811,35.27862053,38.15381294
PLDV,TotSales,Denmark Twp.,48.63451667,55.21056876,59.59460349,87.13902515,107.507415,124.2332633,112.2195522,124.9365593,137.6535664
PLDV,TotSales,Douglas Twp.,36.52352818,39.83126783,42.03642759,55.40797834,61.49359078,63.64582726,51.32214669,54.28187039,57.24159409
PLDV,TotSales,Eagan,2565.474931,2697.372407,2785.304057,3227.632807,3262.800839,3151.492011,2431.499705,2404.704659,2377.909614
PLDV,TotSales,East Bethel,580.3529973,621.806051,649.4414201,875.9648394,952.2758906,944.1315877,706.8206116,732.1141345,757.4076573
PLDV,TotSales,Eden Prairie,2648.313615,2791.68139,2887.259907,3279.095752,3410.893038,3550.025525,3037.762443,3115.652208,3193.541974
PLDV,TotSales,Edina,1945.454335,2012.645679,2057.439908,2266.180536,2295.453636,2294.525455,1896.761756,1887.02324,1877.284724
PLDV,TotSales,Elko New Market,91.0102656,113.8889162,129.14135,221.2222694,301.6101316,369.2886172,316.6629945,361.7935403,406.9240861
PLDV,TotSales,Empire Twp.,52.20339203,61.31599311,67.39106049,99.30657882,121.0655068,135.7132879,117.2791243,130.2942707,143.3094172
PLDV,TotSales,Eureka Twp.,60.9862494,66.58159555,70.31182631,95.06270793,107.9736962,113.9592761,93.55599656,100.069946,106.5838954
PLDV,TotSales,Excelsior,49.16301835,53.25319383,55.97997748,72.80436363,82.08159682,87.14509559,73.75751972,78.67641999,83.59532026
PLDV,TotSales,Falcon Heights,123.3598867,131.8835414,137.5659779,169.7692347,175.3832474,162.9728502,113.0874721,111.0329892,108.9785063
PLDV,TotSales,Farmington,513.7522793,579.1643236,622.7723532,866.8414181,1009.654035,1094.558854,919.9672995,1001.210304,1082.453308
PLDV,TotSales,Forest Lake,928.2513916,985.216344,1023.192979,1246.076078,1313.396922,1356.93788,1148.629692,1192.705352,1236.781012
PLDV,TotSales,Fort Snelling UT,4.852877517,5.183324702,5.403622826,9.173349818,12.57532156,16.1721187,16.07535686,18.31985273,20.5643486
PLDV,TotSales,Fridley,1010.297573,1066.130656,1103.352711,1304.151673,1320.183888,1190.595225,816.4692192,777.7035485,738.9378778
PLDV,TotSales,Gem Lake,11.6220751,13.27149701,14.37111162,19.06976969,21.07961294,20.43963762,14.77410543,15.40451149,16.03491756
PLDV,TotSales,Golden Valley,452.2969606,498.1540282,528.7254066,664.0971245,760.1475224,835.1498307,725.7521748,780.4432177,835.1342605
PLDV,TotSales,Grant,93.78911763,102.453709,108.2301032,148.9084607,174.0624862,191.308019,165.1602731,179.4345042,193.7087352
PLDV,TotSales,Greenfield,95.98164725,106.7504314,113.9296208,159.1341602,190.8221738,220.4696436,201.7299685,222.8796327,244.0292969
PLDV,TotSales,Greenvale Twp.,14.66336371,16.06934928,17.00667299,23.04272109,26.22218336,26.64333601,21.11024237,22.3996181,23.68899383
PLDV,TotSales,Greenwood,26.0964187,27.93231044,29.15623827,36.40218182,39.46230616,41.89668057,35.46034602,37.33313148,39.20591694
PLDV,TotSales,Grey Cloud Island Twp.,6.673819269,7.334705018,7.775295518,10.36162981,11.74309122,12.55541192,10.55226063,11.32794891,12.10363718
PLDV,TotSales,Ham Lake,621.9880272,660.22304,685.7130485,868.7613153,896.6284929,826.3013867,580.5626816,572.2776124,563.9925433
PLDV,TotSales,Hamburg,10.01768199,11.14526942,11.89699438,17.01262491,20.99671192,24.33687618,21.71545126,24.05500512,26.39455897
PLDV,TotSales,Hampton,17.44396058,18.93729765,19.93285569,26.33981999,29.30159581,30.34463075,24.48221271,25.88986313,27.29751356
PLDV,TotSales,Hampton Twp.,27.28525708,29.89829594,31.64032184,42.55454161,48.10828019,51.10173853,42.19375445,45.17545392,48.1571534
PLDV,TotSales,Hancock Twp.,6.507427585,7.361768786,7.931329587,11.59951698,14.60640829,16.73160237,14.76650686,16.41832271,18.07013857
PLDV,TotSales,Hanover,87.4938733,96.4005871,102.3383963,132.3826012,148.5098122,162.2798094,141.2503783,152.0016793,162.7529803
PLDV,TotSales,Hastings,645.0784694,709.6223328,752.651575,1027.072311,1176.131141,1249.993828,1032.595759,1110.099217,1187.602675
PLDV,TotSales,Hastings,645.0784694,709.6223328,752.651575,1027.072311,1176.131141,1249.993828,1032.595759,1110.099217,1187.602675
PLDV,TotSales,Helena Twp.,29.4152361,33.27498496,35.84815086,51.20719305,60.62969942,61.85686002,45.73294074,48.99648167,52.26002259
PLDV,TotSales,Hilltop,19.85525557,21.4088267,22.44454078,28.07929402,28.65645041,26.71915413,18.97572682,18.79982107,18.62391532
PLDV,TotSales,Hollywood Twp.,22.26948698,24.88479666,26.62833644,39.00708885,49.18849429,56.32349414,49.69029932,55.17446179,60.65862425
PLDV,TotSales,Hopkins,443.8516452,485.5500388,513.3489679,658.1544433,732.1573204,789.1007027,677.8442143,724.6427281,771.441242
PLDV,TotSales,Hugo,362.7166055,428.4611647,472.2908709,746.8150212,979.46316,1200.884582,1138.440441,1293.585208,1448.729975
PLDV,TotSales,Independence,96.79739441,106.4097466,112.8179814,148.8485214,170.0261648,188.6148658,166.4947675,180.4342421,194.3737167
PLDV,TotSales,Inver Grove Heights,1545.365794,1636.995033,1698.081193,2025.559225,2107.629594,2097.847626,1670.079059,1695.021712,1719.964365
PLDV,TotSales,Jackson Twp.,29.16523343,32.15997078,34.15646235,47.10315572,53.94836687,53.874358,39.00494254,40.97288437,42.94082619
PLDV,TotSales,Jordan,140.2691553,167.3660066,185.4305741,286.0955305,361.6489709,403.4397277,322.7053001,359.1925291,395.679758
PLDV,TotSales,Lake Elmo,227.5317149,270.155234,298.5709134,476.5415438,629.2185788,787.0258776,757.5084403,863.5037854,969.4991305
PLDV,TotSales,Lake St. Croix Beach,19.71897402,21.64019041,22.92100134,31.18168622,36.06017945,38.55461891,32.40342811,34.94031893,37.47720974
PLDV,TotSales,Lakeland,57.67605444,62.66645159,65.99338303,88.4541711,100.8242618,108.6469161,92.02573583,98.89567211,105.7656084
PLDV,TotSales,Lakeland Shores,9.962679759,10.86137231,11.46050067,15.90902358,18.75129332,20.81949421,18.14591974,19.78256774,21.41921573
PLDV,TotSales,Laketown Twp.,30.27937283,30.92091117,31.3486034,31.97188176,24.97175763,13.86913108,0,0,0
PLDV,TotSales,Lakeville,1683.523025,1860.297229,1978.146698,2664.068962,2977.352669,3096.634926,2523.447557,2691.432463,2859.417369
PLDV,TotSales,Landfall,7.356566953,7.908843739,8.277028263,11.03025635,12.50086221,13.36560122,11.23318841,12.0085127,12.78383699
PLDV,TotSales,Lauderdale,71.75528379,77.36683096,81.10786241,100.1591188,103.5378509,96.13123879,66.650239,65.62923004,64.60822109
PLDV,TotSales,Lexington,57.65569826,59.87132619,61.34841148,75.32640086,75.56705974,69.77516249,49.11263115,47.40401772,45.6954043
PLDV,TotSales,Lilydale,31.50965849,38.24643192,42.73761421,54.3829971,58.33743658,58.33080354,45.49288844,48.28953443,51.08618042
PLDV,TotSales,Lino Lakes,435.0441836,493.837932,533.0337643,755.8387436,901.7021365,944.6142401,723.8643775,781.6284162,839.392455
PLDV,TotSales,Linwood Twp.,243.9250478,254.7603605,261.9839023,310.4276794,300.8927293,267.1915413,181.1319378,168.5733159,156.0146939
PLDV,TotSales,Little Canada,261.3246033,280.5546997,293.3747639,372.8012702,396.2392383,369.296781,257.016982,256.1554578,255.2939335
PLDV,TotSales,Long Lake,59.24053274,64.23504679,67.56472282,88.62717866,100.7078053,108.7023343,93.51129647,100.3654492,107.219602
PLDV,TotSales,Loretto,22.66323218,24.30428674,25.39832312,32.27660121,35.60376956,38.45184239,33.09632295,35.1829411,37.26955926
PLDV,TotSales,Louisville Twp.,14.63561827,16.18039224,17.21024155,23.71813782,27.14762661,27.11038423,19.62787156,20.62632222,21.62477288
PLDV,TotSales,Mahtomedi,129.2767798,142.4396756,151.2149394,203.1599988,232.1113618,250.2837344,212.1308423,228.7016548,245.2724673
PLDV,TotSales,Maple Grove,2451.469135,2590.43746,2683.08301,3090.889658,3220.930098,3371.005293,2886.738293,2973.792124,3060.845956
PLDV,TotSales,Maple Plain,49.07268825,53.41143671,56.30393568,74.74581333,85.85243941,96.78133212,86.68084582,94.20247733,101.7241088
PLDV,TotSales,Maplewood,1324.956598,1420.579884,1484.328742,1765.406223,1880.21299,1951.207069,1668.986937,1737.793005,1806.599073
PLDV,TotSales,Marine on St. Croix,22.49429027,25.23342539,27.05951547,39.29528824,48.20043987,54.68330115,48.60514216,53.82731254,59.04948292
PLDV,TotSales,Marshan Twp.,34.37864313,37.67154056,39.86680552,52.97309486,59.23128476,61.75393191,50.13532204,53.28665783,56.43799361
PLDV,TotSales,May Twp.,73.12261136,81.63990475,87.31810035,126.0600726,153.8567657,176.1909365,157.9065342,174.8633188,191.8201034
PLDV,TotSales,Mayer,48.06253269,56.75148331,62.54411706,98.53722559,131.8670272,162.9171392,153.6373411,174.7523028,195.8672645
PLDV,TotSales,Medicine Lake,5.838411238,6.3006129,6.608747342,8.251161212,8.944789397,9.49658093,8.037678431,8.477531869,8.917385308
PLDV,TotSales,Medina,128.2868925,148.5508117,162.0600911,226.0878842,270.8429613,315.9515967,291.4515389,324.0844682,356.7173975
PLDV,TotSales,Mendota,8.554349414,9.523801836,10.17010345,14.37923313,16.96729511,18.5076719,15.63721657,17.05379,18.47036343
PLDV,TotSales,Mendota Heights,299.7417742,330.7050927,351.347305,449.3193392,484.3889089,486.7310411,381.4769472,397.8239818,414.1710164
PLDV,TotSales,Miesville,7.604182043,8.46572799,9.040091954,11.50338651,12.33985099,12.33844793,9.622902504,10.0266466,10.43039069
PLDV,TotSales,Minneapolis,10973.98872,11624.06685,12057.45227,13340.5703,13683.62582,14023.28039,12061.32887,12278.79689,12496.26492
PLDV,TotSales,Minnetonka,1910.429461,2015.642229,2085.784075,2451.48942,2586.885846,2690.123475,2281.911594,2356.208021,2430.504447
PLDV,TotSales,Minnetonka Beach,7.093159645,7.502261981,7.774996872,9.707248484,10.52328164,11.45175936,9.928896885,10.49604433,11.06319178
PLDV,TotSales,Minnetrista,215.4277832,248.457068,270.4765912,394.3084334,488.8274789,594.7317601,567.4790094,637.8892546,708.2994998
PLDV,TotSales,Mound,365.8762262,394.2032128,413.0878706,531.7088256,593.7080749,640.2239973,550.2416657,587.1147535,623.9878414
PLDV,TotSales,Mounds View,313.3252184,334.6370371,348.8449162,434.8265686,453.6699306,421.4864551,292.414777,288.2326887,284.0506005
PLDV,TotSales,New Brighton,758.5006453,777.9943774,790.9901988,865.2117461,864.7392983,861.2897436,717.8619081,709.7341607,701.6064133
PLDV,TotSales,New Germany,8.04788714,9.565420406,10.57710925,17.47720215,24.22047439,29.89305306,28.16684588,32.19063762,36.21442937
PLDV,TotSales,New Hope,572.5224863,613.1405752,640.2193012,761.1831325,820.164711,871.8338066,746.6098054,781.4272693,816.2447331
PLDV,TotSales,New Market Twp.,75.30175761,83.54607855,89.04229251,121.3845854,137.4494981,137.2609385,99.37668344,104.1916686,109.0066538
PLDV,TotSales,New Prague,140.4103978,161.4424336,175.4637908,265.2175829,329.7588269,356.3744727,277.6117084,305.0519705,332.4922327
PLDV,TotSales,New Trier,3.143466328,3.557331418,3.833241478,4.877744443,5.232427823,5.231832888,4.080368784,4.267749276,4.455129767
PLDV,TotSales,Newport,69.26023995,77.77011177,83.44335965,122.5085724,151.6588119,173.6500036,155.6105199,172.8805759,190.1506319
PLDV,TotSales,Nininger Twp.,34.64410848,37.16816621,38.85087137,50.67310228,55.6835776,55.81678827,43.64100844,45.44038843,47.23976842
PLDV,TotSales,North Oaks,127.8524876,138.8612338,146.200398,186.690511,199.339818,188.4735335,133.0302665,134.0658222,135.101378
PLDV,TotSales,North St. Paul,357.9015511,388.2826075,408.5366451,514.3705653,541.9203336,513.013372,362.5324808,363.4586668,364.3848527
PLDV,TotSales,Northfield,395.4542599,429.723466,452.5696034,595.1277009,659.0405919,677.47333,542.803873,572.2737956,601.7437182
PLDV,TotSales,Norwood Young America,90.02856944,108.5401769,120.8812486,214.1120094,310.7397159,394.6452395,380.4353209,438.5166712,496.5980215
PLDV,TotSales,Nowthen,218.9164928,231.3014363,239.5580653,306.8919051,319.8059866,302.3081438,217.3583254,217.0466919,216.7350585
PLDV,TotSales,Oak Grove,376.3186539,400.2949154,416.2790898,533.0063885,555.1856616,527.4635067,380.9343985,381.8575474,382.7806964
PLDV,TotSales,Oak Park Heights,98.45612928,111.3871402,120.0078142,167.926562,199.3818837,221.1933565,192.6430092,211.4803851,230.3177611
PLDV,TotSales,Oakdale,1075.242409,1091.748489,1102.752543,1257.615222,1223.042969,1174.526226,933.5335532,905.1917822,876.8500111
PLDV,TotSales,Orono,191.9056328,211.1561841,223.9898849,295.2508163,336.9765248,374.9082564,331.8237339,359.8073541,387.7909743
PLDV,TotSales,Osseo,64.44366169,71.26119638,75.80621951,98.2858909,110.4944573,121.5003737,106.3810381,114.7685133,123.1559886
PLDV,TotSales,Pine Springs,5.149131442,5.641059036,5.969010766,7.95451179,9.015044864,9.638654727,8.100857027,8.691202144,9.281547261
PLDV,TotSales,Plymouth,2751.691662,2868.375308,2946.164405,3287.682405,3330.183834,3376.999126,2810.131501,2821.819469,2833.507436
PLDV,TotSales,Prior Lake,1225.950638,1290.91254,1334.220474,1534.468915,1521.53452,1412.380044,1010.514212,967.4269266,924.3396413
PLDV,TotSales,Ramsey,1152.939923,1215.127066,1256.585161,1545.626214,1584.321549,1485.553639,1068.548868,1051.670657,1034.792446
PLDV,TotSales,Randolph,11.81314919,12.86134243,13.56013793,17.25507976,18.50977649,18.5076719,14.43435376,14.95859467,15.48283558
PLDV,TotSales,Randolph Twp.,17.48140459,19.15148552,20.2648728,26.31399663,28.79298565,28.78971185,22.45343918,23.44784609,24.44225301
PLDV,TotSales,Ravenna Twp.,54.9855784,59.96261757,63.28064368,84.35816771,94.60552427,98.65617327,80.11066334,85.13568033,90.16069732
PLDV,TotSales,Richfield,2022.99104,1947.177079,1896.634438,1799.978412,1648.80956,1573.701728,1267.793786,1116.754335,965.7148839
PLDV,TotSales,Robbinsdale,318.014481,341.4003673,356.9909581,456.2875697,506.110988,545.5156111,468.6375221,498.7621303,528.8867385
PLDV,TotSales,Rockford,113.2949699,123.2571483,129.8986005,171.9450317,196.9841398,218.3158438,192.5470522,208.3974686,224.2478851
PLDV,TotSales,Rogers,412.4892314,475.8711675,518.1257916,756.9712368,939.9395164,1132.215896,1071.94262,1203.833298,1335.723975
PLDV,TotSales,Rosemount,692.6322844,765.8911323,814.7303643,1084.713666,1223.585473,1299.154906,1084.390575,1162.742233,1241.093892
PLDV,TotSales,Roseville,961.5809535,1026.148601,1069.1937,1252.996369,1335.432215,1386.257438,1178.659616,1222.075348,1265.49108
PLDV,TotSales,San Francisco Twp.,23.2429578,26.33189591,28.39118799,40.52051324,49.92108889,57.54412714,51.08441593,56.65270756,62.22099918
PLDV,TotSales,Sand Creek Twp.,37.00669573,40.6279696,43.04215218,58.59938017,66.26805264,66.17714304,47.91213776,50.09322617,52.27431458
PLDV,TotSales,Savage,1074.055901,1175.39699,1242.957716,1523.283234,1544.781417,1428.018777,1001.440942,986.9179507,972.3949589
PLDV,TotSales,Scandia,98.61882194,110.8846496,119.0618681,168.4192872,201.9273889,226.6960186,199.6051171,219.8023762,239.9996352
PLDV,TotSales,Sciota Twp.,5.074254705,5.623138433,5.989060919,7.884612834,8.740727786,9.253835951,7.618131149,8.126906437,8.635681726
PLDV,TotSales,Shakopee,1683.713862,1722.423671,1748.23021,2060.81095,1942.678957,1713.704192,1171.475103,1069.027351,966.5795994
PLDV,TotSales,Shoreview,881.503342,932.5135435,966.5203445,1093.599105,1114.911307,1118.95938,931.0073207,940.9081165,950.8089122
PLDV,TotSales,Shorewood,193.0492104,207.7929817,217.6221625,277.0448717,306.122263,330.0341184,283.5882072,301.6960066,319.8038059
PLDV,TotSales,South St. Paul,1077.911517,1045.548906,1023.973832,1017.212684,915.3309442,819.4196529,606.0171176,511.6382377,417.2593578
PLDV,TotSales,Spring Lake Park,199.306928,209.0482152,215.5424067,260.7384129,257.9080537,236.6171949,165.5545912,158.8041238,152.0536565
PLDV,TotSales,Spring Lake Park,199.306928,209.0482152,215.5424067,260.7384129,257.9080537,236.6171949,165.5545912,158.8041238,152.0536565
PLDV,TotSales,Spring Lake Twp.,78.94058338,89.03301591,95.76130426,137.9982552,164.6956014,166.6309644,122.2053092,130.8582544,139.5111996
PLDV,TotSales,Spring Park,49.29969821,53.30786577,55.97997748,72.80436363,82.08159682,89.65889643,78.01276124,83.75537384,89.49798645
PLDV,TotSales,St. Anthony,254.5522498,276.7583295,291.5623827,368.3554112,404.0188488,433.9797829,371.5737686,394.9780724,418.3823761
PLDV,TotSales,St. Anthony,254.5522498,276.7583295,291.5623827,368.3554112,404.0188488,433.9797829,371.5737686,394.9780724,418.3823761
PLDV,TotSales,St. Bonifacius,63.8681422,67.82380238,70.46090916,88.47752525,96.46341507,103.5197149,88.55236408,93.48920846,98.42605283
PLDV,TotSales,St. Francis,369.7223325,403.0908432,425.336517,585.4754482,646.5181778,644.0143166,483.9759126,506.8266286,529.6773446
PLDV,TotSales,St. Lawrence Twp.,9.18757301,10.75078533,11.79292688,18.4281936,23.52794306,26.20670476,20.93639633,23.286161,25.63592566
PLDV,TotSales,St. Louis Park,1743.255454,1821.690292,1873.980184,2087.019581,2138.136577,2176.11863,1818.931571,1834.066795,1849.202018
PLDV,TotSales,St. Marys Point,6.495328229,7.18233156,7.640333781,10.18177509,11.53925743,12.33747805,10.36909699,11.14385075,11.9186045
PLDV,TotSales,St. Paul,"8,204.44",8659.96,"8,963.64","9,924.86","10,075.48","10,167.20","8,716.84","8,819.32","8,921.79"
PLDV,TotSales,St. Paul Park,112.1838979,127.2459077,137.2872476,203.1582311,253.1424598,294.4127086,267.4092905,298.454369,329.4994475
PLDV,TotSales,Stillwater,383.6874169,437.3765464,473.1692994,653.0042294,765.5002834,845.7380747,733.7365792,803.7464117,873.7562442
PLDV,TotSales,Stillwater Twp.,52.25851202,57.80621697,61.50468694,86.41781608,102.9878725,114.4301089,99.80255857,109.3113679,118.8201772
PLDV,TotSales,Sunfish Lake,25.32027076,27.30428301,28.62695785,37.38600614,41.13283664,42.15636378,33.68015876,35.35213636,37.02411397
PLDV,TotSales,Tonka Bay,32.26794648,34.94929472,36.73686022,46.95881454,52.09024414,56.14155197,48.22607058,51.4176954,54.60932023
PLDV,TotSales,Vadnais Heights,372.0055114,408.1950398,432.321392,552.3672489,590.1075062,557.2935024,392.9135919,397.095208,401.2768241
PLDV,TotSales,Vermillion,10.72643615,11.52264802,12.05345594,15.33784867,16.45313466,16.96536591,13.63244521,14.21364703,14.79484884
PLDV,TotSales,Vermillion Twp.,37.12519544,40.33183737,42.46959866,55.77944186,61.69925496,63.55585941,51.02143098,53.80067809,56.5799252
PLDV,TotSales,Victoria,136.2012266,166.5143452,186.7230909,293.7990503,392.7865729,490.3498655,466.328451,532.3538959,598.3793408
PLDV,TotSales,Waconia,242.8442306,293.6094847,327.4529875,554.5341198,781.6212999,949.5643962,883.0763436,1011.122766,1139.169189
PLDV,TotSales,Waconia Twp.,26.00047166,29.63104335,32.05142448,46.91963883,59.13159707,67.96559276,60.17462528,67.00945601,73.84428673
PLDV,TotSales,Waterford Twp.,10.00531698,10.78219576,11.30011494,14.73871396,16.19605443,16.19421291,12.63005954,13.15500805,13.67995656
PLDV,TotSales,Watertown,88.14525533,102.6871736,112.3817858,177.6215653,238.28013,285.8523199,262.9972541,297.9676539,332.9380536
PLDV,TotSales,Watertown Twp.,24.37965476,27.14146455,28.98267107,39.92448366,47.56071395,52.98855041,45.52573157,49.75494694,53.9841623
PLDV,TotSales,Wayzata,108.7761159,120.7775468,128.7785008,168.8678055,191.8283472,207.7193321,179.2427174,193.3360378,207.4293581
PLDV,TotSales,West Lakeland Twp.,92.26125914,102.5419166,109.3956882,149.9497786,174.6623965,188.0063416,159.0713744,172.4333974,185.7954204
PLDV,TotSales,West St. Paul,829.5192948,818.0060433,810.3305423,818.929209,757.7253677,696.9840964,524.7640998,463.8130608,402.8620218
PLDV,TotSales,White Bear Lake,478.0434947,529.2434404,563.3767376,764.9153963,908.5009353,1020.778691,909.3596206,995.6228458,1081.886071
PLDV,TotSales,White Bear Lake,478.0434947,529.2434404,563.3767376,764.9153963,908.5009353,1020.778691,909.3596206,995.6228458,1081.886071
PLDV,TotSales,White Bear Twp.,338.7055729,367.0387392,385.9275167,485.6991876,511.5054191,481.3264423,338.1687203,338.0613498,337.9539793
PLDV,TotSales,Willernie,6.278481906,6.904584686,7.32198654,9.757534462,11.05845503,11.82341646,9.937051287,10.66876516,11.40047904
PLDV,TotSales,Woodbury,2279.256228,2438.973455,2545.451606,2962.796168,3061.680232,3091.547381,2555.732807,2611.028123,2666.323439
PLDV,TotSales,Woodland,12.56557082,13.57155267,14.24220723,17.78169777,19.27650395,20.46564448,17.32163085,18.27284286,19.22405487
PLDV,TotSales,Young America Twp.,17.56048843,16.9724403,16.58040822,23.26400494,27.43030178,31.35556468,29.00443067,31.29321912,33.58200756
PLDV,SISales,Afton,58.38230243,65.15164284,69.66453645,92.02175712,96.37460985,84.90943059,44.02892913,41.15825448,38.28757982
PLDV,SISales,Andover,702.9142545,782.9367691,836.2851121,1195.37867,1273.316284,1139.091864,621.2110349,604.870391,588.5297471
PLDV,SISales,Anoka,572.6550116,607.2995882,630.3959726,753.7440993,707.9717185,582.1732574,305.5755862,252.1597012,198.7438161
PLDV,SISales,Apple Valley,1946.933622,2046.164271,2112.318037,2354.107022,2176.112667,1775.647821,911.0453226,703.8676627,496.6900028
PLDV,SISales,Arden Hills,216.1540291,234.0309074,245.9488262,338.8014116,372.1269818,331.0868828,184.4045948,178.0547079,171.7048211
PLDV,SISales,Bayport,39.29859189,45.79940194,50.13327531,68.21740653,73.4373871,65.69819809,34.56756817,33.62136342,32.67515868
PLDV,SISales,Baytown Twp.,37.37405158,42.09248484,45.23810701,60.52448343,64.15496552,57.13977885,29.93886246,28.45182463,26.96478681
PLDV,SISales,Belle Plaine,142.5033238,165.9144236,181.5218235,282.6712778,344.1941645,351.6542963,216.3052216,231.0656011,245.8259807
PLDV,SISales,Belle Plaine Twp.,17.54553559,19.37532109,20.59517809,27.52232865,29.349495,26.51431865,14.6264372,14.04261752,13.45879784
PLDV,SISales,Benton Twp.,17.17401791,18.89678739,20.04530038,26.47577249,28.29103336,25.47056105,13.36938067,12.60845323,11.84752578
PLDV,SISales,Bethel,17.01679261,17.91717566,18.51743102,23.152932,22.64088631,18.49180811,9.643669131,8.169044436,6.694419742
PLDV,SISales,Birchwood Village,15.24503943,16.59865816,17.50107065,22.57258432,23.09578759,20.01436578,10.21072783,9.203865508,8.197003187
PLDV,SISales,Blaine,1576.462541,1756.224457,1876.065735,2450.750623,2577.299269,2313.073218,1298.240802,1242.596455,1186.952107
PLDV,SISales,Blaine,1576.462541,1756.224457,1876.065735,2450.750623,2577.299269,2313.073218,1298.240802,1242.596455,1186.952107
PLDV,SISales,Blakeley Twp.,12.20876851,13.44900979,14.27583731,19.13393142,20.46439398,18.42992944,10.13516708,9.720446792,9.305726506
PLDV,SISales,Bloomington,3661.747021,3669.742415,3675.072677,3743.63332,3316.740834,2716.146491,1504.455915,1072.997693,641.5394719
PLDV,SISales,Brooklyn Center,1198.823816,1169.677567,1150.246735,1154.840327,1001.342141,797.2088624,402.6513588,243.4168673,84.1823759
PLDV,SISales,Brooklyn Park,3833.723255,3786.605071,3755.192948,3608.601791,3122.550503,2480.056588,1259.424677,744.5649608,229.7052451
PLDV,SISales,Burnsville,2674.583646,2670.765724,2668.220443,2746.931055,2398.18461,1881.656741,945.8984263,600.1613825,254.4243386
PLDV,SISales,Camden Twp.,16.88223192,18.67298714,19.86682395,26.36123504,28.29857764,25.40263955,13.29451214,12.57696819,11.85942423
PLDV,SISales,Carver,82.71098927,106.9431242,123.0978809,220.949953,298.6710111,341.9168115,217.7993652,244.8170404,271.8347155
PLDV,SISales,Castle Rock Twp.,41.67170172,44.75373862,46.80842988,57.94559013,57.1887254,48.2614726,24.80681874,21.43384215,18.06086555
PLDV,SISales,Cedar Lake Twp.,63.49019926,72.88834584,79.15377689,113.0371543,128.2836618,122.410467,71.10073637,72.62284379,74.14495122
PLDV,SISales,Centerville,132.5166725,138.480031,142.4556034,168.0317559,155.7984424,126.5648901,65.66441671,52.29396554,38.92351437
PLDV,SISales,Champlin,1168.054787,1120.498854,1088.794899,1068.621015,895.5341704,669.6721476,313.4098063,142.4808101,0
PLDV,SISales,Chanhassen,1029.814763,1097.112676,1141.977952,1320.185888,1292.431055,1125.363621,609.017558,524.8581171,440.6986761
PLDV,SISales,Chanhassen,1029.814763,1097.112676,1141.977952,1320.185888,1292.431055,1125.363621,609.017558,524.8581171,440.6986761
PLDV,SISales,Chaska,871.2631259,941.8657771,988.9342113,1207.62149,1205.960884,1045.125474,549.032403,484.5862584,420.1401138
PLDV,SISales,Circle Pines,141.5004158,147.144469,150.9071711,177.333328,163.8253804,132.0413769,67.98198436,53.27829807,38.57461179
PLDV,SISales,Coates,4.510233953,4.88799556,5.139836632,6.356637386,6.267576928,5.289198003,2.718694004,2.360386014,2.002078024
PLDV,SISales,Cologne,38.45486619,47.34787399,53.27654586,86.82819898,110.4293336,117.5890902,71.258799,77.81958556,84.38037212
PLDV,SISales,Columbia Heights,644.9490292,664.5765119,677.6615004,746.9236621,701.2277791,579.6713334,313.2677339,246.9314748,180.5952158
PLDV,SISales,Columbus,173.1861269,184.1966182,191.5369457,244.9205903,244.0947605,208.4598191,113.2518058,101.2649415,89.27807729
PLDV,SISales,Coon Rapids,2343.918525,2432.248194,2491.13464,2841.170185,2662.687509,2182.248465,1147.953047,908.7599515,669.566856
PLDV,SISales,Corcoran,154.6392072,178.2193774,193.9394908,282.8265614,321.2248108,308.8349049,172.4153866,175.9706225,179.5258583
PLDV,SISales,Cottage Grove,1487.334918,1506.921698,1519.979551,1636.842021,1482.379097,1212.466634,619.4291786,445.8480308,272.266883
PLDV,SISales,Credit River Twp.,137.0927734,153.6698292,164.7211997,230.030494,255.8651141,238.6495176,135.7615567,135.4953133,135.22907
PLDV,SISales,Crystal,546.8718497,584.2965361,609.2463271,704.4840494,693.3651387,590.3240766,305.0683054,256.7075966,208.3468877
PLDV,SISales,Dahlgren Twp.,25.77825832,27.56605434,28.75791836,33.9760876,32.00928346,26.41661046,12.60541606,9.970847613,7.336279162
PLDV,SISales,Dayton,158.7641772,183.6377526,200.2201362,294.6276997,336.7302497,331.6495887,188.5039849,194.4519465,200.399908
PLDV,SISales,Deephaven,95.8963495,101.9101944,105.9194243,128.2487497,124.801179,104.2799912,51.55912934,42.69168531,33.82424128
PLDV,SISales,Dellwood,17.24268993,19.05059726,20.25586881,27.10538916,28.73607831,25.48125273,13.29521853,12.50572424,11.71622996
PLDV,SISales,Denmark Twp.,46.51505966,52.73311164,56.87847962,80.49320869,89.65656432,83.97346837,46.0440008,45.94978903,45.85557726
PLDV,SISales,Douglas Twp.,35.06451695,38.18220343,40.26066108,51.57659456,52.61362737,45.9597716,24.42517538,22.29730706,20.16943875
PLDV,SISales,Eagan,2479.589341,2601.910827,2683.458485,3022.872151,2839.948418,2345.392801,1221.117716,969.4233915,717.7290667
PLDV,SISales,East Bethel,557.3193878,597.0259306,623.4969592,822.264738,840.130156,749.0855474,422.0397653,394.9838408,367.9279163
PLDV,SISales,Eden Prairie,2559.129604,2691.95166,2780.499698,3049.439907,2893.760204,2439.393957,1284.872153,1030.020663,775.1691733
PLDV,SISales,Edina,1878.806185,1939.952511,1980.716729,2106.464839,1945.015172,1573.838824,800.3248531,584.6285868,368.9323204
PLDV,SISales,Elko New Market,87.38651474,109.3274947,123.9548146,208.2381315,267.4816671,295.3486535,192.3694457,213.3660319,234.3626181
PLDV,SISales,Empire Twp.,50.12213625,58.77538958,64.54422514,92.43966857,103.5830789,98.00095281,55.81534217,56.95398336,58.09262454
PLDV,SISales,Eureka Twp.,58.54948773,63.82475962,67.34160754,88.48925538,92.38178719,82.29199816,44.52505928,41.7201736,38.91528791
PLDV,SISales,Excelsior,47.03640004,50.85741106,53.40475174,66.84148106,67.13211245,55.71027425,27.35790537,23.42220643,19.4865075
PLDV,SISales,Falcon Heights,119.2336097,127.2694488,132.6266748,160.1362972,156.5474678,131.2778518,69.14370545,59.12572459,49.10774374
PLDV,SISales,Farmington,493.266761,555.18526,596.4642593,806.9005532,863.8552489,790.4002051,437.8297496,426.7423474,415.6549451
PLDV,SISales,Forest Lake,891.2966948,943.9864527,979.1129579,1153.918374,1103.03631,924.9938649,474.9816247,391.7186107,308.4555967
PLDV,SISales,Fort Snelling UT,4.639299356,4.948744947,5.155042008,8.422026614,10.28498389,10.33854128,5.9626204,6.227284609,6.491948818
PLDV,SISales,Fridley,981.6552188,1033.374215,1067.853545,1235.254733,1190.667787,973.4588595,511.7892295,417.8160317,323.8428338
PLDV,SISales,Gem Lake,11.23331577,12.80639663,13.85511721,17.98772499,18.81570833,16.46453206,9.033152614,8.593119982,8.153087351
PLDV,SISales,Golden Valley,438.3576028,481.535646,510.3210081,619.6982098,650.6082374,580.8306105,311.6199081,286.2723691,260.9248302
PLDV,SISales,Grant,89.70330758,97.85972403,103.297335,137.5516857,145.1606337,129.3115664,67.76572883,63.37821308,58.99069733
PLDV,SISales,Greenfield,91.88296048,101.96632,108.6885596,146.1006239,156.067817,140.9422323,74.82504032,71.41345628,68.00187225
PLDV,SISales,Greenvale Twp.,14.07794733,15.40412972,16.28825132,21.44934934,22.43557689,19.23962167,10.04676159,9.240524444,8.434287297
PLDV,SISales,Greenwood,24.97433047,26.67871711,27.81497487,33.42074053,32.27505406,26.7837857,13.15283912,10.78854085,8.424242575
PLDV,SISales,Grey Cloud Island Twp.,6.382478996,7.00554564,7.420923403,9.571381237,9.793233454,8.486627953,4.32962249,3.919051189,3.508479888
PLDV,SISales,Ham Lake,597.3160424,633.9181628,658.3195764,815.5028183,791.0361304,655.597625,346.6516593,296.5187827,246.3859061
PLDV,SISales,Hamburg,9.609639792,10.67527892,11.385705,15.78052344,17.65834313,16.58910889,9.070361638,8.962506007,8.854650377
PLDV,SISales,Hampton,16.7475599,18.15351703,19.09082178,24.51845849,25.07030771,21.91239173,11.65154573,10.6323429,9.613140061
PLDV,SISales,Hampton Twp.,26.19519288,28.66031119,30.30372339,39.61195491,41.16121852,36.90146444,20.08080174,18.85792351,17.63504528
PLDV,SISales,Hancock Twp.,6.242758697,7.051385479,7.590470001,10.7594478,12.28406479,11.40501236,6.167845914,6.152863357,6.137880801
PLDV,SISales,Hanover,83.76983052,92.08626928,97.63056178,121.5400931,121.4617868,103.7425299,52.39214249,46.11660488,39.84106727
PLDV,SISales,Hastings,618.8608764,680.0585062,720.8569261,956.0517057,1006.292279,902.6425345,491.431753,465.9459284,440.4601037
PLDV,SISales,Hastings,618.8608764,680.0585062,720.8569261,956.0517057,1006.292279,902.6425345,491.431753,465.9459284,440.4601037
PLDV,SISales,Helena Twp.,28.24343854,31.94243245,34.40842839,48.20170333,53.76919201,49.47171254,27.78228152,27.69005012,27.59781872
PLDV,SISales,Hilltop,19.06425535,20.55444597,21.54790639,26.35792249,25.28169451,21.19930363,11.33033073,9.783545801,8.236760876
PLDV,SISales,Hollywood Twp.,21.36317635,23.8356392,25.48394777,36.18208731,41.36777767,38.39262569,20.75522075,20.63362964,20.51203852
PLDV,SISales,Hopkins,424.6953095,463.7182654,489.7335694,604.2497395,598.8098363,504.4577237,251.4238269,216.7695304,182.1152338
PLDV,SISales,Hugo,346.8862919,409.2137709,450.7654235,689.8578133,816.830186,811.7185427,467.1053442,491.1491547,515.1929651
PLDV,SISales,Independence,92.66262723,101.641886,107.6280585,136.657408,139.0593758,120.5780524,61.75571129,55.5743281,49.39294491
PLDV,SISales,Inver Grove Heights,1493.965048,1579.428709,1636.404483,1897.598068,1836.069611,1564.493146,842.5592008,712.2780315,581.9968621
PLDV,SISales,Jackson Twp.,28.00381201,30.87233337,32.78468095,44.33854314,47.84388055,43.08748862,23.69509323,22.83334947,21.97160572
PLDV,SISales,Jordan,134.6806206,160.6622691,177.9833681,269.3038041,320.7268574,322.6619364,196.0400829,208.3119754,220.5838679
PLDV,SISales,Lake Elmo,217.6255846,258.0280602,284.9630439,440.197235,524.741256,531.9774339,310.8078632,329.4443189,348.0807746
PLDV,SISales,Lake St. Croix Beach,18.85528347,20.66791638,21.87633832,28.80355812,30.07264009,26.06037211,13.29521853,12.18320554,11.07119255
PLDV,SISales,Lakeland,55.15873972,59.85487033,62.98562407,81.70805263,84.08310169,73.43812861,37.75842062,34.27835679,30.79829297
PLDV,SISales,Lakeland Shores,9.528149645,10.37416135,10.93816916,14.69569292,15.63777285,14.07260094,7.445322375,7.028756921,6.612191467
PLDV,SISales,Laketown Twp.,29.04936307,29.62055816,30.00135489,29.65638942,21.0013771,9.453823243,0,0,0
PLDV,SISales,Lakeville,1614.579022,1780.975757,1891.906914,2473.457725,2529.687705,2200.453372,1156.422984,1064.791777,973.1605692
PLDV,SISales,Landfall,7.035553535,7.554094716,7.899788837,10.18901376,10.4251819,9.034262332,4.609009089,4.1237002,3.638391311
PLDV,SISales,Lauderdale,69.35166274,74.65807706,78.1956866,94.47595407,92.41811081,77.43561276,40.75114961,35.03104698,29.31094435
PLDV,SISales,Lexington,55.36673196,57.48525927,58.89761081,70.70859523,66.66782842,55.3604672,29.32495598,24.11660078,18.90824559
PLDV,SISales,Lilydale,30.23775634,36.6544388,40.93222711,50.62248934,49.91323667,42.12169946,21.65092169,19.93355475,18.21618782
PLDV,SISales,Lino Lakes,421.4631537,477.5746489,514.9823124,714.2874095,809.0080686,767.8854826,450.5014124,456.3090641,462.1167159
PLDV,SISales,Linwood Twp.,234.2405531,244.6069837,251.5179374,291.3972376,265.4577923,211.9930363,108.1531569,82.93567769,57.71819845
PLDV,SISales,Little Canada,252.5740697,270.734318,282.8411502,351.6480185,353.6840055,297.4758558,157.1447851,138.0589282,118.9730713
PLDV,SISales,Long Lake,56.69426994,61.35164903,64.45656842,81.36836295,82.36593796,69.49142478,34.68491361,30.28304234,25.88117108
PLDV,SISales,Loretto,21.68957108,23.21378863,24.22993366,29.6330566,29.119271,24.58156332,12.27598318,10.3932656,8.510548017
PLDV,SISales,Louisville Twp.,14.05267434,15.53249919,16.51904909,22.32605567,24.07575762,21.68226992,11.92372598,11.4979363,11.07214663
PLDV,SISales,Mahtomedi,123.6392442,136.0495369,144.3230653,187.6656314,193.5709014,169.175249,87.03788671,79.7176152,72.3973437
PLDV,SISales,Maple Grove,2365.867803,2492.281057,2576.556559,2864.773518,2703.169518,2249.551978,1146.867647,903.0676161,659.267585
PLDV,SISales,Maple Plain,46.96585108,51.01462464,53.71380702,68.62392056,70.21617317,61.87054496,32.15138451,29.1884912,26.22559788
PLDV,SISales,Maplewood,1280.51946,1367.244351,1425.060945,1634.370359,1580.753597,1320.623275,676.0400534,555.144172,434.2482907
PLDV,SISales,Marine on St. Croix,21.50869224,24.09921654,25.82623274,36.29836151,40.19709558,36.96229444,19.94282779,19.6296549,19.31648201
PLDV,SISales,Marshan Twp.,33.0049654,36.11160105,38.18269148,49.31007986,50.67800897,44.59360069,23.8603432,22.03141876,20.20249432
PLDV,SISales,May Twp.,69.93053049,77.9752712,83.33843168,116.4458715,128.309931,119.0934186,64.7894992,63.76129294,62.73308668
PLDV,SISales,Mayer,46.11137652,54.35827018,59.85619928,91.40088648,110.9008508,111.0516462,64.17302724,67.78535738,71.39768753
PLDV,SISales,Medicine Lake,5.587477327,6.017827512,6.304727636,7.575367854,7.31567892,6.070991424,2.9813102,2.460076775,1.938843349
PLDV,SISales,Medina,122.8165613,141.8895657,154.604902,207.5706493,221.5144544,201.9821079,108.1042808,105.1618247,102.2193686
PLDV,SISales,Mendota,8.212135941,9.129143888,9.740482519,13.38492939,14.51713799,13.36471549,7.442045623,7.28802756,7.134009496
PLDV,SISales,Mendota Heights,287.7511619,317.0035605,336.5051595,418.2495389,414.4408748,351.477048,181.5520577,160.3122369,139.0724161
PLDV,SISales,Miesville,7.299676392,8.114794567,8.658206684,10.70794351,10.55791854,8.909810327,4.579720384,4.035729182,3.49173798
PLDV,SISales,Minneapolis,10654.01101,11258.21418,11661.01629,12524.50694,11940.99023,10309.329,6010.909895,5082.289672,4153.669448
PLDV,SISales,Minnetonka,1840.064242,1937.052508,2001.711352,2269.280332,2165.114013,1795.117684,912.7839888,727.3279381,541.8718874
PLDV,SISales,Minnetonka Beach,6.789631539,7.166248594,7.417326631,8.912197475,8.606681083,7.320901424,3.682794953,3.061427636,2.440060319
PLDV,SISales,Minnetrista,206.2287086,237.3118587,258.0339588,362.0134614,399.7975497,380.2011947,210.487515,211.3392762,212.1910375
PLDV,SISales,Mound,350.1137196,376.4963351,394.0847455,488.1603742,485.5762898,409.2835544,204.0938941,174.889929,145.6859639
PLDV,SISales,Mounds View,302.8449599,322.9297728,336.3196481,410.153917,404.9467663,339.5156698,178.7876308,153.976165,129.1646992
PLDV,SISales,New Brighton,733.4732101,749.8045707,760.6921444,802.6128439,731.6648232,593.2319319,302.1192692,215.848481,129.5776928
PLDV,SISales,New Germany,7.719692331,9.161403158,10.12254371,16.21145471,20.36954402,20.37644884,11.76505499,12.57412753,13.38320006
PLDV,SISales,New Hope,553.5425093,591.4505974,616.7226562,708.2243784,696.4991169,598.6478079,314.3835152,266.5517164,218.7199175
PLDV,SISales,New Market Twp.,72.3022279,80.20061307,85.46620318,114.2601933,121.896505,109.7781829,60.37029221,57.98390507,55.59751794
PLDV,SISales,New Prague,134.8127676,154.9752277,168.4168677,249.6512401,292.4452183,285.0202139,168.6461993,175.4128856,182.1795719
PLDV,SISales,New Trier,3.01787713,3.40993798,3.67131188,4.540455275,4.476840663,3.777998574,1.941924288,1.72673372,1.511543151
PLDV,SISales,Newport,66.23183949,74.27690906,79.64028878,113.165233,126.476932,117.375916,63.847438,63.3705577,62.8936774
PLDV,SISales,Nininger Twp.,33.25821948,35.62909217,37.20967396,47.16912853,47.64260739,40.30628481,20.76957714,18.27184868,15.77412021
PLDV,SISales,North Oaks,123.5777746,134.0017556,140.9510763,176.0974372,177.9311549,151.8191562,81.33708704,72.88894952,64.44081201
PLDV,SISales,North St. Paul,345.9297122,374.692773,393.8681469,485.1844791,483.7192678,413.2424103,221.6588505,196.8046782,171.9505058
PLDV,SISales,Northfield,379.7233001,411.9602033,433.4514721,553.9754574,563.8720342,489.2154105,258.3305775,234.052033,209.7734885
PLDV,SISales,Norwood Young America,86.36077578,103.9560387,115.6862139,198.605424,261.3337055,269.007937,158.9046389,173.4134115,187.9221841
PLDV,SISales,Nowthen,210.2350955,222.0868308,229.9879876,288.0782203,282.1437107,239.8549782,129.7837883,113.6935269,97.60326546
PLDV,SISales,Oak Grove,361.3904346,384.3456963,399.6492041,500.3309935,489.8036599,418.4959966,227.4544085,200.6672033,173.8799981
PLDV,SISales,Oak Park Heights,94.14432127,106.3806827,114.538257,155.1193369,166.2759231,149.5120777,79.04197346,76.02150389,73.00103433
PLDV,SISales,Oakdale,1024.66874,1039.443636,1049.293566,1156.112675,1006.936053,775.2887603,365.8829832,234.1258318,102.3686805
PLDV,SISales,Orono,183.6857773,201.6857687,213.6857629,271.0689423,275.6031416,239.6720279,123.0790073,110.9576533,98.83629932
PLDV,SISales,Osseo,61.66543159,68.05753343,72.31893465,90.23599943,90.37015137,77.67297852,39.45851735,35.01713451,30.57575166
PLDV,SISales,Pine Springs,4.924887475,5.388132852,5.696963103,7.34784646,7.518160022,6.515093028,3.323804632,3.003588063,2.683371494
PLDV,SISales,Plymouth,2654.164637,2759.912651,2830.411327,3048.067563,2799.080771,2269.737799,1137.13828,833.7330091,530.3277377
PLDV,SISales,Prior Lake,1189.125874,1250.500096,1291.416244,1453.820074,1374.133762,1163.928585,648.2491471,540.0738016,431.8984562
PLDV,SISales,Ramsey,1112.831657,1171.751121,1211.030764,1456.5329,1411.807049,1196.874335,655.8174818,564.4146467,473.0118116
PLDV,SISales,Randolph,11.34056868,12.32861349,12.98731003,16.06191526,15.8368778,13.36471549,6.869580575,5.975382954,5.081185333
PLDV,SISales,Randolph Twp.,16.78273813,18.35838324,19.40881332,24.49442078,24.63514325,20.78955743,10.68601423,9.466669447,8.247324667
PLDV,SISales,Ravenna Twp.,52.79230248,57.48138907,60.60744679,78.52491906,80.94404211,71.24135841,38.12617219,35.19294614,32.25972008
PLDV,SISales,Richfield,1961.577387,1883.072237,1830.735471,1680.396032,1412.831531,1096.093343,545.2735369,262.0127668,0
PLDV,SISales,Robbinsdale,304.3559452,326.0834409,340.568438,418.9163318,413.933221,348.738206,173.8255439,147.7194636,121.6133833
PLDV,SISales,Rockford,108.451618,117.7344018,123.9229243,157.862249,161.1075069,139.5653473,71.41894213,64.01240695,56.60587178
PLDV,SISales,Rogers,394.8935491,454.5318077,494.2906467,694.9731591,768.7487543,723.8050247,397.601558,398.1431598,398.6847615
PLDV,SISales,Rosemount,667.1216818,736.5229265,782.790423,1012.258853,1055.098617,952.7971207,531.5940631,504.4885394,477.3830156
PLDV,SISales,Roseville,932.1334152,991.4384951,1030.975215,1166.660846,1141.172278,972.6335518,512.3471697,428.3899206,344.4326715
PLDV,SISales,San Francisco Twp.,22.29750419,25.22162471,27.17103839,37.58590531,41.98389351,39.22466402,21.33753156,21.14553703,20.9535425
PLDV,SISales,Sand Creek Twp.,35.53158409,39.00073749,41.31350642,55.16002284,58.76954167,52.92697684,29.10612084,27.82102819,26.53593554
PLDV,SISales,Savage,1035.559227,1132.510977,1197.145477,1435.84232,1376.250554,1149.615506,612.99852,528.4863785,443.974237
PLDV,SISales,Scandia,94.31394033,105.9068305,113.635424,155.5744835,168.3987651,153.2315133,81.89854612,79.41546728,76.93238844
PLDV,SISales,Sciota Twp.,4.871882235,5.390390051,5.736061928,7.339402946,7.47852563,6.682357745,3.62561197,3.376357917,3.127103865
PLDV,SISales,Shakopee,1608.242313,1646.347573,1671.751079,1928.54889,1698.279196,1338.207929,675.181384,488.5691983,301.9570126
PLDV,SISales,Shoreview,850.6030373,897.1799002,928.2311421,1012.113253,938.1604954,766.0477918,389.7194933,297.5427845,205.3660757
PLDV,SISales,Shorewood,184.7931138,198.483829,207.6109724,254.3541159,250.3683527,210.9848079,105.1876387,89.26654369,73.34544868
PLDV,SISales,South St. Paul,1041.939937,1008.84588,986.7831753,953.0418678,797.7491114,612.2293264,307.2367276,160.2960857,13.35544386
PLDV,SISales,Spring Lake Park,191.3201385,200.687092,206.9317277,244.7541192,227.5352506,187.734976,98.85198543,80.35835482,61.86472421
PLDV,SISales,Spring Lake Park,191.3201385,200.687092,206.9317277,244.7541192,227.5352506,187.734976,98.85198543,80.35835482,61.86472421
PLDV,SISales,Spring Lake Twp.,75.79508915,85.46725648,91.91536803,129.8987615,146.0595962,133.2676629,74.23844278,73.92711351,73.61578423
PLDV,SISales,Spring Park,47.16338816,50.90820631,53.40475174,66.84148106,67.13211245,57.31730139,28.93624606,25.29081764,21.64538922
PLDV,SISales,St. Anthony,243.3334282,264.2232205,278.1497487,338.1860649,330.4350773,277.4353802,137.8229642,116.7208714,95.6187786
PLDV,SISales,St. Anthony,243.3334282,264.2232205,278.1497487,338.1860649,330.4350773,277.4353802,137.8229642,116.7208714,95.6187786
PLDV,SISales,St. Bonifacius,61.1306705,64.78398175,67.21952259,81.23096657,78.89457659,66.17827049,32.84556213,27.18854046,21.53151878
PLDV,SISales,St. Francis,355.0487869,387.0263931,408.3447972,549.5834929,570.3803098,510.9688344,288.9800852,275.7663448,262.5526045
PLDV,SISales,St. Lawrence Twp.,8.821505392,10.32018393,11.31930296,17.34659269,20.8656566,20.95952759,12.71864104,13.49806817,14.2774953
PLDV,SISales,St. Louis Park,1686.358344,1758.687136,1806.90633,1944.293455,1822.805744,1508.166492,780.143053,598.8999947,417.6569365
PLDV,SISales,St. Marys Point,6.211388693,6.85982314,7.292112772,9.405243469,9.623244828,8.339319075,4.254469928,3.863086176,3.471702423
PLDV,SISales,St. Paul,"7,954.41",8370.138,"8,647.29","9,280.81","8,727.50","7,439.91","4,295.64","3,563.89","2,832.14"
PLDV,SISales,St. Paul Park,107.2921914,121.5349674,131.0301514,187.6639986,211.1099334,199.0035165,109.7187909,110.2041108,110.6894307
PLDV,SISales,Stillwater,366.929115,417.7339357,451.6038161,603.2016725,638.3943413,571.6629955,301.0542011,287.8792183,274.7042355
PLDV,SISales,Stillwater Twp.,49.98057232,55.21313362,58.70150782,79.82700394,85.88746009,77.34718442,40.94927306,39.14301321,37.33675336
PLDV,SISales,Sunfish Lake,24.31052941,26.17480446,27.4176545,34.8008164,35.19306179,30.44185195,16.02902134,14.37271973,12.71641811
PLDV,SISales,Tonka Bay,30.88351104,33.38152541,35.04686833,43.11275528,42.60307136,35.89027283,17.8878612,15.28873123,12.68960126
PLDV,SISales,Vadnais Heights,359.5585703,393.9027699,416.798903,521.0251791,526.7312428,448.9109305,240.2344058,216.3695729,192.50474
PLDV,SISales,Vermillion,10.29775777,11.04566846,11.54427558,14.27725801,14.07722471,12.2509892,6.48793721,5.725973099,4.964008987
PLDV,SISales,Vermillion Twp.,35.64295113,38.66250054,40.67553348,51.92237191,52.78959268,45.89480424,24.28205912,22.00988071,19.73770231
PLDV,SISales,Victoria,130.6766619,159.4897133,178.6984143,272.5213084,330.3355359,334.2445125,194.781478,207.6024412,220.4234045
PLDV,SISales,Waconia,232.9729789,281.2173438,313.3802537,514.3732212,657.347549,647.2657812,368.8535732,396.029692,423.2058109
PLDV,SISales,Waconia Twp.,24.94425585,28.38208511,30.67397128,43.52158848,49.72997845,46.32840349,25.13443567,25.17247163,25.2105076
PLDV,SISales,Waterford Twp.,9.605266145,10.33576147,10.82275835,13.71955262,13.85726808,11.69412605,6.010883003,5.292006375,4.573129747
PLDV,SISales,Watertown,84.56049889,98.35541576,107.552027,164.757719,200.3948197,194.849792,109.8517445,114.9099937,119.9682428
PLDV,SISales,Watertown Twp.,23.38595783,25.99664415,27.73710169,37.03304184,39.998806,36.11937812,19.01571578,18.14166737,17.26761896
PLDV,SISales,Wayzata,104.0767906,115.3433275,122.8543521,155.0370563,156.8907365,132.7911901,66.48414047,58.96561044,51.44708042
PLDV,SISales,West Lakeland Twp.,88.25325258,97.94717893,104.4097965,138.5135856,145.6609331,127.0798509,65.2674364,60.67027317,56.07310993
PLDV,SISales,West St. Paul,806.291901,792.9074006,783.9844003,771.3522474,669.3337144,530.9448538,273.9087075,167.4320688,60.95543008
PLDV,SISales,White Bear Lake,459.6309983,506.9595355,538.5118937,703.5958678,751.0860341,671.3854522,351.0381417,329.3195704,307.600999
PLDV,SISales,White Bear Lake,459.6309983,506.9595355,538.5118937,703.5958678,751.0860341,671.3854522,351.0381417,329.3195704,307.600999
PLDV,SISales,White Bear Twp.,327.3783059,354.1938016,372.0707987,458.1399544,456.570849,387.7179621,206.7624111,182.6392321,158.5160531
PLDV,SISales,Willernie,6.00367235,6.594433784,6.98827474,9.013358324,9.222276294,7.991847447,4.077200348,3.691905948,3.306611547
PLDV,SISales,Woodbury,2198.705658,2348.392357,2448.18349,2760.292393,2617.507024,2190.508843,1144.482862,933.6383026,722.7937433
PLDV,SISales,Woodland,12.02712512,12.96306706,13.58702835,16.32532661,15.76568294,13.0833142,6.424884398,5.304436253,4.183988108
PLDV,SISales,Young America Twp.,13.62411354,14.9703511,15.86784281,21.57916119,23.06902543,21.37336251,12.11490713,11.81306585,11.51122456
PLDV,CISales,Afton,1.082246889,1.13989689,1.178330224,1.440702005,1.727154193,1.900945664,1.513585601,1.599853344,1.686121086
PLDV,CISales,Andover,14.71073238,14.78462093,14.83387997,18.91483115,23.40897923,26.48307342,22.03399659,23.49864943,24.96330227
PLDV,CISales,Anoka,10.01280589,10.10295631,10.16305659,11.71823512,12.29589609,12.39060457,9.955217915,9.94370032,9.932182726
PLDV,CISales,Apple Valley,28.8378397,30.80900793,32.12312009,36.20540767,36.81156498,36.32685049,28.99082521,29.02142231,29.05201941
PLDV,CISales,Arden Hills,3.260423737,3.550087829,3.743197223,5.211508808,6.283293411,6.750734106,5.817427093,6.328827765,6.840228436
PLDV,CISales,Bayport,0.728487522,0.800178013,0.847971673,1.068018667,1.316090319,1.4708461,1.188331728,1.280300569,1.372269411
PLDV,CISales,Baytown Twp.,0.692811852,0.736228596,0.765173092,0.947577479,1.149737653,1.279240882,1.029210386,1.096490092,1.163769799
PLDV,CISales,Belle Plaine,2.541676227,2.835325355,3.03109144,4.401241062,6.088539318,7.726084188,7.242611346,8.18279837,9.122985394
PLDV,CISales,Belle Plaine Twp.,0.312940565,0.331517921,0.343902825,0.428527454,0.519170784,0.582537624,0.489741298,0.525101445,0.560461591
PLDV,CISales,Benton Twp.,0.300891534,0.319858106,0.332502488,0.412567684,0.501707495,0.561290215,0.453130523,0.483578321,0.514026118
PLDV,CISales,Bethel,0.297536628,0.298134164,0.298532522,0.359951741,0.393221902,0.393567858,0.314177022,0.317505101,0.32083318
PLDV,CISales,Birchwood Village,0.282600991,0.290651918,0.296019202,0.35339868,0.413905555,0.448080049,0.35101491,0.364697694,0.378380478
PLDV,CISales,Blaine,23.77904271,26.64319073,28.55262274,37.69791985,43.51720866,47.16267262,40.95571061,44.39104418,47.82637776
PLDV,CISales,Blaine,23.77904271,26.64319073,28.55262274,37.69791985,43.51720866,47.16267262,40.95571061,44.39104418,47.82637776
PLDV,CISales,Blakeley Twp.,0.217754477,0.230130439,0.23838108,0.297918647,0.361999941,0.404918091,0.33935878,0.363679641,0.388000501
PLDV,CISales,Bloomington,55.14412903,55.33152551,55.45645649,57.31639697,54.93673218,53.27473238,43.39015663,41.03936215,38.68856767
PLDV,CISales,Brooklyn Center,19.19339605,18.15525248,17.46315676,17.78627775,16.72774841,15.94801747,12.33738206,10.96617927,9.594976471
PLDV,CISales,Brooklyn Park,51.26726354,52.22726578,52.86726727,54.8491151,50.09350267,46.64391387,36.76354887,33.86280593,30.96206299
PLDV,CISales,Burnsville,38.29876076,39.09582705,39.62720457,42.08790123,39.91071152,37.5104682,29.30120634,27.50169546,25.70218457
PLDV,CISales,Camden Twp.,0.295779397,0.316036959,0.329542,0.410782865,0.501841283,0.559793441,0.450592992,0.481555711,0.51251843
PLDV,CISales,Carver,1.449109727,1.804779484,2.041892655,3.443027411,5.296571631,7.534759842,7.381908152,8.568467837,9.755027522
PLDV,CISales,Castle Rock Twp.,0.724716698,0.748818611,0.764886553,0.901619988,1.003853155,1.045888898,0.825526891,0.84568893,0.865850969
PLDV,CISales,Cedar Lake Twp.,1.132405377,1.245998484,1.321727222,1.760008194,2.269242769,2.689441261,2.380686866,2.630343163,2.879999461
PLDV,CISales,Centerville,2.317038517,2.304791557,2.296626917,2.612339685,2.70587286,2.693726457,2.139253288,2.103696242,2.068139196
PLDV,CISales,Champlin,20.13461313,18.73557356,17.80288051,16.63859143,15.74989189,14.54898049,10.51826571,8.594996228,6.671726744
PLDV,CISales,Chanhassen,14.91896935,15.99357266,16.70997486,20.19957936,21.2392544,21.97149609,18.3789594,19.07095742,19.76295543
PLDV,CISales,Chanhassen,14.91896935,15.99357266,16.70997486,20.19957936,21.2392544,21.97149609,18.3789594,19.07095742,19.76295543
PLDV,CISales,Chaska,14.04296746,14.98284125,15.60942377,18.69677476,20.83204427,22.08323371,17.96976786,18.75512794,19.54048802
PLDV,CISales,Circle Pines,2.474118216,2.449375635,2.432880581,2.756948458,2.845282942,2.810284512,2.214756345,2.162883971,2.111011597
PLDV,CISales,Coates,0.078437926,0.081768554,0.083988972,0.098907808,0.11001691,0.114623802,0.09047331,0.092880387,0.095287464
PLDV,CISales,Cologne,0.673735391,0.799730682,0.883727542,1.353029793,1.958331587,2.591289825,2.415185686,2.763475745,3.111765804
PLDV,CISales,Columbia Heights,7.878617348,8.623174043,9.119545173,11.27516243,10.97473262,10.49372911,8.851515886,9.046095593,9.240675301
PLDV,CISales,Columbus,3.028139169,3.06399671,3.087901737,3.807707504,4.239383766,4.43672593,3.689582729,3.821871441,3.954160154
PLDV,CISales,Coon Rapids,32.57978407,35.17553936,36.90604288,43.49633084,44.41647336,43.69854733,35.8869379,36.54836866,37.20979943
PLDV,CISales,Corcoran,2.742893509,3.025119997,3.213270989,4.416392208,5.709216023,6.821958729,5.884942147,6.513351875,7.141761602
PLDV,CISales,Cottage Grove,23.40939969,23.62150297,23.76290516,25.29191388,25.4417748,25.36335354,20.09029795,19.4264776,18.76265725
PLDV,CISales,Credit River Twp.,2.445174146,2.62840021,2.750550919,3.581614884,4.526063972,5.243292302,4.545744127,4.965858123,5.38597212
PLDV,CISales,Crystal,7.613682614,8.31751858,8.786742558,10.75241446,11.32464046,11.42098208,9.154834733,9.463065157,9.77129558
PLDV,CISales,Dahlgren Twp.,0.451639198,0.46686978,0.477023502,0.529443882,0.567646194,0.582138137,0.42723735,0.42235698,0.417476611
PLDV,CISales,Dayton,2.816059646,3.116822676,3.317331362,4.600669297,5.984798412,7.325919999,6.434083801,7.157688632,7.881293463
PLDV,CISales,Deephaven,1.700949451,1.733330301,1.754917535,2.002629372,2.218125335,2.303476016,1.759834197,1.771611146,1.783388095
PLDV,CISales,Dellwood,0.319631922,0.333421659,0.342614817,0.424364734,0.514986657,0.570472285,0.457050665,0.484534413,0.512018162
PLDV,CISales,Denmark Twp.,0.862260934,0.922141818,0.962062407,1.260209876,1.60675837,1.879991415,1.582857862,1.726977247,1.871096633
PLDV,CISales,Douglas Twp.,0.609810492,0.638658714,0.657890862,0.802519889,0.923544903,0.996008042,0.812826478,0.853429675,0.894032872
PLDV,CISales,Eagan,35.94892998,38.09528146,39.52618244,46.29129101,46.93496326,46.21419202,37.24811447,37.50795137,37.76778827
PLDV,CISales,East Bethel,9.744664296,9.928965368,10.05183275,12.78350509,14.59119457,15.94305937,13.7494552,14.55041337,15.35137155
PLDV,CISales,Eden Prairie,35.36824334,37.80476665,39.42911552,46.43557135,46.6095463,46.14528502,37.60546455,38.0529088,38.50035304
PLDV,CISales,Edina,26.25201598,27.42216366,28.20226211,32.09844685,31.38472798,29.85184348,23.46415679,22.90658495,22.34901311
PLDV,CISales,Elko New Market,1.558617871,1.865342046,2.06982483,3.242304,4.731552174,6.4890109,6.441162724,7.417671695,8.394180666
PLDV,CISales,Empire Twp.,0.871679043,0.981493654,1.054703395,1.438339875,1.818229027,2.123808143,1.857435505,2.054586798,2.25173809
PLDV,CISales,Eureka Twp.,1.018239949,1.067544873,1.100414823,1.376872359,1.621608943,1.783374659,1.481714933,1.57440993,1.667104927
PLDV,CISales,Excelsior,0.834302236,0.864620317,0.884832371,1.043742832,1.193157313,1.230603101,0.933789574,0.953687041,0.973584509
PLDV,CISales,Falcon Heights,1.798495698,1.930498511,2.018500387,2.46324748,2.643274262,2.67670487,2.181282228,2.257839535,2.334396841
PLDV,CISales,Farmington,8.57845117,9.279397493,9.746695042,12.55518609,15.16354511,17.12900072,14.57019684,15.76854598,16.96689511
PLDV,CISales,Forest Lake,15.14902838,15.66672739,16.01186006,17.9658511,19.47562101,20.23426835,16.11796783,16.31175572,16.5055436
PLDV,CISales,Fort Snelling UT,0.082288989,0.084162137,0.085410902,0.131511597,0.182797819,0.228371537,0.20351824,0.227764091,0.252009941
PLDV,CISales,Fridley,12.72438227,14.19702121,15.17878051,18.79006467,19.35769795,18.72184944,15.38320474,15.91496924,16.44673374
PLDV,CISales,Gem Lake,0.169441067,0.194296493,0.210866777,0.276690663,0.317699662,0.335705472,0.284969617,0.308075327,0.331181037
PLDV,CISales,Golden Valley,5.576480192,6.459187662,7.047659309,9.392382837,10.3659453,10.81439168,9.04488555,9.738566621,10.43224769
PLDV,CISales,Grant,1.662851953,1.713465034,1.747207088,2.153523206,2.601461086,2.895017194,2.329587238,2.462934295,2.596281352
PLDV,CISales,Greenfield,1.629762468,1.732383626,1.800797732,2.281389888,2.773835804,3.113320666,2.55395439,2.738792774,2.923631159
PLDV,CISales,Greenvale Twp.,0.244830978,0.257630092,0.266162835,0.333746918,0.393819315,0.416947632,0.334338391,0.352239873,0.370141356
PLDV,CISales,Greenwood,0.442979049,0.453701735,0.460850193,0.521871416,0.573633323,0.591636106,0.448937295,0.450128944,0.451320593
PLDV,CISales,Grey Cloud Island Twp.,0.11831356,0.122637473,0.125520082,0.14985052,0.175507058,0.18999796,0.148839738,0.154944973,0.161050209
PLDV,CISales,Ham Lake,10.44400112,10.54554003,10.61323264,12.67837954,13.73854041,13.95332202,11.29341794,11.46330131,11.63318467
PLDV,CISales,Hamburg,0.168362422,0.180661562,0.188860988,0.245905346,0.313149505,0.365571236,0.307423194,0.335235348,0.363047503
PLDV,CISales,Hampton,0.291258475,0.303678814,0.31195904,0.381501546,0.440067641,0.474870036,0.387742758,0.407039615,0.426336471
PLDV,CISales,Hampton Twp.,0.455563198,0.479337281,0.49518667,0.616352862,0.722516873,0.799702742,0.668253435,0.710791482,0.75332953
PLDV,CISales,Hancock Twp.,0.109374128,0.119294046,0.125907325,0.167662736,0.217843134,0.251330225,0.209047772,0.228982501,0.248917229
PLDV,CISales,Hanover,1.485856844,1.564893244,1.617584178,1.897872383,2.158773407,2.291603851,1.788266892,1.848748902,1.909230911
PLDV,CISales,Hastings,10.76267089,11.37268978,11.77936904,14.87594354,17.66379076,19.56143802,16.35397636,17.47223746,18.59049855
PLDV,CISales,Hastings,10.76267089,11.37268978,11.77936904,14.87594354,17.66379076,19.56143802,16.35397636,17.47223746,18.59049855
PLDV,CISales,Helena Twp.,0.503747382,0.546234668,0.574559525,0.750508922,0.951137101,1.08692719,0.930242303,1.015541287,1.100840271
PLDV,CISales,Hilltop,0.333336275,0.341767877,0.347388945,0.409778774,0.439086874,0.451192467,0.369126058,0.376284014,0.383441971
PLDV,CISales,Hollywood Twp.,0.374286258,0.403344308,0.422716341,0.563819619,0.733607848,0.84605145,0.703459963,0.769294704,0.835129445
PLDV,CISales,Hopkins,7.532979694,7.881658834,8.114111594,9.435478154,10.64281026,11.14313737,8.581685805,8.791427027,9.001168249
PLDV,CISales,Hugo,6.430315263,7.146768091,7.624403309,10.80048421,14.63862404,18.17269099,16.05771335,17.98319297,19.90867259
PLDV,CISales,Independence,1.643591709,1.727372826,1.783226904,2.13393222,2.471540148,2.663489404,2.10786749,2.200722646,2.293577803
PLDV,CISales,Inver Grove Heights,21.51505212,22.97795242,23.95321929,29.03218023,30.20712861,30.60525567,25.50504509,26.30304368,27.10104228
PLDV,CISales,Jackson Twp.,0.499473425,0.528256869,0.547445832,0.690358844,0.846322739,0.946661446,0.793389775,0.852173045,0.910956315
PLDV,CISales,Jordan,2.40215121,2.744063803,2.972005531,4.193107166,5.673420072,7.089102314,6.56406775,7.396451057,8.228834365
PLDV,CISales,Lake Elmo,4.034178204,4.505649763,4.819964136,6.891772759,9.404023135,11.90986901,10.68466383,12.01476095,13.34485807
PLDV,CISales,Lake St. Croix Beach,0.349524959,0.361824385,0.370024003,0.450951441,0.538939525,0.583437564,0.457050665,0.478555806,0.500060947
PLDV,CISales,Lakeland,1.022490926,1.048212835,1.065360774,1.279229597,1.506874911,1.644127056,1.298023888,1.35313048,1.408237072
PLDV,CISales,Lakeland Shores,0.176625619,0.181657448,0.185012001,0.230077266,0.280248553,0.315056285,0.255948372,0.271812923,0.287677473
PLDV,CISales,Laketown Twp.,0.508949475,0.502169233,0.497649072,0.462130724,0.372434197,0.208332218,0,0,0
PLDV,CISales,Lakeville,28.71868321,30.49686763,31.68232391,38.67739977,45.34008254,49.28304638,40.17518012,42.4664795,44.75777889
PLDV,CISales,Landfall,0.130419761,0.132339772,0.133619779,0.159520237,0.186832369,0.202258356,0.15844423,0.164049124,0.169654018
PLDV,CISales,Lauderdale,1.04608648,1.132490149,1.190092595,1.453247389,1.560462249,1.57888234,1.285579907,1.333478592,1.381377278
PLDV,CISales,Lexington,0.968080831,0.956950203,0.949529784,1.09928548,1.157872086,1.178256901,0.955365351,0.952822255,0.950279158
PLDV,CISales,Lilydale,0.52586782,0.611665995,0.668864779,0.787674232,0.876144026,0.912832026,0.720504239,0.759431523,0.798358807
PLDV,CISales,Lino Lakes,5.930984662,6.860447258,7.480088988,10.91425042,13.2768812,14.96900439,13.62082652,15.15879489,16.69676326
PLDV,CISales,Linwood Twp.,4.095668669,4.071205947,4.054897465,4.530266103,4.610412174,4.511924674,3.523476003,3.40903747,3.294598937
PLDV,CISales,Little Canada,3.809776276,4.106716594,4.304676806,5.409117799,5.97188726,6.065418202,4.95745961,5.186996277,5.416532944
PLDV,CISales,Long Lake,1.00560749,1.043009104,1.067943514,1.270582941,1.463912242,1.535019599,1.183877576,1.219531593,1.255185611
PLDV,CISales,Loretto,0.384716042,0.394757451,0.401451724,0.462725989,0.517544732,0.542990471,0.419008142,0.425866562,0.432724982
PLDV,CISales,Louisville Twp.,0.250642212,0.26576012,0.275838725,0.347620578,0.425882284,0.476374225,0.399245623,0.428966306,0.458686988
PLDV,CISales,Mahtomedi,2.291930635,2.381450598,2.441130573,2.938112246,3.469033957,3.787482188,2.992107568,3.132142955,3.272178341
PLDV,CISales,Maple Grove,34.73335507,37.42587815,39.22089353,44.05571174,45.81252921,46.17211042,36.68399674,37.07412508,37.46425341
PLDV,CISales,Maple Plain,0.833050883,0.86719211,0.889952928,1.071575974,1.247971164,1.366679405,1.097402277,1.150272556,1.203142834
PLDV,CISales,Maplewood,18.16046935,20.08915497,21.37494539,25.07114467,26.5862176,26.79024504,21.41341083,22.06399913,22.71458743
PLDV,CISales,Marine on St. Croix,0.398711841,0.421585072,0.436833892,0.568290846,0.720382498,0.827508945,0.685575997,0.742948828,0.80032166
PLDV,CISales,Marshan Twp.,0.573992627,0.603958174,0.623935205,0.767253444,0.889568334,0.966401341,0.794029865,0.838037313,0.882044761
PLDV,CISales,May Twp.,1.296319192,1.364296826,1.409615248,1.823088428,2.299475306,2.666254103,2.227273182,2.41346398,2.599654778
PLDV,CISales,Mayer,0.807878673,0.918872205,0.992867893,1.424285243,1.966693379,2.447225336,2.175026509,2.448456076,2.721885643
PLDV,CISales,Medicine Lake,0.099107177,0.102318497,0.104459377,0.118290854,0.130023553,0.134104184,0.10175912,0.102289509,0.102819897
PLDV,CISales,Medina,2.178443325,2.408312724,2.56155899,3.241256386,3.93703671,4.461651135,3.68985304,3.992134982,4.294416925
PLDV,CISales,Mendota,0.142818071,0.152627515,0.159167144,0.208266407,0.254824262,0.289630772,0.247658067,0.268626067,0.289594066
PLDV,CISales,Mendota Heights,5.004309,5.300978955,5.498758925,6.507866143,7.274821686,7.616964887,6.041730195,6.249214434,6.456698673
PLDV,CISales,Miesville,0.126949396,0.135668902,0.141481906,0.166613126,0.185326736,0.193087181,0.152404965,0.157496078,0.162587192
PLDV,CISales,Minneapolis,131.8694283,147.7326323,158.3081016,188.760787,186.3192404,184.2287494,159.553358,165.0901439,170.6269299
PLDV,CISales,Minnetonka,27.88950814,29.37534018,30.36589488,34.9107994,36.4637423,36.44020516,28.68285143,28.84152009,29.00018875
PLDV,CISales,Minnetonka Beach,0.120430236,0.121908125,0.122893385,0.139165711,0.152968886,0.161713869,0.125702443,0.126756884,0.127811325
PLDV,CISales,Minnetrista,3.657955809,4.028311367,4.275215072,5.652911178,7.105710705,8.398392855,7.18443332,7.889728823,8.595024325
PLDV,CISales,Mound,6.210098115,6.401656255,6.529361681,7.622719954,8.630279609,9.04080294,6.966204021,7.117425202,7.268646384
PLDV,CISales,Mounds View,4.568052236,4.898373846,5.118588253,6.309066841,6.83744924,6.922593829,5.640228264,5.85466347,6.069098676
PLDV,CISales,New Brighton,10.04927202,10.57867658,10.93161295,12.23843375,11.9226576,11.43831741,9.048365573,8.848184283,8.648002993
PLDV,CISales,New Germany,0.135250241,0.154845036,0.167908233,0.252620479,0.361229396,0.449032172,0.39875486,0.451455784,0.504156708
PLDV,CISales,New Hope,7.542254553,8.276295605,8.765656307,10.78551208,11.26786071,11.40920332,9.296211371,9.647002734,9.997794098
PLDV,CISales,New Market Twp.,1.289575913,1.37211047,1.427133508,1.779051123,2.156258705,2.411901382,2.021396248,2.167760315,2.314124382
PLDV,CISales,New Prague,2.404508172,2.649160467,2.812261997,3.887113319,5.173138867,6.262088053,5.646830286,6.295294709,6.943759132
PLDV,CISales,New Trier,0.052484201,0.056988954,0.059992123,0.070648435,0.078583507,0.081874144,0.064623793,0.067051712,0.06947963
PLDV,CISales,Newport,1.22775566,1.299340407,1.347063572,1.771726418,2.266625658,2.627802789,2.194887878,2.388314321,2.581740765
PLDV,CISales,Nininger Twp.,0.578396994,0.596179997,0.608035333,0.733940736,0.836286898,0.873489629,0.691174658,0.71373019,0.736285723
PLDV,CISales,North Oaks,1.864022204,2.032724626,2.145192907,2.708764822,3.004333757,3.09553416,2.565947852,2.706332981,2.846718111
PLDV,CISales,North St. Paul,5.217933941,5.683839216,5.994442732,7.46320145,8.167507967,8.42585369,6.992690198,7.34764145,7.702592701
PLDV,CISales,Northfield,6.603805578,6.891284977,7.08293791,8.619730061,9.89783767,10.6019344,8.596783038,8.99537853,9.393974022
PLDV,CISales,Norwood Young America,1.513054569,1.756592567,1.918951233,3.094836226,4.634439364,5.928079967,5.385779927,6.160324999,6.93487007
PLDV,CISales,Nowthen,3.675936049,3.695053226,3.707798011,4.478666328,4.900209511,5.104920489,4.228171204,4.338618235,4.449065266
PLDV,CISales,Oak Grove,6.318869472,6.393363232,6.443025739,7.778497006,8.50680154,8.907002069,7.410141072,7.628395392,7.846649712
PLDV,CISales,Oak Park Heights,1.7451761,1.860474414,1.937339957,2.428564143,2.979873624,3.347264654,2.717231494,2.911642573,3.106053652
PLDV,CISales,Oakdale,20.22785037,19.12747462,18.39389079,18.23131663,18.46114357,17.97558537,13.07392575,11.64314083,10.21235591
PLDV,CISales,Orono,3.258103398,3.427502674,3.540435524,4.232794681,4.898369676,5.294196533,4.200975632,4.389550079,4.578124526
PLDV,CISales,Osseo,1.093782845,1.156439439,1.198210502,1.409052823,1.606173306,1.715744708,1.346811885,1.397417693,1.448023501
PLDV,CISales,Pine Springs,0.091293833,0.094333783,0.096360417,0.115038633,0.134734881,0.145859391,0.114262666,0.118856433,0.1234502
PLDV,CISales,Plymouth,38.92676277,40.95363995,42.3048914,46.76988484,46.74060955,45.47278452,35.32600252,34.60585047,33.88569842
PLDV,CISales,Prior Lake,16.01959175,17.27185921,18.10670418,22.09322175,21.97319554,21.77231981,18.79056324,19.34475754,19.89895184
PLDV,CISales,Ramsey,17.19188851,17.83842379,18.26944731,22.40069529,23.60034198,23.99063263,20.24331699,20.85360269,21.46388839
PLDV,CISales,Randolph,0.197224955,0.206223697,0.212222859,0.249919689,0.277990104,0.289630772,0.228607447,0.234883945,0.241160444
PLDV,CISales,Randolph Twp.,0.291870264,0.307041269,0.317155272,0.381127525,0.432429051,0.450536756,0.355611584,0.368359848,0.381108112
PLDV,CISales,Ravenna Twp.,0.918116169,0.961470472,0.990373341,1.221829589,1.420838312,1.543892919,1.26877133,1.338902362,1.409033394
PLDV,CISales,Richfield,24.66806366,25.05838753,25.31860345,25.45385871,22.48409781,20.37442002,15.81769829,14.04762521,12.27755214
PLDV,CISales,Robbinsdale,5.39847534,5.544998741,5.642681009,6.541460655,7.356947841,7.70339625,5.933074128,6.039993885,6.146913643
PLDV,CISales,Rockford,1.923646949,2.001383034,2.05320709,2.465049969,2.863407585,3.082906187,2.437696258,2.540506119,2.643315981
PLDV,CISales,Rogers,7.004374713,7.715518984,8.189615165,10.85214214,13.66318092,15.98837413,13.57107514,14.88441522,16.19775531
PLDV,CISales,Rosemount,10.60533701,11.44343532,12.00216752,15.61149222,17.82695192,19.42118265,16.67678067,17.8910694,19.10535814
PLDV,CISales,Roseville,11.82502703,13.22382389,14.15635513,17.66825365,18.0946225,17.96951586,14.74670074,15.33103548,15.91537022
PLDV,CISales,San Francisco Twp.,0.390655831,0.42668296,0.450701046,0.585695088,0.744533922,0.864386931,0.723196314,0.789704411,0.856212508
PLDV,CISales,Sand Creek Twp.,0.633738079,0.667412456,0.689862041,0.858851169,1.039589575,1.162841698,0.974568804,1.042734949,1.110901094
PLDV,CISales,Savage,16.55459517,17.77589271,18.59009107,22.18006443,23.47130105,23.79093938,19.5745928,20.17859232,20.78259185
PLDV,CISales,Scandia,1.748320369,1.852569623,1.922069125,2.435689964,3.017917622,3.430535086,2.815432094,3.028854439,3.242276784
PLDV,CISales,Sciota Twp.,0.084727387,0.090130013,0.093731763,0.114199413,0.131273105,0.144815386,0.12065393,0.127839239,0.135024547
PLDV,CISales,Shakopee,31.72764359,30.24907927,29.26336972,30.40269746,31.07812385,30.93152932,24.02793841,22.48799737,20.94805633
PLDV,CISales,Shoreview,12.2548561,12.99247772,13.48422546,15.47146193,15.34236534,14.83987609,11.66245313,11.54397254,11.42549194
PLDV,CISales,Shorewood,3.277744638,3.37496936,3.439785841,3.97178939,4.449864901,4.660514821,3.590301194,3.652812506,3.715323817
PLDV,CISales,South St. Paul,14.98983319,14.63217146,14.39373031,14.56964666,13.05847136,11.87878615,9.212701062,8.057274635,6.901848209
PLDV,CISales,Spring Lake Park,3.34521024,3.339739199,3.336091839,3.805119427,3.951781864,3.99563158,3.220457067,3.195506433,3.170555798
PLDV,CISales,Spring Lake Park,3.34521024,3.339739199,3.336091839,3.805119427,3.951781864,3.99563158,3.220457067,3.195506433,3.170555798
PLDV,CISales,Spring Lake Twp.,1.351874266,1.461643557,1.534823085,2.022546357,2.583685856,2.927981243,2.485747612,2.712522281,2.93929695
PLDV,CISales,Spring Park,0.836554672,0.865521291,0.884832371,1.043742832,1.193157313,1.266101267,0.987662049,1.017883525,1.048105
PLDV,CISales,St. Anthony,4.31609611,4.491539603,4.608501931,5.28084171,5.872912598,6.128364,4.704221513,4.781846594,4.859471675
PLDV,CISales,St. Anthony,4.31609611,4.491539603,4.608501931,5.28084171,5.872912598,6.128364,4.704221513,4.781846594,4.859471675
PLDV,CISales,St. Bonifacius,1.084297588,1.101951815,1.1137213,1.268437469,1.402214791,1.461834212,1.12109619,1.12845591,1.13581563
PLDV,CISales,St. Francis,6.207986504,6.433122707,6.583213509,8.54421095,9.906238959,10.87513501,9.414560097,10.05587482,10.69718953
PLDV,CISales,St. Lawrence Twp.,0.157339562,0.176343155,0.189012217,0.270089471,0.369097979,0.460495084,0.425861998,0.479566486,0.533270973
PLDV,CISales,St. Louis Park,22.39556154,24.03277118,25.12424428,29.51373362,29.03141574,28.03787235,22.49456676,22.5143678,22.53416884
PLDV,CISales,St. Marys Point,0.115142018,0.120061608,0.123341334,0.14724945,0.172460648,0.186700021,0.146256213,0.152479052,0.158701891
PLDV,CISales,St. Paul,103.91,114.182,121.03,140.5,138.64,136.73,116.93,119.54,122.14
PLDV,CISales,St. Paul Park,1.988901355,2.125334301,2.216289599,2.938086681,3.783355464,4.4552751,3.77181061,4.128392461,4.484974312
PLDV,CISales,Stillwater,6.801853931,7.303892077,7.638584174,9.443786839,11.44082934,12.79834625,10.3493615,11.05886301,11.76836452
PLDV,CISales,Stillwater Twp.,0.926501982,0.966339437,0.99289774,1.249779707,1.539211283,1.731642691,1.407716047,1.50395886,1.600201673
PLDV,CISales,Sunfish Lake,0.422786828,0.437930352,0.448026035,0.541492659,0.617755788,0.659714535,0.533417376,0.555543485,0.577669595
PLDV,CISales,Tonka Bay,0.547792397,0.567519705,0.580671243,0.673214127,0.757195987,0.792792382,0.610554721,0.623107186,0.635659651
PLDV,CISales,Vadnais Heights,5.423508886,5.975464808,6.343435422,8.014510027,8.893756995,9.153121089,7.578694787,8.009731967,8.440769148
PLDV,CISales,Vermillion,0.179089327,0.184821255,0.188642541,0.222150834,0.247102315,0.265494874,0.215907033,0.223270574,0.230634116
PLDV,CISales,Vermillion Twp.,0.619870099,0.646750161,0.664670203,0.807900105,0.926633682,0.994600115,0.808063822,0.845702567,0.883341312
PLDV,CISales,Victoria,2.289475964,2.694292063,2.964169463,4.246655507,5.858103943,7.365686757,6.601759281,7.464215944,8.326672608
PLDV,CISales,Waconia,4.081723757,4.751616491,5.198211647,8.015394779,11.6572692,14.26368067,12.50161219,14.18558988,15.86956756
PLDV,CISales,Waconia Twp.,0.437027342,0.480094616,0.508806132,0.67818988,0.881901434,1.020930772,0.851885383,0.934856991,1.017828599
PLDV,CISales,Waterford Twp.,0.167046136,0.172929884,0.176852382,0.213473067,0.243241341,0.253426925,0.200031516,0.206628592,0.213225668
PLDV,CISales,Watertown,1.481513431,1.663020357,1.784024975,2.567392909,3.55376142,4.293870143,3.723222462,4.171564268,4.619906074
PLDV,CISales,Watertown Twp.,0.409725712,0.439944675,0.460090651,0.577079906,0.70933078,0.795956299,0.644502647,0.691458034,0.738413421
PLDV,CISales,Wayzata,1.846048997,1.959721121,2.035502537,2.420934032,2.788461777,2.933269537,2.269259885,2.353902063,2.43854424
PLDV,CISales,West Lakeland Twp.,1.635971932,1.714002962,1.766023649,2.168582809,2.61042708,2.845053722,2.243703263,2.365249529,2.486795795
PLDV,CISales,West St. Paul,9.944383587,10.46530477,10.81258556,11.67690372,10.65756839,9.881700206,7.973963185,7.579879105,7.185795025
PLDV,CISales,White Bear Lake,7.372285673,8.095551054,8.577727974,10.90566226,13.09159118,14.39927417,11.71637089,12.58518794,13.45400498
PLDV,CISales,White Bear Lake,7.372285673,8.095551054,8.577727974,10.90566226,13.09159118,14.39927417,11.71637089,12.58518794,13.45400498
PLDV,CISales,White Bear Twp.,4.938108275,5.372863218,5.662699847,7.047197344,7.709112071,7.905420017,6.522750984,6.839679526,7.156608068
PLDV,CISales,Willernie,0.111291529,0.115437879,0.118202112,0.141114056,0.165274788,0.178920853,0.140162204,0.145936339,0.151710474
PLDV,CISales,Woodbury,32.94094324,34.97643435,36.33342842,42.33939548,43.34736802,43.27317005,34.86573592,35.25069446,35.63565299
PLDV,CISales,Woodland,0.213329621,0.220401206,0.225115596,0.254923176,0.280207775,0.289001755,0.219296397,0.220489752,0.221683107
PLDV,CISales,Young America Twp.,0.238696643,0.25340387,0.263208688,0.336264581,0.409101456,0.471000981,0.410612453,0.444995616,0.479378778
PLDV,HEVSales,Afton,1.437518894,1.545016662,1.616681841,3.537351356,7.437347722,9.629481138,9.021338005,10.53810183,12.05486565
PLDV,HEVSales,Andover,20.30383747,21.12840273,21.67811291,49.73180791,107.2881894,135.2222855,129.9236582,151.8476224,173.7715865
PLDV,HEVSales,Anoka,13.32028968,13.57114417,13.7383805,27.9150743,52.03692026,62.83282345,59.31770112,68.51718341,77.71666569
PLDV,HEVSales,Apple Valley,36.11643612,38.12984332,39.47211478,78.7316434,142.5749987,180.0597162,170.5128334,197.3921129,224.2713923
PLDV,HEVSales,Arden Hills,4.127083682,4.451020185,4.666977853,11.45028531,24.65568433,33.70271265,34.56267973,40.64979894,46.73691814
PLDV,HEVSales,Bayport,0.967630018,1.085107804,1.163426328,2.622303062,5.667253901,7.450757295,7.082745881,8.305769054,9.528792226
PLDV,HEVSales,Baytown Twp.,0.920243003,0.997992667,1.049825777,2.326584171,4.950917959,6.480156785,6.134344011,7.177164213,8.219984414
PLDV,HEVSales,Belle Plaine,3.321748045,3.787677818,4.098297666,10.5822713,25.86984585,39.65447919,44.7591001,53.04657051,61.33404092
PLDV,HEVSales,Belle Plaine Twp.,0.408985889,0.442586166,0.464986351,1.030344331,2.205926159,2.9899009,3.026585127,3.550104975,4.073624822
PLDV,HEVSales,Benton Twp.,0.391285415,0.422042674,0.442547514,0.98154124,2.09816987,2.83393253,2.722068944,3.188225649,3.654382355
PLDV,HEVSales,Bethel,0.395820524,0.400461273,0.403555106,0.8574738,1.66413709,1.995784759,1.872009116,2.167246835,2.462484553
PLDV,HEVSales,Birchwood Village,0.375371154,0.393833394,0.406141554,0.86769873,1.782330465,2.269806268,2.092134168,2.435486771,2.778839374
PLDV,HEVSales,Blaine,30.099799,33.39938051,35.59910152,82.82667338,170.7618107,235.4573559,243.3273483,285.9728582,328.618368
PLDV,HEVSales,Blaine,30.099799,33.39938051,35.59910152,82.82667338,170.7618107,235.4573559,243.3273483,285.9728582,328.618368
PLDV,HEVSales,Blakeley Twp.,0.284586014,0.307221502,0.322311828,0.716310673,1.538116482,2.078260556,2.097226107,2.459754126,2.822282144
PLDV,HEVSales,Bloomington,70.28046431,70.1715723,70.09897762,125.9388257,218.5853203,274.8306014,284.8750151,327.7939252,370.7128354
PLDV,HEVSales,Brooklyn Center,25.39116593,23.92864165,22.95362547,40.46216004,68.64118535,80.90749741,73.68401855,83.34258907,93.0011596
PLDV,HEVSales,Brooklyn Park,64.26694022,63.72038328,63.35601198,113.3668013,188.7879659,233.650762,219.5844437,250.6479444,281.7114451
PLDV,HEVSales,Burnsville,47.89781129,48.10529056,48.24361008,89.97895937,153.0451189,186.4130225,173.1068058,198.1486047,223.1904036
PLDV,HEVSales,Camden Twp.,0.384637489,0.41701933,0.438607224,0.977294972,2.098729382,2.826375377,2.706825357,3.171262931,3.635700505
PLDV,HEVSales,Carver,1.884451498,2.384387079,2.717677467,8.191318724,22.15057006,38.04271028,44.3449777,52.83708294,61.32918818
PLDV,HEVSales,Castle Rock Twp.,0.949762185,0.992383434,1.0207976,2.138461388,4.205740334,5.287409171,4.94066538,5.738846019,6.537026658
PLDV,HEVSales,Cedar Lake Twp.,1.47995457,1.664235509,1.787089468,4.231734624,9.641879203,13.80367983,14.71256659,17.35908899,20.0056114
PLDV,HEVSales,Centerville,3.082415118,3.095708864,3.104571362,6.223092099,11.45140535,13.65990158,12.74664083,14.67948597,16.61233111
PLDV,HEVSales,Champlin,26.32871346,24.68776938,23.59380666,39.25588275,65.42139639,72.81379475,61.76612082,68.85360229,75.94108376
PLDV,HEVSales,Chanhassen,19.04545394,20.05701726,20.7313928,43.51987078,82.73515066,110.2355349,109.4019487,127.4732477,145.5445466
PLDV,HEVSales,Chanhassen,19.04545394,20.05701726,20.7313928,43.51987078,82.73515066,110.2355349,109.4019487,127.4732477,145.5445466
PLDV,HEVSales,Chaska,18.03716272,19.21200494,19.99523308,42.53752152,83.89693683,110.0531627,105.6094448,123.1239012,140.6383576
PLDV,HEVSales,Circle Pines,3.291382227,3.289808013,3.288758537,6.567577817,12.04139662,14.25096811,13.19652227,15.17755028,17.15857829
PLDV,HEVSales,Coates,0.10279517,0.10837176,0.112089487,0.234589441,0.460926536,0.579471627,0.541470371,0.629205411,0.716940451
PLDV,HEVSales,Cologne,0.876139082,1.056179244,1.176206018,3.218997978,8.189856394,13.08332185,14.50862747,17.23512515,19.96162282
PLDV,HEVSales,Columbia Heights,9.642319698,10.1373184,10.46731754,22.25222129,39.82353928,52.44712693,53.03748286,61.71651549,70.39554813
PLDV,HEVSales,Columbus,4.028410355,4.1158923,4.174213597,9.070686565,17.94130931,22.49866142,21.98420642,25.57536563,29.16652485
PLDV,HEVSales,Coon Rapids,39.91591087,42.29423388,43.87978255,91.45936795,166.9795588,215.6358268,211.0966688,245.3328204,279.568972
PLDV,HEVSales,Corcoran,3.603826449,4.020560176,4.29838266,10.57988399,23.985343,34.154067,34.49923391,40.6783154,46.8573969
PLDV,HEVSales,Cottage Grove,29.87662363,30.02465388,30.12334072,56.81388888,101.3705316,126.2367024,118.1244858,135.7740583,153.4236307
PLDV,HEVSales,Credit River Twp.,3.195628283,3.509640891,3.718982629,8.611575656,19.2309799,26.91143669,28.09254931,33.07193352,38.05131773
PLDV,HEVSales,Crystal,9.569195768,10.22141513,10.65622803,22.6776199,43.22093016,57.05813391,54.42694056,63.39848951,72.37003847
PLDV,HEVSales,Dahlgren Twp.,0.587320717,0.61586781,0.634899205,1.259601818,2.373929339,2.939192881,2.566522147,2.962362433,3.358202719
PLDV,HEVSales,Dayton,3.6999578,4.142533459,4.437583898,11.02133713,25.14310934,36.67714398,37.7184612,44.52216188,51.32586256
PLDV,HEVSales,Deephaven,2.23483945,2.302464434,2.347547757,4.797487502,9.318704491,11.53232925,10.31665734,11.93302092,13.5493845
PLDV,HEVSales,Dellwood,0.424558326,0.451866077,0.470071244,1.041941472,2.217598669,2.889799647,2.724133031,3.184047972,3.643962913
PLDV,HEVSales,Denmark Twp.,1.145317576,1.250103062,1.319960052,3.094189568,6.918907848,9.523334737,9.434217514,11.0919975,12.74977749
PLDV,HEVSales,Douglas Twp.,0.799174281,0.846472081,0.878003947,1.903415873,3.869281108,5.035240426,4.864655143,5.677751316,6.490847489
PLDV,HEVSales,Eagan,45.63004241,47.54133972,48.81553793,99.71746496,182.2183036,231.1465042,221.1176518,256.2151737,291.3126955
PLDV,HEVSales,East Bethel,12.96357412,13.33824677,13.58802854,30.45275084,61.75075189,80.84734116,81.92548679,95.71786933,109.5102519
PLDV,HEVSales,Eden Prairie,44.9684492,46.87974565,48.15394329,97.67889948,178.7504036,232.0749786,224.9400152,260.9343284,296.9286416
PLDV,HEVSales,Edina,33.51408388,34.20173934,34.66017632,67.91551515,121.0307875,150.2944174,140.3912542,161.7666883,183.1421224
PLDV,HEVSales,Elko New Market,2.036976941,2.493940041,2.798582107,7.795742173,20.1040872,33.30514416,39.80617395,47.36001336,54.91385276
PLDV,HEVSales,Empire Twp.,1.142360587,1.301491983,1.407579581,3.411453081,7.61764718,10.73674525,11.11649711,13.11132441,15.10615171
PLDV,HEVSales,Eureka Twp.,1.334432891,1.414924071,1.468584858,3.265664488,6.793888232,9.015710509,8.867860939,10.37454655,11.88123216
PLDV,HEVSales,Excelsior,1.096171053,1.148650936,1.183637525,2.500384376,5.012647497,6.161001911,5.474144711,6.349739443,7.225334174
PLDV,HEVSales,Falcon Heights,2.276557542,2.420609701,2.516644473,5.412038524,10.37222545,13.36331926,12.95950217,15.0960911,17.23268002
PLDV,HEVSales,Farmington,11.24230827,12.30153396,13.00768442,29.77837785,63.52914561,86.59431773,87.20063256,102.3922974,117.5839623
PLDV,HEVSales,Forest Lake,19.59002217,20.38153215,20.90920547,42.02633901,79.94436539,100.7332658,94.29096148,109.2311493,124.1713372
PLDV,HEVSales,Fort Snelling UT,0.108117663,0.111799405,0.1142539,0.315048431,0.767963302,1.143339778,1.193082822,1.410075853,1.627068885
PLDV,HEVSales,Fridley,15.40012544,16.69988567,17.56639249,38.13855651,70.96473999,92.52800009,90.99553736,106.1146197,121.2337021
PLDV,HEVSales,Gem Lake,0.214480546,0.24353607,0.262906419,0.607921266,1.246655545,1.675993288,1.693070398,1.988788369,2.284506339
PLDV,HEVSales,Golden Valley,6.841592138,7.658378355,8.2029025,18.90956068,38.08129824,53.8854572,53.93609107,63.35499085,72.77389064
PLDV,HEVSales,Grant,2.208720693,2.321800517,2.397187066,5.287539135,11.20222546,14.66507644,13.88490606,16.22014313,18.55538021
PLDV,HEVSales,Greenfield,2.141308464,2.301876319,2.408921555,5.465284605,11.65333435,15.58680825,14.97201972,17.53816197,20.10430423
PLDV,HEVSales,Greenvale Twp.,0.320858075,0.341471608,0.355213963,0.791580606,1.649944285,2.107846002,2.000969479,2.33699176,2.67301404
PLDV,HEVSales,Greenwood,0.582020267,0.602694833,0.616477877,1.250192188,2.409926681,2.96202015,2.631800342,3.041756357,3.451712372
PLDV,HEVSales,Grey Cloud Island Twp.,0.15715266,0.166190012,0.172214913,0.367927536,0.755755926,0.962458743,0.887121006,1.033114675,1.179108345
PLDV,HEVSales,Ham Lake,13.89391964,14.16572389,14.34692673,30.20232169,58.14227174,70.75737215,67.29130351,77.97078028,88.65025706
PLDV,HEVSales,Hamburg,0.218941887,0.238396608,0.251366422,0.585034282,1.30960941,1.845754997,1.846768397,2.172333699,2.497899001
PLDV,HEVSales,Hampton,0.381702653,0.40248049,0.416332381,0.904844988,1.843706143,2.400668167,2.320587303,2.708364233,3.096141163
PLDV,HEVSales,Hampton Twp.,0.597028741,0.635329408,0.660863186,1.461865103,3.027054646,4.042834397,3.999405283,4.679880592,5.3603559
PLDV,HEVSales,Hancock Twp.,0.142232321,0.157439497,0.167577615,0.39888701,0.911032633,1.268956561,1.25580251,1.478516548,1.701230586
PLDV,HEVSales,Hanover,1.952234083,2.079196043,2.16383735,4.546532257,9.06935741,11.47289138,10.48333803,12.18955882,13.89577961
PLDV,HEVSales,Hastings,14.10479136,15.07417934,15.720438,35.28274806,74.00416771,98.89131344,97.87630868,114.6306121,131.3849156
PLDV,HEVSales,Hastings,14.10479136,15.07417934,15.720438,35.28274806,74.00416771,98.89131344,97.87630868,114.6306121,131.3849156
PLDV,HEVSales,Helena Twp.,0.658353674,0.729453959,0.776854149,1.804511253,4.041325659,5.578703335,5.748866858,6.766969495,7.785072132
PLDV,HEVSales,Hilltop,0.443445702,0.459137699,0.46959903,0.97617131,1.858240219,2.287999467,2.199420379,2.550615314,2.901810249
PLDV,HEVSales,Hollywood Twp.,0.486729394,0.532262885,0.562618545,1.341385256,3.06799061,4.271680967,4.225860809,4.973687092,5.721513375
PLDV,HEVSales,Hopkins,9.897413578,10.47149861,10.85422197,22.60357766,44.71217302,55.78800395,50.30832564,58.39050806,66.47269047
PLDV,HEVSales,Hugo,8.541211599,9.69294304,10.460764,26.51839682,63.03579473,92.05606896,95.70787383,113.1412063,130.5745387
PLDV,HEVSales,Independence,2.159478394,2.295041625,2.385417113,5.112035857,10.38334124,13.33473262,12.35692922,14.39641939,16.43590956
PLDV,HEVSales,Inver Grove Heights,27.34215619,28.67391788,29.561759,62.33706081,117.1460973,153.2725902,151.636831,176.4957659,201.3547009
PLDV,HEVSales,Jackson Twp.,0.652767987,0.70522365,0.740194092,1.6598874,3.595975593,4.858783012,4.903122735,5.753193685,6.603264634
PLDV,HEVSales,Jordan,3.139401077,3.666805476,4.018408409,10.0818376,24.10602856,36.38514069,40.56572297,48.05098735,55.53625173
PLDV,HEVSales,Lake Elmo,5.358488388,6.111221185,6.613043049,16.9213492,40.49493109,60.33095064,63.68319292,75.34813383,87.01307474
PLDV,HEVSales,Lake St. Croix Beach,0.464264428,0.490311937,0.507676943,1.107219733,2.320742793,2.955476912,2.724133031,3.176106752,3.628080472
PLDV,HEVSales,Lakeland,1.358146685,1.420270593,1.461686532,3.140888631,6.48879685,8.328533938,7.736537808,9.012216033,10.28789426
PLDV,HEVSales,Lakeland Shores,0.234606971,0.246145872,0.253838472,0.564908027,1.206786252,1.595957532,1.525514497,1.783696003,2.041877508
PLDV,HEVSales,Laketown Twp.,0.661848156,0.662149871,0.662351014,1.099456844,1.557541434,1.051861291,0,0,0
PLDV,HEVSales,Lakeville,37.49333858,40.29180472,42.15744881,92.71273425,189.7202592,245.7218587,234.5900364,274.009376,313.4287155
PLDV,HEVSales,Landfall,0.173232996,0.179289869,0.183327785,0.391669566,0.804524168,1.024565329,0.944366117,1.098592742,1.252819366
PLDV,HEVSales,Lauderdale,1.32414888,1.419936305,1.483794589,3.192951953,6.123264043,7.882493514,7.637927536,8.900683268,10.163439
PLDV,HEVSales,Lexington,1.287862488,1.285287404,1.283570681,2.618707982,4.900179457,5.974947179,5.692499834,6.573427303,7.454354773
PLDV,HEVSales,Lilydale,0.689164981,0.811255662,0.89264945,1.868204959,3.670690528,4.614750608,4.312119193,5.036710035,5.761300877
PLDV,HEVSales,Lino Lakes,7.459837599,8.447766749,9.106386182,23.1437381,50.84338897,74.73309167,80.87825789,95.56194194,110.245626
PLDV,HEVSales,Linwood Twp.,5.44857193,5.468265576,5.481394673,10.79195916,19.5115223,22.87999467,20.99446725,24.10364631,27.21282538
PLDV,HEVSales,Little Canada,4.82246075,5.149199019,5.367024531,11.88445503,23.43372456,30.28130624,29.45341403,34.37960468,39.30579534
PLDV,HEVSales,Long Lake,1.321245195,1.385648919,1.428584735,3.043801247,6.15013289,7.685060012,6.940232955,8.064030507,9.187828058
PLDV,HEVSales,Loretto,0.505469805,0.524400359,0.537020729,1.10850374,2.174289406,2.718476271,2.456346986,2.846522422,3.236697858
PLDV,HEVSales,Louisville Twp.,0.327567402,0.354801642,0.372957802,0.835813175,1.809548803,2.445012419,2.467324832,2.895276318,3.323227804
PLDV,HEVSales,Mahtomedi,3.044308672,3.227278035,3.349257611,7.213938275,14.93810564,19.18597095,17.83368823,20.79156414,23.74944005
PLDV,HEVSales,Maple Grove,43.1838704,45.96098112,47.81238826,95.31256208,176.2400564,228.2175547,215.3483004,249.7811864,284.2140724
PLDV,HEVSales,Maple Plain,1.094526928,1.152103139,1.190487279,2.567061293,5.24292938,6.842266545,6.433289724,7.501042284,8.568794843
PLDV,HEVSales,Maplewood,22.30860548,24.27865634,25.59202358,53.2567787,100.6329591,132.0963009,125.7127828,146.3936182,167.0744537
PLDV,HEVSales,Marine on St. Croix,0.529598015,0.571443708,0.599340836,1.395322827,3.102059534,4.19185142,4.086199547,4.797519853,5.508840159
PLDV,HEVSales,Marshan Twp.,0.752233932,0.800506141,0.832687614,1.819770954,3.726932973,4.885566074,4.752159993,5.552145205,6.352130418
PLDV,HEVSales,May Twp.,1.721865268,1.849150548,1.934007402,4.476223606,9.901835918,13.50624801,13.27508942,15.58573425,17.89637908
PLDV,HEVSales,Mayer,1.05058171,1.213113161,1.321467461,3.388522073,8.224825891,12.35594583,13.06593093,15.46900077,17.87207062
PLDV,HEVSales,Medicine Lake,0.130214704,0.135926873,0.139734986,0.283376896,0.546250048,0.671391234,0.596541411,0.689806752,0.783072094
PLDV,HEVSales,Medina,2.862207974,3.200836911,3.426589535,7.764735315,16.54013012,22.33721104,21.63098633,25.384742,29.13849767
PLDV,HEVSales,Mendota,0.187167211,0.20231907,0.21242031,0.493966057,1.067611008,1.464205616,1.482199614,1.741206095,2.000212575
PLDV,HEVSales,Mendota Heights,6.558291624,7.026416604,7.338499924,15.43535043,30.47857232,38.5069677,36.15892774,42.07905496,47.99918218
PLDV,HEVSales,Miesville,0.166370854,0.179839173,0.188818053,0.395172846,0.776444369,0.976137078,0.912122839,1.061273236,1.210423634
PLDV,HEVSales,Minneapolis,161.2666418,174.4178862,183.1853824,375.1047671,683.9358932,943.6772825,1049.911305,1227.640237,1405.36917
PLDV,HEVSales,Minnetonka,35.557958,37.06522249,38.07006549,76.93444298,143.7055485,181.9163017,169.5151704,196.3066129,223.0980554
PLDV,HEVSales,Minnetonka Beach,0.158230595,0.161928699,0.164394101,0.333384583,0.642647115,0.809618841,0.736904096,0.852638796,0.968373496
PLDV,HEVSales,Minnetrista,4.806106343,5.353807722,5.718941974,13.54208178,29.85224378,42.04646843,42.11722723,49.57945141,57.04167558
PLDV,HEVSales,Mound,8.159309052,8.504307772,8.734306919,18.26094445,36.25720516,45.26268798,40.83790392,47.3736229,53.90934187
PLDV,HEVSales,Mounds View,5.782295603,6.141998558,6.381800528,13.86174676,26.83019542,34.56071399,33.5099005,39.05542148,44.60094246
PLDV,HEVSales,New Brighton,12.54648126,12.89866397,13.13345245,25.59222572,45.12847916,57.04465439,53.76466804,62.0083054,70.25194275
PLDV,HEVSales,New Germany,0.17588214,0.204440342,0.223479143,0.601010277,1.510682307,2.267146024,2.39542067,2.839328376,3.283236082
PLDV,HEVSales,New Hope,9.46506951,10.12026213,10.55705721,22.50220781,42.7121844,57.0768817,55.40294768,64.59052331,73.77809894
PLDV,HEVSales,New Market Twp.,1.685362684,1.831909802,1.92960788,4.277521129,9.16181655,12.37919376,12.49216238,14.65352232,16.81488226
PLDV,HEVSales,New Prague,3.142481419,3.538445372,3.802421341,9.346111047,21.98036311,32.14045231,34.89722559,41.24817442,47.59912326
PLDV,HEVSales,New Trier,0.068782062,0.075551176,0.080063919,0.167563887,0.32923324,0.413908305,0.386764551,0.450361048,0.513957546
PLDV,HEVSales,Newport,1.630794208,1.761229178,1.848185824,4.350114614,9.760381119,13.31146801,13.08206514,15.37231933,17.66257351
PLDV,HEVSales,Nininger Twp.,0.758005982,0.79008323,0.811468062,1.740759907,3.503705217,4.415858208,4.136585663,4.812301599,5.488017535
PLDV,HEVSales,North Oaks,2.359501783,2.548562716,2.674603338,5.951468411,11.78902526,15.45430418,15.2448896,17.82196716,20.39904473
PLDV,HEVSales,North St. Paul,6.604923703,7.126253339,7.47380643,16.39751348,32.04935454,42.06566594,41.54518963,48.53324281,55.521296
PLDV,HEVSales,Northfield,8.654478131,9.133413525,9.452703787,20.44426717,41.46795266,53.59724659,51.45056906,60.00978725,68.56900544
PLDV,HEVSales,Norwood Young America,1.967606659,2.319471075,2.554047352,7.362935841,19.38149448,29.93064589,32.35373373,38.43095914,44.50818456
PLDV,HEVSales,Nowthen,4.890190979,4.963388577,5.012186976,10.66903864,20.73796084,25.88707968,25.1933607,29.25399464,33.31462859
PLDV,HEVSales,Oak Grove,8.406152357,8.588255272,8.709657216,18.5298656,36.00126012,45.16745614,44.15297958,51.30234503,58.45171048
PLDV,HEVSales,Oak Park Heights,2.318069602,2.522058695,2.658051424,5.962846331,12.83171844,16.95599325,16.19536003,18.97081812,21.7462762
PLDV,HEVSales,Oakdale,27.25052606,26.42382746,25.87269506,46.3182318,81.47787893,90.63105833,76.53664096,86.39386394,96.25108693
PLDV,HEVSales,Orono,4.280749201,4.553917468,4.736029646,10.1400588,20.57884592,26.50534111,24.62733488,28.69665201,32.76596915
PLDV,HEVSales,Osseo,1.437096823,1.536544218,1.602842481,3.375518908,6.747794707,8.589858434,7.895401025,9.187061866,10.47872271
PLDV,HEVSales,Pine Springs,0.121263097,0.127829761,0.132207537,0.282454014,0.580185698,0.738869228,0.681033258,0.79298729,0.904941322
PLDV,HEVSales,Plymouth,49.17262332,50.99250933,52.20576667,101.2864646,181.499608,226.6127866,208.8944647,240.838833,272.7832012
PLDV,HEVSales,Prior Lake,20.24255348,21.21587769,21.86476049,45.86230436,83.36396851,109.4220448,112.4982563,130.9493968,149.4005374
PLDV,HEVSales,Ramsey,22.31745894,22.952464,23.37580071,49.93721074,94.61707625,120.7517351,120.3502723,139.956835,159.5633976
PLDV,HEVSales,Randolph,0.258469005,0.27332385,0.28322708,0.592759268,1.164666554,1.464205616,1.368184259,1.59012731,1.812070361
PLDV,HEVSales,Randolph Twp.,0.382504419,0.406962049,0.423267136,0.903957884,1.811703529,2.277653181,2.128286625,2.477443067,2.826599508
PLDV,HEVSales,Ravenna Twp.,1.203217783,1.274322936,1.321726372,2.897934201,5.952740165,7.805029383,7.593422638,8.871463609,10.14950458
PLDV,HEVSales,Richfield,30.09325796,29.5915657,29.2571042,50.93698989,82.09740298,101.3765831,94.27143281,107.1070678,119.9427027
PLDV,HEVSales,Robbinsdale,7.092936036,7.366092571,7.548196927,15.67068584,30.90773176,38.56697499,34.78139751,40.31908981,45.8567821
PLDV,HEVSales,Rockford,2.527436712,2.658915948,2.746568772,5.905259648,12.02963994,15.43453848,14.29048091,16.64308975,18.99569859
PLDV,HEVSales,Rogers,9.202891314,10.25429025,10.95522287,25.99732982,57.40124031,80.04563252,79.5575698,93.6285055,107.6994412
PLDV,HEVSales,Rosemount,13.8256621,14.84295304,15.521147,35.32816131,72.25336233,97.73455738,98.94897672,115.9736396,132.9983026
PLDV,HEVSales,Roseville,14.56996043,15.72751058,16.49921068,35.53449591,66.57495728,89.74206503,88.12021361,102.8302642,117.5403149
PLDV,HEVSales,San Francisco Twp.,0.508016716,0.563125728,0.599865069,1.393429262,3.113684087,4.364256096,4.344422034,5.111703097,5.878984161
PLDV,HEVSales,Sand Creek Twp.,0.82824012,0.890947919,0.932753118,2.065007563,4.417155026,5.968338006,6.022803179,7.061715791,8.100628403
PLDV,HEVSales,Savage,21.44435182,22.9438083,23.94344595,50.29972233,94.86006157,119.2247765,115.6741548,134.5201154,153.366076
PLDV,HEVSales,Scandia,2.322246049,2.511158226,2.637099677,5.980342339,12.99554078,17.37781018,16.78065947,19.67234216,22.56402484
PLDV,HEVSales,Sciota Twp.,0.11103769,0.119470252,0.12509196,0.270858055,0.549981428,0.732102808,0.722097248,0.844309159,0.966521071
PLDV,HEVSales,Shakopee,42.79631093,41.85756404,41.23173278,77.22946486,137.2843652,156.0948689,140.7870005,160.3851384,179.9832763
PLDV,HEVSales,Shoreview,15.67946084,16.3119513,16.7336116,33.24801462,59.75611413,74.58313084,69.54763013,80.32126399,91.09489785
PLDV,HEVSales,Shorewood,4.306555388,4.483456681,4.601390877,9.514796012,18.69460457,23.33282006,21.0473846,24.39555044,27.74371628
PLDV,HEVSales,South St. Paul,19.14389107,18.36954798,17.85331925,31.28194968,50.78256576,59.65128404,54.90434688,62.05643804,69.2085292
PLDV,HEVSales,Spring Lake Park,4.450218044,4.485916826,4.509716014,9.064521272,16.72416197,20.26186956,19.18894307,22.13668807,25.08443307
PLDV,HEVSales,Spring Lake Park,4.450218044,4.485916826,4.509716014,9.064521272,16.72416197,20.26186956,19.18894307,22.13668807,25.08443307
PLDV,HEVSales,Spring Lake Twp.,1.766781171,1.951840567,2.075213498,4.862977046,10.9779294,15.02799716,15.36183855,18.08085003,20.7998615
PLDV,HEVSales,Spring Park,1.099130478,1.149834706,1.183637525,2.500384376,5.012647497,6.33872312,5.789960752,6.728126807,7.666292862
PLDV,HEVSales,St. Anthony,5.670822169,5.967196132,6.164778774,12.65075428,24.67305888,30.68159205,27.57750787,31.95884501,36.34018215
PLDV,HEVSales,St. Anthony,5.670822169,5.967196132,6.164778774,12.65075428,24.67305888,30.68159205,27.57750787,31.95884501,36.34018215
PLDV,HEVSales,St. Bonifacius,1.424634355,1.463746664,1.489821537,3.038661568,5.890931887,7.31865812,6.572190298,7.601701487,8.631212675
PLDV,HEVSales,St. Francis,8.258641932,8.642954273,8.8991625,20.35394247,41.92375758,55.14786905,56.09621675,65.66373172,75.23124668
PLDV,HEVSales,St. Lawrence Twp.,0.205629016,0.235588121,0.255560858,0.649398663,1.568275629,2.363512005,2.631813154,3.117049981,3.602286809
PLDV,HEVSales,St. Louis Park,28.19926708,29.35463088,30.12487342,60.81542915,109.4792112,140.8567966,134.7406397,156.0489142,177.3571887
PLDV,HEVSales,St. Marys Point,0.152939987,0.162711384,0.169225648,0.361541137,0.742637694,0.945752612,0.87172257,1.015479086,1.159235603
PLDV,HEVSales,St. Paul,128.31,137.262,143.23,286.86,519.51,700.72,768.31,896.31,"1,024.32"
PLDV,HEVSales,St. Paul Park,2.641803182,2.881185287,3.040773357,7.213875507,16.29161441,22.56876057,22.48090784,26.44872877,30.4165497
PLDV,HEVSales,Stillwater,9.034716233,9.902018673,10.4802203,23.18730179,49.26568011,64.83164467,61.68470956,72.21470823,82.74470689
PLDV,HEVSales,Stillwater Twp.,1.2306472,1.309618758,1.362266464,3.068580404,6.628041417,8.771855475,8.390329736,9.822266243,11.25420275
PLDV,HEVSales,Sunfish Lake,0.554074362,0.580384046,0.597923835,1.284311748,2.588147898,3.335135015,3.192429938,3.720101053,4.247772168
PLDV,HEVSales,Tonka Bay,0.719732181,0.753950148,0.776762126,1.612747923,3.181103219,3.969107,3.579248465,4.151151722,4.723054978
PLDV,HEVSales,Vadnais Heights,6.865142947,7.491413226,7.908926745,17.60880194,34.89916047,45.69651316,45.02677841,52.65910551,60.2914326
PLDV,HEVSales,Vermillion,0.23470174,0.244935138,0.251757404,0.526897127,1.035259159,1.342188482,1.292174022,1.503668479,1.715162935
PLDV,HEVSales,Vermillion Twp.,0.812357685,0.857173961,0.887051479,1.916176663,3.882221847,5.028122759,4.836151305,5.640910029,6.445668752
PLDV,HEVSales,Victoria,2.977280692,3.558026887,3.945191017,10.10323318,24.49893079,37.18906683,39.65842734,46.99465667,54.330886
PLDV,HEVSales,Waconia,5.307955847,6.274349433,6.918611824,19.06945415,48.75137659,72.01677062,75.10032668,89.05880085,103.017275
PLDV,HEVSales,Waconia Twp.,0.568319164,0.633648035,0.677200615,1.613483949,3.688162998,5.154639879,5.117489614,6.027323704,6.937157794
PLDV,HEVSales,Waterford Twp.,0.218918791,0.229181056,0.236022566,0.506315208,1.019083235,1.281179914,1.197161227,1.392809714,1.588458201
PLDV,HEVSales,Watertown,1.926589927,2.19531551,2.374465898,6.108093576,14.86203658,21.67958385,22.36633315,26.4542818,30.54223044
PLDV,HEVSales,Watertown Twp.,0.532815575,0.580543585,0.612362258,1.372932852,2.966462502,4.018752489,3.871689394,4.539464158,5.207238922
PLDV,HEVSales,Wayzata,2.425482499,2.603924267,2.722885446,5.799575761,11.71478044,14.68538411,13.30305815,15.47857328,17.65408841
PLDV,HEVSales,West Lakeland Twp.,2.173016698,2.323008834,2.423003592,5.324514933,11.24083418,14.41198014,13.3730167,15.6130167,17.8530167
PLDV,HEVSales,West St. Paul,11.97459919,12.17745319,12.31268919,23.12567799,38.45559612,48.98213471,47.4231563,54.51286772,61.60257914
PLDV,HEVSales,White Bear Lake,9.357118561,10.26686053,10.87335517,24.71831273,52.23861912,71.3240667,68.50493717,80.33450089,92.16406461
PLDV,HEVSales,White Bear Lake,9.357118561,10.26686053,10.87335517,24.71831273,52.23861912,71.3240667,68.50493717,80.33450089,92.16406461
PLDV,HEVSales,White Bear Twp.,6.250717,6.736402591,7.060192985,15.48350453,30.25060606,39.46742607,38.75317208,45.25366309,51.75415411
PLDV,HEVSales,Willernie,0.14782549,0.156434943,0.162174579,0.346476923,0.711694457,0.906346253,0.835400796,0.972915858,1.110430919
PLDV,HEVSales,Woodbury,42.47839029,44.50334276,45.85331108,92.86760071,171.5431654,217.6126206,207.5235621,240.5325964,273.5416308
PLDV,HEVSales,Woodland,0.280289019,0.292797469,0.301136436,0.610692506,1.177198337,1.446884348,1.285578939,1.486636923,1.687694907
PLDV,HEVSales,Young America Twp.,0.310405925,0.334354513,0.350320238,0.800008258,1.710886042,2.378065688,2.466652214,2.897901472,3.32915073
PLDV,PHEVSales,Afton,0.094916281,0.338682174,0.501192769,1.729896869,4.748283009,9.90841114,19.95637228,23.92866348,27.90095468
PLDV,PHEVSales,Andover,0.382084334,2.429806534,3.794954668,14.1738552,38.2353442,75.81609555,152.3874161,182.7884825,213.1895488
PLDV,PHEVSales,Anoka,0.266209296,1.444502228,2.230030849,7.20062991,17.45690987,33.15535594,65.98719059,79.13138685,92.27558311
PLDV,PHEVSales,Apple Valley,1.830638257,6.892250469,10.26665861,31.99881118,78.14941822,156.6435908,319.9493303,383.5730687,447.1968071
PLDV,PHEVSales,Arden Hills,0.050855798,0.446572267,0.710383247,2.731428364,7.921355713,17.15580804,37.54133376,45.03942936,52.53752495
PLDV,PHEVSales,Bayport,0.05358296,0.237839721,0.360677561,1.282404093,3.61818842,7.666577827,15.66795452,18.79082883,21.91370314
PLDV,PHEVSales,Baytown Twp.,0.059489777,0.219071843,0.325459887,1.137786515,3.160852565,6.667862655,13.5699663,16.27206161,18.97415692
PLDV,PHEVSales,Belle Plaine,0.034001848,0.278846733,0.442076657,1.798638566,5.966274563,14.86363772,35.48527266,42.57552682,49.66578099
PLDV,PHEVSales,Belle Plaine Twp.,0.004187894,0.031769547,0.050157316,0.175124697,0.508745248,1.120700731,2.399494142,2.878555391,3.357616641
PLDV,PHEVSales,Benton Twp.,0.02131304,0.078074347,0.115915219,0.412166545,1.165855374,2.522680136,5.185242961,6.218028945,7.250814929
PLDV,PHEVSales,Bethel,0.007558901,0.042326898,0.065505562,0.221183416,0.558270763,1.053127178,2.082491736,2.497478302,2.912464869
PLDV,PHEVSales,Birchwood Village,0.025692258,0.085822458,0.125909258,0.424337072,1.137906923,2.335554054,4.628072719,5.548548811,6.469024903
PLDV,PHEVSales,Blaine,0.686172911,3.525695904,5.418711233,19.75803388,54.86219836,119.8556698,264.297597,317.0198818,369.7421666
PLDV,PHEVSales,Blaine,0.686172911,3.525695904,5.418711233,19.75803388,54.86219836,119.8556698,264.297597,317.0198818,369.7421666
PLDV,PHEVSales,Blakeley Twp.,0.003206115,0.022142795,0.034767249,0.121749289,0.354730573,0.778991746,1.662692951,1.994590319,2.326487686
PLDV,PHEVSales,Bloomington,5.219440208,14.40535658,20.52930083,59.54675131,136.5421056,260.8596726,530.2239331,635.2248317,740.2257303
PLDV,PHEVSales,Brooklyn Center,2.457245209,6.324893374,8.903325484,24.99127546,55.5005125,101.7266716,197.1380934,236.074263,275.0104327
PLDV,PHEVSales,Brooklyn Park,5.472701978,15.85109144,22.77001774,63.55357683,145.0857762,281.545654,572.2060731,685.5527473,798.8994215
PLDV,PHEVSales,Burnsville,2.535038538,8.448196849,12.39030239,35.91725591,83.05848667,160.3554391,321.5386453,385.3393667,449.140088
PLDV,PHEVSales,Camden Twp.,0.020186088,0.077004325,0.11488315,0.410383461,1.166166269,2.515952989,5.1562056,6.183409503,7.210613405
PLDV,PHEVSales,Carver,0.093351099,0.464440586,0.711833577,3.439679755,12.30804117,33.86445814,84.47232169,101.3481158,118.2239099
PLDV,PHEVSales,Castle Rock Twp.,0.040646053,0.174531947,0.263789209,0.881623872,2.283076558,4.55488325,9.03818065,10.83768757,12.63719449
PLDV,PHEVSales,Cedar Lake Twp.,0.014721811,0.121550973,0.192770414,0.719255903,2.223673808,5.17401566,11.66420763,13.9941048,16.32400196
PLDV,PHEVSales,Centerville,0.055504876,0.324564659,0.503937848,1.60523245,3.841621488,7.207998528,14.17983169,17.00469705,19.82956241
PLDV,PHEVSales,Champlin,2.649225365,6.70051296,9.401371357,25.10028968,53.98414901,94.28764548,170.5168992,204.090434,237.6639688
PLDV,PHEVSales,Chanhassen,1.15444421,3.823685037,5.603178921,18.36640951,47.22460359,99.54964565,214.1913104,256.7986836,299.4060569
PLDV,PHEVSales,Chanhassen,1.15444421,3.823685037,5.603178921,18.36640951,47.22460359,99.54964565,214.1913104,256.7986836,299.4060569
PLDV,PHEVSales,Chaska,1.156887635,3.842323208,5.63261359,18.95834562,49.35835874,102.8753537,213.2663501,255.6882426,298.1101351
PLDV,PHEVSales,Circle Pines,0.065529271,0.346512911,0.533835338,1.694091757,4.039546814,7.51988999,14.68029633,17.60324975,20.52620316
PLDV,PHEVSales,Coates,0.004516709,0.019186033,0.028965583,0.096714232,0.25021292,0.499190723,0.990536021,1.187739884,1.384943746
PLDV,PHEVSales,Cologne,0.04623719,0.203343066,0.308080317,1.351714242,4.550722143,11.64637329,27.63734498,33.15556654,38.6737881
PLDV,PHEVSales,Columbia Heights,0.183493925,0.967883508,1.490809897,4.843308678,12.28273071,25.6195656,56.18365639,67.38368888,78.58372138
PLDV,PHEVSales,Columbus,0.074611076,0.436382527,0.677563494,2.339762964,6.018800076,11.87199758,24.45603912,29.33232473,34.20861034
PLDV,PHEVSales,Coon Rapids,0.778225985,4.306166488,6.658126824,21.48071275,53.69294237,110.2922897,232.6824819,279.0633331,325.4441842
PLDV,PHEVSales,Corcoran,0.34488888,1.168713363,1.717929685,6.853613795,19.93430175,44.56647286,95.8669003,114.9713026,134.0757049
PLDV,PHEVSales,Cottage Grove,1.969544957,6.409496859,9.369464793,27.18930968,64.86986822,129.9921916,265.0835062,317.7062984,370.3290906
PLDV,PHEVSales,Credit River Twp.,0.030942257,0.253073242,0.401160565,1.463685031,4.435175489,10.0871794,22.27193509,26.72013366,31.16833223
PLDV,PHEVSales,Crystal,0.921918452,2.693124619,3.87392873,13.00645304,33.6322899,69.68166341,143.4281818,171.9294345,200.4306871
PLDV,PHEVSales,Dahlgren Twp.,0.031829784,0.112510326,0.166297354,0.528929104,1.31908208,2.616379683,4.888943363,5.860366079,6.831788795
PLDV,PHEVSales,Dayton,0.353907562,1.205701476,1.773564085,7.13958568,20.89652537,47.85874964,104.8125291,125.7042535,146.5959778
PLDV,PHEVSales,Deephaven,0.21584323,0.649282329,0.938241729,3.10779651,7.744807618,15.04814166,28.66805574,34.35849824,40.04894074
PLDV,PHEVSales,Dellwood,0.026948006,0.098216187,0.145728307,0.509548278,1.415798545,2.973506319,6.026136353,7.225974022,8.425811691
PLDV,PHEVSales,Denmark Twp.,0.074124208,0.275172735,0.409205087,1.51317421,4.417291459,9.799190075,20.86971542,25.02883366,29.1879519
PLDV,PHEVSales,Douglas Twp.,0.033619852,0.14958147,0.226889216,0.784721614,2.100430433,4.337650356,8.899131717,10.67223409,12.44533646
PLDV,PHEVSales,Eagan,2.415079996,8.50931433,12.57213722,40.08308236,99.1837069,198.6164821,409.0746331,490.4065437,571.7384543
PLDV,PHEVSales,East Bethel,0.240108481,1.419418712,2.205625533,7.855217801,20.71562469,42.66117971,91.13692219,109.3162849,127.4956477
PLDV,PHEVSales,Eden Prairie,4.140246033,12.16698266,17.51814041,55.8064633,138.6922294,281.4554355,587.8073941,704.5408237,821.2742533
PLDV,PHEVSales,Edina,3.240549571,8.903835426,12.67935933,39.04236533,94.20572349,182.7020147,367.3122145,440.1265474,512.9408804
PLDV,PHEVSales,Elko New Market,0.018918032,0.188694294,0.301878468,1.325020133,4.636537256,12.4837246,31.55856425,37.8664935,44.17442274
PLDV,PHEVSales,Empire Twp.,0.045357374,0.236386588,0.363739398,1.406440392,4.135222416,9.249259799,20.33590646,24.39401628,28.4521261
PLDV,PHEVSales,Eureka Twp.,0.056485351,0.250296579,0.379504065,1.346336102,3.688046747,7.7666599,16.22237553,19.45555356,22.6887316
PLDV,PHEVSales,Excelsior,0.118450738,0.331218129,0.473063057,1.619740715,4.166028718,8.039280489,15.21162141,18.23025555,21.24888968
PLDV,PHEVSales,Falcon Heights,0.034329593,0.243574206,0.383070614,1.291024209,3.332379106,6.802376485,14.07636793,16.8847756,19.69318326
PLDV,PHEVSales,Farmington,0.44843733,2.196201847,3.361378192,12.27673733,34.48665195,74.59740577,159.520026,191.3343437,223.1486615
PLDV,PHEVSales,Forest Lake,1.369751079,4.557768416,6.683113307,20.8743778,52.20427635,105.9353361,215.3754154,258.1765482,300.9776811
PLDV,PHEVSales,Fort Snelling UT,0.013527782,0.032809348,0.045663726,0.20408733,0.638256964,1.491904937,3.315353385,3.975718505,4.636083626
PLDV,PHEVSales,Fridley,0.296581214,1.664955945,2.577205766,8.604599651,22.33752392,46.36465412,98.68912156,118.3676296,138.0461377
PLDV,PHEVSales,Gem Lake,0.003241898,0.025307713,0.040018256,0.145017643,0.400524353,0.853136643,1.838981277,2.206129153,2.573277029
PLDV,PHEVSales,Golden Valley,0.631456611,1.961159532,2.847628146,10.28991676,28.83211741,64.27802395,139.8879898,167.7392965,195.5906031
PLDV,PHEVSales,Grant,0.142042486,0.502712826,0.74315972,2.58580403,7.151922811,15.08986877,30.71521699,36.82985189,42.94448679
PLDV,PHEVSales,Greenfield,0.202598498,0.658701954,0.962770925,3.54039326,9.685126592,20.33869252,41.60443463,49.88480186,58.16516908
PLDV,PHEVSales,Greenvale Twp.,0.013273758,0.060385031,0.091792546,0.326345083,0.895668496,1.815821726,3.660463163,4.389901044,5.119338925
PLDV,PHEVSales,Greenwood,0.059292505,0.171549207,0.246387009,0.809870357,2.002898422,3.865038697,7.313279525,8.764076929,10.21487433
PLDV,PHEVSales,Grey Cloud Island Twp.,0.010480811,0.036225666,0.053388903,0.179930301,0.482503058,0.990337568,1.962426975,2.352816208,2.743205441
PLDV,PHEVSales,Ham Lake,0.246906175,1.496048964,2.328810823,7.790620172,19.50508201,37.33694796,74.85731891,89.77940146,104.701484
PLDV,PHEVSales,Hamburg,0.011994803,0.044301739,0.065839697,0.245666253,0.727689016,1.643034694,3.517891366,4.219070678,4.920249991
PLDV,PHEVSales,Hampton,0.015772865,0.070861016,0.10758645,0.37304061,1.000851679,2.068075851,4.245154376,5.091030679,5.936906981
PLDV,PHEVSales,Hampton Twp.,0.025178306,0.11253742,0.170776829,0.602683396,1.643229717,3.482733808,7.316291362,8.774513974,10.23273658
PLDV,PHEVSales,Hancock Twp.,0.007582064,0.029368704,0.043893131,0.167499718,0.506218446,1.129586352,2.392166129,2.869082941,3.345999754
PLDV,PHEVSales,Hanover,0.177865694,0.590037318,0.864818401,2.945228533,7.537574395,14.97058322,29.13123011,34.92190299,40.71257587
PLDV,PHEVSales,Hastings,0.873386642,2.786790979,4.06239387,14.54602506,40.17299383,85.19075649,179.0495189,214.6847453,250.3199718
PLDV,PHEVSales,Hastings,0.873386642,2.786790979,4.06239387,14.54602506,40.17299383,85.19075649,179.0495189,214.6847453,250.3199718
PLDV,PHEVSales,Helena Twp.,0.006502683,0.052879864,0.083797985,0.306707647,0.932037192,2.091058237,4.557734796,5.467981219,6.378227641
PLDV,PHEVSales,Hilltop,0.010382669,0.049888603,0.076225893,0.251801169,0.623386854,1.207321787,2.446716056,2.933982733,3.42124941
PLDV,PHEVSales,Hollywood Twp.,0.026252067,0.098919878,0.147365085,0.563271417,1.704739636,3.802519858,8.049801628,9.65451154,11.25922145
PLDV,PHEVSales,Hopkins,1.046709225,3.021540385,4.338094491,14.64252272,37.16044206,72.79585661,139.797401,167.5475394,195.2976778
PLDV,PHEVSales,Hugo,0.567287629,2.17270023,3.242975298,12.96848602,40.2444264,94.72258848,211.7182572,253.9484511,296.178645
PLDV,PHEVSales,Independence,0.205011453,0.65403074,0.953376931,3.311559892,8.629630915,17.40003611,34.33758863,41.16410406,47.99061949
PLDV,PHEVSales,Inver Grove Heights,1.41842632,5.124909564,7.595898394,24.96833922,63.63267019,131.3336031,279.7539779,335.4210882,391.0881986
PLDV,PHEVSales,Jackson Twp.,0.006164926,0.050372085,0.079843524,0.282126342,0.829327621,1.821211423,3.887223978,4.663435789,5.439647599
PLDV,PHEVSales,Jordan,0.031491623,0.27267213,0.433459134,1.713581273,5.559491381,13.63819576,32.16073909,38.58658859,45.01243808
PLDV,PHEVSales,Lake Elmo,0.340847423,1.366417495,2.050130876,8.275171463,25.85348977,62.07851232,140.8755004,168.982431,197.0893616
PLDV,PHEVSales,Lake St. Croix Beach,0.032722701,0.107521024,0.157386572,0.541471784,1.48164964,3.041086008,6.026136353,7.224819083,8.423501813
PLDV,PHEVSales,Lakeland,0.090276242,0.3079958,0.453142172,1.536011796,4.142692393,8.569780372,17.11422724,20.51901744,23.92380764
PLDV,PHEVSales,Lakeland Shores,0.015409582,0.053379804,0.078693286,0.276261114,0.770457813,1.642186445,3.374636357,4.046481713,4.718327068
PLDV,PHEVSales,Laketown Twp.,0.034469331,0.11788037,0.173487729,0.461681394,0.865453306,0.936334777,0,0,0
PLDV,PHEVSales,Lakeville,1.882291836,7.779559442,11.71107118,41.20827058,109.1074063,223.9488861,456.4872879,547.4082871,638.3292864
PLDV,PHEVSales,Landfall,0.011471873,0.038689173,0.05683404,0.191541039,0.513638542,1.05424315,2.089060602,2.504578348,2.920096094
PLDV,PHEVSales,Lauderdale,0.022274703,0.144423207,0.225855543,0.761668316,1.967276672,4.012452856,8.296173479,9.950953234,11.60573299
PLDV,PHEVSales,Lexington,0.024349849,0.134750404,0.208350774,0.675489767,1.643871134,3.152834611,6.332546009,7.594185241,8.855824473
PLDV,PHEVSales,Lilydale,0.037368194,0.153351576,0.230673831,0.770205204,1.99262599,3.975415854,7.888352935,9.458549883,11.02874683
PLDV,PHEVSales,Lino Lakes,0.119888398,0.876845754,1.381483991,5.475645475,16.38835438,38.03096774,88.29616062,105.9314151,123.5666695
PLDV,PHEVSales,Linwood Twp.,0.103402553,0.575209063,0.889746737,2.783761314,6.545561968,12.07321787,23.35501689,28.00533976,32.65566263
PLDV,PHEVSales,Little Canada,0.079016187,0.521770915,0.816940734,2.834998141,7.528765596,15.41419774,31.99174529,38.37429112,44.75683694
PLDV,PHEVSales,Long Lake,0.134086607,0.39621114,0.570960828,1.971764364,5.111396773,10.02797173,19.28560566,23.11590947,26.94621328
PLDV,PHEVSales,Loretto,0.051056583,0.14920091,0.214630461,0.71808505,1.807059465,3.547246626,6.825727556,8.180661751,9.535595946
PLDV,PHEVSales,Louisville Twp.,0.003176774,0.025408918,0.040230347,0.142060789,0.417330086,0.916460878,1.956109355,2.346695871,2.737282387
PLDV,PHEVSales,Mahtomedi,0.199354485,0.702730308,1.03831419,3.527885126,9.537049475,19.74171667,39.45043642,47.3006528,55.15086919
PLDV,PHEVSales,Maple Grove,3.894276297,12.27216082,17.85741717,56.24491797,139.4232551,285.049879,580.5193294,695.84434,811.1693507
PLDV,PHEVSales,Maple Plain,0.109778585,0.329391848,0.47580069,1.662933801,4.357416789,8.928239389,17.8769055,21.43033089,24.98375627
PLDV,PHEVSales,Maplewood,2.323102098,7.858702417,11.54910263,38.57341578,98.14762216,201.9183307,413.2905571,495.4840481,577.6775391
PLDV,PHEVSales,Marine on St. Croix,0.037539193,0.126497832,0.185803592,0.682364952,1.980471685,4.313273655,9.039204529,10.8395376,12.63987066
PLDV,PHEVSales,Marshan Twp.,0.031872282,0.141856196,0.215178805,0.750237307,2.023157073,4.208712123,8.693339296,10.4256327,12.1579261
PLDV,PHEVSales,May Twp.,0.114816838,0.405667471,0.599567893,2.189040449,6.321705129,13.89747343,29.36622332,35.21650462,41.06678592
PLDV,PHEVSales,Mayer,0.054042253,0.229293843,0.346128237,1.42290041,4.570153065,10.99888539,24.88916621,29.856191,34.8232158
PLDV,PHEVSales,Medicine Lake,0.013208711,0.038792118,0.055847722,0.183570614,0.453990309,0.876075438,1.657676692,1.986570288,2.315463885
PLDV,PHEVSales,Medina,0.266400003,0.928260675,1.369501123,5.029969812,13.7465595,29.14706203,60.10845385,72.07686462,84.04527539
PLDV,PHEVSales,Mendota,0.008193151,0.036212792,0.054892552,0.203647478,0.579550203,1.261352285,2.711454195,3.252106404,3.792758613
PLDV,PHEVSales,Mendota Heights,0.286799304,1.252545923,1.896377003,6.363534773,16.54522354,33.17215228,66.14714738,79.31921699,92.4912866
PLDV,PHEVSales,Miesville,0.007478704,0.03226751,0.04879338,0.162917982,0.421491057,0.840901523,1.668587197,2.000808896,2.333030594
PLDV,PHEVSales,Minneapolis,10.58212765,33.79333604,49.26747496,158.8818464,404.2378415,854.4657715,1894.461167,2271.236975,2648.012783
PLDV,PHEVSales,Minnetonka,3.57406618,10.0681762,14.39758288,46.18639999,114.6062994,227.6580884,455.4204538,545.7897314,636.1590089
PLDV,PHEVSales,Minnetonka Beach,0.015320515,0.045550127,0.065703202,0.215965429,0.534106246,1.05644391,2.047718267,2.454197817,2.860677368
PLDV,PHEVSales,Minnetrista,0.454560126,1.553233852,2.285683002,8.772515712,24.81030333,54.86499731,117.0358749,140.3521378,163.6684008
PLDV,PHEVSales,Mound,0.847706847,2.433581017,3.490830464,11.82937932,30.13348894,59.06173211,113.4808754,136.0075091,158.5341428
PLDV,PHEVSales,Mounds View,0.087069597,0.617670653,0.971404691,3.306674661,8.619980646,17.59255942,36.39782474,43.65997576,50.92212679
PLDV,PHEVSales,New Brighton,1.365151127,4.053839358,5.846298179,18.19118508,43.51429794,85.64642395,173.3750468,207.7770259,242.179005
PLDV,PHEVSales,New Germany,0.009841079,0.039057588,0.05853526,0.252374856,0.839415869,2.018144108,4.563013806,5.473648351,6.384282896
PLDV,PHEVSales,New Hope,0.899906262,2.641630008,3.802779172,12.75057401,33.01740852,69.21118134,145.1326173,173.9791595,202.8257017
PLDV,PHEVSales,New Market Twp.,0.016496088,0.13148462,0.208143642,0.727038105,2.112958591,4.640077366,9.903858372,11.88133083,13.85880329
PLDV,PHEVSales,New Prague,0.033861098,0.259641016,0.410160962,1.588531923,5.069256389,12.04716464,27.66672168,33.1932938,38.71986592
PLDV,PHEVSales,New Trier,0.002904389,0.013575577,0.020689702,0.069081594,0.178723514,0.356564802,0.707525729,0.848449997,0.989374266
PLDV,PHEVSales,Newport,0.111773726,0.388486731,0.572962068,2.127368444,6.231395056,13.69705138,28.93922852,34.70471948,40.47021043
PLDV,PHEVSales,Nininger Twp.,0.033158477,0.139080606,0.209695358,0.717663408,1.901978394,3.804078318,7.56724158,9.0740582,10.58087482
PLDV,PHEVSales,North Oaks,0.034351692,0.258009254,0.407114296,1.419703456,3.787567254,7.866757748,16.55871284,19.86358507,23.1684573
PLDV,PHEVSales,North St. Paul,0.099836659,0.722509175,1.137624185,3.911573573,10.29678732,21.41283099,45.12560491,54.13075857,63.13591222
PLDV,PHEVSales,Northfield,0.320414088,1.59379678,2.442718575,8.428561801,22.51078362,46.17180037,94.12083231,112.880916,131.6409996
PLDV,PHEVSales,Norwood Young America,0.108185839,0.444658978,0.668974404,3.091827116,10.76939471,26.64334632,61.63031634,73.93474244,86.23916854
PLDV,PHEVSales,Nowthen,0.08525494,0.522252595,0.813584365,2.752054246,6.956997291,13.65998365,28.02602027,33.61417334,39.20232641
PLDV,PHEVSales,Oak Grove,0.15015456,0.908319198,1.41376229,4.779736677,12.077401,23.83377036,49.11739707,58.91084557,68.70429407
PLDV,PHEVSales,Oak Park Heights,0.163039271,0.559634382,0.824031123,2.91605446,8.192252522,17.44714487,35.82624149,42.95888194,50.09152238
PLDV,PHEVSales,Oakdale,2.132544103,6.064541793,8.685873587,24.58061101,55.13396404,98.5451033,179.0359784,214.4166652,249.797352
PLDV,PHEVSales,Orono,0.418829691,1.30323801,1.892843556,6.568696495,17.10315021,34.58591227,68.43474448,82.03792744,95.6411104
PLDV,PHEVSales,Osseo,0.150322092,0.444492571,0.640606223,2.186649965,5.608115582,11.20861222,21.93983857,26.29774187,30.65564517
PLDV,PHEVSales,Pine Springs,0.007753638,0.027693107,0.040986086,0.138130557,0.37041241,0.760271502,1.506534088,1.806290178,2.106046268
PLDV,PHEVSales,Plymouth,4.719706711,13.58175932,19.48979439,59.75948568,143.4304991,281.3342374,558.1582357,668.8459415,779.5336473
PLDV,PHEVSales,Prior Lake,0.291107493,1.679790991,2.605579989,8.363883781,20.98857871,43.76444727,97.24194296,116.6321101,136.0222772
PLDV,PHEVSales,Ramsey,0.406383594,2.390181309,3.712713119,12.41923573,31.29919289,62.73441565,132.9883918,159.5047935,186.0211951
PLDV,PHEVSales,Randolph,0.011314352,0.048439783,0.07319007,0.244376973,0.632236585,1.261352285,2.502880796,3.001194084,3.499507373
PLDV,PHEVSales,Randolph Twp.,0.016308796,0.072150614,0.109378493,0.372674884,0.983479133,1.962103554,3.893370126,4.668782392,5.444194658
PLDV,PHEVSales,Ravenna Twp.,0.04849627,0.224330703,0.341553658,1.194731868,3.231431436,6.723708428,13.89098842,16.65948684,19.42798527
PLDV,PHEVSales,Richfield,2.72008338,7.21146039,10.20571173,27.52328301,61.94177884,120.6700386,244.2972893,292.6127304,340.9281716
PLDV,PHEVSales,Robbinsdale,0.714246111,2.095765988,3.016779239,10.15141837,25.68752305,50.32472543,96.65098002,115.8383268,135.0256736
PLDV,PHEVSales,Rockford,0.242099333,0.755470534,1.097718002,3.825407636,9.997875471,20.1400009,39.71056609,47.60425945,55.4979528
PLDV,PHEVSales,Rogers,0.860239895,2.9711728,4.378461403,16.84098413,47.70636988,104.4488057,221.0755645,265.1186294,309.1616944
PLDV,PHEVSales,Rosemount,0.669866828,2.75534082,4.145656815,14.89804441,40.33482682,85.83208762,185.6879673,222.6915874,259.6952075
PLDV,PHEVSales,Roseville,1.569256914,4.857735846,7.050055134,24.14427433,62.67370369,131.6957171,279.2927816,334.8374865,390.3821914
PLDV,PHEVSales,San Francisco Twp.,0.027145759,0.105130881,0.157120962,0.585125617,1.730129375,3.884927409,8.275647766,9.925348167,11.57504857
PLDV,PHEVSales,Sand Creek Twp.,0.008786552,0.063883351,0.100614551,0.350983464,1.018713441,2.237104503,4.774913091,5.728138399,6.681363706
PLDV,PHEVSales,Savage,0.312077299,1.961226625,3.060659509,10.04918774,25.09337819,50.15621218,104.1158101,124.8765567,145.6373033
PLDV,PHEVSales,Scandia,0.154723968,0.55241107,0.817535805,2.924610661,8.296842876,17.88118025,37.12099993,44.51425512,51.90751032
PLDV,PHEVSales,Sciota Twp.,0.004455442,0.021177545,0.032325614,0.1116667,0.298556165,0.630676142,1.320964864,1.584266749,1.847568633
PLDV,PHEVSales,Shakopee,0.700212097,3.682744974,5.671100226,16.96876395,38.25364444,69.30607125,132.4183441,158.7619705,185.1055969
PLDV,PHEVSales,Shoreview,1.750588807,5.264532065,7.607160904,24.30801442,58.43598505,112.9501796,224.8875543,269.5149474,314.1423404
PLDV,PHEVSales,Shorewood,0.414323186,1.269148854,1.839032633,6.163653334,15.53715069,30.44619816,58.48673412,70.10121631,81.71569849
PLDV,PHEVSales,South St. Paul,1.019912877,3.169480345,4.602525323,12.52397599,27.56904498,50.99922639,100.9867013,120.980059,140.9734167
PLDV,PHEVSales,Spring Lake Park,0.137317507,0.494140599,0.73202266,2.338172641,5.610481687,10.6916968,21.34648544,25.58831903,29.83015261
PLDV,PHEVSales,Spring Lake Park,0.137317507,0.494140599,0.73202266,2.338172641,5.610481687,10.6916968,21.34648544,25.58831903,29.83015261
PLDV,PHEVSales,Spring Lake Twp.,0.017981089,0.141502364,0.223849881,0.826546383,2.531802522,5.632924959,12.17895419,14.61114881,17.04334343
PLDV,PHEVSales,Spring Park,0.120749403,0.332137595,0.473063057,1.619740715,4.166028718,8.271182811,16.08921495,19.28290806,22.47660117
PLDV,PHEVSales,St. Anthony,0.717146608,1.765180695,2.463870087,8.195116712,20.5058648,40.03535917,76.63272188,91.81583693,106.998952
PLDV,PHEVSales,St. Anthony,0.717146608,1.765180695,2.463870087,8.195116712,20.5058648,40.03535917,76.63272188,91.81583693,106.998952
PLDV,PHEVSales,St. Bonifacius,0.140386274,0.413415672,0.595435271,1.968434897,4.895973921,9.549866446,18.26288415,21.88738372,25.5118833
PLDV,PHEVSales,St. Francis,0.152704998,0.927795812,1.444523021,5.250253156,14.06423081,29.10019203,62.403493,74.8536506,87.3038082
PLDV,PHEVSales,St. Lawrence Twp.,0.002076778,0.01737087,0.027566931,0.110376444,0.361686075,0.885912182,2.086516645,2.503404618,2.920292592
PLDV,PHEVSales,St. Louis Park,2.767003978,7.557471293,10.75111617,33.95967214,83.92903533,169.0253407,349.5684842,418.9287803,488.2890763
PLDV,PHEVSales,St. Marys Point,0.010440525,0.035653525,0.052462191,0.176807113,0.474127885,0.973147523,1.928363633,2.311948254,2.695532876
PLDV,PHEVSales,St. Paul,9.43,32.902,48.55,156.94,388.53,793.65,"1,714.95","2,056.05","2,397.16"
PLDV,PHEVSales,St. Paul Park,0.172724728,0.634697885,0.942679989,3.52785443,10.40118047,23.22249303,49.73069025,59.64228335,69.55387646
PLDV,PHEVSales,Stillwater,0.607926977,2.192574996,3.249007009,11.3394562,31.45306641,66.70957459,136.4545954,163.6239291,190.7932628
PLDV,PHEVSales,Stillwater Twp.,0.079989854,0.285388323,0.422320635,1.500650373,4.231591371,9.025943273,18.56049997,22.25660199,25.95270401
PLDV,PHEVSales,Sunfish Lake,0.022175399,0.101577581,0.154512369,0.529483442,1.40497019,2.873080204,5.84005519,7.003631148,8.167207106
PLDV,PHEVSales,Tonka Bay,0.071683891,0.214942135,0.310447631,1.044732761,2.643825917,5.179151854,9.946060154,11.92093541,13.89581066
PLDV,PHEVSales,Vadnais Heights,0.105986833,0.764708303,1.20385595,4.200522502,11.21237036,23.26105367,48.90724128,58.66749217,68.42774306
PLDV,PHEVSales,Vermillion,0.009995752,0.043033005,0.06505784,0.217223976,0.561988076,1.156239594,2.363831862,2.834599085,3.305366307
PLDV,PHEVSales,Vermillion Twp.,0.033651011,0.150996744,0.229227232,0.789982507,2.107455284,4.331518783,8.846988367,10.60965584,12.37232331
PLDV,PHEVSales,Victoria,0.150603493,0.680253036,1.033352731,4.242526484,13.61291596,33.10457082,75.54495697,90.62382767,105.7026984
PLDV,PHEVSales,Waconia,0.279907853,1.199266605,1.812172439,8.00760141,27.08887168,64.10712843,143.0578903,171.6134868,200.1690833
PLDV,PHEVSales,Waconia Twp.,0.029611131,0.118270798,0.177377243,0.677530476,2.049340576,4.588502899,9.748256767,11.69198589,13.63571502
PLDV,PHEVSales,Waterford Twp.,0.009448178,0.040374306,0.060991725,0.208738664,0.553207012,1.103683249,2.190020696,2.6261352,3.062249703
PLDV,PHEVSales,Watertown,0.102556297,0.414184803,0.621937141,2.564896633,8.258142231,19.29850304,42.605413,51.10598434,59.60655568
PLDV,PHEVSales,Watertown Twp.,0.029541436,0.108053163,0.160394315,0.576518811,1.648325189,3.577370656,7.375143905,8.844264399,10.31338489
PLDV,PHEVSales,Wayzata,0.258959146,0.756535167,1.088252514,3.756945964,9.736194645,19.16245501,36.96670345,44.30825231,51.64980117
PLDV,PHEVSales,West Lakeland Twp.,0.132688195,0.503773189,0.751163185,2.603886576,7.176572073,14.82944123,29.58285119,35.47288378,41.36291638
PLDV,PHEVSales,West St. Paul,0.599638201,2.008185725,2.947217407,8.461706906,19.9434622,40.48973135,85.63584193,102.6430827,119.6503234
PLDV,PHEVSales,White Bear Lake,1.09543122,3.515296021,5.128539221,19.08939643,52.70325202,112.4208422,230.3763676,276.2325549,322.0887421
PLDV,PHEVSales,White Bear Lake,1.09543122,3.515296021,5.128539221,19.08939643,52.70325202,112.4208422,230.3763676,276.2325549,322.0887421
PLDV,PHEVSales,White Bear Twp.,0.092835845,0.681933988,1.074666084,3.693539707,9.718887048,20.09023999,42.09296787,50.49299428,58.89302069
PLDV,PHEVSales,Willernie,0.010304926,0.03428773,0.050276266,0.16944015,0.454372556,0.932599709,1.848015148,2.215557193,2.583099237
PLDV,PHEVSales,Woodbury,2.782586385,9.487652652,13.95769683,43.35622474,108.1903023,219.4593532,455.6432673,546.2154035,636.7875397
PLDV,PHEVSales,Woodland,0.027548349,0.083232253,0.120354855,0.395604582,0.97837362,1.887989855,3.572382745,4.281349624,4.990316504
PLDV,PHEVSales,Young America Twp.,0.029544046,0.066872652,0.09175839,0.335937631,0.95065977,2.116881404,4.698702089,5.632533698,6.566365307
PLDV,BEVSales,Afton,0.048673544,0.037765165,0.030492913,0.889705756,5.275645779,19.2696898,32.78814581,39.33604027,45.88393472
PLDV,BEVSales,Andover,0.086139123,0.116711116,0.137092445,4.386967877,27.50786308,99.77489956,171.0778454,205.2761866,239.4745279
PLDV,BEVSales,Anoka,0.095640174,0.098297625,0.100069259,2.39124654,12.7146883,43.2068246,70.93390629,85.10155951,99.26921273
PLDV,BEVSales,Apple Valley,1.332752508,0.987642157,0.75756859,15.10055436,75.09631353,261.1425859,427.5837279,512.8339229,598.084118
PLDV,BEVSales,Arden Hills,0.024505827,0.03326578,0.039105749,0.987246475,5.913956903,22.32653082,39.27552518,47.12572905,54.97593292
PLDV,BEVSales,Bayport,0.026034997,0.023580321,0.021943871,0.6595551,4.020038492,14.90981495,25.74231279,30.88556835,36.0288239
PLDV,BEVSales,Baytown Twp.,0.030288897,0.023996281,0.019801204,0.585176625,3.511909139,12.96753265,22.29533643,26.74834594,31.20135545
PLDV,BEVSales,Belle Plaine,0.016759459,0.020981886,0.023796837,0.843068967,5.991689534,25.79177129,52.27192361,62.72295645,73.17398928
PLDV,BEVSales,Belle Plaine Twp.,0.002064279,0.002445682,0.002699951,0.082085528,0.510912387,1.944669096,3.53459802,4.241104768,4.947611516
PLDV,BEVSales,Benton Twp.,0.01550722,0.011719385,0.009194161,0.260882718,1.582781665,5.977852393,10.2779563,12.33044612,14.38293594
PLDV,BEVSales,Bethel,0.002696456,0.00284226,0.002939463,0.073452474,0.406614847,1.372396103,2.238605285,2.685787051,3.132968817
PLDV,BEVSales,Birchwood Village,0.013342878,0.009933395,0.007660406,0.218241412,1.26428729,4.542141167,7.603883162,9.121991219,10.64009928
PLDV,BEVSales,Blaine,0.359042418,0.322593116,0.298293582,7.141336578,40.95923583,155.9799049,276.5066097,331.7361232,386.9656367
PLDV,BEVSales,Blaine,0.359042418,0.322593116,0.298293582,7.141336578,40.95923583,155.9799049,276.5066097,331.7361232,386.9656367
PLDV,BEVSales,Blakeley Twp.,0.001596543,0.001761523,0.001871509,0.057067078,0.356241645,1.351726767,2.44924591,2.938775784,3.428305658
PLDV,BEVSales,Bloomington,5.138057536,3.158924759,1.839502907,32.13501706,156.5177274,535.6244382,861.196934,1032.408709,1203.620485
PLDV,BEVSales,Brooklyn Center,2.00604001,1.216410761,0.689991261,12.37075844,60.42155742,200.7954011,312.7354699,374.8813559,437.0272418
PLDV,BEVSales,Brooklyn Park,6.608472255,4.004691442,2.268837567,34.65029807,161.0324479,550.3133186,872.8055045,1046.044911,1219.284317
PLDV,BEVSales,Burnsville,2.04355883,1.385369946,0.946577356,17.06716982,79.71831774,266.6228188,426.1588174,510.9818691,595.8049208
PLDV,BEVSales,Camden Twp.,0.014522684,0.011276453,0.009112299,0.259754107,1.58320374,5.961911453,10.22039975,12.26157516,14.30275057
PLDV,BEVSales,Carver,0.066064828,0.060302652,0.056461202,2.177161189,16.70956993,80.24669052,167.4372518,200.9114892,234.3857266
PLDV,BEVSales,Castle Rock Twp.,0.019912779,0.017021439,0.015093879,0.382801389,2.15946409,7.683605721,12.51286356,15.01145372,17.51004387
PLDV,BEVSales,Cedar Lake Twp.,0.007235709,0.009120343,0.010376766,0.337134065,2.233146152,8.978086726,17.18207371,20.61704131,24.05200891
PLDV,BEVSales,Centerville,0.019629734,0.021419962,0.022613448,0.533079271,2.798033566,9.393195136,15.24281975,18.28745775,21.33209576
PLDV,BEVSales,Champlin,1.803686072,1.136774638,0.692167015,12.50295637,59.39376818,187.3855496,275.9312148,330.7567205,385.5822262
PLDV,BEVSales,Chanhassen,1.330573154,0.885599028,0.588949611,12.30887406,63.83763881,230.576634,404.03358,484.5741814,565.1147828
PLDV,BEVSales,Chanhassen,1.330573154,0.885599028,0.588949611,12.30887406,63.83763881,230.576634,404.03358,484.5741814,565.1147828
PLDV,BEVSales,Chaska,1.032696041,0.730992516,0.529856833,12.41638881,66.89680488,240.2018704,412.9376953,495.3186952,577.699695
PLDV,BEVSales,Circle Pines,0.023528178,0.023784303,0.023955053,0.562588427,2.942191888,9.799640468,15.78080162,18.93225631,22.083711
PLDV,BEVSales,Coates,0.002226404,0.001884999,0.001657395,0.041993353,0.236665658,0.842081889,1.371342593,1.64516583,1.918989068
PLDV,BEVSales,Cologne,0.033319908,0.027989749,0.024436309,0.855573773,6.178124433,27.59775188,54.7815071,65.73114454,76.68078198
PLDV,BEVSales,Columbia Heights,0.160270068,0.128766073,0.107763409,1.890642029,9.180754935,32.67979007,55.79766028,66.92513832,78.05261637
PLDV,BEVSales,Columbus,0.026494321,0.02884051,0.030404636,0.777008423,4.383775104,15.47114493,26.28938089,31.5419582,36.79453551
PLDV,BEVSales,Coon Rapids,0.478769032,0.44345009,0.419904129,8.181543457,40.44057781,142.2855713,238.6480387,286.2818927,333.9157466
PLDV,BEVSales,Corcoran,0.213843925,0.158950836,0.122355443,3.380873096,21.90389924,88.7192546,156.1692438,187.3603237,218.5514037
PLDV,BEVSales,Cottage Grove,1.454656999,1.019534112,0.729452187,15.10593937,73.2192882,250.4238015,420.5937871,504.4216132,588.2494392
PLDV,BEVSales,Credit River Twp.,0.015168397,0.019023962,0.021594338,0.686067479,4.454068327,17.50353641,32.80788909,39.36643323,45.92497737
PLDV,BEVSales,Crystal,1.047461054,0.640501148,0.369194544,7.021224665,37.37029351,136.6436503,220.9395034,264.9179119,308.8963204
PLDV,BEVSales,Dahlgren Twp.,0.023122971,0.01716341,0.01319037,0.33478812,1.790804398,6.19988691,9.690644515,11.62414882,13.55765313
PLDV,BEVSales,Dayton,0.219388291,0.163546038,0.12631787,3.521942418,22.96119482,95.27324738,170.7418657,204.8463612,238.9508566
PLDV,BEVSales,Deephaven,0.134354431,0.09383619,0.066824029,1.533069403,8.510028987,29.95659799,46.70087977,56.01418484,65.32748991
PLDV,BEVSales,Dellwood,0.013637834,0.01077486,0.008866211,0.26206651,1.573042635,5.782818616,9.900889534,11.87833987,13.85579021
PLDV,BEVSales,Denmark Twp.,0.037754293,0.030039509,0.024896319,0.778242813,4.907893021,19.05727875,34.28876063,41.1389619,47.98916317
PLDV,BEVSales,Douglas Twp.,0.0164066,0.014352129,0.012982481,0.340726395,1.986706963,7.317156833,12.32035797,14.78114824,17.24193852
PLDV,BEVSales,Eagan,1.891537802,1.315644034,0.931714856,18.66881762,94.51544715,330.1220321,542.9415888,651.151599,759.3616092
PLDV,BEVSales,East Bethel,0.085262667,0.093489532,0.098974108,2.608627665,15.08816353,55.59445998,97.96898216,117.5457261,137.12247
PLDV,BEVSales,Eden Prairie,4.707072757,2.878234892,1.659009649,29.73491171,153.0806547,550.9558683,902.5374157,1082.103484,1261.669553
PLDV,BEVSales,Edina,3.641501272,2.165429526,1.181381695,20.65937014,103.8172248,357.8383555,565.2692773,677.5948326,789.9203878
PLDV,BEVSales,Elko New Market,0.009238014,0.013445215,0.016250016,0.621071612,4.656287848,21.66208405,46.48764787,55.78332984,65.07901181
PLDV,BEVSales,Empire Twp.,0.021858769,0.021231293,0.020812976,0.610676903,3.911329333,15.60252187,28.15394301,33.78035986,39.40677671
PLDV,BEVSales,Eureka Twp.,0.027603483,0.024070406,0.021715022,0.584579599,3.488365069,13.10153283,22.45898588,26.94526236,31.43153884
PLDV,BEVSales,Excelsior,0.077694287,0.051293388,0.033692788,0.799014647,4.577650847,16.00393584,24.78005865,29.72053153,34.6610044
PLDV,BEVSales,Falcon Heights,0.016894089,0.019410184,0.02108758,0.466627321,2.487900699,8.852597784,14.72661431,17.66855835,20.6105024
PLDV,BEVSales,Farmington,0.216321514,0.201930376,0.192336284,5.330563582,32.61944336,125.8379243,220.8466945,264.9727691,309.0988437
PLDV,BEVSales,Forest Lake,0.845895181,0.623863443,0.475842285,11.29113632,58.73634956,205.0411446,347.8637227,417.2672882,486.6708538
PLDV,BEVSales,Fort Snelling UT,0.009643727,0.005808865,0.00325229,0.100675845,0.701319585,2.969961171,5.400782014,6.479009672,7.557237329
PLDV,BEVSales,Fridley,0.221264915,0.194578326,0.176787267,3.36371879,16.85613945,59.52186166,99.61212602,119.4902982,139.3684705
PLDV,BEVSales,Gem Lake,0.001595822,0.001960103,0.002202957,0.052415124,0.299025047,1.110270149,1.923931523,2.308398664,2.692865804
PLDV,BEVSales,Golden Valley,0.889828857,0.539656659,0.306208527,5.807054417,32.25992398,125.3413473,211.2633003,253.3379946,295.4126889
PLDV,BEVSales,Grant,0.072194925,0.056006579,0.045214349,1.329908604,7.946243162,29.3464902,50.46483395,60.54336176,70.62188957
PLDV,BEVSales,Greenfield,0.125017343,0.091149574,0.068571062,1.746468459,10.64206009,40.48858983,67.7745194,81.30441981,94.83432022
PLDV,BEVSales,Greenvale Twp.,0.006453568,0.00573282,0.005252321,0.141699147,0.847174374,3.063098973,5.067709742,6.079960977,7.092212212
PLDV,BEVSales,Greenwood,0.037796405,0.025647558,0.017548327,0.399507323,2.200793676,7.694199925,11.91348974,14.2886284,16.66376707
PLDV,BEVSales,Grey Cloud Island Twp.,0.005393242,0.004106228,0.003248218,0.092540213,0.536091724,1.925989692,3.224250426,3.868021863,4.511793299
PLDV,BEVSales,Ham Lake,0.087157881,0.097564269,0.104501861,2.587175534,14.20646837,48.65611953,80.46898189,96.54534669,112.6217115
PLDV,BEVSales,Hamburg,0.008743081,0.006630596,0.005222272,0.155495589,0.987920851,3.893406357,6.973006667,8.365859384,9.758712101
PLDV,BEVSales,Hampton,0.007666685,0.006760298,0.00615604,0.161974361,0.946662631,3.488624971,5.87718254,7.051085711,8.224988882
PLDV,BEVSales,Hampton Twp.,0.012293953,0.010780637,0.00977176,0.261685338,1.554260436,5.875003144,10.12900263,12.15234437,14.1756861
PLDV,BEVSales,Hancock Twp.,0.005480375,0.004281058,0.003481514,0.10601972,0.687249287,2.67671687,4.741644534,5.688877365,6.636110197
PLDV,BEVSales,Hanover,0.108086156,0.080191239,0.061594627,1.452874966,8.282320202,29.80220104,47.45540079,56.92486371,66.39432664
PLDV,BEVSales,Hastings,0.476744093,0.330166456,0.232448031,6.315889095,37.99790999,143.7077853,247.8842023,297.3656939,346.8471856
PLDV,BEVSales,Hastings,0.476744093,0.330166456,0.232448031,6.315889095,37.99790999,143.7077853,247.8842023,297.3656939,346.8471856
PLDV,BEVSales,Helena Twp.,0.003193829,0.003984022,0.004510817,0.143761901,0.936007458,3.628458713,6.71381526,8.055939547,9.398063833
PLDV,BEVSales,Hilltop,0.00383557,0.003586541,0.003420522,0.083620278,0.454041958,1.573336772,2.630133604,3.155393211,3.680652818
PLDV,BEVSales,Hollywood Twp.,0.019042909,0.014630384,0.011688701,0.356525245,2.314378524,9.010616174,15.95595616,19.14333882,22.33072147
PLDV,BEVSales,Hopkins,0.679233225,0.457075548,0.30897043,7.223125288,40.83205867,144.915981,227.7329749,273.1437233,318.5544716
PLDV,BEVSales,Hugo,0.291499063,0.234982535,0.19730485,6.66984077,44.71412885,184.2146911,347.8512523,417.3632029,486.8751536
PLDV,BEVSales,Independence,0.126685628,0.091415449,0.067901997,1.633585445,9.482276754,34.63855528,55.93667086,67.09866791,78.26066496
PLDV,BEVSales,Inver Grove Heights,1.125111409,0.78954495,0.565833978,11.62357722,60.57408681,218.1430307,370.6240038,444.5237823,518.4235608
PLDV,BEVSales,Jackson Twp.,0.003015079,0.003784802,0.00429795,0.13224,0.832860368,3.160213493,5.726112825,6.870732374,8.015351923
PLDV,BEVSales,Jordan,0.015490772,0.020196084,0.023332959,0.803200387,5.583173548,23.66535247,47.37468733,56.84652665,66.31836596
PLDV,BEVSales,Lake Elmo,0.172616273,0.143885334,0.124731374,4.256015382,28.72487885,120.7291117,231.45722,277.7141407,323.9710615
PLDV,BEVSales,Lake St. Croix Beach,0.017178455,0.012616686,0.009575507,0.278485135,1.646207409,5.914246312,9.900889534,11.87763175,13.85437397
PLDV,BEVSales,Lakeland,0.046400869,0.035102037,0.027569482,0.789988444,4.602795915,16.66634611,28.11852628,33.73295136,39.34737644
PLDV,BEVSales,Lakeland Shores,0.007887942,0.006027829,0.004787754,0.142084253,0.856027853,3.193693008,5.544498139,6.651820178,7.759142218
PLDV,BEVSales,Laketown Twp.,0.024742799,0.018153537,0.013760696,0.292223371,1.174951589,2.218779546,0,0,0
PLDV,BEVSales,Lakeville,0.849689062,0.753240097,0.688940787,18.01283228,103.4972162,377.2277633,635.7720678,762.7565435,889.7410193
PLDV,BEVSales,Landfall,0.005888788,0.004430208,0.003457822,0.098511748,0.570685235,2.050272055,3.432308372,4.117592289,4.802876205
PLDV,BEVSales,Lauderdale,0.01111099,0.011904243,0.012433078,0.275297119,1.468737155,5.221797314,8.679408473,10.41306797,12.14672747
PLDV,BEVSales,Lexington,0.008673133,0.009078909,0.009349426,0.224322398,1.197308643,4.1086566,6.807263973,8.166982141,9.526700309
PLDV,BEVSales,Lilydale,0.019501152,0.015719882,0.013199035,0.334423365,1.884739369,6.706105585,10.92099039,13.10128823,15.28158608
PLDV,BEVSales,Lino Lakes,0.070319222,0.078223344,0.083492759,2.01770005,12.18544331,48.99569376,90.56772003,108.6672002,126.7666804
PLDV,BEVSales,Linwood Twp.,0.036851506,0.038696225,0.039926038,0.924455179,4.767440558,15.73336772,25.10582077,30.11961462,35.13340847
PLDV,BEVSales,Little Canada,0.039280443,0.042695144,0.044971612,1.024680697,5.62085543,20.060003,33.46957798,40.15563748,46.84169699
PLDV,BEVSales,Long Lake,0.085323511,0.058528598,0.040665323,0.972667163,5.616425462,19.96285818,31.41666667,37.6829353,43.94920393
PLDV,BEVSales,Loretto,0.03241867,0.022139393,0.015286542,0.354229827,1.985604961,7.061565709,11.11925709,13.33662477,15.55399246
PLDV,BEVSales,Louisville Twp.,0.001557542,0.001922368,0.002165586,0.06658761,0.419107817,1.590266784,2.881465777,3.457447424,4.033429071
PLDV,BEVSales,Mahtomedi,0.10194176,0.078679754,0.06317175,1.814431692,10.59627127,38.39331564,64.81672338,77.75967971,90.70263603
PLDV,BEVSales,Maple Grove,3.789830525,2.497383379,1.635751948,30.50294764,156.2847397,562.0137704,907.3190188,1088.024856,1268.730694
PLDV,BEVSales,Maple Plain,0.069480768,0.048124969,0.033887769,0.820321704,4.787948909,17.77360183,29.1218638,34.93234041,40.74281702
PLDV,BEVSales,Maplewood,1.644960628,1.109019711,0.751725766,14.13452467,74.09259401,269.7789172,432.5301327,518.7071671,604.8842016
PLDV,BEVSales,Marine on St. Croix,0.019748989,0.014682246,0.011304418,0.350948104,2.20043057,8.388372685,14.8513343,17.81765136,20.78396843
PLDV,BEVSales,Marshan Twp.,0.015578892,0.013619008,0.012312418,0.325753297,1.913617409,7.099651686,12.03544969,14.43942385,16.84339801
PLDV,BEVSales,May Twp.,0.059079575,0.045518704,0.036478123,1.125848554,7.023818277,27.02754238,48.24844911,57.88632302,67.52419693
PLDV,BEVSales,Mayer,0.038653538,0.031933931,0.027454193,0.900631387,6.204504127,26.06343643,49.33419026,59.1932976,69.05240495
PLDV,BEVSales,Medicine Lake,0.008403319,0.0057479,0.003977621,0.090554993,0.498846567,1.74401865,2.700391007,3.238788545,3.777186082
PLDV,BEVSales,Medina,0.163279952,0.123835651,0.09753945,2.481273401,15.1047806,58.02356459,97.91796494,117.4689019,137.0198389
PLDV,BEVSales,Mendota,0.004035041,0.00349857,0.003140923,0.088423805,0.548171654,2.127767738,3.753859068,4.503823874,5.25378868
PLDV,BEVSales,Mendota Heights,0.141212377,0.121590765,0.10850969,2.763048992,15.64941656,55.95790826,91.57708416,109.8642585,128.1514329
PLDV,BEVSales,Miesville,0.003706698,0.003157838,0.002791931,0.070739044,0.398670294,1.418511825,2.310067119,2.771339203,3.232611288
PLDV,BEVSales,Minneapolis,16.25951281,9.908815629,5.675017509,93.31595939,468.1426155,1731.57959,2946.493141,3532.539866,4118.586592
PLDV,BEVSales,Minnetonka,3.343686374,2.080982592,1.239180071,24.17744513,126.9962428,448.991195,715.5091296,857.9422182,1000.375307
PLDV,BEVSales,Minnetonka Beach,0.009546759,0.006626436,0.004679554,0.106535286,0.586878314,2.103081313,3.335777126,4.0010232,4.666269273
PLDV,BEVSales,Minnetrista,0.280452366,0.209856337,0.162792318,4.327463327,27.26167143,109.2207068,190.653959,228.7286603,266.8033616
PLDV,BEVSales,Mound,0.545392584,0.367332676,0.248626071,5.835407636,33.1108114,117.5752199,184.8627882,221.7262674,258.5897465
PLDV,BEVSales,Mounds View,0.042841056,0.049221223,0.053474668,1.195163287,6.435539054,22.8949181,38.07919268,45.68646301,53.29373333
PLDV,BEVSales,New Brighton,1.066530786,0.658626808,0.386690823,6.577057613,32.50904039,113.9284159,179.5545586,215.2521641,250.9497697
PLDV,BEVSales,New Germany,0.007221348,0.005674279,0.004642899,0.159741831,1.139602799,4.782281914,9.044601547,10.85207759,12.65955363
PLDV,BEVSales,New Hope,1.072746666,0.651790013,0.371152245,6.920460144,36.66814051,135.4887324,222.3945139,266.6588673,310.9232208
PLDV,BEVSales,New Market Twp.,0.008095022,0.00996059,0.011204302,0.340781786,2.121959314,8.051583093,14.58897423,17.50515007,20.42132591
PLDV,BEVSales,New Prague,0.016779521,0.019959104,0.022078826,0.744586484,5.090850266,20.90455384,40.75473158,48.902322,57.04991241
PLDV,BEVSales,New Trier,0.001418546,0.001277731,0.001183854,0.029995252,0.169046898,0.601487064,0.979530423,1.175152799,1.370775174
PLDV,BEVSales,Newport,0.058076875,0.044146394,0.034859407,1.094129936,6.923478016,26.63776539,47.54690037,57.04466507,66.54242976
PLDV,BEVSales,Nininger Twp.,0.016327548,0.013730214,0.011998658,0.311609699,1.7989997,6.417077306,10.47642939,12.56844976,14.66047013
PLDV,BEVSales,North Oaks,0.01683735,0.020181634,0.022411156,0.513137101,2.827736857,10.23778122,17.32362913,20.78498749,24.24634584
PLDV,BEVSales,North St. Paul,0.049144662,0.057232777,0.062624853,1.41379773,7.687415972,27.86661112,47.21014557,56.64234576,66.07454594
PLDV,BEVSales,Northfield,0.152262021,0.144767448,0.139771066,3.659684439,21.2919837,77.88693806,130.305111,156.3356808,182.3662506
PLDV,BEVSales,Norwood Young America,0.078946596,0.063415658,0.053061699,1.956986255,14.62068183,63.13523038,122.1608521,146.5772332,170.9936143
PLDV,BEVSales,Nowthen,0.03001533,0.033911152,0.036508367,0.913925625,5.067108251,17.80118177,30.12698492,36.14637884,42.16577275
PLDV,BEVSales,Oak Grove,0.053042855,0.059281408,0.063440443,1.587295686,8.796539041,31.05928157,52.79947229,63.34875817,73.89804406
PLDV,BEVSales,Oak Park Heights,0.085523042,0.064289989,0.050134621,1.499760179,9.102115935,33.93087598,58.86220269,70.61753862,82.37287455
PLDV,BEVSales,Oakdale,0.962748206,0.689009966,0.506517806,12.37238759,61.03392982,192.0857191,299.004025,358.6122804,418.2205357
PLDV,BEVSales,Orono,0.262173147,0.185757218,0.134813266,3.240323999,18.79301736,68.85077861,111.4816716,133.7255713,155.9694709
PLDV,BEVSales,Osseo,0.097028349,0.06618673,0.04562565,1.078669773,6.162222293,22.31317978,35.74046921,42.86915739,49.99784556
PLDV,BEVSales,Pine Springs,0.003933399,0.003069533,0.002493622,0.071042126,0.411551852,1.478561578,2.475222383,2.96948018,3.463737977
PLDV,BEVSales,Plymouth,4.707932349,2.934748403,1.752625773,31.79900652,159.4323464,553.8415182,870.6145176,1043.795835,1216.977152
PLDV,BEVSales,Prior Lake,0.271511388,0.244915198,0.227184404,4.329430239,21.07501488,73.49264728,133.7343024,160.4268605,187.1194187
PLDV,BEVSales,Ramsey,0.19253488,0.194875761,0.196436348,4.336173056,22.99788913,81.20252124,139.1494052,166.9407792,194.7321533
PLDV,BEVSales,Randolph,0.005572199,0.004741618,0.004187897,0.106108566,0.59800544,2.127767738,3.465100679,4.157006375,4.84891207
PLDV,BEVSales,Randolph Twp.,0.007982982,0.006948341,0.00625858,0.161815563,0.930230685,3.309860926,5.390156611,6.466591337,7.543026063
PLDV,BEVSales,Ravenna Twp.,0.023445705,0.021104394,0.01954352,0.518752989,3.056472251,11.34218414,19.23130877,23.07288138,26.91445399
PLDV,BEVSales,Richfield,3.93224745,2.243427435,1.117547425,15.66824823,69.45474879,235.1873431,368.1338284,440.9741446,513.8144608
PLDV,BEVSales,Robbinsdale,0.452878325,0.310069072,0.214862903,5.007673073,28.22556435,100.1823084,157.4465265,188.8452562,220.2439858
PLDV,BEVSales,Rockford,0.150168913,0.106976973,0.078182346,1.887065444,10.98570994,40.09305096,64.68936679,77.59720637,90.50504595
PLDV,BEVSales,Rogers,0.528176416,0.398377847,0.311845467,8.307621621,52.41997098,207.9280588,360.1368524,432.0585876,503.9803228
PLDV,BEVSales,Rosemount,0.409736613,0.326476629,0.270969973,6.617115659,38.07171441,143.3699571,251.4827874,301.6973976,351.9120078
PLDV,BEVSales,Roseville,1.48329394,0.901035985,0.512864015,8.988499088,46.91665279,174.2165884,284.1527499,340.686641,397.2205322
PLDV,BEVSales,San Francisco Twp.,0.019635304,0.015331632,0.012462517,0.370357962,2.348847991,9.205892685,16.40361826,19.68041485,22.95721144
PLDV,BEVSales,Sand Creek Twp.,0.004346889,0.004988384,0.005416047,0.164515135,1.023052928,3.881881997,7.033731845,8.439608837,9.845485828
PLDV,BEVSales,Savage,0.185649607,0.205085317,0.218042457,4.911939316,25.10612254,85.23134238,149.0778648,178.8563078,208.6347508
PLDV,BEVSales,Scandia,0.079591223,0.061680154,0.049739441,1.504160731,9.2183225,34.77497975,60.98947953,73.17145719,85.35343485
PLDV,BEVSales,Sciota Twp.,0.002151952,0.001970574,0.001849655,0.04848572,0.282391458,1.063883869,1.828803136,2.194133373,2.55946361
PLDV,BEVSales,Shakopee,0.247382446,0.28670956,0.312927636,7.661133606,37.78362739,119.1637933,199.060436,238.8230467,278.5856574
PLDV,BEVSales,Shoreview,1.215398995,0.764682218,0.464204367,8.458361466,43.21634709,150.538402,235.1901899,281.9851481,328.7801063
PLDV,BEVSales,Shorewood,0.257473447,0.181577805,0.130980711,3.040517069,17.07229014,60.60977754,95.27614859,114.2798836,133.2836187
PLDV,BEVSales,South St. Paul,0.817942837,0.531826101,0.341081611,5.795243758,26.17175071,84.66102987,133.6766407,160.2483803,186.8201199
PLDV,BEVSales,Spring Lake Park,0.054043715,0.041326531,0.032848409,0.776480295,4.086377622,13.93302093,22.94672018,27.52525547,32.10379077
PLDV,BEVSales,Spring Lake Park,0.054043715,0.041326531,0.032848409,0.776480295,4.086377622,13.93302093,22.94672018,27.52525547,32.10379077
PLDV,BEVSales,Spring Lake Twp.,0.008857701,0.010772938,0.012049763,0.38742392,2.542587424,9.774398094,17.94032609,21.52661977,25.11291345
PLDV,BEVSales,Spring Park,0.079875494,0.05216587,0.033692788,0.799014647,4.577650847,16.46558784,26.20967742,31.43563781,36.66159819
PLDV,BEVSales,St. Anthony,0.514756781,0.311192673,0.175483268,4.04263363,22.53193526,79.69908756,124.8363532,149.7006725,174.5649917
PLDV,BEVSales,St. Anthony,0.514756781,0.311192673,0.175483268,4.04263363,22.53193526,79.69908756,124.8363532,149.7006725,174.5649917
PLDV,BEVSales,St. Bonifacius,0.088153485,0.060706468,0.042408456,0.971024744,5.379717875,19.01108565,29.75063132,35.68312688,41.61562245
PLDV,BEVSales,St. Francis,0.054212125,0.06057732,0.064820784,1.743548808,10.24364061,37.92228607,67.08155757,80.48702666,93.89249575
PLDV,BEVSales,St. Lawrence Twp.,0.001022261,0.001299256,0.001483919,0.051736328,0.363226775,1.537257892,3.073563495,3.688071742,4.302579989
PLDV,BEVSales,St. Louis Park,3.535276775,2.058282706,1.073619993,18.43729192,92.89117123,330.0321289,531.9848276,637.6747378,743.3646479
PLDV,BEVSales,St. Marys Point,0.005417006,0.004081904,0.003191836,0.090933922,0.526786371,1.89255882,3.168284651,3.80085818,4.433431709
PLDV,BEVSales,St. Paul,8.39,5.48,3.54,59.77,301.29,"1,096.20","1,821.00","2,183.52","2,546.04"
PLDV,BEVSales,St. Paul Park,0.08827725,0.06972288,0.0573533,1.814415905,11.55637601,45.1626634,81.70709088,98.0308536,114.3546163
PLDV,BEVSales,Stillwater,0.313804782,0.244125007,0.197671823,5.83201209,34.94636624,129.7355137,224.1937117,268.969693,313.7456744
PLDV,BEVSales,Stillwater Twp.,0.040800672,0.031736836,0.025694278,0.77180166,4.701568359,17.55348305,30.49473976,36.58552758,42.6763154
PLDV,BEVSales,Sunfish Lake,0.010704755,0.009586572,0.008841116,0.229901893,1.328900979,4.84658207,8.085234917,9.700140949,11.31504698
PLDV,BEVSales,Tonka Bay,0.045226968,0.031357322,0.022110892,0.515364447,2.905047653,10.3102279,16.20234604,19.43376986,22.66519367
PLDV,BEVSales,Vadnais Heights,0.052302367,0.060683446,0.066270832,1.518235325,8.37097556,30.27188405,51.16647156,61.3893054,71.61213924
PLDV,BEVSales,Vermillion,0.004891564,0.004190171,0.003722575,0.094318725,0.531560391,1.95045376,3.272595085,3.92613579,4.579676494
PLDV,BEVSales,Vermillion Twp.,0.01636551,0.014415961,0.013116261,0.343010677,1.993351468,7.306813518,12.24816837,14.69452894,17.14088952
PLDV,BEVSales,Victoria,0.107204499,0.092059871,0.081963452,2.685326734,18.48108632,78.44602854,149.7418294,179.6687544,209.5956793
PLDV,BEVSales,Waconia,0.201664293,0.166908432,0.143737858,5.0684483,36.77623347,151.9110353,283.5629413,340.2351967,396.9074521
PLDV,BEVSales,Waconia Twp.,0.021258181,0.016944795,0.014069205,0.428846044,2.782213611,10.87311572,19.32255785,23.18281779,27.04307772
PLDV,BEVSales,Waterford Twp.,0.004637733,0.003949042,0.003489914,0.0906344,0.52325476,1.861796771,3.031963094,3.637428166,4.242893238
PLDV,BEVSales,Watertown,0.074096792,0.059237196,0.049330798,1.623463171,11.21137013,45.73057081,84.45054096,101.3258298,118.2011186
PLDV,BEVSales,Watertown Twp.,0.021614206,0.016278974,0.012722153,0.364910245,2.237789477,8.477092847,14.61867985,17.53809298,20.45750611
PLDV,BEVSales,Wayzata,0.168834642,0.11403877,0.077508189,1.853293447,10.69817389,38.14703331,60.21955549,72.22969966,84.23984383
PLDV,BEVSales,West Lakeland Twp.,0.066329729,0.053952663,0.045701285,1.339208664,7.973630067,28.84001565,48.6043668,58.31197422,68.01958163
PLDV,BEVSales,West St. Paul,0.708772821,0.447699016,0.273649812,4.312673016,19.33502663,66.68567634,109.8224309,131.6451625,153.4678941
PLDV,BEVSales,White Bear Lake,0.587660942,0.406197286,0.285221516,6.606157077,39.3814388,151.2490554,247.7238033,297.1510318,346.5782602
PLDV,BEVSales,White Bear Lake,0.587660942,0.406197286,0.285221516,6.606157077,39.3814388,151.2490554,247.7238033,297.1510318,346.5782602
PLDV,BEVSales,White Bear Twp.,0.045605823,0.05373778,0.059159084,1.334991648,7.255964917,26.1453941,44.03741833,52.83578083,61.63414333
PLDV,BEVSales,Willernie,0.005387611,0.00399035,0.003058843,0.087145008,0.504836939,1.813702202,3.03627279,3.642449826,4.248626862
PLDV,BEVSales,Woodbury,2.348650253,1.613667875,1.123679623,23.94055465,121.0923719,420.6933937,713.2173803,855.3911263,997.5648723
PLDV,BEVSales,Woodland,0.017278712,0.012054677,0.008571987,0.195150898,1.075041276,3.758454324,5.819488374,6.979930307,8.14037224
PLDV,BEVSales,Young America Twp.,3.357728283,1.347458167,0.00727809,0.212633276,1.290629084,5.016254097,9.313556785,10.50472249,11.69588819
PLDV,SIMPG,All,26.67740137,26.91749798,27.07756239,27.48372582,27.89598171,28.31442143,28.73913776,29.17022482,29.60777819
PLDV,CIMPG,All,31.66391501,31.75890675,31.82223458,31.98134576,32.14125249,32.30195875,32.46346854,32.62578588,32.78891481
PLDV,HEVMPG,All,46.805269,53.087266,59.369263,65.65126,65.95575,65.635025,65.271286,64.82383,64.329369
PLDV,PHEVMPG,All,41.13017666,46.5811362,52.04229938,57.40726732,57.53146874,57.11069469,56.654309,56.12733916,55.56202279
PLDV,PHEVElec,All,3.120653951,3.120653951,3.120653951,3.120653951,3.120653951,3.120653951,3.120653951,3.120653951,3.120653951
PLDV,BEVElec,All,3.579,3.579,3.579,3.579,3.579,3.579,3.579,3.579,3.579
PLDV,AVO,Andover,1.290452824,1.290452824,1.290452824,1.290452824,1.290452824,1.290452824,1.290452824,1.290452824,1.290452824
PLDV,AVO,Anoka,1.15868706,1.15868706,1.15868706,1.15868706,1.15868706,1.15868706,1.15868706,1.15868706,1.15868706
PLDV,AVO,Bethel,1.234475721,1.234475721,1.234475721,1.234475721,1.234475721,1.234475721,1.234475721,1.234475721,1.234475721
PLDV,AVO,Blaine,1.282645995,1.282645995,1.282645995,1.282645995,1.282645995,1.282645995,1.282645995,1.282645995,1.282645995
PLDV,AVO,Centerville,1.349978827,1.349978827,1.349978827,1.349978827,1.349978827,1.349978827,1.349978827,1.349978827,1.349978827
PLDV,AVO,Circle Pines,1.080452672,1.080452672,1.080452672,1.080452672,1.080452672,1.080452672,1.080452672,1.080452672,1.080452672
PLDV,AVO,Columbia Heights,1.346404458,1.346404458,1.346404458,1.346404458,1.346404458,1.346404458,1.346404458,1.346404458,1.346404458
PLDV,AVO,Columbus,1.363474439,1.363474439,1.363474439,1.363474439,1.363474439,1.363474439,1.363474439,1.363474439,1.363474439
PLDV,AVO,Coon Rapids,1.401718426,1.401718426,1.401718426,1.401718426,1.401718426,1.401718426,1.401718426,1.401718426,1.401718426
PLDV,AVO,East Bethel,1.303541877,1.303541877,1.303541877,1.303541877,1.303541877,1.303541877,1.303541877,1.303541877,1.303541877
PLDV,AVO,Fridley,1.148713908,1.148713908,1.148713908,1.148713908,1.148713908,1.148713908,1.148713908,1.148713908,1.148713908
PLDV,AVO,Ham Lake,1.264342537,1.264342537,1.264342537,1.264342537,1.264342537,1.264342537,1.264342537,1.264342537,1.264342537
PLDV,AVO,Hilltop,1.894817948,1.894817948,1.894817948,1.894817948,1.894817948,1.894817948,1.894817948,1.894817948,1.894817948
PLDV,AVO,Lexington,1.060629552,1.060629552,1.060629552,1.060629552,1.060629552,1.060629552,1.060629552,1.060629552,1.060629552
PLDV,AVO,Lino Lakes,1.187206741,1.187206741,1.187206741,1.187206741,1.187206741,1.187206741,1.187206741,1.187206741,1.187206741
PLDV,AVO,Linwood Twp.,1.189181043,1.189181043,1.189181043,1.189181043,1.189181043,1.189181043,1.189181043,1.189181043,1.189181043
PLDV,AVO,Nowthen,0.945991294,0.945991294,0.945991294,0.945991294,0.945991294,0.945991294,0.945991294,0.945991294,0.945991294
PLDV,AVO,Oak Grove,1.212672231,1.212672231,1.212672231,1.212672231,1.212672231,1.212672231,1.212672231,1.212672231,1.212672231
PLDV,AVO,Ramsey,1.179549198,1.179549198,1.179549198,1.179549198,1.179549198,1.179549198,1.179549198,1.179549198,1.179549198
PLDV,AVO,St. Francis,1.538150988,1.538150988,1.538150988,1.538150988,1.538150988,1.538150988,1.538150988,1.538150988,1.538150988
PLDV,AVO,Spring Lake Park,1.153193585,1.153193585,1.153193585,1.153193585,1.153193585,1.153193585,1.153193585,1.153193585,1.153193585
PLDV,AVO,Benton Twp.,2.253169334,2.253169334,2.253169334,2.253169334,2.253169334,2.253169334,2.253169334,2.253169334,2.253169334
PLDV,AVO,Camden Twp.,1.926332591,1.926332591,1.926332591,1.926332591,1.926332591,1.926332591,1.926332591,1.926332591,1.926332591
PLDV,AVO,Carver,1.404697061,1.404697061,1.404697061,1.404697061,1.404697061,1.404697061,1.404697061,1.404697061,1.404697061
PLDV,AVO,Chanhassen,1.272244931,1.272244931,1.272244931,1.272244931,1.272244931,1.272244931,1.272244931,1.272244931,1.272244931
PLDV,AVO,Chaska,1.461212587,1.461212587,1.461212587,1.461212587,1.461212587,1.461212587,1.461212587,1.461212587,1.461212587
PLDV,AVO,Cologne,2.253169334,2.253169334,2.253169334,2.253169334,2.253169334,2.253169334,2.253169334,2.253169334,2.253169334
PLDV,AVO,Dahlgren Twp.,1.391265475,1.391265475,1.391265475,1.391265475,1.391265475,1.391265475,1.391265475,1.391265475,1.391265475
PLDV,AVO,Hamburg,1.234475721,1.234475721,1.234475721,1.234475721,1.234475721,1.234475721,1.234475721,1.234475721,1.234475721
PLDV,AVO,Hancock Twp.,1.234475721,1.234475721,1.234475721,1.234475721,1.234475721,1.234475721,1.234475721,1.234475721,1.234475721
PLDV,AVO,Hollywood Twp.,2.529051656,2.529051656,2.529051656,2.529051656,2.529051656,2.529051656,2.529051656,2.529051656,2.529051656
PLDV,AVO,Laketown Twp.,1.739668423,1.739668423,1.739668423,1.739668423,1.739668423,1.739668423,1.739668423,1.739668423,1.739668423
PLDV,AVO,Mayer,1.893105902,1.893105902,1.893105902,1.893105902,1.893105902,1.893105902,1.893105902,1.893105902,1.893105902
PLDV,AVO,New Germany,1.461566633,1.461566633,1.461566633,1.461566633,1.461566633,1.461566633,1.461566633,1.461566633,1.461566633
PLDV,AVO,Norwood Young America,1.248007439,1.248007439,1.248007439,1.248007439,1.248007439,1.248007439,1.248007439,1.248007439,1.248007439
PLDV,AVO,San Francisco Twp.,2.065667486,2.065667486,2.065667486,2.065667486,2.065667486,2.065667486,2.065667486,2.065667486,2.065667486
PLDV,AVO,Victoria,1.291865905,1.291865905,1.291865905,1.291865905,1.291865905,1.291865905,1.291865905,1.291865905,1.291865905
PLDV,AVO,Waconia,1.491597541,1.491597541,1.491597541,1.491597541,1.491597541,1.491597541,1.491597541,1.491597541,1.491597541
PLDV,AVO,Waconia Twp.,1.445002523,1.445002523,1.445002523,1.445002523,1.445002523,1.445002523,1.445002523,1.445002523,1.445002523
PLDV,AVO,Watertown,1.550985726,1.550985726,1.550985726,1.550985726,1.550985726,1.550985726,1.550985726,1.550985726,1.550985726
PLDV,AVO,Watertown Twp.,1.550985726,1.550985726,1.550985726,1.550985726,1.550985726,1.550985726,1.550985726,1.550985726,1.550985726
PLDV,AVO,Young America Twp.,1.497543658,1.497543658,1.497543658,1.497543658,1.497543658,1.497543658,1.497543658,1.497543658,1.497543658
PLDV,AVO,Apple Valley,1.402243304,1.402243304,1.402243304,1.402243304,1.402243304,1.402243304,1.402243304,1.402243304,1.402243304
PLDV,AVO,Burnsville,1.275298661,1.275298661,1.275298661,1.275298661,1.275298661,1.275298661,1.275298661,1.275298661,1.275298661
PLDV,AVO,Castle Rock Twp.,0.879358319,0.879358319,0.879358319,0.879358319,0.879358319,0.879358319,0.879358319,0.879358319,0.879358319
PLDV,AVO,Coates,1.234475721,1.234475721,1.234475721,1.234475721,1.234475721,1.234475721,1.234475721,1.234475721,1.234475721
PLDV,AVO,Douglas Twp.,0.803480999,0.803480999,0.803480999,0.803480999,0.803480999,0.803480999,0.803480999,0.803480999,0.803480999
PLDV,AVO,Eagan,1.38362626,1.38362626,1.38362626,1.38362626,1.38362626,1.38362626,1.38362626,1.38362626,1.38362626
PLDV,AVO,Empire Twp.,1.458056482,1.458056482,1.458056482,1.458056482,1.458056482,1.458056482,1.458056482,1.458056482,1.458056482
PLDV,AVO,Eureka Twp.,1.090933253,1.090933253,1.090933253,1.090933253,1.090933253,1.090933253,1.090933253,1.090933253,1.090933253
PLDV,AVO,Farmington,1.355915861,1.355915861,1.355915861,1.355915861,1.355915861,1.355915861,1.355915861,1.355915861,1.355915861
PLDV,AVO,Greenvale Twp.,1.172868325,1.172868325,1.172868325,1.172868325,1.172868325,1.172868325,1.172868325,1.172868325,1.172868325
PLDV,AVO,Hampton,1.234475721,1.234475721,1.234475721,1.234475721,1.234475721,1.234475721,1.234475721,1.234475721,1.234475721
PLDV,AVO,Hampton Twp.,1.449129815,1.449129815,1.449129815,1.449129815,1.449129815,1.449129815,1.449129815,1.449129815,1.449129815
PLDV,AVO,Hastings,1.112517023,1.112517023,1.112517023,1.112517023,1.112517023,1.112517023,1.112517023,1.112517023,1.112517023
PLDV,AVO,Inver Grove Heights,1.326039665,1.326039665,1.326039665,1.326039665,1.326039665,1.326039665,1.326039665,1.326039665,1.326039665
PLDV,AVO,Lakeville,1.350165322,1.350165322,1.350165322,1.350165322,1.350165322,1.350165322,1.350165322,1.350165322,1.350165322
PLDV,AVO,Lilydale,1.190489373,1.190489373,1.190489373,1.190489373,1.190489373,1.190489373,1.190489373,1.190489373,1.190489373
PLDV,AVO,Marshan Twp.,1.09926876,1.09926876,1.09926876,1.09926876,1.09926876,1.09926876,1.09926876,1.09926876,1.09926876
PLDV,AVO,Mendota,1.10978889,1.10978889,1.10978889,1.10978889,1.10978889,1.10978889,1.10978889,1.10978889,1.10978889
PLDV,AVO,Mendota Heights,1.286987264,1.286987264,1.286987264,1.286987264,1.286987264,1.286987264,1.286987264,1.286987264,1.286987264
PLDV,AVO,Miesville,0.803480999,0.803480999,0.803480999,0.803480999,0.803480999,0.803480999,0.803480999,0.803480999,0.803480999
PLDV,AVO,New Trier,1.234475721,1.234475721,1.234475721,1.234475721,1.234475721,1.234475721,1.234475721,1.234475721,1.234475721
PLDV,AVO,Nininger Twp.,1.238517596,1.238517596,1.238517596,1.238517596,1.238517596,1.238517596,1.238517596,1.238517596,1.238517596
PLDV,AVO,Northfield,1.120665187,1.120665187,1.120665187,1.120665187,1.120665187,1.120665187,1.120665187,1.120665187,1.120665187
PLDV,AVO,Randolph,2.593495268,2.593495268,2.593495268,2.593495268,2.593495268,2.593495268,2.593495268,2.593495268,2.593495268
PLDV,AVO,Randolph Twp.,2.593495268,2.593495268,2.593495268,2.593495268,2.593495268,2.593495268,2.593495268,2.593495268,2.593495268
PLDV,AVO,Ravenna Twp.,1.060842744,1.060842744,1.060842744,1.060842744,1.060842744,1.060842744,1.060842744,1.060842744,1.060842744
PLDV,AVO,Rosemount,1.521712025,1.521712025,1.521712025,1.521712025,1.521712025,1.521712025,1.521712025,1.521712025,1.521712025
PLDV,AVO,Sciota Twp.,0.872746603,0.872746603,0.872746603,0.872746603,0.872746603,0.872746603,0.872746603,0.872746603,0.872746603
PLDV,AVO,South St. Paul,1.350027484,1.350027484,1.350027484,1.350027484,1.350027484,1.350027484,1.350027484,1.350027484,1.350027484
PLDV,AVO,Sunfish Lake,0.678802913,0.678802913,0.678802913,0.678802913,0.678802913,0.678802913,0.678802913,0.678802913,0.678802913
PLDV,AVO,Vermillion,0.678802913,0.678802913,0.678802913,0.678802913,0.678802913,0.678802913,0.678802913,0.678802913,0.678802913
PLDV,AVO,Vermillion Twp.,1.424010459,1.424010459,1.424010459,1.424010459,1.424010459,1.424010459,1.424010459,1.424010459,1.424010459
PLDV,AVO,Waterford Twp.,0.948327599,0.948327599,0.948327599,0.948327599,0.948327599,0.948327599,0.948327599,0.948327599,0.948327599
PLDV,AVO,West St. Paul,1.508265605,1.508265605,1.508265605,1.508265605,1.508265605,1.508265605,1.508265605,1.508265605,1.508265605
PLDV,AVO,Bloomington,1.188294526,1.188294526,1.188294526,1.188294526,1.188294526,1.188294526,1.188294526,1.188294526,1.188294526
PLDV,AVO,Brooklyn Center,1.40356644,1.40356644,1.40356644,1.40356644,1.40356644,1.40356644,1.40356644,1.40356644,1.40356644
PLDV,AVO,Brooklyn Park,1.373647885,1.373647885,1.373647885,1.373647885,1.373647885,1.373647885,1.373647885,1.373647885,1.373647885
PLDV,AVO,Champlin,1.150524626,1.150524626,1.150524626,1.150524626,1.150524626,1.150524626,1.150524626,1.150524626,1.150524626
PLDV,AVO,Chanhassen,1.272244931,1.272244931,1.272244931,1.272244931,1.272244931,1.272244931,1.272244931,1.272244931,1.272244931
PLDV,AVO,Corcoran,1.648861017,1.648861017,1.648861017,1.648861017,1.648861017,1.648861017,1.648861017,1.648861017,1.648861017
PLDV,AVO,Crystal,1.264427333,1.264427333,1.264427333,1.264427333,1.264427333,1.264427333,1.264427333,1.264427333,1.264427333
PLDV,AVO,Dayton,1.513593364,1.513593364,1.513593364,1.513593364,1.513593364,1.513593364,1.513593364,1.513593364,1.513593364
PLDV,AVO,Deephaven,1.180129054,1.180129054,1.180129054,1.180129054,1.180129054,1.180129054,1.180129054,1.180129054,1.180129054
PLDV,AVO,Eden Prairie,1.183776127,1.183776127,1.183776127,1.183776127,1.183776127,1.183776127,1.183776127,1.183776127,1.183776127
PLDV,AVO,Edina,1.269766052,1.269766052,1.269766052,1.269766052,1.269766052,1.269766052,1.269766052,1.269766052,1.269766052
PLDV,AVO,Excelsior,0.997941596,0.997941596,0.997941596,0.997941596,0.997941596,0.997941596,0.997941596,0.997941596,0.997941596
PLDV,AVO,Fort Snelling UT,0.678802913,0.678802913,0.678802913,0.678802913,0.678802913,0.678802913,0.678802913,0.678802913,0.678802913
PLDV,AVO,Golden Valley,1.307877368,1.307877368,1.307877368,1.307877368,1.307877368,1.307877368,1.307877368,1.307877368,1.307877368
PLDV,AVO,Greenfield,2.011360662,2.011360662,2.011360662,2.011360662,2.011360662,2.011360662,2.011360662,2.011360662,2.011360662
PLDV,AVO,Greenwood,1.064486387,1.064486387,1.064486387,1.064486387,1.064486387,1.064486387,1.064486387,1.064486387,1.064486387
PLDV,AVO,Hanover,1.469307572,1.469307572,1.469307572,1.469307572,1.469307572,1.469307572,1.469307572,1.469307572,1.469307572
PLDV,AVO,Hopkins,1.266974192,1.266974192,1.266974192,1.266974192,1.266974192,1.266974192,1.266974192,1.266974192,1.266974192
PLDV,AVO,Independence,1.240966453,1.240966453,1.240966453,1.240966453,1.240966453,1.240966453,1.240966453,1.240966453,1.240966453
PLDV,AVO,Long Lake,1.259577068,1.259577068,1.259577068,1.259577068,1.259577068,1.259577068,1.259577068,1.259577068,1.259577068
PLDV,AVO,Loretto,1.19921848,1.19921848,1.19921848,1.19921848,1.19921848,1.19921848,1.19921848,1.19921848,1.19921848
PLDV,AVO,Maple Grove,1.23993958,1.23993958,1.23993958,1.23993958,1.23993958,1.23993958,1.23993958,1.23993958,1.23993958
PLDV,AVO,Maple Plain,1.312477655,1.312477655,1.312477655,1.312477655,1.312477655,1.312477655,1.312477655,1.312477655,1.312477655
PLDV,AVO,Medicine Lake,0.820220187,0.820220187,0.820220187,0.820220187,0.820220187,0.820220187,0.820220187,0.820220187,0.820220187
PLDV,AVO,Medina,1.197549517,1.197549517,1.197549517,1.197549517,1.197549517,1.197549517,1.197549517,1.197549517,1.197549517
PLDV,AVO,Minneapolis,1.192802181,1.192802181,1.192802181,1.192802181,1.192802181,1.192802181,1.192802181,1.192802181,1.192802181
PLDV,AVO,Minnetonka,1.279891476,1.279891476,1.279891476,1.279891476,1.279891476,1.279891476,1.279891476,1.279891476,1.279891476
PLDV,AVO,Minnetonka Beach,0.678802913,0.678802913,0.678802913,0.678802913,0.678802913,0.678802913,0.678802913,0.678802913,0.678802913
PLDV,AVO,Minnetrista,1.318194809,1.318194809,1.318194809,1.318194809,1.318194809,1.318194809,1.318194809,1.318194809,1.318194809
PLDV,AVO,Mound,1.13358588,1.13358588,1.13358588,1.13358588,1.13358588,1.13358588,1.13358588,1.13358588,1.13358588
PLDV,AVO,New Hope,1.278638526,1.278638526,1.278638526,1.278638526,1.278638526,1.278638526,1.278638526,1.278638526,1.278638526
PLDV,AVO,Orono,1.190322487,1.190322487,1.190322487,1.190322487,1.190322487,1.190322487,1.190322487,1.190322487,1.190322487
PLDV,AVO,Osseo,1.210422023,1.210422023,1.210422023,1.210422023,1.210422023,1.210422023,1.210422023,1.210422023,1.210422023
PLDV,AVO,Plymouth,1.181715943,1.181715943,1.181715943,1.181715943,1.181715943,1.181715943,1.181715943,1.181715943,1.181715943
PLDV,AVO,Richfield,1.188629283,1.188629283,1.188629283,1.188629283,1.188629283,1.188629283,1.188629283,1.188629283,1.188629283
PLDV,AVO,Robbinsdale,1.204997937,1.204997937,1.204997937,1.204997937,1.204997937,1.204997937,1.204997937,1.204997937,1.204997937
PLDV,AVO,Rockford,0.932421584,0.932421584,0.932421584,0.932421584,0.932421584,0.932421584,0.932421584,0.932421584,0.932421584
PLDV,AVO,Rogers,1.303388341,1.303388341,1.303388341,1.303388341,1.303388341,1.303388341,1.303388341,1.303388341,1.303388341
PLDV,AVO,St. Anthony,1.643752253,1.643752253,1.643752253,1.643752253,1.643752253,1.643752253,1.643752253,1.643752253,1.643752253
PLDV,AVO,St. Bonifacius,1.495759624,1.495759624,1.495759624,1.495759624,1.495759624,1.495759624,1.495759624,1.495759624,1.495759624
PLDV,AVO,St. Louis Park,1.147212335,1.147212335,1.147212335,1.147212335,1.147212335,1.147212335,1.147212335,1.147212335,1.147212335
PLDV,AVO,Shorewood,1.156340138,1.156340138,1.156340138,1.156340138,1.156340138,1.156340138,1.156340138,1.156340138,1.156340138
PLDV,AVO,Spring Park,1.11591085,1.11591085,1.11591085,1.11591085,1.11591085,1.11591085,1.11591085,1.11591085,1.11591085
PLDV,AVO,Tonka Bay,0.972950842,0.972950842,0.972950842,0.972950842,0.972950842,0.972950842,0.972950842,0.972950842,0.972950842
PLDV,AVO,Wayzata,1.069750548,1.069750548,1.069750548,1.069750548,1.069750548,1.069750548,1.069750548,1.069750548,1.069750548
PLDV,AVO,Woodland,1.234475721,1.234475721,1.234475721,1.234475721,1.234475721,1.234475721,1.234475721,1.234475721,1.234475721
PLDV,AVO,Arden Hills,1.380262206,1.380262206,1.380262206,1.380262206,1.380262206,1.380262206,1.380262206,1.380262206,1.380262206
PLDV,AVO,Blaine,1.282645995,1.282645995,1.282645995,1.282645995,1.282645995,1.282645995,1.282645995,1.282645995,1.282645995
PLDV,AVO,Falcon Heights,1.293133365,1.293133365,1.293133365,1.293133365,1.293133365,1.293133365,1.293133365,1.293133365,1.293133365
PLDV,AVO,Gem Lake,1.480927051,1.480927051,1.480927051,1.480927051,1.480927051,1.480927051,1.480927051,1.480927051,1.480927051
PLDV,AVO,Lauderdale,1.228874151,1.228874151,1.228874151,1.228874151,1.228874151,1.228874151,1.228874151,1.228874151,1.228874151
PLDV,AVO,Little Canada,1.264280396,1.264280396,1.264280396,1.264280396,1.264280396,1.264280396,1.264280396,1.264280396,1.264280396
PLDV,AVO,Maplewood,1.267544089,1.267544089,1.267544089,1.267544089,1.267544089,1.267544089,1.267544089,1.267544089,1.267544089
PLDV,AVO,Mounds View,1.230135966,1.230135966,1.230135966,1.230135966,1.230135966,1.230135966,1.230135966,1.230135966,1.230135966
PLDV,AVO,New Brighton,1.374799416,1.374799416,1.374799416,1.374799416,1.374799416,1.374799416,1.374799416,1.374799416,1.374799416
PLDV,AVO,North Oaks,0.977571801,0.977571801,0.977571801,0.977571801,0.977571801,0.977571801,0.977571801,0.977571801,0.977571801
PLDV,AVO,North St. Paul,1.3927421,1.3927421,1.3927421,1.3927421,1.3927421,1.3927421,1.3927421,1.3927421,1.3927421
PLDV,AVO,Roseville,1.185862404,1.185862404,1.185862404,1.185862404,1.185862404,1.185862404,1.185862404,1.185862404,1.185862404
PLDV,AVO,St. Anthony,1.643752253,1.643752253,1.643752253,1.643752253,1.643752253,1.643752253,1.643752253,1.643752253,1.643752253
PLDV,AVO,St. Paul,1.23679344,1.23679344,1.23679344,1.23679344,1.23679344,1.23679344,1.23679344,1.23679344,1.23679344
PLDV,AVO,Shoreview,1.455280366,1.455280366,1.455280366,1.455280366,1.455280366,1.455280366,1.455280366,1.455280366,1.455280366
PLDV,AVO,Spring Lake Park,1.153193585,1.153193585,1.153193585,1.153193585,1.153193585,1.153193585,1.153193585,1.153193585,1.153193585
PLDV,AVO,Vadnais Heights,1.360098371,1.360098371,1.360098371,1.360098371,1.360098371,1.360098371,1.360098371,1.360098371,1.360098371
PLDV,AVO,White Bear Twp.,1.332226676,1.332226676,1.332226676,1.332226676,1.332226676,1.332226676,1.332226676,1.332226676,1.332226676
PLDV,AVO,White Bear Lake,1.417686788,1.417686788,1.417686788,1.417686788,1.417686788,1.417686788,1.417686788,1.417686788,1.417686788
PLDV,AVO,Belle Plaine,1.321595062,1.321595062,1.321595062,1.321595062,1.321595062,1.321595062,1.321595062,1.321595062,1.321595062
PLDV,AVO,Belle Plaine Twp.,1.355380243,1.355380243,1.355380243,1.355380243,1.355380243,1.355380243,1.355380243,1.355380243,1.355380243
PLDV,AVO,Blakeley Twp.,1.343961547,1.343961547,1.343961547,1.343961547,1.343961547,1.343961547,1.343961547,1.343961547,1.343961547
PLDV,AVO,Cedar Lake Twp.,0.983480128,0.983480128,0.983480128,0.983480128,0.983480128,0.983480128,0.983480128,0.983480128,0.983480128
PLDV,AVO,Credit River Twp.,1.046024161,1.046024161,1.046024161,1.046024161,1.046024161,1.046024161,1.046024161,1.046024161,1.046024161
PLDV,AVO,Elko New Market,1.308417209,1.308417209,1.308417209,1.308417209,1.308417209,1.308417209,1.308417209,1.308417209,1.308417209
PLDV,AVO,Helena Twp.,1.417340483,1.417340483,1.417340483,1.417340483,1.417340483,1.417340483,1.417340483,1.417340483,1.417340483
PLDV,AVO,Jackson Twp.,1.486901619,1.486901619,1.486901619,1.486901619,1.486901619,1.486901619,1.486901619,1.486901619,1.486901619
PLDV,AVO,Jordan,1.254524285,1.254524285,1.254524285,1.254524285,1.254524285,1.254524285,1.254524285,1.254524285,1.254524285
PLDV,AVO,Louisville Twp.,1.024089944,1.024089944,1.024089944,1.024089944,1.024089944,1.024089944,1.024089944,1.024089944,1.024089944
PLDV,AVO,New Market Twp.,1.281290706,1.281290706,1.281290706,1.281290706,1.281290706,1.281290706,1.281290706,1.281290706,1.281290706
PLDV,AVO,New Prague,1.139419176,1.139419176,1.139419176,1.139419176,1.139419176,1.139419176,1.139419176,1.139419176,1.139419176
PLDV,AVO,Prior Lake,1.352280275,1.352280275,1.352280275,1.352280275,1.352280275,1.352280275,1.352280275,1.352280275,1.352280275
PLDV,AVO,St. Lawrence Twp.,0.919668463,0.919668463,0.919668463,0.919668463,0.919668463,0.919668463,0.919668463,0.919668463,0.919668463
PLDV,AVO,Sand Creek Twp.,1.32288445,1.32288445,1.32288445,1.32288445,1.32288445,1.32288445,1.32288445,1.32288445,1.32288445
PLDV,AVO,Savage,1.240437278,1.240437278,1.240437278,1.240437278,1.240437278,1.240437278,1.240437278,1.240437278,1.240437278
PLDV,AVO,Shakopee,1.262573418,1.262573418,1.262573418,1.262573418,1.262573418,1.262573418,1.262573418,1.262573418,1.262573418
PLDV,AVO,Spring Lake Twp.,1.390659175,1.390659175,1.390659175,1.390659175,1.390659175,1.390659175,1.390659175,1.390659175,1.390659175
PLDV,AVO,Afton,1.435501243,1.435501243,1.435501243,1.435501243,1.435501243,1.435501243,1.435501243,1.435501243,1.435501243
PLDV,AVO,Bayport,1.187905098,1.187905098,1.187905098,1.187905098,1.187905098,1.187905098,1.187905098,1.187905098,1.187905098
PLDV,AVO,Baytown Twp.,1.059417404,1.059417404,1.059417404,1.059417404,1.059417404,1.059417404,1.059417404,1.059417404,1.059417404
PLDV,AVO,Birchwood Village,1.032001177,1.032001177,1.032001177,1.032001177,1.032001177,1.032001177,1.032001177,1.032001177,1.032001177
PLDV,AVO,Cottage Grove,1.376653867,1.376653867,1.376653867,1.376653867,1.376653867,1.376653867,1.376653867,1.376653867,1.376653867
PLDV,AVO,Dellwood,0.923926187,0.923926187,0.923926187,0.923926187,0.923926187,0.923926187,0.923926187,0.923926187,0.923926187
PLDV,AVO,Denmark Twp.,1.182943088,1.182943088,1.182943088,1.182943088,1.182943088,1.182943088,1.182943088,1.182943088,1.182943088
PLDV,AVO,Forest Lake,1.21423797,1.21423797,1.21423797,1.21423797,1.21423797,1.21423797,1.21423797,1.21423797,1.21423797
PLDV,AVO,Grant,1.052574138,1.052574138,1.052574138,1.052574138,1.052574138,1.052574138,1.052574138,1.052574138,1.052574138
PLDV,AVO,Grey Cloud Island Twp.,1.234475721,1.234475721,1.234475721,1.234475721,1.234475721,1.234475721,1.234475721,1.234475721,1.234475721
PLDV,AVO,Hastings,1.112517023,1.112517023,1.112517023,1.112517023,1.112517023,1.112517023,1.112517023,1.112517023,1.112517023
PLDV,AVO,Hugo,1.228896288,1.228896288,1.228896288,1.228896288,1.228896288,1.228896288,1.228896288,1.228896288,1.228896288
PLDV,AVO,Lake Elmo,1.27974567,1.27974567,1.27974567,1.27974567,1.27974567,1.27974567,1.27974567,1.27974567,1.27974567
PLDV,AVO,Lakeland,1.147418122,1.147418122,1.147418122,1.147418122,1.147418122,1.147418122,1.147418122,1.147418122,1.147418122
PLDV,AVO,Lakeland Shores,1.147418122,1.147418122,1.147418122,1.147418122,1.147418122,1.147418122,1.147418122,1.147418122,1.147418122
PLDV,AVO,Lake St. Croix Beach,1.579522163,1.579522163,1.579522163,1.579522163,1.579522163,1.579522163,1.579522163,1.579522163,1.579522163
PLDV,AVO,Landfall,1.573098815,1.573098815,1.573098815,1.573098815,1.573098815,1.573098815,1.573098815,1.573098815,1.573098815
PLDV,AVO,Mahtomedi,1.155053046,1.155053046,1.155053046,1.155053046,1.155053046,1.155053046,1.155053046,1.155053046,1.155053046
PLDV,AVO,Marine on St. Croix,1.245077001,1.245077001,1.245077001,1.245077001,1.245077001,1.245077001,1.245077001,1.245077001,1.245077001
PLDV,AVO,May Twp.,1.159664824,1.159664824,1.159664824,1.159664824,1.159664824,1.159664824,1.159664824,1.159664824,1.159664824
PLDV,AVO,Newport,1.236783301,1.236783301,1.236783301,1.236783301,1.236783301,1.236783301,1.236783301,1.236783301,1.236783301
PLDV,AVO,Oakdale,1.528106275,1.528106275,1.528106275,1.528106275,1.528106275,1.528106275,1.528106275,1.528106275,1.528106275
PLDV,AVO,Oak Park Heights,1.093993045,1.093993045,1.093993045,1.093993045,1.093993045,1.093993045,1.093993045,1.093993045,1.093993045
PLDV,AVO,Pine Springs,1.180705673,1.180705673,1.180705673,1.180705673,1.180705673,1.180705673,1.180705673,1.180705673,1.180705673
PLDV,AVO,St. Marys Point,0.678802913,0.678802913,0.678802913,0.678802913,0.678802913,0.678802913,0.678802913,0.678802913,0.678802913
PLDV,AVO,St. Paul Park,1.50344239,1.50344239,1.50344239,1.50344239,1.50344239,1.50344239,1.50344239,1.50344239,1.50344239
PLDV,AVO,Scandia,1.097184583,1.097184583,1.097184583,1.097184583,1.097184583,1.097184583,1.097184583,1.097184583,1.097184583
PLDV,AVO,Stillwater,1.314649,1.314649,1.314649,1.314649,1.314649,1.314649,1.314649,1.314649,1.314649
PLDV,AVO,Stillwater Twp.,1.360838221,1.360838221,1.360838221,1.360838221,1.360838221,1.360838221,1.360838221,1.360838221,1.360838221
PLDV,AVO,West Lakeland Twp.,1.349302427,1.349302427,1.349302427,1.349302427,1.349302427,1.349302427,1.349302427,1.349302427,1.349302427
PLDV,AVO,White Bear Lake,1.417686788,1.417686788,1.417686788,1.417686788,1.417686788,1.417686788,1.417686788,1.417686788,1.417686788
PLDV,AVO,Willernie,0.86393098,0.86393098,0.86393098,0.86393098,0.86393098,0.86393098,0.86393098,0.86393098,0.86393098
PLDV,AVO,Woodbury,1.247132619,1.247132619,1.247132619,1.247132619,1.247132619,1.247132619,1.247132619,1.247132619,1.247132619
PLDV,PMT,Andover,314630.1129,327760.4599,336514.0245,346897.3293,357280.6341,368177.2543,379073.8746,389970.4949,400867.1152
PLDV,PMT,Anoka,225411.8417,231090.75,234876.6888,239367.4944,243858.3,248571.1158,253283.9317,257996.7475,262709.5633
PLDV,PMT,Bethel,9719.350499,9830.505461,9904.608769,9992.508643,10080.40852,10172.65386,10264.89921,10357.14456,10449.3899
PLDV,PMT,Blaine,721866.6413,759440.4197,784489.6053,814202.4524,843915.2995,875097.0494,906278.7992,937460.549,968642.2989
PLDV,PMT,Centerville,57179.73294,64550.36621,69464.12173,75292.72106,81121.32039,87238.06597,93354.81155,99471.55713,105588.3027
PLDV,PMT,Circle Pines,49219.68689,51785.04748,53495.28787,55523.9411,57552.59433,59681.53731,61810.4803,63939.42329,66068.36628
PLDV,PMT,Columbia Heights,151884.5926,154550.3792,156327.5703,158435.6391,160543.7079,162755.9926,164968.2772,167180.5618,169392.8464
PLDV,PMT,Columbus,48068.65434,50580.24358,52254.6364,54240.76795,56226.89951,58311.21869,60395.53787,62479.85706,64564.17624
PLDV,PMT,Coon Rapids,852322.2918,865937.5283,875014.3526,885781.1016,896547.8506,907846.8712,919145.8918,930444.9125,941743.9331
PLDV,PMT,East Bethel,126781.1328,138972.3187,147099.776,156740.4046,166381.0332,176498.262,186615.4907,196732.7194,206849.9481
PLDV,PMT,Fridley,381668.5026,388292.8012,392709.0002,397947.408,403185.8157,408683.1926,414180.5696,419677.9465,425175.3234
PLDV,PMT,Ham Lake,159884.4968,163632.4626,166131.1065,169094.9484,172058.7902,175169.1544,178279.5185,181389.8827,184500.2468
PLDV,PMT,Hilltop,21119.70517,21770.07622,22203.65692,22717.96174,23232.26657,23771.99689,24311.72721,24851.45752,25391.18784
PLDV,PMT,Lexington,62037.51513,63493.58794,64464.30314,65615.74627,66767.18939,67975.55596,69183.92254,70392.28912,71600.6557
PLDV,PMT,Lino Lakes,228965.1732,243845.9312,253766.4365,265533.9431,277301.4497,289650.7021,301999.9545,314349.2068,326698.4592
PLDV,PMT,Linwood Twp.,54969.13111,53529.36073,52569.51381,51430.96243,50292.41105,49097.57353,47902.73602,46707.89851,45513.061
PLDV,PMT,Nowthen,42480.0216,43935.5374,44905.88126,46056.88391,47207.88656,48415.79089,49623.69522,50831.59955,52039.50388
PLDV,PMT,Oak Grove,86869.12106,88840.65426,90155.00973,91714.07212,93273.13451,94909.27167,96545.40883,98181.54599,99817.68315
PLDV,PMT,Ramsey,224377.5787,240369.3791,251030.5794,263676.6837,276322.7881,289594.073,302865.358,316136.643,329407.928
PLDV,PMT,St. Francis,103099.1689,112357.9343,118530.4445,125852.1537,133173.863,140857.5327,148541.2025,156224.8723,163908.5421
PLDV,PMT,Spring Lake Park,83621.83547,87491.37935,90071.07527,93131.05941,96191.04354,99402.30295,102613.5624,105824.8218,109036.0812
PLDV,PMT,Benton Twp.,29554.59349,33532.7534,36184.86001,39330.73626,42476.61252,45778.01026,49079.408,52380.80574,55682.20348
PLDV,PMT,Camden Twp.,23568.85782,23446.55552,23365.02066,23268.30563,23171.59059,23070.09429,22968.59799,22867.10169,22765.60539
PLDV,PMT,Carver,52322.45201,74613.62975,89474.41491,107101.9835,124729.5521,143228.5681,161727.5841,180226.6001,198725.6161
PLDV,PMT,Chanhassen,364315.1051,380643.1951,391528.5884,404440.6261,417352.6638,430903.0289,444453.3941,458003.7593,471554.1244
PLDV,PMT,Chaska,263800.8083,296893.955,318956.0528,345125.6756,371295.2984,398758.6589,426222.0194,453685.3799,481148.7404
PLDV,PMT,Cologne,25411.55237,29465.61649,32168.32591,35374.22621,38580.12651,41944.51569,45308.90486,48673.29404,52037.68321
PLDV,PMT,Dahlgren Twp.,63396.11271,90098.51204,107900.1116,129016.0159,150131.9201,172291.7234,194451.5266,216611.3298,238771.133
PLDV,PMT,Hamburg,7406.602502,7463.529966,7501.481609,7546.499095,7591.516581,7638.75958,7686.002578,7733.245576,7780.488574
PLDV,PMT,Hancock Twp.,3389.946188,3591.60673,3726.047092,3885.517581,4044.988071,4212.342243,4379.696415,4547.050587,4714.404759
PLDV,PMT,Hollywood Twp.,25179.45305,25355.89209,25473.51811,25613.04376,25752.56942,25898.99275,26045.41609,26191.83942,26338.26275
PLDV,PMT,Laketown Twp.,116609.1967,145777.0656,165222.3116,188287.8767,211353.4418,235559.2904,259765.1391,283970.9877,308176.8364
PLDV,PMT,Mayer,22459.67582,24861.24759,26462.29544,28361.42664,30260.55784,32253.57566,34246.59349,36239.61132,38232.62914
PLDV,PMT,New Germany,9109.13888,9482.553751,9731.496998,10026.78854,10322.08008,10631.96984,10941.8596,11251.74935,11561.63911
PLDV,PMT,Norwood Young America,44394.40351,53932.50914,60291.24622,67833.85402,75376.46183,83291.95067,91207.43951,99122.92835,107038.4172
PLDV,PMT,San Francisco Twp.,9871.265897,11590.04714,12735.90131,14095.09079,15454.28027,16880.66349,18307.0467,19733.42992,21159.81314
PLDV,PMT,Victoria,104606.0762,122383.1577,134234.5454,148292.4264,162350.3074,177103.1626,191856.0177,206608.8728,221361.7279
PLDV,PMT,Waconia,181823.5919,206619.4456,223150.0148,242758.248,262366.4812,282944.0792,303521.6772,324099.2752,344676.8732
PLDV,PMT,Waconia Twp.,129545.4552,137335.9364,142529.5906,148690.2001,154850.8096,161315.9789,167781.1481,174246.3174,180711.4866
PLDV,PMT,Watertown,61271.12619,67178.46863,71116.69692,75788.1452,80459.59349,85361.98239,90264.37129,95166.76019,100069.1491
PLDV,PMT,Watertown Twp.,66860.51387,75135.3851,80651.96592,87195.62467,93739.28342,100606.4385,107473.5937,114340.7488,121207.9039
PLDV,PMT,Young America Twp.,55721.39805,65274.44141,71643.13699,79197.55736,86751.97773,94679.86311,102607.7485,110535.6339,118463.5193
PLDV,PMT,Apple Valley,469222.6031,482493.6805,491341.0654,501835.6578,512330.2503,523343.6599,534357.0696,545370.4792,556383.8889
PLDV,PMT,Burnsville,696436.3021,706039.7303,712442.0158,720036.2799,727630.5439,735600.2427,743569.9415,751539.6403,759509.3391
PLDV,PMT,Castle Rock Twp.,26818.64926,28684.85176,29928.98676,31404.75502,32880.52328,34429.24853,35977.97379,37526.69904,39075.4243
PLDV,PMT,Coates,12831.991,22401.0745,28780.4635,36347.56819,43914.67289,51855.86967,59797.06645,67738.26322,75679.46
PLDV,PMT,Douglas Twp.,10826.38541,10731.88996,10668.89299,10594.16724,10519.44149,10441.02155,10362.60162,10284.18168,10205.76174
PLDV,PMT,Eagan,833618.317,851992.4874,864241.9343,878771.9853,893302.0363,908550.4039,923798.7715,939047.1391,954295.5067
PLDV,PMT,Empire Twp.,72044.49905,81863.34737,88409.24625,96173.86168,103938.4771,112086.9489,120235.4206,128383.8924,136532.3641
PLDV,PMT,Eureka Twp.,21323.18157,23306.23066,24628.26338,26196.43238,27764.60137,29410.29534,31055.98931,32701.68329,34347.37726
PLDV,PMT,Farmington,215064.6865,231574.3161,242580.7359,255636.3328,268691.9296,282392.951,296093.9725,309794.9939,323496.0153
PLDV,PMT,Greenvale Twp.,24840.10418,25577.1274,26068.47622,26651.30444,27234.13267,27845.77394,28457.41522,29069.0565,29680.69778
PLDV,PMT,Hampton,16243.53904,16153.65695,16093.73555,16022.65798,15951.58041,15876.989,15802.3976,15727.80619,15653.21478
PLDV,PMT,Hampton Twp.,31243.51458,31259.56863,31270.27133,31282.96666,31295.66199,31308.98494,31322.30788,31335.63083,31348.95377
PLDV,PMT,Hastings,237733.8955,243102.9144,246682.2604,250928.0097,255173.7589,259629.4036,264085.0482,268540.6929,272996.3376
PLDV,PMT,Inver Grove Heights,456243.9855,478533.7878,493393.656,511020.1369,528646.6178,547144.4923,565642.3669,584140.2414,602638.116
PLDV,PMT,Lakeville,642946.3906,679999.5372,704701.6349,734002.7733,763303.9117,794053.5993,824803.2869,855552.9745,886302.6621
PLDV,PMT,Lilydale,20907.24769,21148.07264,21308.62261,21499.0638,21689.50499,21889.36095,22089.21691,22289.07286,22488.92882
PLDV,PMT,Marshan Twp.,54854.9727,52878.29828,51560.51533,49997.38733,48434.25934,46793.85558,45153.45182,43513.04806,41872.6443
PLDV,PMT,Mendota,6066.558792,6213.527008,6311.505818,6427.72634,6543.946862,6665.912933,6787.879005,6909.845076,7031.811148
PLDV,PMT,Mendota Heights,222630.0825,223873.4164,224702.3056,225685.5175,226668.7294,227700.548,228732.3667,229764.1853,230796.0039
PLDV,PMT,Miesville,6767.754406,6696.04996,6648.246996,6591.544068,6534.84114,6475.335011,6415.828882,6356.322753,6296.816624
PLDV,PMT,New Trier,9730.769384,9733.107753,9734.666665,9736.515816,9738.364966,9740.305533,9742.246099,9744.186666,9746.127232
PLDV,PMT,Nininger Twp.,50605.55918,50857.53111,51025.51239,51224.76846,51424.02452,51633.13114,51842.23775,52051.34436,52260.45097
PLDV,PMT,Northfield,228533.895,228357.1583,228239.3338,228099.5727,227959.8116,227813.1413,227666.4709,227519.8005,227373.1301
PLDV,PMT,Randolph,10812.0629,10708.69406,10639.7815,10558.03879,10476.29608,10390.51229,10304.72849,10218.9447,10133.1609
PLDV,PMT,Randolph Twp.,17758.17281,17660.30784,17595.06452,17517.67419,17440.28386,17359.06762,17277.85138,17196.63513,17115.41889
PLDV,PMT,Ravenna Twp.,22961.0092,22656.64105,22453.72895,22213.03864,21972.34833,21719.75911,21467.16989,21214.58066,20961.99144
PLDV,PMT,Rosemount,211352.7856,240776.597,260392.4712,283660.4322,306928.3932,331346.6435,355764.8938,380183.1441,404601.3944
PLDV,PMT,Sciota Twp.,10293.4524,10110.93695,9989.259986,9844.929183,9700.59838,9549.132349,9397.666319,9246.200289,9094.734259
PLDV,PMT,South St. Paul,204680.8483,210210.7022,213897.2714,218270.2067,222643.142,227232.2605,231821.3789,236410.4974,240999.6158
PLDV,PMT,Sunfish Lake,3279.43939,7120.7812,9681.67574,12719.35805,15757.04036,18944.89542,22132.75047,25320.60553,28508.46058
PLDV,PMT,Vermillion,11048.83038,10756.38233,10561.41696,10330.1529,10098.88885,9856.191876,9613.494907,9370.797939,9128.10097
PLDV,PMT,Vermillion Twp.,20571.15942,20051.04269,19704.29821,19292.99678,18881.69535,18450.06057,18018.42579,17586.79101,17155.15622
PLDV,PMT,Waterford Twp.,17078.32238,16816.80094,16642.45331,16435.64561,16228.83791,16011.80634,15794.77477,15577.7432,15360.71163
PLDV,PMT,West St. Paul,169782.3575,172890.9368,174963.323,177421.5465,179879.7699,182459.5196,185039.2693,187619.019,190198.7687
PLDV,PMT,Bloomington,1402285.331,1419310.91,1430661.296,1444124.898,1457588.501,1471717.699,1485846.896,1499976.094,1514105.292
PLDV,PMT,Brooklyn Center,300549.6521,305977.0522,309595.319,313887.2353,318179.1515,322683.2456,327187.3397,331691.4338,336195.5279
PLDV,PMT,Brooklyn Park,752769.1169,788319.9992,812020.5874,840133.755,868246.9226,897749.9102,927252.8978,956755.8854,986258.873
PLDV,PMT,Champlin,179755.8699,180473.2146,180951.4444,181518.7111,182085.9779,182681.2883,183276.5988,183871.9093,184467.2198
PLDV,PMT,Chanhassen,364315.1051,380643.1951,391528.5884,404440.6261,417352.6638,430903.0289,444453.3941,458003.7593,471554.1244
PLDV,PMT,Corcoran,74350.86678,84970.0003,92049.42265,100446.893,108844.3634,117656.9763,126469.5892,135282.2021,144094.8151
PLDV,PMT,Crystal,301027.7983,302462.0163,303418.1617,304552.3224,305686.4831,306876.7129,308066.9426,309257.1724,310447.4022
PLDV,PMT,Dayton,93413.2065,118268.3222,134838.3993,154493.4962,174148.593,194775.3714,215402.1498,236028.9282,256655.7066
PLDV,PMT,Deephaven,64356.83373,65365.30405,66037.6176,66835.10259,67632.58758,68469.49754,69306.40749,70143.31745,70980.2274
PLDV,PMT,Eden Prairie,881863.8635,913602.4129,934761.4459,959859.8711,984958.2963,1011297.503,1037636.709,1063975.916,1090315.122
PLDV,PMT,Edina,851986.6948,853799.9933,855008.859,856442.7915,857876.724,859381.5453,860886.3665,862391.1878,863896.0091
PLDV,PMT,Excelsior,46998.64204,48781.54873,49970.15319,51380.05222,52789.95125,54269.55092,55749.1506,57228.75027,58708.34995
PLDV,PMT,Fort Snelling UT,213505.2676,210484.751,208471.0732,206082.4886,203693.904,201187.2358,198680.5676,196173.8995,193667.2313
PLDV,PMT,Golden Valley,482851.0628,482613.0999,482454.458,482266.2801,482078.1022,481880.6215,481683.1407,481485.6599,481288.1791
PLDV,PMT,Greenfield,43550.96891,46406.30893,48309.86895,50567.83409,52825.79922,55195.39052,57564.98182,59934.57312,62304.16441
PLDV,PMT,Greenwood,21560.46249,21587.23818,21605.08864,21626.2625,21647.43636,21669.65698,21691.8776,21714.09823,21736.31885
PLDV,PMT,Hanover,60570.38294,63890.07013,66103.19492,68728.35966,71353.5244,74108.4684,76863.41241,79618.35642,82373.30042
PLDV,PMT,Hopkins,300521.3437,301448.9556,302067.3636,302800.9069,303534.4502,304304.2573,305074.0645,305843.8717,306613.6788
PLDV,PMT,Independence,86594.98927,89003.52869,90609.22164,92513.86276,94418.50389,96417.30403,98416.10417,100414.9043,102413.7045
PLDV,PMT,Long Lake,53877.95553,54939.26539,55646.8053,56486.07511,57325.34491,58206.10538,59086.86585,59967.62632,60848.38679
PLDV,PMT,Loretto,22101.21721,23435.93365,24325.74461,25381.22072,26436.69683,27544.35211,28652.00739,29759.66267,30867.31795
PLDV,PMT,Maple Grove,757016.2422,809552.0291,844575.887,886120.4926,927665.0982,971263.5287,1014861.959,1058460.39,1102058.82
PLDV,PMT,Maple Plain,47721.98012,49523.80744,50725.02566,52149.88689,53574.74812,55070.04967,56565.35121,58060.65276,59555.95431
PLDV,PMT,Medicine Lake,8074.996611,8320.744213,8484.575947,8678.9099,8873.243854,9077.185021,9281.126189,9485.067356,9689.008524
PLDV,PMT,Medina,136787.3567,144243.6706,149214.5465,155110.9009,161007.2553,167195.1055,173382.9557,179570.806,185758.6562
PLDV,PMT,Minneapolis,3933268.261,3879555.767,3843747.437,3801272.306,3758797.176,3714222.219,3669647.261,3625072.304,3580497.347
PLDV,PMT,Minnetonka,822331.7127,848590.7014,866096.6939,886861.955,907627.216,929419.0414,951210.8667,973002.6921,994794.5175
PLDV,PMT,Minnetonka Beach,12315.1876,12234.10371,12180.04779,12115.92773,12051.80767,11984.51773,11917.22779,11849.93785,11782.64791
PLDV,PMT,Minnetrista,161405.8167,173249.245,181144.8638,190510.4903,199876.1168,209704.7482,219533.3795,229362.0109,239190.6423
PLDV,PMT,Mound,114015.9844,115779.6521,116955.4306,118350.1157,119744.8008,121208.4344,122672.068,124135.7016,125599.3352
PLDV,PMT,New Hope,267463.5434,269964.3708,271631.589,273609.2103,275586.8315,277662.2197,279737.6078,281812.996,283888.3841
PLDV,PMT,Orono,158599.9717,162524.9405,165141.5863,168245.3997,171349.2131,174606.4685,177863.724,181120.9794,184378.2349
PLDV,PMT,Osseo,55785.96406,58060.38953,59576.67317,61375.25875,63173.84433,65061.3459,66948.84748,68836.34905,70723.85062
PLDV,PMT,Plymouth,1006984.503,1024147.598,1035589.662,1049162.011,1062734.36,1076977.68,1091221,1105464.32,1119707.641
PLDV,PMT,Richfield,326479.1111,324775.8439,323640.3324,322293.4113,320946.4901,319532.9818,318119.4734,316705.965,315292.4566
PLDV,PMT,Robbinsdale,169899.5641,169395.1689,169058.9054,168660.0364,168261.1673,167842.5795,167423.9917,167005.4039,166586.8162
PLDV,PMT,Rockford,92160.68559,96368.77945,99174.17535,102501.8803,105829.5853,109321.8008,112814.0162,116306.2317,119798.4472
PLDV,PMT,Rogers,192067.4247,222683.5786,243094.3479,267305.1976,291516.0474,316923.7996,342331.5519,367739.3042,393147.0565
PLDV,PMT,St. Anthony,85927.90074,85697.08565,85543.20892,85360.6834,85178.15788,84986.60891,84795.05994,84603.51097,84411.96201
PLDV,PMT,St. Bonifacius,50702.05977,53978.51265,56162.81457,58753.79018,61344.76579,64063.83048,66782.89517,69501.95986,72221.02455
PLDV,PMT,St. Louis Park,644188.7927,644522.9445,644745.7123,645009.9551,645274.1979,645551.5039,645828.81,646106.1161,646383.4221
PLDV,PMT,Shorewood,114750.3587,117166.2489,118776.8423,120687.2963,122597.7503,124602.6506,126607.551,128612.4514,130617.3518
PLDV,PMT,Spring Park,24018.09134,23849.20013,23736.60599,23603.04905,23469.49211,23329.33256,23189.17302,23049.01348,22908.85394
PLDV,PMT,Tonka Bay,14307.61822,14932.6008,15349.25585,15843.48381,16337.71177,16856.37269,17375.03361,17893.69453,18412.35545
PLDV,PMT,Wayzata,147739.124,152705.0833,156015.7229,159942.7379,163869.7529,167990.9062,172112.0596,176233.2129,180354.3663
PLDV,PMT,Woodland,3054.99691,3041.594346,3032.659304,3022.060734,3011.462164,3000.339636,2989.217108,2978.094581,2966.972053
PLDV,PMT,Arden Hills,161189.4526,167914.6985,172398.1957,177716.4311,183034.6666,188615.8177,194196.9688,199778.1199,205359.2709
PLDV,PMT,Blaine,721866.6413,759440.4197,784489.6053,814202.4524,843915.2995,875097.0494,906278.7992,937460.549,968642.2989
PLDV,PMT,Falcon Heights,93569.71359,95116.28225,96147.32803,97370.33408,98593.34014,99876.80747,101160.2748,102443.7421,103727.2095
PLDV,PMT,Gem Lake,72404.39056,76211.39156,78749.39223,81759.91828,84770.44434,87929.80063,91089.15691,94248.5132,97407.86949
PLDV,PMT,Lauderdale,44263.69055,44310.80733,44342.21851,44379.47784,44416.73716,44455.83846,44494.93976,44534.04105,44573.14235
PLDV,PMT,Little Canada,177536.7121,177493.0638,177463.965,177429.4486,177394.9321,177358.7093,177322.4865,177286.2637,177250.0408
PLDV,PMT,Maplewood,574175.4302,587904.6918,597057.5329,607914.4514,618771.37,630165.0179,641558.6658,652952.3137,664345.9616
PLDV,PMT,Mounds View,136410.9581,137270.906,137844.2046,138524.2401,139204.2756,139917.9297,140631.5838,141345.2379,142058.892
PLDV,PMT,New Brighton,251468.3792,253697.4111,255183.4323,256946.1213,258708.8102,260558.6405,262408.4708,264258.3012,266108.1315
PLDV,PMT,North Oaks,81454.08053,81876.9121,82158.79982,82493.16943,82827.53905,83178.43877,83529.33849,83880.23821,84231.13793
PLDV,PMT,North St. Paul,132492.5924,134319.5626,135537.5427,136982.2866,138427.0305,139943.1976,141459.3647,142975.5318,144491.699
PLDV,PMT,Roseville,497153.9346,486732.574,479785.0002,471543.926,463302.8518,454654.3667,446005.8816,437357.3965,428708.9115
PLDV,PMT,St. Anthony,85927.90074,85697.08565,85543.20892,85360.6834,85178.15788,84986.60891,84795.05994,84603.51097,84411.96201
PLDV,PMT,St. Paul,"2,787,816.29",2795486.876,2800600.6,"2,806,666.40","2,812,732.19","2,819,097.86","2,825,463.53","2,831,829.20","2,838,194.87"
PLDV,PMT,Shoreview,264246.0076,268967.4375,272115.0575,275848.7019,279582.3463,283500.5694,287418.7925,291337.0157,295255.2388
PLDV,PMT,Spring Lake Park,83621.83547,87491.37935,90071.07527,93131.05941,96191.04354,99402.30295,102613.5624,105824.8218,109036.0812
PLDV,PMT,Vadnais Heights,275199.1858,279928.326,283081.0862,286820.8278,290560.5694,294485.1911,298409.8129,302334.4347,306259.0564
PLDV,PMT,White Bear Twp.,197752.1295,202363.8582,205438.344,209085.2382,212732.1323,216559.3165,220386.5007,224213.685,228040.8692
PLDV,PMT,White Bear Lake,404019.0997,410210.5764,414338.2275,419234.3653,424130.5032,429268.6896,434406.8759,439545.0623,444683.2486
PLDV,PMT,Belle Plaine,78788.91048,90823.64723,98846.80506,108363.7158,117880.6264,127868.021,137855.4156,147842.8102,157830.2048
PLDV,PMT,Belle Plaine Twp.,36779.40306,40509.41638,42996.09192,45945.73713,48895.38234,51990.84804,55086.31374,58181.77943,61277.24513
PLDV,PMT,Blakeley Twp.,11083.63957,13388.8358,14925.63328,16748.55197,18571.47066,20484.50829,22397.54592,24310.58355,26223.62118
PLDV,PMT,Cedar Lake Twp.,41932.50259,42270.52956,42495.88087,42763.18812,43030.49538,43311.0174,43591.53942,43872.06145,44152.58347
PLDV,PMT,Credit River Twp.,75090.54864,74009.13802,73288.1976,72433.03238,71577.86715,70680.42545,69782.98375,68885.54205,67988.10035
PLDV,PMT,Elko New Market,63870.32605,79977.81617,90716.14291,103453.7331,116191.3233,129558.6169,142925.9105,156293.2041,169660.4977
PLDV,PMT,Helena Twp.,50991.34356,54232.45012,56393.18783,58956.21204,61519.23626,64208.96772,66898.69919,69588.43065,72278.16212
PLDV,PMT,Jackson Twp.,63426.33354,67098.33803,69546.34103,72450.11364,75353.88624,78401.21155,81448.53685,84495.86216,87543.18746
PLDV,PMT,Jordan,94062.25982,102751.3379,108544.0567,115415.2648,122286.4728,129497.3702,136708.2676,143919.165,151130.0624
PLDV,PMT,Louisville Twp.,43680.08221,43706.56175,43724.21478,43745.15445,43766.09411,43788.06897,43810.04383,43832.01868,43853.99354
PLDV,PMT,New Market Twp.,108559.7966,123196.4897,132954.2851,144528.7884,156103.2918,168249.9994,180396.7071,192543.4148,204690.1224
PLDV,PMT,New Prague,85890.65215,90670.44113,93856.96712,97636.76105,101416.555,105383.2091,109349.8633,113316.5174,117283.1716
PLDV,PMT,Prior Lake,335555.3297,361499.7129,378795.9683,399312.4435,419828.9186,441359.6589,462890.3993,484421.1396,505951.8799
PLDV,PMT,St. Lawrence Twp.,28013.19842,33325.34635,36866.77831,41067.55466,45268.331,49676.77953,54085.22806,58493.67659,62902.12511
PLDV,PMT,Sand Creek Twp.,58573.02574,62702.63837,65455.71346,68721.35652,71986.99958,75414.085,78841.17042,82268.25584,85695.34126
PLDV,PMT,Savage,285761.6054,302669.9608,313942.1978,327313.1017,340684.0056,354715.9219,368747.8381,382779.7543,396811.6705
PLDV,PMT,Shakopee,443382.4926,482507.5642,508590.9453,539530.5346,570470.1239,602939.2618,635408.3998,667877.5378,700346.6758
PLDV,PMT,Spring Lake Twp.,109054.767,122865.7275,132073.0345,142994.5595,153916.0844,165377.5326,176838.9808,188300.4291,199761.8773
PLDV,PMT,Afton,64904.79127,64764.31202,64670.65919,64559.57007,64448.48094,64331.89994,64215.31894,64098.73794,63982.15694
PLDV,PMT,Bayport,40764.85583,41719.82814,42356.47634,43111.65581,43866.83528,44659.34828,45451.86127,46244.37426,47036.88726
PLDV,PMT,Baytown Twp.,82750.53109,85244.72963,86907.52866,88879.90789,90852.28712,92922.17411,94992.0611,97061.94809,99131.83508
PLDV,PMT,Birchwood Village,14605.6843,14885.4326,15071.93146,15293.15271,15514.37396,15746.53164,15978.68932,16210.84701,16443.00469
PLDV,PMT,Cottage Grove,339332.002,389145.8,422354.9987,461747.0916,501139.1844,542478.6891,583818.1939,625157.6986,666497.2033
PLDV,PMT,Dellwood,30952.8315,31019.34729,31063.69115,31116.29096,31168.89077,31224.09093,31279.2911,31334.49127,31389.69143
PLDV,PMT,Denmark Twp.,36044.88918,42631.59928,47022.73935,52231.42261,57440.10586,62906.28881,68372.47175,73838.6547,79304.83765
PLDV,PMT,Forest Lake,230095.5305,246378.3664,257233.5904,270109.8418,282986.0931,296498.9028,310011.7126,323524.5223,337037.332
PLDV,PMT,Grant,84953.12761,84480.81074,84165.93283,83792.4309,83418.92897,83026.96236,82634.99576,82243.02916,81851.06255
PLDV,PMT,Grey Cloud Island Twp.,5132.313607,11161.86064,15181.55866,19949.64473,24717.73079,29721.53492,34725.33904,39729.14316,44732.94729
PLDV,PMT,Hastings,237733.8955,243102.9144,246682.2604,250928.0097,255173.7589,259629.4036,264085.0482,268540.6929,272996.3376
PLDV,PMT,Hugo,161712.16,188188.1851,205838.8685,226775.759,247712.6495,269684.5892,291656.5288,313628.4684,335600.4081
PLDV,PMT,Lake Elmo,132128.0783,150240.3219,162315.151,176638.0738,190960.9966,205991.9962,221022.9959,236053.9955,251084.9952
PLDV,PMT,Lakeland,37296.181,36903.65391,36641.96918,36331.56394,36021.15871,35695.40809,35369.65747,35043.90685,34718.15623
PLDV,PMT,Lakeland Shores,13266.69969,13421.65216,13524.9538,13647.48816,13770.02251,13898.61456,14027.2066,14155.79864,14284.39069
PLDV,PMT,Lake St. Croix Beach,27724.02171,27614.1625,27540.92303,27454.04783,27367.17262,27276.0026,27184.83258,27093.66256,27002.49254
PLDV,PMT,Landfall,17489.07642,17070.77436,16791.90632,16461.11858,16130.33084,15783.19008,15436.04931,15088.90855,14741.76778
PLDV,PMT,Mahtomedi,104810.8565,104486.7957,104270.7551,104014.4921,103758.229,103489.2972,103220.3654,102951.4335,102682.5017
PLDV,PMT,Marine on St. Croix,14877.91385,15678.15225,16211.64451,16844.46245,17477.28039,18141.38271,18805.48503,19469.58735,20133.68968
PLDV,PMT,May Twp.,44590.96434,46466.41397,47716.71372,49199.79449,50682.87526,52239.27453,53795.6738,55352.07307,56908.47234
PLDV,PMT,Newport,58215.80469,59302.16288,60026.40167,60885.47936,61744.55706,62646.10465,63547.65223,64449.19982,65350.74741
PLDV,PMT,Oakdale,274130.9927,280524.3046,284786.5125,289842.259,294898.0055,300203.691,305509.3765,310815.0621,316120.7476
PLDV,PMT,Oak Park Heights,109364.837,115785.4639,120065.8819,125143.2287,130220.5756,135548.9293,140877.283,146205.6367,151533.9904
PLDV,PMT,Pine Springs,39357.71834,38651.08832,38180.00164,37621.20796,37062.41429,36475.99575,35889.5772,35303.15866,34716.74011
PLDV,PMT,St. Marys Point,17582.1225,17449.78682,17361.56303,17256.91373,17152.26442,17042.44161,16932.6188,16822.79598,16712.97317
PLDV,PMT,St. Paul Park,85255.91112,93817.21325,99524.74801,106294.9125,113065.0771,120169.9356,127274.7942,134379.6528,141484.5114
PLDV,PMT,Scandia,70372.29215,72631.36185,74137.40832,75923.85076,77710.29321,79585.05134,81459.80946,83334.56758,85209.32571
PLDV,PMT,Stillwater,231787.3704,237529.8991,241358.2516,245899.3674,250440.4832,255206.0964,259971.7096,264737.3227,269502.9359
PLDV,PMT,Stillwater Twp.,86326.68674,91035.89459,94175.36649,97899.3458,101623.3251,105531.4053,109439.4856,113347.5659,117255.6461
PLDV,PMT,West Lakeland Twp.,65623.88109,64514.44022,63774.81297,62897.4818,62020.15063,61099.44717,60178.74371,59258.04025,58337.33679
PLDV,PMT,White Bear Lake,404019.0997,410210.5764,414338.2275,419234.3653,424130.5032,429268.6896,434406.8759,439545.0623,444683.2486
PLDV,PMT,Willernie,28748.03704,28384.65555,28142.40123,27855.04396,27567.68669,27266.12344,26964.5602,26662.99695,26361.4337
PLDV,PMT,Woodbury,705995.7852,759899.1608,795834.7446,838460.8213,881086.8981,925820.2639,970553.6298,1015286.996,1060020.362
AT,PMT,Andover,1478.0123,1296.798864,1175.989907,1032.688719,889.3875301,739.0020152,588.6165002,438.2309852,287.8454702
AT,PMT,Anoka,3398.932397,3175.693506,3026.867578,2850.333214,2673.798851,2488.537225,2303.275599,2118.013974,1932.752348
AT,PMT,Bethel,52.7748,48.08352182,44.95600303,41.24620228,37.53640152,33.64320076,29.75,25.85679924,21.96359848
AT,PMT,Blaine,8619.737801,7958.778824,7518.139506,6995.461886,6472.784267,5924.267233,5375.750199,4827.233165,4278.716131
AT,PMT,Centerville,404.9366003,379.885161,363.1842014,343.3738545,323.5635075,302.7738039,281.9841003,261.1943968,240.4046932
AT,PMT,Circle Pines,534.3796998,526.8935363,521.9027607,515.9828017,510.0628426,503.8502208,497.637599,491.4249772,485.2123553
AT,PMT,Columbia Heights,5001.926981,5512.995398,5853.707676,6257.853822,6661.999968,7086.125734,7510.251499,7934.377265,8358.50303
AT,PMT,Columbus,17.1598,38.41221882,52.58049803,69.38662982,86.19276161,103.8297317,121.4667019,139.103672,156.7406421
AT,PMT,Coon Rapids,13524.00999,12501.67366,11820.1161,11011.66604,10203.21599,9354.798894,8506.3818,7657.964705,6809.547611
AT,PMT,East Bethel,91.44640051,89.57252136,88.3232686,86.84142974,85.35959089,83.80449494,82.24939898,80.69430302,79.13920707
AT,PMT,Fridley,8561.711694,8440.624831,8359.900256,8264.146366,8168.392476,8067.904838,7967.417199,7866.929561,7766.441923
AT,PMT,Ham Lake,275.0753,251.8274257,236.3288429,217.9447313,199.5606198,180.2676599,160.9747,141.6817401,122.3887802
AT,PMT,Hilltop,696.7195027,753.9708303,792.138382,837.4119748,882.6855676,930.1973338,977.7091,1025.220866,1072.732632
AT,PMT,Lexington,808.3567995,745.4197553,703.4617259,653.6919436,603.9221613,551.6919292,499.4616971,447.231465,395.0012329
AT,PMT,Lino Lakes,1434.2254,1362.975054,1315.474823,1259.130992,1202.78716,1143.65788,1084.5286,1025.39932,966.2700398
AT,PMT,Linwood Twp.,6.0843,15.17936663,21.24274439,28.43500282,35.62726125,43.17508062,50.7229,58.27071938,65.81853875
AT,PMT,Nowthen,94.5336034,81.57786075,72.94069898,62.69546901,52.45023903,41.69851951,30.9468,20.19508049,9.443360971
AT,PMT,Oak Grove,188.6796,155.0391452,132.6121754,106.0097486,79.40732174,51.48976087,23.5722,11.7861,5.89305
AT,PMT,Ramsey,1035.998717,912.7643362,830.6080823,733.1559636,635.7038448,533.4340228,431.1642007,328.8943786,226.6245565
AT,PMT,St. Francis,175.8616,156.2883987,143.2395978,127.761369,112.2831402,96.0397201,79.7963,63.5528799,47.30945979
AT,PMT,Spring Lake Park,1763.6565,1730.752781,1708.816969,1682.797144,1656.777319,1629.471161,1602.165004,1574.858846,1547.552688
AT,PMT,Benton Twp.,4.8977,6.572414265,7.688890442,9.013232338,10.33757423,11.72738712,13.1172,14.50701288,15.89682577
AT,PMT,Camden Twp.,0,0,0,0,0,0,0,0,0
AT,PMT,Carver,367.1880993,444.2353468,495.6001785,556.5281231,617.4560676,681.3960838,745.3361,809.2761162,873.2161324
AT,PMT,Chanhassen,2220.024899,2200.052676,2186.737861,2170.944091,2155.150321,2138.575761,2122.0012,2105.42664,2088.85208
AT,PMT,Chaska,2264.128001,2257.438149,2252.978248,2247.688002,2242.397755,2236.845977,2231.294199,2225.742421,2220.190643
AT,PMT,Cologne,4.8977,6.572414265,7.688890442,9.013232338,10.33757423,11.72738712,13.1172,14.50701288,15.89682577
AT,PMT,Dahlgren Twp.,403.029201,481.5319082,533.8670464,595.9459492,658.0248521,723.172726,788.3206,853.468474,918.6163479
AT,PMT,Hamburg,8.7465,6.964410053,5.776350089,4.367096923,2.957843757,1.478921879,0,0,0
AT,PMT,Hancock Twp.,0,0,0,0,0,0,0,0,0
AT,PMT,Hollywood Twp.,6.987,5.563406281,4.614343802,3.488584714,2.362825625,1.181412813,0,0,0
AT,PMT,Laketown Twp.,574.9790993,572.8146138,571.3716234,569.6599768,567.9483302,566.1520656,564.355801,562.5595364,560.7632718
AT,PMT,Mayer,0,1.113589733,1.855982889,2.736594926,3.617206962,4.541353481,5.4655,6.389646519,7.313793038
AT,PMT,New Germany,0,0,0,0,0,0,0,0,0
AT,PMT,Norwood Young America,0,2.766136116,4.61022686,6.797650724,8.985074588,11.28063729,13.5762,15.87176271,18.16732541
AT,PMT,San Francisco Twp.,0,2.238609782,3.731016303,5.501279317,7.271542332,9.129321166,10.9871,12.84487883,14.70265767
AT,PMT,Victoria,591.1851998,575.7106324,565.3942542,553.157171,540.9200877,528.0780445,515.2360012,502.3939579,489.5519146
AT,PMT,Waconia,64.4742,62.47528045,61.14266742,59.56194827,57.98122912,56.32236456,54.6635,53.00463544,51.34577088
AT,PMT,Waconia Twp.,38.03409915,36.08713575,34.78916015,33.24952723,31.70989432,30.09414716,28.4784,26.86265284,25.24690568
AT,PMT,Watertown,17.3179,13.78939654,11.4370609,8.646767027,5.856473149,2.928236575,0,0,0
AT,PMT,Watertown Twp.,25.4065,20.22995301,16.77892169,12.68537678,8.591831866,4.295915933,0,0,0
AT,PMT,Young America Twp.,8.7465,9.73054617,10.38657695,11.16474765,11.94291835,12.75955917,13.5762,14.39284083,15.20948165
AT,PMT,Apple Valley,8228.226099,8610.209199,8864.864599,9166.931783,9468.998967,9785.999332,10102.9997,10420.00006,10737.00043
AT,PMT,Burnsville,14098.8191,14405.48785,14609.93369,14852.44329,15094.95289,15349.45134,15603.9498,15858.44825,16112.9467
AT,PMT,Castle Rock Twp.,65.93109949,77.03409137,84.43608596,93.21618513,101.9962843,111.2104419,120.4245995,129.6387571,138.8529147
AT,PMT,Coates,18.7714,66.08251112,97.62325186,135.0362529,172.449254,211.7118274,250.9744008,290.2369742,329.4995476
AT,PMT,Douglas Twp.,0,0,0,0,0,0,0,0,0
AT,PMT,Eagan,13515.204,13300.99679,13158.19198,12988.79975,12819.40752,12641.64111,12463.8747,12286.10829,12108.34188
AT,PMT,Empire Twp.,490.7746992,518.4942508,536.9739518,558.8942067,580.8144616,603.8183798,626.822298,649.8262161,672.8301343
AT,PMT,Eureka Twp.,112.4515981,103.771487,97.98474619,91.12062906,84.25651193,77.05305605,69.84960017,62.64614429,55.44268841
AT,PMT,Farmington,1784.3659,1788.629754,1791.472323,1794.844122,1798.215922,1801.754411,1805.292901,1808.831391,1812.369881
AT,PMT,Greenvale Twp.,0,29.1514587,48.5857645,71.63835257,94.69094064,118.8831707,143.0754009,167.267631,191.4598611
AT,PMT,Hampton,5.1068,10.36959391,13.87812318,18.03987101,22.20161884,26.56910942,30.9366,35.30409058,39.67158116
AT,PMT,Hampton Twp.,21.3707,34.99875228,44.08412046,54.861004,65.63788754,76.94754377,88.2572,99.56685623,110.8765125
AT,PMT,Hastings,432.6228,539.244774,610.32609,694.6413372,778.9565843,867.4400923,955.9236003,1044.407108,1132.890616
AT,PMT,Inver Grove Heights,7276.5372,7042.112533,6885.829421,6700.449494,6515.069567,6320.525083,6125.980599,5931.436115,5736.891631
AT,PMT,Lakeville,6952.107503,6879.195604,6830.587671,6772.929905,6715.27214,6654.763969,6594.255798,6533.747627,6473.239456
AT,PMT,Lilydale,250.4949995,254.3615634,256.9392727,259.9969003,263.0545279,266.2633143,269.4721007,272.6808871,275.8896735
AT,PMT,Marshan Twp.,2.9053,26.34956781,41.97907968,60.51849667,79.05791365,98.51385674,117.9697998,137.4257429,156.881686
AT,PMT,Mendota,65.7543,66.56550592,67.10630987,67.74780079,68.38929171,69.06249577,69.73569983,70.40890389,71.08210795
AT,PMT,Mendota Heights,3028.850896,2882.48087,2784.900853,2669.153372,2553.405891,2431.936246,2310.4666,2188.996955,2067.52731
AT,PMT,Miesville,0,0,0,0,0,0,0,0,0
AT,PMT,New Trier,0,1.485248143,2.475413571,3.649928162,4.824442754,6.057021377,7.2896,8.522178623,9.754757246
AT,PMT,Nininger Twp.,240.8407,238.3693276,236.721746,234.7674174,232.8130888,230.7621448,228.7112009,226.6602569,224.6093129
AT,PMT,Northfield,0,90.48237,150.80395,222.3562118,293.9084736,368.9980373,444.087601,519.1771647,594.2667285
AT,PMT,Randolph,0,0,0,0,0,0,0,0,0
AT,PMT,Randolph Twp.,0,0,0,0,0,0,0,0,0
AT,PMT,Ravenna Twp.,0,0,0,0,0,0,0,0,0
AT,PMT,Rosemount,2749.2944,2787.96835,2813.750984,2844.333832,2874.916681,2907.011442,2939.106203,2971.200964,3003.295725
AT,PMT,Sciota Twp.,0,5.680519948,9.467533246,13.95961331,18.45169337,23.16584668,27.88,32.59415332,37.30830663
AT,PMT,South St. Paul,4826.590701,4892.213176,4935.961493,4987.854879,5039.748265,5094.207084,5148.665904,5203.124723,5257.583542
AT,PMT,Sunfish Lake,30.3467,90.02264096,129.8066016,176.9975467,224.1884917,273.7123976,323.2363034,372.7602092,422.2841151
AT,PMT,Vermillion,0,6.651750312,11.08625052,16.3463667,21.60648289,27.12664145,32.6468,38.16695855,43.68711711
AT,PMT,Vermillion Twp.,16.2639,28.95605212,37.41748686,47.45427293,57.49105899,68.02402984,78.55700068,89.08997152,99.62294237
AT,PMT,Waterford Twp.,0,6.939932784,11.56655464,17.05456172,22.5425688,28.3018844,34.0612,39.8205156,45.5798312
AT,PMT,West St. Paul,3573.872596,3729.752992,3833.673256,3956.941412,4080.209568,4209.571684,4338.933801,4468.295918,4597.658035
AT,PMT,Bloomington,24439.50258,27385.82133,29350.03383,31679.94374,34009.85365,36454.94642,38900.0392,41345.13198,43790.22476
AT,PMT,Brooklyn Center,6758.5591,7046.592981,7238.615569,7466.388953,7694.162338,7933.196068,8172.229799,8411.26353,8650.29726
AT,PMT,Brooklyn Park,14838.4177,14843.29082,14846.53957,14850.39318,14854.24678,14858.29089,14862.335,14866.37911,14870.42322
AT,PMT,Champlin,2518.257597,2289.038227,2136.225313,1954.961665,1773.698018,1583.473309,1393.2486,1203.023891,1012.799182
AT,PMT,Chanhassen,2220.024899,2200.052676,2186.737861,2170.944091,2155.150321,2138.575761,2122.0012,2105.42664,2088.85208
AT,PMT,Corcoran,93.704,88.08305634,84.33576057,79.89079265,75.44582473,70.78111262,66.11640051,61.4516884,56.78697629
AT,PMT,Crystal,5910.974795,5805.078821,5734.481505,5650.740369,5566.999233,5479.118218,5391.237203,5303.356188,5215.475173
AT,PMT,Dayton,239.8172994,233.5856999,229.4313002,224.5034338,219.5755673,214.4040837,209.2326002,204.0611166,198.8896331
AT,PMT,Deephaven,616.9147002,571.0206017,540.4245361,504.1320899,467.8396437,429.7530216,391.6663996,353.5797775,315.4931555
AT,PMT,Eden Prairie,5376.850097,5483.846154,5555.176859,5639.787926,5724.398993,5813.192946,5901.986898,5990.78085,6079.574803
AT,PMT,Edina,13505.80979,14185.22699,14638.17179,15175.44593,15712.72007,16276.55523,16840.39038,17404.22554,17968.0607
AT,PMT,Excelsior,436.6739014,403.5859112,381.5272511,355.3617059,329.1961608,301.7370795,274.2779983,246.8189171,219.3598358
AT,PMT,Fort Snelling UT,5148.212,5972.082402,6521.329336,7172.835157,7824.340977,8508.055042,9191.769108,9875.483173,10559.19724
AT,PMT,Golden Valley,7621.130575,7685.725711,7728.789135,7779.870115,7830.951094,7884.557345,7938.163596,7991.769846,8045.376097
AT,PMT,Greenfield,24.92030051,22.20854488,20.40070779,18.25628729,16.1118668,13.8614334,11.611,9.360566602,7.110133205
AT,PMT,Greenwood,194.1706,186.344991,181.1279184,174.9395303,168.7511422,162.2568211,155.7625,149.2681789,142.7738578
AT,PMT,Hanover,27.8069,25.19178259,23.44837098,21.3803707,19.31237043,17.14213522,14.9719,12.80166478,10.63142957
AT,PMT,Hopkins,5181.431707,5351.000768,5464.046808,5598.139779,5732.232749,5872.954823,6013.676897,6154.398971,6295.121045
AT,PMT,Independence,113.2522995,104.1527301,98.08635052,90.89053138,83.69471224,76.14315612,68.5916,61.04004388,53.48848776
AT,PMT,Long Lake,425.6732009,394.6499416,373.9677688,349.4349856,324.9022024,299.1566014,273.4110003,247.6653993,221.9197982
AT,PMT,Loretto,6.851,6.538571403,6.330285671,6.083221268,5.836156865,5.576878432,5.3176,5.058321568,4.799043135
AT,PMT,Maple Grove,5446.2016,5381.943489,5339.104748,5288.290283,5237.475819,5184.149259,5130.822698,5077.496138,5024.169578
AT,PMT,Maple Plain,76.78219949,73.05557068,70.57115148,67.6241827,64.67721392,61.58455696,58.4919,55.39924304,52.30658608
AT,PMT,Medicine Lake,91.49059845,94.96887812,97.28773123,100.0383088,102.7888864,105.6754432,108.562,111.4485568,114.3351136
AT,PMT,Medina,331.8246995,317.116656,307.3112936,295.6803673,284.0494409,271.8435209,259.6376009,247.4316808,235.2257608
AT,PMT,Minneapolis,308976.161,316757.1017,321944.3955,328097.4606,334250.5256,340707.7774,347165.0291,353622.2809,360079.5327
AT,PMT,Minnetonka,10144.9336,9803.596355,9576.038191,9306.113209,9036.188227,8752.919067,8469.649906,8186.380746,7903.111585
AT,PMT,Minnetonka Beach,176.7065014,152.8140264,136.8857097,117.9918564,99.09800309,79.27010154,59.4422,39.61429846,19.78639691
AT,PMT,Minnetrista,1029.538684,923.0081558,851.9878036,767.7448707,683.5019377,595.0943189,506.6867002,418.2790814,329.8714626
AT,PMT,Mound,1237.679901,1139.502505,1074.050907,996.4135205,918.7761337,837.300617,755.8251003,674.3495836,592.874067
AT,PMT,New Hope,5019.175196,4915.395907,4846.209714,4764.142424,4682.075134,4595.950715,4509.826296,4423.701877,4337.577458
AT,PMT,Orono,1513.892499,1389.489115,1306.553526,1208.176976,1109.800425,1006.56047,903.3205146,800.0805595,696.8406045
AT,PMT,Osseo,300.6603007,311.7986223,319.2241701,328.0322076,336.8402451,346.0837222,355.3271993,364.5706764,373.8141535
AT,PMT,Plymouth,10152.8794,9755.409608,9490.429747,9176.115893,8861.802039,8531.949571,8202.097103,7872.244635,7542.392167
AT,PMT,Richfield,8537.569914,9355.918106,9901.483567,10548.6225,11195.76143,11874.89272,12554.02401,13233.1553,13912.28659
AT,PMT,Robbinsdale,3707.033602,3899.855735,4028.403823,4180.885016,4333.366209,4493.385556,4653.404904,4813.424252,4973.443599
AT,PMT,Rockford,9.401,7.485556384,6.208593973,4.693886488,3.179179004,1.589589502,0,0,0
AT,PMT,Rogers,140.3707003,160.2985877,173.583846,189.3425558,205.1012656,221.6390328,238.1768,254.7145672,271.2523344
AT,PMT,St. Anthony,2375.185599,2363.753553,2356.132189,2347.091878,2338.051567,2328.564334,2319.0771,2309.589867,2300.102634
AT,PMT,St. Bonifacius,95.1558,85.22909139,78.61128565,70.76137575,62.91146584,54.67348292,46.4355,38.19751708,29.95953416
AT,PMT,St. Louis Park,12269.21958,13008.35014,13501.10384,14085.59851,14670.09318,15283.48329,15896.8734,16510.26352,17123.65363
AT,PMT,Shorewood,1261.743403,1158.747956,1090.084324,1008.636886,927.1894486,841.7155247,756.2416009,670.767677,585.2937531
AT,PMT,Spring Park,331.6037037,291.9588689,265.528979,234.1783679,202.8277567,169.9272773,137.0267979,104.1263185,71.2258391
AT,PMT,Tonka Bay,176.7302997,157.5086672,144.6942455,129.4940326,114.2938198,98.34215981,82.39049983,66.43883985,50.48717988
AT,PMT,Wayzata,1819.0102,1688.145222,1600.901903,1497.415608,1393.929313,1285.327006,1176.724699,1068.122391,959.5200841
AT,PMT,Woodland,41.395,42.56851229,43.35085382,44.27885182,45.20684983,46.18072491,47.1546,48.12847509,49.10235017
AT,PMT,Arden Hills,1393.316598,1359.351942,1336.708838,1309.850037,1282.991236,1254.804626,1226.618017,1198.431407,1170.244798
AT,PMT,Blaine,8619.737801,7958.778824,7518.139506,6995.461886,6472.784267,5924.267233,5375.750199,4827.233165,4278.716131
AT,PMT,Falcon Heights,2900.234002,3263.395184,3505.502639,3792.6857,4079.868761,4381.249182,4682.629603,4984.010023,5285.390444
AT,PMT,Gem Lake,571.2696992,598.5348094,616.7115496,638.2724382,659.8333268,682.4601129,705.086899,727.7136851,750.3404711
AT,PMT,Lauderdale,1055.240999,1302.748873,1467.754123,1663.480078,1859.206033,2064.608017,2270.010001,2475.411985,2680.813969
AT,PMT,Little Canada,2534.975406,2630.111991,2693.536381,2768.769134,2844.001888,2922.953895,3001.905901,3080.857908,3159.809914
AT,PMT,Maplewood,10309.48851,10728.69391,11008.16417,11339.66626,11671.16835,12019.05878,12366.94921,12714.83964,13062.73007
AT,PMT,Mounds View,1833.716901,1735.784737,1670.496627,1593.053167,1515.609707,1434.337703,1353.0657,1271.793697,1190.521694
AT,PMT,New Brighton,3997.706404,4095.259289,4160.294545,4237.438077,4314.581608,4395.538855,4476.496101,4557.453348,4638.410595
AT,PMT,North Oaks,451.752901,443.3817541,437.8009895,431.1811972,424.5614049,417.6143524,410.6673,403.7202476,396.7731951
AT,PMT,North St. Paul,2264.325203,2390.504099,2474.623363,2574.403965,2674.184567,2778.897985,2883.611403,2988.324821,3093.038239
AT,PMT,Roseville,7439.536603,7859.905817,8140.151959,8472.574374,8804.99679,9153.853046,9502.709302,9851.565558,10200.42181
AT,PMT,St. Anthony,2375.185599,2363.753553,2356.132189,2347.091878,2338.051567,2328.564334,2319.0771,2309.589867,2300.102634
AT,PMT,St. Paul,97282.64617,104750.9886,109729.8835,115635.7499,121541.6163,127739.4487,133937.2812,140135.1137,146332.9461
AT,PMT,Shoreview,2478.545598,2379.078308,2312.766781,2234.109363,2155.451946,2072.905971,1990.359997,1907.814022,1825.268048
AT,PMT,Spring Lake Park,1763.6565,1730.752781,1708.816969,1682.797144,1656.777319,1629.471161,1602.165004,1574.858846,1547.552688
AT,PMT,Vadnais Heights,2559.780098,2564.844767,2568.221213,2572.226286,2576.23136,2580.43443,2584.637501,2588.840572,2593.043642
AT,PMT,White Bear Twp.,1665.440699,1621.820887,1592.741012,1558.247042,1523.753071,1487.553835,1451.354599,1415.155363,1378.956127
AT,PMT,White Bear Lake,4117.457798,4147.250394,4167.112124,4190.671714,4214.231305,4238.955602,4263.679899,4288.404197,4313.128494
AT,PMT,Belle Plaine,31.4874,28.87955642,27.14099404,25.07874582,23.0164976,20.8522988,18.6881,16.5239012,14.3597024
AT,PMT,Belle Plaine Twp.,6.7405,6.459937734,6.272896224,6.051031294,5.829166364,5.596333182,5.3635,5.130666818,4.897833636
AT,PMT,Blakeley Twp.,0,0,0,0,0,0,0,0,0
AT,PMT,Cedar Lake Twp.,77.1341,83.70722364,88.08930606,93.28724531,98.48518457,103.9400924,109.3950002,114.849908,120.3048158
AT,PMT,Credit River Twp.,579.7493,522.4259263,484.2103438,438.8797778,393.5492118,345.9776559,298.4061,250.8345441,203.2629882
AT,PMT,Elko New Market,412.3486,456.778579,486.398565,521.5332049,556.6678448,593.5394226,630.4110003,667.2825781,704.1541558
AT,PMT,Helena Twp.,0,0,0,0,0,0,0,0,0
AT,PMT,Jackson Twp.,295.0945,302.4331081,307.3255135,313.1287878,318.9320621,325.0222306,331.1123992,337.2025677,343.2927362
AT,PMT,Jordan,15.8542,16.92414671,17.63744452,18.48354424,19.32964395,20.21757198,21.1055,21.99342802,22.88135605
AT,PMT,Louisville Twp.,136.1836005,134.3561356,133.1378256,131.6926905,130.2475554,128.7309777,127.2143999,125.6978222,124.1812445
AT,PMT,New Market Twp.,681.030198,705.7511983,722.2318651,741.7809052,761.3299454,781.845424,802.3609026,822.8763811,843.3918597
AT,PMT,New Prague,0,1.511572503,2.519287505,3.714619053,4.909950601,6.164375301,7.4188,8.673224699,9.927649399
AT,PMT,Prior Lake,1679.722399,1644.247205,1620.597076,1592.543762,1564.490448,1535.050273,1505.610098,1476.169923,1446.729748
AT,PMT,St. Lawrence Twp.,9.0474,7.204002002,5.975070004,4.517335243,3.059600481,1.529800241,0,0,0
AT,PMT,Sand Creek Twp.,20.2215,20.40161405,20.52169008,20.66412189,20.80655369,20.95602685,21.1055,21.25497315,21.40444631
AT,PMT,Savage,2654.760799,2727.479421,2775.958502,2833.463427,2890.968352,2951.316125,3011.663899,3072.011673,3132.359447
AT,PMT,Shakopee,2568.594605,2634.450189,2678.353911,2730.431635,2782.509359,2837.16163,2891.813901,2946.466172,3001.118443
AT,PMT,Spring Lake Twp.,545.1406988,554.6659612,561.0161361,568.5485876,576.0810391,583.9858695,591.8907,599.7955305,607.7003609
AT,PMT,Afton,52.7068,55.47328249,57.31760415,59.50530192,61.69299969,63.98884985,66.2847,68.58055015,70.87640031
AT,PMT,Bayport,0,8.109288528,13.51548088,19.92819902,26.34091716,33.07065841,39.80039966,46.53014091,53.25988216
AT,PMT,Baytown Twp.,86.06249915,85.3153724,84.8172879,84.22646995,83.63565199,83.015626,82.3956,81.775574,81.15554801
AT,PMT,Birchwood Village,131.0291998,141.6119392,148.6670988,157.0357893,165.4044797,174.1868898,182.9693,191.7517102,200.5341203
AT,PMT,Cottage Grove,2878.917698,2864.082189,2854.191849,2842.460125,2830.728401,2818.416699,2806.104998,2793.793297,2781.481596
AT,PMT,Dellwood,84.3573983,78.80572952,75.104617,70.71443073,66.32424447,61.71702223,57.1098,52.50257777,47.89535553
AT,PMT,Denmark Twp.,71.9491,89.25217138,100.7875523,114.4705923,128.1536324,142.5131157,156.872599,171.2320823,185.5915656
AT,PMT,Forest Lake,69.42459949,166.0668703,230.4950508,306.9184806,383.3419105,463.5434563,543.7450022,623.9465481,704.148094
AT,PMT,Grant,93.67340051,105.3427128,113.1222543,122.3501921,131.5781299,141.2622658,150.9464017,160.6305376,170.3146735
AT,PMT,Grey Cloud Island Twp.,36.41739881,56.17591002,69.34825083,84.97302023,100.5977896,116.9949948,133.3922,149.7894052,166.1866104
AT,PMT,Hastings,432.6228,539.244774,610.32609,694.6413372,778.9565843,867.4400923,955.9236003,1044.407108,1132.890616
AT,PMT,Hugo,163.4652,228.0305441,271.0741069,322.1315273,373.1889477,426.7704743,480.352001,533.9335277,587.5150544
AT,PMT,Lake Elmo,779.7526001,764.1176608,753.694368,741.3304648,728.9665615,715.9914287,703.0162959,690.0411631,677.0660303
AT,PMT,Lakeland,17.8908,19.68674488,20.88404146,22.30425091,23.72446037,25.21488019,26.7053,28.19571981,29.68613963
AT,PMT,Lakeland Shores,0,1.289893676,2.149822793,3.169853656,4.189884519,5.260342259,6.3308,7.401257741,8.471715481
AT,PMT,Lake St. Croix Beach,0,1.16346747,1.93911245,2.85916714,3.779221831,4.744760915,5.7103,6.675839085,7.641378169
AT,PMT,Landfall,235.3123005,236.8238729,237.8315879,239.0269194,240.2222509,241.4766755,242.7311002,243.9855248,245.2399495
AT,PMT,Mahtomedi,982.8176015,944.6562838,919.2154054,889.03794,858.8604745,827.1911372,795.5217999,763.8524626,732.1831253
AT,PMT,Marine on St. Croix,0,2.412142739,4.020237898,5.92772848,7.835219062,9.837009531,11.8388,13.84059047,15.84238094
AT,PMT,May Twp.,0,22.49278075,37.48796792,55.27496152,73.06195512,91.72827756,110.3946,129.0609224,147.7272449
AT,PMT,Newport,287.1639959,280.0252458,275.266079,269.6208498,263.9756206,258.0513103,252.127,246.2026897,240.2783794
AT,PMT,Oakdale,3071.991802,3015.165128,2977.280678,2932.342895,2887.405112,2840.245756,2793.086401,2745.927046,2698.767691
AT,PMT,Oak Park Heights,188.5028,183.5264567,180.2088945,176.273668,172.3384415,168.2086708,164.0789,159.9491292,155.8193585
AT,PMT,Pine Springs,324.0880002,298.724825,281.8160416,261.759178,241.7023145,220.6539074,199.6055003,178.5570933,157.5086862
AT,PMT,St. Marys Point,0,0.641136733,1.068561222,1.575563673,2.082566124,2.614633062,3.1467,3.678766938,4.210833876
AT,PMT,St. Paul Park,734.4305987,731.201362,729.0485375,726.4948997,723.941262,721.2613811,718.5815002,715.9016192,713.2217383
AT,PMT,Scandia,37.4714,62.85016233,79.76933721,99.83852687,119.9077165,140.9690591,162.0304017,183.0917442,204.1530868
AT,PMT,Stillwater,369.4542,430.2097853,470.7135088,518.7582223,566.8029357,617.2228174,667.6426991,718.0625808,768.4824625
AT,PMT,Stillwater Twp.,116.4568002,125.3080196,131.2088326,138.2082599,145.2076873,152.5531426,159.898598,167.2440533,174.5895087
AT,PMT,West Lakeland Twp.,120.4552,114.2163265,110.0570775,105.1234588,100.1898402,95.01232009,89.8348,84.65727991,79.47975981
AT,PMT,White Bear Lake,4117.457798,4147.250394,4167.112124,4190.671714,4214.231305,4238.955602,4263.679899,4288.404197,4313.128494
AT,PMT,Willernie,220.1891021,201.742652,189.4450186,174.8578098,160.270601,144.9622499,129.6538988,114.3455477,99.03719661
AT,PMT,Woodbury,4482.325403,4408.269087,4358.898209,4300.335453,4241.772697,4180.314796,4118.856895,4057.398995,3995.941094
BU,TotStock,Andover,4,4.6,5,6,5,4,4,4,4
BU,TotStock,Anoka,3,3.6,4,5,4,3,3,3,3
BU,TotStock,Bethel,3,3.6,4,5,4,3,3,3,3
BU,TotStock,Blaine,14,13.4,13,12,8,11,10,10,9
BU,TotStock,Centerville,4,4.6,5,6,5,4,4,4,4
BU,TotStock,Circle Pines,4,4.6,5,6,5,4,4,4,4
BU,TotStock,Columbia Heights,9,11.4,13,12,10,13,14,17,18
BU,TotStock,Columbus,4,4.6,5,6,5,4,4,4,4
BU,TotStock,Coon Rapids,18,16.8,16,15,10,13,13,14,13
BU,TotStock,East Bethel,4,4.6,5,6,5,4,4,4,4
BU,TotStock,Fridley,7,7.6,8,7,5,7,8,7,8
BU,TotStock,Ham Lake,4,4.6,5,6,5,4,4,4,4
BU,TotStock,Hilltop,4,4.6,5,6,5,4,4,4,5
BU,TotStock,Lexington,4,4.6,5,6,5,4,4,4,4
BU,TotStock,Lino Lakes,5,5.6,6,6,5,5,4,4,5
BU,TotStock,Linwood Twp.,4,4.6,5,6,5,4,4,4,4
BU,TotStock,Nowthen,4,4.6,5,6,5,4,4,4,4
BU,TotStock,Oak Grove,4,4.6,5,6,5,4,4,4,4
BU,TotStock,Ramsey,4,4.6,5,6,5,4,4,4,4
BU,TotStock,St. Francis,4,4.6,5,6,5,4,4,4,4
BU,TotStock,Spring Lake Park,5,5.6,6,6,5,5,5,6,6
BU,TotStock,Benton Twp.,4,4.6,5,6,5,4,4,4,4
BU,TotStock,Camden Twp.,0,0,0,0,0,0,0,0,0
BU,TotStock,Carver,4,4.6,5,6,5,4,4,4,5
BU,TotStock,Chanhassen,6,6.6,7,7,5,5,6,6,6
BU,TotStock,Chaska,6,6.6,7,7,5,5,6,6,7
BU,TotStock,Cologne,3,3.6,4,5,4,3,3,3,3
BU,TotStock,Dahlgren Twp.,4,4.6,5,6,5,4,4,4,5
BU,TotStock,Hamburg,4,4.6,5,6,5,4,0,0,0
BU,TotStock,Hancock Twp.,0,0,0,0,0,0,0,0,0
BU,TotStock,Hollywood Twp.,4,4.6,5,6,5,4,0,0,0
BU,TotStock,Laketown Twp.,4,4.6,5,6,5,4,4,4,4
BU,TotStock,Mayer,0,3,5,6,5,4,4,4,4
BU,TotStock,New Germany,0,0,0,0,0,0,0,0,0
BU,TotStock,Norwood Young America,0,3,5,6,5,4,4,4,4
BU,TotStock,San Francisco Twp.,0,3,5,6,5,4,4,4,4
BU,TotStock,Victoria,3,3.6,4,5,4,3,3,3,3
BU,TotStock,Waconia,3,3.6,4,5,4,3,3,3,3
BU,TotStock,Waconia Twp.,3,3.6,4,5,4,3,3,3,3
BU,TotStock,Watertown,3,3.6,4,5,4,3,0,0,0
BU,TotStock,Watertown Twp.,4,4.6,5,6,5,4,0,0,0
BU,TotStock,Young America Twp.,4,4.6,5,6,5,4,4,4,4
BU,TotStock,Apple Valley,14,15.2,16,15,11,16,19,21,23
BU,TotStock,Burnsville,22,23.2,24,21,16,24,27,29,33
BU,TotStock,Castle Rock Twp.,4,4.6,5,6,5,4,4,4,4
BU,TotStock,Coates,4,4.6,5,6,5,4,4,4,4
BU,TotStock,Douglas Twp.,0,0,0,0,0,0,0,0,0
BU,TotStock,Eagan,18,18.6,19,16,12,18,19,19,22
BU,TotStock,Empire Twp.,4,4.6,5,6,5,4,4,4,4
BU,TotStock,Eureka Twp.,4,4.6,5,6,5,4,4,4,4
BU,TotStock,Farmington,3,4.2,5,5,4,4,4,4,4
BU,TotStock,Greenvale Twp.,0,3,5,6,5,4,4,4,4
BU,TotStock,Hampton,4,4.6,5,6,5,4,4,4,4
BU,TotStock,Hampton Twp.,4,4.6,5,6,5,4,4,4,4
BU,TotStock,Hastings,4,4.6,5,6,5,4,4,4,5
BU,TotStock,Inver Grove Heights,13,13,13,11,8,11,12,12,12
BU,TotStock,Lakeville,12,12.6,13,12,10,12,13,14,14
BU,TotStock,Lilydale,4,4.6,5,6,5,4,4,4,4
BU,TotStock,Marshan Twp.,4,4.6,5,6,5,4,4,4,4
BU,TotStock,Mendota,4,4.6,5,6,5,4,4,4,4
BU,TotStock,Mendota Heights,7,7,7,7,5,6,6,6,6
BU,TotStock,Miesville,0,0,0,0,0,0,0,0,0
BU,TotStock,New Trier,0,3,5,6,5,4,4,4,4
BU,TotStock,Nininger Twp.,4,4.6,5,6,5,4,4,4,4
BU,TotStock,Northfield,0,3,5,6,5,4,4,4,4
BU,TotStock,Randolph,0,0,0,0,0,0,0,0,0
BU,TotStock,Randolph Twp.,0,0,0,0,0,0,0,0,0
BU,TotStock,Ravenna Twp.,0,0,0,0,0,0,0,0,0
BU,TotStock,Rosemount,5,5.6,6,6,4,5,5,6,7
BU,TotStock,Sciota Twp.,0,2.4,4,5,4,3,3,3,3
BU,TotStock,South St. Paul,4,4.6,5,5,4,4,4,5,5
BU,TotStock,Sunfish Lake,3,3.6,4,5,4,3,3,3,3
BU,TotStock,Vermillion,0,3,5,6,5,4,4,4,4
BU,TotStock,Vermillion Twp.,3,3.6,4,5,4,3,3,3,3
BU,TotStock,Waterford Twp.,0,3,5,6,5,4,4,4,4
BU,TotStock,West St. Paul,7,7.6,8,8,6,8,8,9,10
BU,TotStock,Bloomington,18,21,23,22,17,28,33,38,45
BU,TotStock,Brooklyn Center,11,12.2,13,12,10,13,14,15,17
BU,TotStock,Brooklyn Park,21,21.6,22,20,14,22,23,26,28
BU,TotStock,Champlin,6,6.6,7,7,5,5,4,5,5
BU,TotStock,Chanhassen,6,6.6,7,7,5,5,6,6,6
BU,TotStock,Corcoran,4,4.6,5,6,5,4,4,4,4
BU,TotStock,Crystal,11,11.6,12,11,8,11,11,11,12
BU,TotStock,Dayton,4,4.6,5,6,5,4,4,4,4
BU,TotStock,Deephaven,4,4.6,5,6,5,4,4,4,4
BU,TotStock,Eden Prairie,9,10.2,11,11,8,12,12,14,14
BU,TotStock,Edina,19,20.8,22,21,15,24,27,30,34
BU,TotStock,Excelsior,4,4.6,5,6,5,4,4,4,4
BU,TotStock,Fort Snelling UT,9,11.4,13,13,10,15,17,19,23
BU,TotStock,Golden Valley,12,13.2,14,13,10,13,14,15,16
BU,TotStock,Greenfield,4,4.6,5,6,5,4,4,4,4
BU,TotStock,Greenwood,4,4.6,5,6,5,4,4,4,4
BU,TotStock,Hanover,4,4.6,5,6,5,4,4,4,4
BU,TotStock,Hopkins,9,10.2,11,11,8,12,12,13,14
BU,TotStock,Independence,4,4.6,5,6,5,4,4,4,4
BU,TotStock,Long Lake,4,4.6,5,6,5,4,4,4,4
BU,TotStock,Loretto,4,4.6,5,6,5,4,4,4,4
BU,TotStock,Maple Grove,9,10.2,11,10,7,9,10,11,12
BU,TotStock,Maple Plain,4,4.6,5,6,5,4,4,4,4
BU,TotStock,Medicine Lake,4,4.6,5,6,5,4,4,4,4
BU,TotStock,Medina,4,4.6,5,6,5,4,4,4,4
BU,TotStock,Minneapolis,308,316.4,322,277,209,349,388,431,482
BU,TotStock,Minnetonka,16,16,16,15,10,15,16,17,17
BU,TotStock,Minnetonka Beach,4,4.6,5,6,5,4,4,4,4
BU,TotStock,Minnetrista,4,4.6,5,6,5,4,4,4,4
BU,TotStock,Mound,4,5.2,6,6,5,4,4,4,4
BU,TotStock,New Hope,8,8.6,9,8,6,8,8,9,9
BU,TotStock,Orono,5,5.6,6,6,5,4,4,4,4
BU,TotStock,Osseo,4,4.6,5,6,5,4,4,4,4
BU,TotStock,Plymouth,17,16.4,16,15,10,15,16,16,17
BU,TotStock,Richfield,14,15.2,16,15,11,18,20,22,26
BU,TotStock,Robbinsdale,7,7.6,8,8,6,8,10,10,12
BU,TotStock,Rockford,4,4.6,5,6,5,4,0,0,0
BU,TotStock,Rogers,4,4.6,5,6,5,4,4,4,4
BU,TotStock,St. Anthony,5,5.6,6,6,5,5,5,6,6
BU,TotStock,St. Bonifacius,4,4.6,5,6,5,4,4,4,4
BU,TotStock,St. Louis Park,19,20.8,22,21,15,24,27,31,34
BU,TotStock,Shorewood,4,5.2,6,6,5,4,4,4,4
BU,TotStock,Spring Park,4,4.6,5,6,5,4,4,4,4
BU,TotStock,Tonka Bay,4,4.6,5,6,5,4,4,4,4
BU,TotStock,Wayzata,6,6,6,6,5,5,4,4,5
BU,TotStock,Woodland,4,4.6,5,6,5,4,4,4,4
BU,TotStock,Arden Hills,4,5.2,6,6,5,5,4,5,5
BU,TotStock,Blaine,15,14.4,14,13,9,12,11,11,10
BU,TotStock,Falcon Heights,6,7.2,8,8,6,8,10,11,12
BU,TotStock,Gem Lake,4,4.6,5,6,5,4,4,4,5
BU,TotStock,Lauderdale,4,5.2,6,6,5,5,6,7,8
BU,TotStock,Little Canada,6,6.6,7,7,5,6,7,7,8
BU,TotStock,Maplewood,15,15.6,16,15,11,18,20,21,25
BU,TotStock,Mounds View,6,6,6,6,5,5,4,5,5
BU,TotStock,New Brighton,7,7.6,8,8,6,8,8,9,10
BU,TotStock,North Oaks,4,4.6,5,6,5,4,4,4,4
BU,TotStock,North St. Paul,6,6.6,7,7,5,7,8,8,9
BU,TotStock,Roseville,9,9.6,10,10,8,11,12,14,14
BU,TotStock,St. Anthony,5,5.6,6,6,5,5,5,6,6
BU,TotStock,St. Paul,82,88.6,93,83,64,110,126,142,164
BU,TotStock,Shoreview,6,6.6,7,7,5,5,5,6,6
BU,TotStock,Spring Lake Park,5,5.6,6,6,5,5,5,6,6
BU,TotStock,Vadnais Heights,6,6.6,7,7,5,6,6,7,8
BU,TotStock,White Bear Twp.,5,5.6,6,6,5,5,5,5,5
BU,TotStock,White Bear Lake,8,8.6,9,8,6,8,10,9,10
BU,TotStock,Belle Plaine,4,4.6,5,6,5,4,4,4,4
BU,TotStock,Belle Plaine Twp.,4,4.6,5,6,5,4,4,4,4
BU,TotStock,Blakeley Twp.,0,0,0,0,0,0,0,0,0
BU,TotStock,Cedar Lake Twp.,4,4.6,5,6,5,4,4,4,4
BU,TotStock,Credit River Twp.,4,4.6,5,6,5,4,4,4,4
BU,TotStock,Elko New Market,4,4.6,5,6,5,4,4,4,4
BU,TotStock,Helena Twp.,0,0,0,0,0,0,0,0,0
BU,TotStock,Jackson Twp.,4,4.6,5,6,5,4,4,4,4
BU,TotStock,Jordan,4,4.6,5,6,5,4,4,4,4
BU,TotStock,Louisville Twp.,4,4.6,5,6,5,4,4,4,4
BU,TotStock,New Market Twp.,3,3.6,4,5,4,3,3,3,4
BU,TotStock,New Prague,0,3,5,6,5,4,4,4,4
BU,TotStock,Prior Lake,5,5.6,6,6,5,5,5,6,5
BU,TotStock,St. Lawrence Twp.,4,4.6,5,6,5,4,0,0,0
BU,TotStock,Sand Creek Twp.,4,4.6,5,6,5,4,4,4,4
BU,TotStock,Savage,5,5.6,6,6,4,6,7,7,8
BU,TotStock,Shakopee,6,6.6,7,7,5,7,8,7,9
BU,TotStock,Spring Lake Twp.,4,4.6,5,6,5,4,4,4,4
BU,TotStock,Afton,4,4.6,5,6,5,4,4,4,4
BU,TotStock,Bayport,0,3,5,6,5,4,4,4,4
BU,TotStock,Baytown Twp.,4,4.6,5,6,5,4,4,4,4
BU,TotStock,Birchwood Village,4,4.6,5,6,5,4,4,4,4
BU,TotStock,Cottage Grove,7,7,7,7,5,7,7,7,8
BU,TotStock,Dellwood,3,3.6,4,5,4,3,3,3,3
BU,TotStock,Denmark Twp.,4,4.6,5,6,5,4,4,4,4
BU,TotStock,Forest Lake,4,4.6,5,6,5,4,4,4,4
BU,TotStock,Grant,4,4.6,5,6,5,4,4,4,4
BU,TotStock,Grey Cloud Island Twp.,4,4.6,5,6,5,4,4,4,4
BU,TotStock,Hastings,4,4.6,5,6,5,4,4,4,5
BU,TotStock,Hugo,4,4.6,5,6,5,4,4,4,4
BU,TotStock,Lake Elmo,4,4.6,5,6,5,4,4,4,4
BU,TotStock,Lakeland,4,4.6,5,6,5,4,4,4,4
BU,TotStock,Lakeland Shores,0,3,5,6,5,4,4,4,4
BU,TotStock,Lake St. Croix Beach,0,3,5,6,5,4,4,4,4
BU,TotStock,Landfall,4,4.6,5,6,5,4,4,4,4
BU,TotStock,Mahtomedi,4,4.6,5,6,5,4,4,4,4
BU,TotStock,Marine on St. Croix,0,2.4,4,5,4,3,3,3,3
BU,TotStock,May Twp.,0,2.4,4,5,4,3,3,3,3
BU,TotStock,Newport,4,4.6,5,6,5,4,4,4,4
BU,TotStock,Oakdale,7,7.6,8,7,5,7,7,7,8
BU,TotStock,Oak Park Heights,3,3.6,4,5,4,3,3,3,3
BU,TotStock,Pine Springs,3,3.6,4,5,4,3,3,3,3
BU,TotStock,St. Marys Point,0,3,5,6,5,4,4,4,4
BU,TotStock,St. Paul Park,4,4.6,5,6,5,4,4,4,4
BU,TotStock,Scandia,4,4.6,5,6,5,4,4,4,4
BU,TotStock,Stillwater,4,4.6,5,6,5,4,4,4,5
BU,TotStock,Stillwater Twp.,3,3.6,4,5,4,3,3,3,3
BU,TotStock,West Lakeland Twp.,4,4.6,5,6,5,4,4,4,4
BU,TotStock,White Bear Lake,8,8.6,9,8,6,8,10,9,10
BU,TotStock,Willernie,4,4.6,5,6,5,4,4,4,4
BU,TotStock,Woodbury,8,8.6,9,8,6,8,8,9,9
BU,BCIStock,Andover,2,2,2,2,1,0,0,0,0
BU,BCIStock,Anoka,2,2,2,2,1,0,0,0,0
BU,BCIStock,Bethel,2,2,2,2,1,0,0,0,0
BU,BCIStock,Blaine,12,10.8,10,7,1,0,0,0,0
BU,BCIStock,Centerville,2,2,2,2,1,0,0,0,0
BU,BCIStock,Circle Pines,2,2,2,2,1,0,0,0,0
BU,BCIStock,Columbia Heights,7,8.2,9,6,2,0,0,0,0
BU,BCIStock,Columbus,2,2,2,2,1,0,0,0,0
BU,BCIStock,Coon Rapids,15,13.2,12,9,2,0,0,0,0
BU,BCIStock,East Bethel,2,2,2,2,1,0,0,0,0
BU,BCIStock,Fridley,5,5,5,3,1,0,0,0,0
BU,BCIStock,Ham Lake,2,2,2,2,1,0,0,0,0
BU,BCIStock,Hilltop,2,2,2,2,1,0,0,0,0
BU,BCIStock,Lexington,2,2,2,2,1,0,0,0,0
BU,BCIStock,Lino Lakes,3,3,3,2,1,0,0,0,0
BU,BCIStock,Linwood Twp.,2,2,2,2,1,0,0,0,0
BU,BCIStock,Nowthen,2,2,2,2,1,0,0,0,0
BU,BCIStock,Oak Grove,2,2,2,2,1,0,0,0,0
BU,BCIStock,Ramsey,2,2,2,2,1,0,0,0,0
BU,BCIStock,St. Francis,2,2,2,2,1,0,0,0,0
BU,BCIStock,Spring Lake Park,3,3,3,2,1,0,0,0,0
BU,BCIStock,Benton Twp.,2,2,2,2,1,0,0,0,0
BU,BCIStock,Camden Twp.,0,0,0,0,0,0,0,0,0
BU,BCIStock,Carver,2,2,2,2,1,0,0,0,0
BU,BCIStock,Chanhassen,4,4,4,3,1,0,0,0,0
BU,BCIStock,Chaska,4,4,4,3,1,0,0,0,0
BU,BCIStock,Cologne,2,2,2,2,1,0,0,0,0
BU,BCIStock,Dahlgren Twp.,2,2,2,2,1,0,0,0,0
BU,BCIStock,Hamburg,2,2,2,2,1,0,0,0,0
BU,BCIStock,Hancock Twp.,0,0,0,0,0,0,0,0,0
BU,BCIStock,Hollywood Twp.,2,2,2,2,1,0,0,0,0
BU,BCIStock,Laketown Twp.,2,2,2,2,1,0,0,0,0
BU,BCIStock,Mayer,0,1.2,2,2,1,0,0,0,0
BU,BCIStock,New Germany,0,0,0,0,0,0,0,0,0
BU,BCIStock,Norwood Young America,0,1.2,2,2,1,0,0,0,0
BU,BCIStock,San Francisco Twp.,0,1.2,2,2,1,0,0,0,0
BU,BCIStock,Victoria,2,2,2,2,1,0,0,0,0
BU,BCIStock,Waconia,2,2,2,2,1,0,0,0,0
BU,BCIStock,Waconia Twp.,2,2,2,2,1,0,0,0,0
BU,BCIStock,Watertown,2,2,2,2,1,0,0,0,0
BU,BCIStock,Watertown Twp.,2,2,2,2,1,0,0,0,0
BU,BCIStock,Young America Twp.,2,2,2,2,1,0,0,0,0
BU,BCIStock,Apple Valley,11,11.6,12,9,2,0,0,0,0
BU,BCIStock,Burnsville,18,18.6,19,13,3,0,0,0,0
BU,BCIStock,Castle Rock Twp.,2,2,2,2,1,0,0,0,0
BU,BCIStock,Coates,2,2,2,2,1,0,0,0,0
BU,BCIStock,Douglas Twp.,0,0,0,0,0,0,0,0,0
BU,BCIStock,Eagan,15,15,15,10,2,0,0,0,0
BU,BCIStock,Empire Twp.,2,2,2,2,1,0,0,0,0
BU,BCIStock,Eureka Twp.,2,2,2,2,1,0,0,0,0
BU,BCIStock,Farmington,2,2.6,3,2,1,0,0,0,0
BU,BCIStock,Greenvale Twp.,0,1.2,2,2,1,0,0,0,0
BU,BCIStock,Hampton,2,2,2,2,1,0,0,0,0
BU,BCIStock,Hampton Twp.,2,2,2,2,1,0,0,0,0
BU,BCIStock,Hastings,2,2,2,2,1,0,0,0,0
BU,BCIStock,Inver Grove Heights,11,10.4,10,6,1,0,0,0,0
BU,BCIStock,Lakeville,9,9,9,6,2,0,0,0,0
BU,BCIStock,Lilydale,2,2,2,2,1,0,0,0,0
BU,BCIStock,Marshan Twp.,2,2,2,2,1,0,0,0,0
BU,BCIStock,Mendota,2,2,2,2,1,0,0,0,0
BU,BCIStock,Mendota Heights,5,4.4,4,3,1,0,0,0,0
BU,BCIStock,Miesville,0,0,0,0,0,0,0,0,0
BU,BCIStock,New Trier,0,1.2,2,2,1,0,0,0,0
BU,BCIStock,Nininger Twp.,2,2,2,2,1,0,0,0,0
BU,BCIStock,Northfield,0,1.2,2,2,1,0,0,0,0
BU,BCIStock,Randolph,0,0,0,0,0,0,0,0,0
BU,BCIStock,Randolph Twp.,0,0,0,0,0,0,0,0,0
BU,BCIStock,Ravenna Twp.,0,0,0,0,0,0,0,0,0
BU,BCIStock,Rosemount,4,4,4,3,1,0,0,0,0
BU,BCIStock,Sciota Twp.,0,1.2,2,2,1,0,0,0,0
BU,BCIStock,South St. Paul,3,3,3,2,1,0,0,0,0
BU,BCIStock,Sunfish Lake,2,2,2,2,1,0,0,0,0
BU,BCIStock,Vermillion,0,1.2,2,2,1,0,0,0,0
BU,BCIStock,Vermillion Twp.,2,2,2,2,1,0,0,0,0
BU,BCIStock,Waterford Twp.,0,1.2,2,2,1,0,0,0,0
BU,BCIStock,West St. Paul,5,5,5,4,1,0,0,0,0
BU,BCIStock,Bloomington,16,17.8,19,14,3,0,0,0,0
BU,BCIStock,Brooklyn Center,9,9,9,6,2,0,0,0,0
BU,BCIStock,Brooklyn Park,18,18,18,13,3,0,0,0,0
BU,BCIStock,Champlin,4,4,4,3,1,0,0,0,0
BU,BCIStock,Chanhassen,4,4,4,3,1,0,0,0,0
BU,BCIStock,Corcoran,2,2,2,2,1,0,0,0,0
BU,BCIStock,Crystal,9,8.4,8,6,1,0,0,0,0
BU,BCIStock,Dayton,2,2,2,2,1,0,0,0,0
BU,BCIStock,Deephaven,2,2,2,2,1,0,0,0,0
BU,BCIStock,Eden Prairie,7,7.6,8,6,1,0,0,0,0
BU,BCIStock,Edina,16,16.6,17,13,3,0,0,0,0
BU,BCIStock,Excelsior,2,2,2,2,1,0,0,0,0
BU,BCIStock,Fort Snelling UT,7,8.2,9,7,2,0,0,0,0
BU,BCIStock,Golden Valley,9,9.6,10,7,2,0,0,0,0
BU,BCIStock,Greenfield,2,2,2,2,1,0,0,0,0
BU,BCIStock,Greenwood,2,2,2,2,1,0,0,0,0
BU,BCIStock,Hanover,2,2,2,2,1,0,0,0,0
BU,BCIStock,Hopkins,7,7.6,8,6,1,0,0,0,0
BU,BCIStock,Independence,2,2,2,2,1,0,0,0,0
BU,BCIStock,Long Lake,2,2,2,2,1,0,0,0,0
BU,BCIStock,Loretto,2,2,2,2,1,0,0,0,0
BU,BCIStock,Maple Grove,7,7.6,8,6,1,0,0,0,0
BU,BCIStock,Maple Plain,2,2,2,2,1,0,0,0,0
BU,BCIStock,Medicine Lake,2,2,2,2,1,0,0,0,0
BU,BCIStock,Medina,2,2,2,2,1,0,0,0,0
BU,BCIStock,Minneapolis,271,273.4,275,187,36,0,0,0,0
BU,BCIStock,Minnetonka,13,12.4,12,9,2,0,0,0,0
BU,BCIStock,Minnetonka Beach,2,2,2,2,1,0,0,0,0
BU,BCIStock,Minnetrista,2,2,2,2,1,0,0,0,0
BU,BCIStock,Mound,2,2.6,3,2,1,0,0,0,0
BU,BCIStock,New Hope,6,6,6,4,1,0,0,0,0
BU,BCIStock,Orono,3,3,3,2,1,0,0,0,0
BU,BCIStock,Osseo,2,2,2,2,1,0,0,0,0
BU,BCIStock,Plymouth,14,12.8,12,9,2,0,0,0,0
BU,BCIStock,Richfield,11,11.6,12,9,2,0,0,0,0
BU,BCIStock,Robbinsdale,5,5,5,4,1,0,0,0,0
BU,BCIStock,Rockford,2,2,2,2,1,0,0,0,0
BU,BCIStock,Rogers,2,2,2,2,1,0,0,0,0
BU,BCIStock,St. Anthony,3,3,3,2,1,0,0,0,0
BU,BCIStock,St. Bonifacius,2,2,2,2,1,0,0,0,0
BU,BCIStock,St. Louis Park,16,16.6,17,13,3,0,0,0,0
BU,BCIStock,Shorewood,2,2.6,3,2,1,0,0,0,0
BU,BCIStock,Spring Park,2,2,2,2,1,0,0,0,0
BU,BCIStock,Tonka Bay,2,2,2,2,1,0,0,0,0
BU,BCIStock,Wayzata,4,3.4,3,2,1,0,0,0,0
BU,BCIStock,Woodland,2,2,2,2,1,0,0,0,0
BU,BCIStock,Arden Hills,2,2.6,3,2,1,0,0,0,0
BU,BCIStock,Blaine,12,10.8,10,7,1,0,0,0,0
BU,BCIStock,Falcon Heights,4,4.6,5,4,1,0,0,0,0
BU,BCIStock,Gem Lake,2,2,2,2,1,0,0,0,0
BU,BCIStock,Lauderdale,2,2.6,3,2,1,0,0,0,0
BU,BCIStock,Little Canada,4,4,4,3,1,0,0,0,0
BU,BCIStock,Maplewood,12,12,12,9,2,0,0,0,0
BU,BCIStock,Mounds View,4,3.4,3,2,1,0,0,0,0
BU,BCIStock,New Brighton,5,5,5,4,1,0,0,0,0
BU,BCIStock,North Oaks,2,2,2,2,1,0,0,0,0
BU,BCIStock,North St. Paul,4,4,4,3,1,0,0,0,0
BU,BCIStock,Roseville,7,7,7,6,1,0,0,0,0
BU,BCIStock,St. Anthony,3,3,3,2,1,0,0,0,0
BU,BCIStock,St. Paul,72,76.2,79,56,11,0,0,0,0
BU,BCIStock,Shoreview,4,4,4,3,1,0,0,0,0
BU,BCIStock,Spring Lake Park,3,3,3,2,1,0,0,0,0
BU,BCIStock,Vadnais Heights,4,4,4,3,1,0,0,0,0
BU,BCIStock,White Bear Twp.,3,3,3,2,1,0,0,0,0
BU,BCIStock,White Bear Lake,6,6,6,4,1,0,0,0,0
BU,BCIStock,Belle Plaine,2,2,2,2,1,0,0,0,0
BU,BCIStock,Belle Plaine Twp.,2,2,2,2,1,0,0,0,0
BU,BCIStock,Blakeley Twp.,0,0,0,0,0,0,0,0,0
BU,BCIStock,Cedar Lake Twp.,2,2,2,2,1,0,0,0,0
BU,BCIStock,Credit River Twp.,2,2,2,2,1,0,0,0,0
BU,BCIStock,Elko New Market,2,2,2,2,1,0,0,0,0
BU,BCIStock,Helena Twp.,0,0,0,0,0,0,0,0,0
BU,BCIStock,Jackson Twp.,2,2,2,2,1,0,0,0,0
BU,BCIStock,Jordan,2,2,2,2,1,0,0,0,0
BU,BCIStock,Louisville Twp.,2,2,2,2,1,0,0,0,0
BU,BCIStock,New Market Twp.,2,2,2,2,1,0,0,0,0
BU,BCIStock,New Prague,0,1.2,2,2,1,0,0,0,0
BU,BCIStock,Prior Lake,3,3,3,2,1,0,0,0,0
BU,BCIStock,St. Lawrence Twp.,2,2,2,2,1,0,0,0,0
BU,BCIStock,Sand Creek Twp.,2,2,2,2,1,0,0,0,0
BU,BCIStock,Savage,4,4,4,3,1,0,0,0,0
BU,BCIStock,Shakopee,4,4,4,3,1,0,0,0,0
BU,BCIStock,Spring Lake Twp.,2,2,2,2,1,0,0,0,0
BU,BCIStock,Afton,2,2,2,2,1,0,0,0,0
BU,BCIStock,Bayport,0,1.2,2,2,1,0,0,0,0
BU,BCIStock,Baytown Twp.,2,2,2,2,1,0,0,0,0
BU,BCIStock,Birchwood Village,2,2,2,2,1,0,0,0,0
BU,BCIStock,Cottage Grove,5,4.4,4,3,1,0,0,0,0
BU,BCIStock,Dellwood,2,2,2,2,1,0,0,0,0
BU,BCIStock,Denmark Twp.,2,2,2,2,1,0,0,0,0
BU,BCIStock,Forest Lake,2,2,2,2,1,0,0,0,0
BU,BCIStock,Grant,2,2,2,2,1,0,0,0,0
BU,BCIStock,Grey Cloud Island Twp.,2,2,2,2,1,0,0,0,0
BU,BCIStock,Hastings,2,2,2,2,1,0,0,0,0
BU,BCIStock,Hugo,2,2,2,2,1,0,0,0,0
BU,BCIStock,Lake Elmo,2,2,2,2,1,0,0,0,0
BU,BCIStock,Lakeland,2,2,2,2,1,0,0,0,0
BU,BCIStock,Lakeland Shores,0,1.2,2,2,1,0,0,0,0
BU,BCIStock,Lake St. Croix Beach,0,1.2,2,2,1,0,0,0,0
BU,BCIStock,Landfall,2,2,2,2,1,0,0,0,0
BU,BCIStock,Mahtomedi,2,2,2,2,1,0,0,0,0
BU,BCIStock,Marine on St. Croix,0,1.2,2,2,1,0,0,0,0
BU,BCIStock,May Twp.,0,1.2,2,2,1,0,0,0,0
BU,BCIStock,Newport,2,2,2,2,1,0,0,0,0
BU,BCIStock,Oakdale,5,5,5,3,1,0,0,0,0
BU,BCIStock,Oak Park Heights,2,2,2,2,1,0,0,0,0
BU,BCIStock,Pine Springs,2,2,2,2,1,0,0,0,0
BU,BCIStock,St. Marys Point,0,1.2,2,2,1,0,0,0,0
BU,BCIStock,St. Paul Park,2,2,2,2,1,0,0,0,0
BU,BCIStock,Scandia,2,2,2,2,1,0,0,0,0
BU,BCIStock,Stillwater,2,2,2,2,1,0,0,0,0
BU,BCIStock,Stillwater Twp.,2,2,2,2,1,0,0,0,0
BU,BCIStock,West Lakeland Twp.,2,2,2,2,1,0,0,0,0
BU,BCIStock,White Bear Lake,6,6,6,4,1,0,0,0,0
BU,BCIStock,Willernie,2,2,2,2,1,0,0,0,0
BU,BCIStock,Woodbury,6,6,6,4,1,0,0,0,0
BU,HEVStock,Andover,2,1,1,2,2,1,1,1,1
BU,HEVStock,Anoka,2,1,1,2,2,1,1,1,1
BU,HEVStock,Bethel,2,1,1,2,2,1,1,1,1
BU,HEVStock,Blaine,3,2,2,4,5,4,2,1,1
BU,HEVStock,Centerville,2,1,1,2,2,1,1,1,1
BU,HEVStock,Circle Pines,2,1,1,2,2,1,1,1,1
BU,HEVStock,Columbia Heights,2,2,2,4,5,4,3,1,1
BU,HEVStock,Columbus,2,1,1,2,2,1,1,1,1
BU,HEVStock,Coon Rapids,3,2,2,4,5,4,2,1,1
BU,HEVStock,East Bethel,2,1,1,2,2,1,1,1,1
BU,HEVStock,Fridley,2,1,1,2,2,2,1,1,1
BU,HEVStock,Ham Lake,2,1,1,2,2,1,1,1,1
BU,HEVStock,Hilltop,2,1,1,2,2,1,1,1,1
BU,HEVStock,Lexington,2,1,1,2,2,1,1,1,1
BU,HEVStock,Lino Lakes,2,1,1,2,2,1,1,1,1
BU,HEVStock,Linwood Twp.,2,1,1,2,2,1,1,1,1
BU,HEVStock,Nowthen,2,1,1,2,2,1,1,1,1
BU,HEVStock,Oak Grove,2,1,1,2,2,1,1,1,1
BU,HEVStock,Ramsey,2,1,1,2,2,1,1,1,1
BU,HEVStock,St. Francis,2,1,1,2,2,1,1,1,1
BU,HEVStock,Spring Lake Park,2,1,1,2,2,1,1,1,1
BU,HEVStock,Benton Twp.,2,1,1,2,2,1,1,1,1
BU,HEVStock,Camden Twp.,0,0,0,0,0,0,0,0,0
BU,HEVStock,Carver,2,1,1,2,2,1,1,1,1
BU,HEVStock,Chanhassen,2,1,1,2,2,2,1,1,1
BU,HEVStock,Chaska,2,1,1,2,2,2,1,1,1
BU,HEVStock,Cologne,2,1,1,2,2,1,1,1,1
BU,HEVStock,Dahlgren Twp.,2,1,1,2,2,1,1,1,1
BU,HEVStock,Hamburg,2,1,1,2,2,1,0,0,0
BU,HEVStock,Hancock Twp.,0,0,0,0,0,0,0,0,0
BU,HEVStock,Hollywood Twp.,2,1,1,2,2,1,0,0,0
BU,HEVStock,Laketown Twp.,2,1,1,2,2,1,1,1,1
BU,HEVStock,Mayer,0,1,1,2,2,1,1,1,1
BU,HEVStock,New Germany,0,0,0,0,0,0,0,0,0
BU,HEVStock,Norwood Young America,0,1,1,2,2,1,1,1,1
BU,HEVStock,San Francisco Twp.,0,1,1,2,2,1,1,1,1
BU,HEVStock,Victoria,2,1,1,2,2,1,1,1,1
BU,HEVStock,Waconia,2,1,1,2,2,1,1,1,1
BU,HEVStock,Waconia Twp.,2,1,1,2,2,1,1,1,1
BU,HEVStock,Watertown,2,1,1,2,2,1,0,0,0
BU,HEVStock,Watertown Twp.,2,1,1,2,2,1,0,0,0
BU,HEVStock,Young America Twp.,2,1,1,2,2,1,1,1,1
BU,HEVStock,Apple Valley,3,2,2,5,6,6,3,2,2
BU,HEVStock,Burnsville,4,3,3,7,9,8,5,2,2
BU,HEVStock,Castle Rock Twp.,2,1,1,2,2,1,1,1,1
BU,HEVStock,Coates,2,1,1,2,2,1,1,1,1
BU,HEVStock,Douglas Twp.,0,0,0,0,0,0,0,0,0
BU,HEVStock,Eagan,3,2,2,5,6,6,3,2,2
BU,HEVStock,Empire Twp.,2,1,1,2,2,1,1,1,1
BU,HEVStock,Eureka Twp.,2,1,1,2,2,1,1,1,1
BU,HEVStock,Farmington,2,1,1,2,2,1,1,1,1
BU,HEVStock,Greenvale Twp.,0,1,1,2,2,1,1,1,1
BU,HEVStock,Hampton,2,1,1,2,2,1,1,1,1
BU,HEVStock,Hampton Twp.,2,1,1,2,2,1,1,1,1
BU,HEVStock,Hastings,2,1,1,2,2,1,1,1,1
BU,HEVStock,Inver Grove Heights,3,2,2,4,5,4,2,1,1
BU,HEVStock,Lakeville,3,2,2,4,5,4,2,1,1
BU,HEVStock,Lilydale,2,1,1,2,2,1,1,1,1
BU,HEVStock,Marshan Twp.,2,1,1,2,2,1,1,1,1
BU,HEVStock,Mendota,2,1,1,2,2,1,1,1,1
BU,HEVStock,Mendota Heights,2,1,1,2,2,2,1,1,1
BU,HEVStock,Miesville,0,0,0,0,0,0,0,0,0
BU,HEVStock,New Trier,0,1,1,2,2,1,1,1,1
BU,HEVStock,Nininger Twp.,2,1,1,2,2,1,1,1,1
BU,HEVStock,Northfield,0,1,1,2,2,1,1,1,1
BU,HEVStock,Randolph,0,0,0,0,0,0,0,0,0
BU,HEVStock,Randolph Twp.,0,0,0,0,0,0,0,0,0
BU,HEVStock,Ravenna Twp.,0,0,0,0,0,0,0,0,0
BU,HEVStock,Rosemount,2,1,1,2,2,2,1,1,1
BU,HEVStock,Sciota Twp.,0,1,1,2,2,1,1,1,1
BU,HEVStock,South St. Paul,2,1,1,2,2,1,1,1,1
BU,HEVStock,Sunfish Lake,2,1,1,2,2,1,1,1,1
BU,HEVStock,Vermillion,0,1,1,2,2,1,1,1,1
BU,HEVStock,Vermillion Twp.,2,1,1,2,2,1,1,1,1
BU,HEVStock,Waterford Twp.,0,1,1,2,2,1,1,1,1
BU,HEVStock,West St. Paul,2,1,1,2,3,2,2,1,1
BU,HEVStock,Bloomington,3,3,3,7,10,10,6,3,3
BU,HEVStock,Brooklyn Center,2,2,2,4,5,4,3,1,1
BU,HEVStock,Brooklyn Park,4,3,3,7,8,8,4,2,2
BU,HEVStock,Champlin,2,1,1,2,2,1,1,1,1
BU,HEVStock,Chanhassen,2,1,1,2,2,2,1,1,1
BU,HEVStock,Corcoran,2,1,1,2,2,1,1,1,1
BU,HEVStock,Crystal,2,2,2,3,4,3,2,1,1
BU,HEVStock,Dayton,2,1,1,2,2,1,1,1,1
BU,HEVStock,Deephaven,2,1,1,2,2,1,1,1,1
BU,HEVStock,Eden Prairie,2,1,1,3,4,3,2,1,1
BU,HEVStock,Edina,3,3,3,7,8,8,5,2,2
BU,HEVStock,Excelsior,2,1,1,2,2,1,1,1,1
BU,HEVStock,Fort Snelling UT,2,2,2,4,5,5,3,2,2
BU,HEVStock,Golden Valley,3,2,2,4,5,4,3,1,1
BU,HEVStock,Greenfield,2,1,1,2,2,1,1,1,1
BU,HEVStock,Greenwood,2,1,1,2,2,1,1,1,1
BU,HEVStock,Hanover,2,1,1,2,2,1,1,1,1
BU,HEVStock,Hopkins,2,1,1,3,4,3,2,1,1
BU,HEVStock,Independence,2,1,1,2,2,1,1,1,1
BU,HEVStock,Long Lake,2,1,1,2,2,1,1,1,1
BU,HEVStock,Loretto,2,1,1,2,2,1,1,1,1
BU,HEVStock,Maple Grove,2,1,1,3,3,3,2,1,1
BU,HEVStock,Maple Plain,2,1,1,2,2,1,1,1,1
BU,HEVStock,Medicine Lake,2,1,1,2,2,1,1,1,1
BU,HEVStock,Medina,2,1,1,2,2,1,1,1,1
BU,HEVStock,Minneapolis,47,43,40,92,123,122,71,27,27
BU,HEVStock,Minnetonka,3,2,2,5,5,5,3,1,1
BU,HEVStock,Minnetonka Beach,2,1,1,2,2,1,1,1,1
BU,HEVStock,Minnetrista,2,1,1,2,2,1,1,1,1
BU,HEVStock,Mound,2,1,1,2,2,1,1,1,1
BU,HEVStock,New Hope,2,1,1,2,3,2,2,1,1
BU,HEVStock,Orono,2,1,1,2,2,1,1,1,1
BU,HEVStock,Osseo,2,1,1,2,2,1,1,1,1
BU,HEVStock,Plymouth,3,2,2,5,5,5,3,1,1
BU,HEVStock,Richfield,3,2,2,5,6,6,4,2,2
BU,HEVStock,Robbinsdale,2,1,1,2,3,3,2,1,1
BU,HEVStock,Rockford,2,1,1,2,2,1,0,0,0
BU,HEVStock,Rogers,2,1,1,2,2,1,1,1,1
BU,HEVStock,St. Anthony,2,1,1,2,2,1,1,1,1
BU,HEVStock,St. Bonifacius,2,1,1,2,2,1,1,1,1
BU,HEVStock,St. Louis Park,3,3,3,7,8,8,5,2,2
BU,HEVStock,Shorewood,2,1,1,2,2,1,1,1,1
BU,HEVStock,Spring Park,2,1,1,2,2,1,1,1,1
BU,HEVStock,Tonka Bay,2,1,1,2,2,1,1,1,1
BU,HEVStock,Wayzata,2,1,1,2,2,1,1,1,1
BU,HEVStock,Woodland,2,1,1,2,2,1,1,1,1
BU,HEVStock,Arden Hills,2,1,1,2,2,1,1,1,1
BU,HEVStock,Blaine,3,2,2,4,5,4,2,1,1
BU,HEVStock,Falcon Heights,2,1,1,2,3,3,2,1,1
BU,HEVStock,Gem Lake,2,1,1,2,2,1,1,1,1
BU,HEVStock,Lauderdale,2,1,1,2,2,1,1,1,1
BU,HEVStock,Little Canada,2,1,1,2,2,2,1,1,1
BU,HEVStock,Maplewood,3,2,2,5,6,6,4,2,2
BU,HEVStock,Mounds View,2,1,1,2,2,1,1,1,1
BU,HEVStock,New Brighton,2,1,1,2,3,2,2,1,1
BU,HEVStock,North Oaks,2,1,1,2,2,1,1,1,1
BU,HEVStock,North St. Paul,2,1,1,2,2,2,1,1,1
BU,HEVStock,Roseville,2,1,1,3,4,3,2,1,1
BU,HEVStock,St. Anthony,2,1,1,2,2,1,1,1,1
BU,HEVStock,St. Paul,13,12,12,28,38,39,23,9,9
BU,HEVStock,Shoreview,2,1,1,2,2,2,1,1,1
BU,HEVStock,Spring Lake Park,2,1,1,2,2,1,1,1,1
BU,HEVStock,Vadnais Heights,2,1,1,2,2,2,1,1,1
BU,HEVStock,White Bear Twp.,2,1,1,2,2,1,1,1,1
BU,HEVStock,White Bear Lake,2,1,1,2,3,3,2,1,1
BU,HEVStock,Belle Plaine,2,1,1,2,2,1,1,1,1
BU,HEVStock,Belle Plaine Twp.,2,1,1,2,2,1,1,1,1
BU,HEVStock,Blakeley Twp.,0,0,0,0,0,0,0,0,0
BU,HEVStock,Cedar Lake Twp.,2,1,1,2,2,1,1,1,1
BU,HEVStock,Credit River Twp.,2,1,1,2,2,1,1,1,1
BU,HEVStock,Elko New Market,2,1,1,2,2,1,1,1,1
BU,HEVStock,Helena Twp.,0,0,0,0,0,0,0,0,0
BU,HEVStock,Jackson Twp.,2,1,1,2,2,1,1,1,1
BU,HEVStock,Jordan,2,1,1,2,2,1,1,1,1
BU,HEVStock,Louisville Twp.,2,1,1,2,2,1,1,1,1
BU,HEVStock,New Market Twp.,2,1,1,2,2,1,1,1,1
BU,HEVStock,New Prague,0,1,1,2,2,1,1,1,1
BU,HEVStock,Prior Lake,2,1,1,2,2,1,1,1,1
BU,HEVStock,St. Lawrence Twp.,2,1,1,2,2,1,0,0,0
BU,HEVStock,Sand Creek Twp.,2,1,1,2,2,1,1,1,1
BU,HEVStock,Savage,2,1,1,2,2,2,1,1,1
BU,HEVStock,Shakopee,2,1,1,2,2,2,1,1,1
BU,HEVStock,Spring Lake Twp.,2,1,1,2,2,1,1,1,1
BU,HEVStock,Afton,2,1,1,2,2,1,1,1,1
BU,HEVStock,Bayport,0,1,1,2,2,1,1,1,1
BU,HEVStock,Baytown Twp.,2,1,1,2,2,1,1,1,1
BU,HEVStock,Birchwood Village,2,1,1,2,2,1,1,1,1
BU,HEVStock,Cottage Grove,2,1,1,2,2,2,1,1,1
BU,HEVStock,Dellwood,2,1,1,2,2,1,1,1,1
BU,HEVStock,Denmark Twp.,2,1,1,2,2,1,1,1,1
BU,HEVStock,Forest Lake,2,1,1,2,2,1,1,1,1
BU,HEVStock,Grant,2,1,1,2,2,1,1,1,1
BU,HEVStock,Grey Cloud Island Twp.,2,1,1,2,2,1,1,1,1
BU,HEVStock,Hastings,2,1,1,2,2,1,1,1,1
BU,HEVStock,Hugo,2,1,1,2,2,1,1,1,1
BU,HEVStock,Lake Elmo,2,1,1,2,2,1,1,1,1
BU,HEVStock,Lakeland,2,1,1,2,2,1,1,1,1
BU,HEVStock,Lakeland Shores,0,1,1,2,2,1,1,1,1
BU,HEVStock,Lake St. Croix Beach,0,1,1,2,2,1,1,1,1
BU,HEVStock,Landfall,2,1,1,2,2,1,1,1,1
BU,HEVStock,Mahtomedi,2,1,1,2,2,1,1,1,1
BU,HEVStock,Marine on St. Croix,0,1,1,2,2,1,1,1,1
BU,HEVStock,May Twp.,0,1,1,2,2,1,1,1,1
BU,HEVStock,Newport,2,1,1,2,2,1,1,1,1
BU,HEVStock,Oakdale,2,1,1,2,2,2,1,1,1
BU,HEVStock,Oak Park Heights,2,1,1,2,2,1,1,1,1
BU,HEVStock,Pine Springs,2,1,1,2,2,1,1,1,1
BU,HEVStock,St. Marys Point,0,1,1,2,2,1,1,1,1
BU,HEVStock,St. Paul Park,2,1,1,2,2,1,1,1,1
BU,HEVStock,Scandia,2,1,1,2,2,1,1,1,1
BU,HEVStock,Stillwater,2,1,1,2,2,1,1,1,1
BU,HEVStock,Stillwater Twp.,2,1,1,2,2,1,1,1,1
BU,HEVStock,West Lakeland Twp.,2,1,1,2,2,1,1,1,1
BU,HEVStock,White Bear Lake,2,1,1,2,3,3,2,1,1
BU,HEVStock,Willernie,2,1,1,2,2,1,1,1,1
BU,HEVStock,Woodbury,2,1,1,2,3,2,2,1,1
BU,BEVStock,Andover,0,0.6,1,2,2,2,2,2,2
BU,BEVStock,Anoka,0,0.6,1,2,2,2,2,2,2
BU,BEVStock,Bethel,0,0.6,1,2,2,2,2,2,2
BU,BEVStock,Blaine,0,0.6,1,3,6,7,8,9,8
BU,BEVStock,Centerville,0,0.6,1,2,2,2,2,2,2
BU,BEVStock,Circle Pines,0,0.6,1,2,2,2,2,2,2
BU,BEVStock,Columbia Heights,0,0.6,1,3,6,8,10,14,16
BU,BEVStock,Columbus,0,0.6,1,2,2,2,2,2,2
BU,BEVStock,Coon Rapids,0,0.6,1,3,7,8,10,11,11
BU,BEVStock,East Bethel,0,0.6,1,2,2,2,2,2,2
BU,BEVStock,Fridley,0,0.6,1,2,3,4,5,6,6
BU,BEVStock,Ham Lake,0,0.6,1,2,2,2,2,2,2
BU,BEVStock,Hilltop,0,0.6,1,2,2,2,2,2,3
BU,BEVStock,Lexington,0,0.6,1,2,2,2,2,2,2
BU,BEVStock,Lino Lakes,0,0.6,1,2,2,2,2,2,3
BU,BEVStock,Linwood Twp.,0,0.6,1,2,2,2,2,2,2
BU,BEVStock,Nowthen,0,0.6,1,2,2,2,2,2,2
BU,BEVStock,Oak Grove,0,0.6,1,2,2,2,2,2,2
BU,BEVStock,Ramsey,0,0.6,1,2,2,2,2,2,2
BU,BEVStock,St. Francis,0,0.6,1,2,2,2,2,2,2
BU,BEVStock,Spring Lake Park,0,0.6,1,2,2,3,3,4,4
BU,BEVStock,Benton Twp.,0,0.6,1,2,2,2,2,2,2
BU,BEVStock,Camden Twp.,0,0,0,0,0,0,0,0,0
BU,BEVStock,Carver,0,0.6,1,2,2,2,2,2,3
BU,BEVStock,Chanhassen,0,0.6,1,2,3,3,4,4,4
BU,BEVStock,Chaska,0,0.6,1,2,3,3,4,4,5
BU,BEVStock,Cologne,0,0.6,1,2,2,2,2,2,2
BU,BEVStock,Dahlgren Twp.,0,0.6,1,2,2,2,2,2,3
BU,BEVStock,Hamburg,0,0.6,1,2,2,2,0,0,0
BU,BEVStock,Hancock Twp.,0,0,0,0,0,0,0,0,0
BU,BEVStock,Hollywood Twp.,0,0.6,1,2,2,2,0,0,0
BU,BEVStock,Laketown Twp.,0,0.6,1,2,2,2,2,2,2
BU,BEVStock,Mayer,0,0.6,1,2,2,2,2,2,2
BU,BEVStock,New Germany,0,0,0,0,0,0,0,0,0
BU,BEVStock,Norwood Young America,0,0.6,1,2,2,2,2,2,2
BU,BEVStock,San Francisco Twp.,0,0.6,1,2,2,2,2,2,2
BU,BEVStock,Victoria,0,0.6,1,2,2,2,2,2,2
BU,BEVStock,Waconia,0,0.6,1,2,2,2,2,2,2
BU,BEVStock,Waconia Twp.,0,0.6,1,2,2,2,2,2,2
BU,BEVStock,Watertown,0,0.6,1,2,2,2,0,0,0
BU,BEVStock,Watertown Twp.,0,0.6,1,2,2,2,0,0,0
BU,BEVStock,Young America Twp.,0,0.6,1,2,2,2,2,2,2
BU,BEVStock,Apple Valley,0,0.6,1,3,8,11,15,18,20
BU,BEVStock,Burnsville,0,0.6,1,4,12,16,21,26,30
BU,BEVStock,Castle Rock Twp.,0,0.6,1,2,2,2,2,2,2
BU,BEVStock,Coates,0,0.6,1,2,2,2,2,2,2
BU,BEVStock,Douglas Twp.,0,0,0,0,0,0,0,0,0
BU,BEVStock,Eagan,0,0.6,1,3,9,11,15,17,19
BU,BEVStock,Empire Twp.,0,0.6,1,2,2,2,2,2,2
BU,BEVStock,Eureka Twp.,0,0.6,1,2,2,2,2,2,2
BU,BEVStock,Farmington,0,0.6,1,2,2,3,3,4,3
BU,BEVStock,Greenvale Twp.,0,0.6,1,2,2,2,2,2,2
BU,BEVStock,Hampton,0,0.6,1,2,2,2,2,2,2
BU,BEVStock,Hampton Twp.,0,0.6,1,2,2,2,2,2,2
BU,BEVStock,Hastings,0,0.6,1,2,2,2,2,2,3
BU,BEVStock,Inver Grove Heights,0,0.6,1,3,6,7,9,11,11
BU,BEVStock,Lakeville,0,0.6,1,3,6,7,10,11,12
BU,BEVStock,Lilydale,0,0.6,1,2,2,2,2,2,2
BU,BEVStock,Marshan Twp.,0,0.6,1,2,2,2,2,2,2
BU,BEVStock,Mendota,0,0.6,1,2,2,2,2,2,2
BU,BEVStock,Mendota Heights,0,0.6,1,2,3,3,4,4,4
BU,BEVStock,Miesville,0,0,0,0,0,0,0,0,0
BU,BEVStock,New Trier,0,0.6,1,2,2,2,2,2,2
BU,BEVStock,Nininger Twp.,0,0.6,1,2,2,2,2,2,2
BU,BEVStock,Northfield,0,0.6,1,2,2,2,2,2,2
BU,BEVStock,Randolph,0,0,0,0,0,0,0,0,0
BU,BEVStock,Randolph Twp.,0,0,0,0,0,0,0,0,0
BU,BEVStock,Ravenna Twp.,0,0,0,0,0,0,0,0,0
BU,BEVStock,Rosemount,0,0.6,1,2,3,3,4,5,6
BU,BEVStock,Sciota Twp.,0,0.6,1,2,2,2,2,2,2
BU,BEVStock,South St. Paul,0,0.6,1,2,2,3,3,4,4
BU,BEVStock,Sunfish Lake,0,0.6,1,2,2,2,2,2,2
BU,BEVStock,Vermillion,0,0.6,1,2,2,2,2,2,2
BU,BEVStock,Vermillion Twp.,0,0.6,1,2,2,2,2,2,2
BU,BEVStock,Waterford Twp.,0,0.6,1,2,2,2,2,2,2
BU,BEVStock,West St. Paul,0,0.6,1,2,4,4,7,8,8
BU,BEVStock,Bloomington,0,0.6,1,5,14,19,27,35,42
BU,BEVStock,Brooklyn Center,0,0.6,1,3,6,8,10,13,15
BU,BEVStock,Brooklyn Park,0,0.6,1,4,11,15,18,24,26
BU,BEVStock,Champlin,0,0.6,1,2,3,3,3,3,3
BU,BEVStock,Chanhassen,0,0.6,1,2,3,3,4,4,4
BU,BEVStock,Corcoran,0,0.6,1,2,2,2,2,2,2
BU,BEVStock,Crystal,0,0.6,1,3,6,7,8,9,11
BU,BEVStock,Dayton,0,0.6,1,2,2,2,2,2,2
BU,BEVStock,Deephaven,0,0.6,1,2,2,2,2,2,2
BU,BEVStock,Eden Prairie,0,0.6,1,3,6,7,9,11,12
BU,BEVStock,Edina,0,0.6,1,4,12,16,21,27,31
BU,BEVStock,Excelsior,0,0.6,1,2,2,2,2,2,2
BU,BEVStock,Fort Snelling UT,0,0.6,1,3,7,10,13,17,20
BU,BEVStock,Golden Valley,0,0.6,1,3,6,8,10,13,14
BU,BEVStock,Greenfield,0,0.6,1,2,2,2,2,2,2
BU,BEVStock,Greenwood,0,0.6,1,2,2,2,2,2,2
BU,BEVStock,Hanover,0,0.6,1,2,2,2,2,2,2
BU,BEVStock,Hopkins,0,0.6,1,3,6,7,8,11,12
BU,BEVStock,Independence,0,0.6,1,2,2,2,2,2,2
BU,BEVStock,Long Lake,0,0.6,1,2,2,2,2,2,2
BU,BEVStock,Loretto,0,0.6,1,2,2,2,2,2,2
BU,BEVStock,Maple Grove,0,0.6,1,2,5,6,8,9,10
BU,BEVStock,Maple Plain,0,0.6,1,2,2,2,2,2,2
BU,BEVStock,Medicine Lake,0,0.6,1,2,2,2,2,2,2
BU,BEVStock,Medina,0,0.6,1,2,2,2,2,2,2
BU,BEVStock,Minneapolis,0,1.8,3,46,179,236,316,400,452
BU,BEVStock,Minnetonka,0,0.6,1,3,8,10,12,14,15
BU,BEVStock,Minnetonka Beach,0,0.6,1,2,2,2,2,2,2
BU,BEVStock,Minnetrista,0,0.6,1,2,2,2,2,2,2
BU,BEVStock,Mound,0,0.6,1,2,2,2,2,2,2
BU,BEVStock,New Hope,0,0.6,1,2,4,4,5,7,7
BU,BEVStock,Orono,0,0.6,1,2,2,2,2,2,2
BU,BEVStock,Osseo,0,0.6,1,2,2,2,2,2,2
BU,BEVStock,Plymouth,0,0.6,1,3,8,10,12,13,15
BU,BEVStock,Richfield,0,0.6,1,3,8,11,15,20,23
BU,BEVStock,Robbinsdale,0,0.6,1,2,4,6,7,8,10
BU,BEVStock,Rockford,0,0.6,1,2,2,2,0,0,0
BU,BEVStock,Rogers,0,0.6,1,2,2,2,2,2,2
BU,BEVStock,St. Anthony,0,0.6,1,2,2,3,3,4,4
BU,BEVStock,St. Bonifacius,0,0.6,1,2,2,2,2,2,2
BU,BEVStock,St. Louis Park,0,0.6,1,4,12,16,22,28,31
BU,BEVStock,Shorewood,0,0.6,1,2,2,2,2,2,2
BU,BEVStock,Spring Park,0,0.6,1,2,2,2,2,2,2
BU,BEVStock,Tonka Bay,0,0.6,1,2,2,2,2,2,2
BU,BEVStock,Wayzata,0,0.6,1,2,2,2,2,2,3
BU,BEVStock,Woodland,0,0.6,1,2,2,2,2,2,2
BU,BEVStock,Arden Hills,0,0.6,1,2,2,2,2,3,3
BU,BEVStock,Blaine,0,0.6,1,3,6,7,8,9,8
BU,BEVStock,Falcon Heights,0,0.6,1,2,4,5,7,9,10
BU,BEVStock,Gem Lake,0,0.6,1,2,2,2,2,2,3
BU,BEVStock,Lauderdale,0,0.6,1,2,2,3,4,5,6
BU,BEVStock,Little Canada,0,0.6,1,2,3,3,5,6,6
BU,BEVStock,Maplewood,0,0.6,1,3,8,11,15,19,22
BU,BEVStock,Mounds View,0,0.6,1,2,2,3,3,3,3
BU,BEVStock,New Brighton,0,0.6,1,2,4,4,5,7,8
BU,BEVStock,North Oaks,0,0.6,1,2,2,2,2,2,2
BU,BEVStock,North St. Paul,0,0.6,1,2,3,4,5,6,7
BU,BEVStock,Roseville,0,0.6,1,2,6,7,8,11,12
BU,BEVStock,St. Anthony,0,0.6,1,2,2,3,3,4,4
BU,BEVStock,St. Paul,0,0.6,1,14,55,74,102,132,154
BU,BEVStock,Shoreview,0,0.6,1,2,3,3,4,4,4
BU,BEVStock,Spring Lake Park,0,0.6,1,2,2,3,3,4,4
BU,BEVStock,Vadnais Heights,0,0.6,1,2,3,3,5,5,6
BU,BEVStock,White Bear Twp.,0,0.6,1,2,2,3,3,4,3
BU,BEVStock,White Bear Lake,0,0.6,1,2,4,6,7,8,8
BU,BEVStock,Belle Plaine,0,0.6,1,2,2,2,2,2,2
BU,BEVStock,Belle Plaine Twp.,0,0.6,1,2,2,2,2,2,2
BU,BEVStock,Blakeley Twp.,0,0,0,0,0,0,0,0,0
BU,BEVStock,Cedar Lake Twp.,0,0.6,1,2,2,2,2,2,2
BU,BEVStock,Credit River Twp.,0,0.6,1,2,2,2,2,2,2
BU,BEVStock,Elko New Market,0,0.6,1,2,2,2,2,2,2
BU,BEVStock,Helena Twp.,0,0,0,0,0,0,0,0,0
BU,BEVStock,Jackson Twp.,0,0.6,1,2,2,2,2,2,2
BU,BEVStock,Jordan,0,0.6,1,2,2,2,2,2,2
BU,BEVStock,Louisville Twp.,0,0.6,1,2,2,2,2,2,2
BU,BEVStock,New Market Twp.,0,0.6,1,2,2,2,2,2,3
BU,BEVStock,New Prague,0,0.6,1,2,2,2,2,2,2
BU,BEVStock,Prior Lake,0,0.6,1,2,2,3,3,4,3
BU,BEVStock,St. Lawrence Twp.,0,0.6,1,2,2,2,0,0,0
BU,BEVStock,Sand Creek Twp.,0,0.6,1,2,2,2,2,2,2
BU,BEVStock,Savage,0,0.6,1,2,3,4,5,6,7
BU,BEVStock,Shakopee,0,0.6,1,2,3,4,5,6,7
BU,BEVStock,Spring Lake Twp.,0,0.6,1,2,2,2,2,2,2
BU,BEVStock,Afton,0,0.6,1,2,2,2,2,2,2
BU,BEVStock,Bayport,0,0.6,1,2,2,2,2,2,2
BU,BEVStock,Baytown Twp.,0,0.6,1,2,2,2,2,2,2
BU,BEVStock,Birchwood Village,0,0.6,1,2,2,2,2,2,2
BU,BEVStock,Cottage Grove,0,0.6,1,2,3,4,5,6,6
BU,BEVStock,Dellwood,0,0.6,1,2,2,2,2,2,2
BU,BEVStock,Denmark Twp.,0,0.6,1,2,2,2,2,2,2
BU,BEVStock,Forest Lake,0,0.6,1,2,2,2,2,2,2
BU,BEVStock,Grant,0,0.6,1,2,2,2,2,2,2
BU,BEVStock,Grey Cloud Island Twp.,0,0.6,1,2,2,2,2,2,2
BU,BEVStock,Hastings,0,0.6,1,2,2,2,2,2,3
BU,BEVStock,Hugo,0,0.6,1,2,2,2,2,2,2
BU,BEVStock,Lake Elmo,0,0.6,1,2,2,2,2,2,2
BU,BEVStock,Lakeland,0,0.6,1,2,2,2,2,2,2
BU,BEVStock,Lakeland Shores,0,0.6,1,2,2,2,2,2,2
BU,BEVStock,Lake St. Croix Beach,0,0.6,1,2,2,2,2,2,2
BU,BEVStock,Landfall,0,0.6,1,2,2,2,2,2,2
BU,BEVStock,Mahtomedi,0,0.6,1,2,2,2,2,2,2
BU,BEVStock,Marine on St. Croix,0,0.6,1,2,2,2,2,2,2
BU,BEVStock,May Twp.,0,0.6,1,2,2,2,2,2,2
BU,BEVStock,Newport,0,0.6,1,2,2,2,2,2,2
BU,BEVStock,Oakdale,0,0.6,1,2,3,4,5,6,6
BU,BEVStock,Oak Park Heights,0,0.6,1,2,2,2,2,2,2
BU,BEVStock,Pine Springs,0,0.6,1,2,2,2,2,2,2
BU,BEVStock,St. Marys Point,0,0.6,1,2,2,2,2,2,2
BU,BEVStock,St. Paul Park,0,0.6,1,2,2,2,2,2,2
BU,BEVStock,Scandia,0,0.6,1,2,2,2,2,2,2
BU,BEVStock,Stillwater,0,0.6,1,2,2,2,2,2,3
BU,BEVStock,Stillwater Twp.,0,0.6,1,2,2,2,2,2,2
BU,BEVStock,West Lakeland Twp.,0,0.6,1,2,2,2,2,2,2
BU,BEVStock,White Bear Lake,0,0.6,1,2,4,6,7,8,8
BU,BEVStock,Willernie,0,0.6,1,2,2,2,2,2,2
BU,BEVStock,Woodbury,0,0.6,1,2,4,4,5,7,7
BU,TotExist,Andover,2,2,2,3,3,2,2,2,2
BU,TotExist,Anoka,2,2,2,3,3,2,2,2,2
BU,TotExist,Bethel,2,2,2,3,3,2,2,2,2
BU,TotExist,Blaine,7,8.8,10,8,6,9,7,5,7
BU,TotExist,Centerville,2,2,2,3,3,2,2,2,2
BU,TotExist,Circle Pines,2,2,2,3,3,2,2,2,2
BU,TotExist,Columbia Heights,4,7,9,7,7,10,9,8,13
BU,TotExist,Columbus,2,2,2,3,3,2,2,2,2
BU,TotExist,Coon Rapids,9,10.8,12,9,7,10,8,7,9
BU,TotExist,East Bethel,2,2,2,3,3,2,2,2,2
BU,TotExist,Fridley,3,4.2,5,4,3,5,5,3,5
BU,TotExist,Ham Lake,2,2,2,3,3,2,2,2,2
BU,TotExist,Hilltop,2,2,2,3,3,2,2,2,3
BU,TotExist,Lexington,2,2,2,3,3,2,2,2,2
BU,TotExist,Lino Lakes,2,2.6,3,3,3,3,2,2,3
BU,TotExist,Linwood Twp.,2,2,2,3,3,2,2,2,2
BU,TotExist,Nowthen,2,2,2,3,3,2,2,2,2
BU,TotExist,Oak Grove,2,2,2,3,3,2,2,2,2
BU,TotExist,Ramsey,2,2,2,3,3,2,2,2,2
BU,TotExist,St. Francis,2,2,2,3,3,2,2,2,2
BU,TotExist,Spring Lake Park,2,2.6,3,3,3,3,3,3,4
BU,TotExist,Benton Twp.,2,2,2,3,3,2,2,2,2
BU,TotExist,Camden Twp.,0,0,0,0,0,0,0,0,0
BU,TotExist,Carver,2,2,2,3,3,2,2,2,3
BU,TotExist,Chanhassen,3,3.6,4,4,3,3,3,3,4
BU,TotExist,Chaska,3,3.6,4,4,3,3,3,3,4
BU,TotExist,Cologne,2,2,2,3,3,2,2,2,2
BU,TotExist,Dahlgren Twp.,2,2,2,3,3,2,2,2,3
BU,TotExist,Hamburg,2,2,2,3,3,2,0,0,0
BU,TotExist,Hancock Twp.,0,0,0,0,0,0,0,0,0
BU,TotExist,Hollywood Twp.,2,2,2,3,3,2,0,0,0
BU,TotExist,Laketown Twp.,2,2,2,3,3,2,2,2,2
BU,TotExist,Mayer,0,1.2,2,3,3,2,2,2,2
BU,TotExist,New Germany,0,0,0,0,0,0,0,0,0
BU,TotExist,Norwood Young America,0,1.2,2,3,3,2,2,2,2
BU,TotExist,San Francisco Twp.,0,1.2,2,3,3,2,2,2,2
BU,TotExist,Victoria,2,2,2,3,3,2,2,2,2
BU,TotExist,Waconia,2,2,2,3,3,2,2,2,2
BU,TotExist,Waconia Twp.,2,2,2,3,3,2,2,2,2
BU,TotExist,Watertown,2,2,2,3,3,2,0,0,0
BU,TotExist,Watertown Twp.,2,2,2,3,3,2,0,0,0
BU,TotExist,Young America Twp.,2,2,2,3,3,2,2,2,2
BU,TotExist,Apple Valley,7,10,12,9,8,13,12,10,17
BU,TotExist,Burnsville,11,15.8,19,13,12,20,18,14,24
BU,TotExist,Castle Rock Twp.,2,2,2,3,3,2,2,2,2
BU,TotExist,Coates,2,2,2,3,3,2,2,2,2
BU,TotExist,Douglas Twp.,0,0,0,0,0,0,0,0,0
BU,TotExist,Eagan,9,12,14,10,9,14,12,9,16
BU,TotExist,Empire Twp.,2,2,2,3,3,2,2,2,2
BU,TotExist,Eureka Twp.,2,2,2,3,3,2,2,2,2
BU,TotExist,Farmington,2,2.6,3,3,3,3,3,2,3
BU,TotExist,Greenvale Twp.,0,1.2,2,3,3,2,2,2,2
BU,TotExist,Hampton,2,2,2,3,3,2,2,2,2
BU,TotExist,Hampton Twp.,2,2,2,3,3,2,2,2,2
BU,TotExist,Hastings,2,2,2,3,3,2,2,2,3
BU,TotExist,Inver Grove Heights,7,8.8,10,7,6,9,8,6,9
BU,TotExist,Lakeville,6,7.8,9,7,7,9,8,7,10
BU,TotExist,Lilydale,2,2,2,3,3,2,2,2,2
BU,TotExist,Marshan Twp.,2,2,2,3,3,2,2,2,2
BU,TotExist,Mendota,2,2,2,3,3,2,2,2,2
BU,TotExist,Mendota Heights,3,3.6,4,4,3,4,3,3,4
BU,TotExist,Miesville,0,0,0,0,0,0,0,0,0
BU,TotExist,New Trier,0,1.2,2,3,3,2,2,2,2
BU,TotExist,Nininger Twp.,2,2,2,3,3,2,2,2,2
BU,TotExist,Northfield,0,1.2,2,3,3,2,2,2,2
BU,TotExist,Randolph,0,0,0,0,0,0,0,0,0
BU,TotExist,Randolph Twp.,0,0,0,0,0,0,0,0,0
BU,TotExist,Ravenna Twp.,0,0,0,0,0,0,0,0,0
BU,TotExist,Rosemount,3,3.6,4,4,3,4,3,3,5
BU,TotExist,Sciota Twp.,0,1.2,2,3,3,2,2,2,2
BU,TotExist,South St. Paul,2,2.6,3,3,3,3,3,3,4
BU,TotExist,Sunfish Lake,2,2,2,3,3,2,2,2,2
BU,TotExist,Vermillion,0,1.2,2,3,3,2,2,2,2
BU,TotExist,Vermillion Twp.,2,2,2,3,3,2,2,2,2
BU,TotExist,Waterford Twp.,0,1.2,2,3,3,2,2,2,2
BU,TotExist,West St. Paul,3,4.2,5,5,4,6,5,4,7
BU,TotExist,Bloomington,9,15,19,14,13,24,23,19,34
BU,TotExist,Brooklyn Center,5,7.4,9,7,7,10,9,7,12
BU,TotExist,Brooklyn Park,11,15.2,18,13,11,19,16,13,21
BU,TotExist,Champlin,3,3.6,4,4,3,3,2,2,3
BU,TotExist,Chanhassen,3,3.6,4,4,3,3,3,3,4
BU,TotExist,Corcoran,2,2,2,3,3,2,2,2,2
BU,TotExist,Crystal,5,6.8,8,6,5,8,7,5,8
BU,TotExist,Dayton,2,2,2,3,3,2,2,2,2
BU,TotExist,Deephaven,2,2,2,3,3,2,2,2,2
BU,TotExist,Eden Prairie,4,5.8,7,6,5,9,8,7,10
BU,TotExist,Edina,9,13.8,17,13,11,20,18,14,25
BU,TotExist,Excelsior,2,2,2,3,3,2,2,2,2
BU,TotExist,Fort Snelling UT,4,7,9,8,7,12,11,9,17
BU,TotExist,Golden Valley,6,8.4,10,8,7,10,9,7,11
BU,TotExist,Greenfield,2,2,2,3,3,2,2,2,2
BU,TotExist,Greenwood,2,2,2,3,3,2,2,2,2
BU,TotExist,Hanover,2,2,2,3,3,2,2,2,2
BU,TotExist,Hopkins,4,5.8,7,6,5,9,8,6,10
BU,TotExist,Independence,2,2,2,3,3,2,2,2,2
BU,TotExist,Long Lake,2,2,2,3,3,2,2,2,2
BU,TotExist,Loretto,2,2,2,3,3,2,2,2,2
BU,TotExist,Maple Grove,4,5.8,7,6,5,7,6,5,8
BU,TotExist,Maple Plain,2,2,2,3,3,2,2,2,2
BU,TotExist,Medicine Lake,2,2,2,3,3,2,2,2,2
BU,TotExist,Medina,2,2,2,3,3,2,2,2,2
BU,TotExist,Minneapolis,153,223.8,271,178,160,299,263,209,365
BU,TotExist,Minnetonka,8,10.4,12,9,7,12,10,8,12
BU,TotExist,Minnetonka Beach,2,2,2,3,3,2,2,2,2
BU,TotExist,Minnetrista,2,2,2,3,3,2,2,2,2
BU,TotExist,Mound,2,2.6,3,3,3,2,2,2,2
BU,TotExist,New Hope,4,5.2,6,5,4,6,5,4,6
BU,TotExist,Orono,2,2.6,3,3,3,2,2,2,2
BU,TotExist,Osseo,2,2,2,3,3,2,2,2,2
BU,TotExist,Plymouth,8,10.4,12,9,7,12,10,8,12
BU,TotExist,Richfield,7,10,12,9,8,14,13,10,19
BU,TotExist,Robbinsdale,3,4.2,5,5,4,6,6,5,8
BU,TotExist,Rockford,2,2,2,3,3,2,0,0,0
BU,TotExist,Rogers,2,2,2,3,3,2,2,2,2
BU,TotExist,St. Anthony,2,2.6,3,3,3,3,3,3,4
BU,TotExist,St. Bonifacius,2,2,2,3,3,2,2,2,2
BU,TotExist,St. Louis Park,9,13.8,17,13,11,20,18,15,25
BU,TotExist,Shorewood,2,2.6,3,3,3,2,2,2,2
BU,TotExist,Spring Park,2,2,2,3,3,2,2,2,2
BU,TotExist,Tonka Bay,2,2,2,3,3,2,2,2,2
BU,TotExist,Wayzata,3,3,3,3,3,3,2,2,3
BU,TotExist,Woodland,2,2,2,3,3,2,2,2,2
BU,TotExist,Arden Hills,2,2.6,3,3,3,3,2,2,3
BU,TotExist,Blaine,7,8.8,10,8,6,9,7,5,7
BU,TotExist,Falcon Heights,3,4.2,5,5,4,6,6,5,8
BU,TotExist,Gem Lake,2,2,2,3,3,2,2,2,3
BU,TotExist,Lauderdale,2,2.6,3,3,3,3,3,3,5
BU,TotExist,Little Canada,3,3.6,4,4,3,4,4,3,5
BU,TotExist,Maplewood,7,10,12,9,8,14,13,10,18
BU,TotExist,Mounds View,3,3,3,3,3,3,2,2,3
BU,TotExist,New Brighton,3,4.2,5,5,4,6,5,4,7
BU,TotExist,North Oaks,2,2,2,3,3,2,2,2,2
BU,TotExist,North St. Paul,3,3.6,4,4,3,5,5,4,6
BU,TotExist,Roseville,4,5.8,7,6,5,8,8,7,10
BU,TotExist,St. Anthony,2,2.6,3,3,3,3,3,3,4
BU,TotExist,St. Paul,41,63.2,78,53,49,94,86,69,124
BU,TotExist,Shoreview,3,3.6,4,4,3,3,3,3,4
BU,TotExist,Spring Lake Park,2,2.6,3,3,3,3,3,3,4
BU,TotExist,Vadnais Heights,3,3.6,4,4,3,4,3,3,5
BU,TotExist,White Bear Twp.,2,2.6,3,3,3,3,3,2,3
BU,TotExist,White Bear Lake,4,5.2,6,5,4,6,6,4,7
BU,TotExist,Belle Plaine,2,2,2,3,3,2,2,2,2
BU,TotExist,Belle Plaine Twp.,2,2,2,3,3,2,2,2,2
BU,TotExist,Blakeley Twp.,0,0,0,0,0,0,0,0,0
BU,TotExist,Cedar Lake Twp.,2,2,2,3,3,2,2,2,2
BU,TotExist,Credit River Twp.,2,2,2,3,3,2,2,2,2
BU,TotExist,Elko New Market,2,2,2,3,3,2,2,2,2
BU,TotExist,Helena Twp.,0,0,0,0,0,0,0,0,0
BU,TotExist,Jackson Twp.,2,2,2,3,3,2,2,2,2
BU,TotExist,Jordan,2,2,2,3,3,2,2,2,2
BU,TotExist,Louisville Twp.,2,2,2,3,3,2,2,2,2
BU,TotExist,New Market Twp.,2,2,2,3,3,2,2,2,3
BU,TotExist,New Prague,0,1.2,2,3,3,2,2,2,2
BU,TotExist,Prior Lake,2,2.6,3,3,3,3,3,3,3
BU,TotExist,St. Lawrence Twp.,2,2,2,3,3,2,0,0,0
BU,TotExist,Sand Creek Twp.,2,2,2,3,3,2,2,2,2
BU,TotExist,Savage,3,3.6,4,4,3,5,5,4,6
BU,TotExist,Shakopee,3,3.6,4,4,3,5,5,3,6
BU,TotExist,Spring Lake Twp.,2,2,2,3,3,2,2,2,2
BU,TotExist,Afton,2,2,2,3,3,2,2,2,2
BU,TotExist,Bayport,0,1.2,2,3,3,2,2,2,2
BU,TotExist,Baytown Twp.,2,2,2,3,3,2,2,2,2
BU,TotExist,Birchwood Village,2,2,2,3,3,2,2,2,2
BU,TotExist,Cottage Grove,3,3.6,4,4,3,5,4,3,5
BU,TotExist,Dellwood,2,2,2,3,3,2,2,2,2
BU,TotExist,Denmark Twp.,2,2,2,3,3,2,2,2,2
BU,TotExist,Forest Lake,2,2,2,3,3,2,2,2,2
BU,TotExist,Grant,2,2,2,3,3,2,2,2,2
BU,TotExist,Grey Cloud Island Twp.,2,2,2,3,3,2,2,2,2
BU,TotExist,Hastings,2,2,2,3,3,2,2,2,3
BU,TotExist,Hugo,2,2,2,3,3,2,2,2,2
BU,TotExist,Lake Elmo,2,2,2,3,3,2,2,2,2
BU,TotExist,Lakeland,2,2,2,3,3,2,2,2,2
BU,TotExist,Lakeland Shores,0,1.2,2,3,3,2,2,2,2
BU,TotExist,Lake St. Croix Beach,0,1.2,2,3,3,2,2,2,2
BU,TotExist,Landfall,2,2,2,3,3,2,2,2,2
BU,TotExist,Mahtomedi,2,2,2,3,3,2,2,2,2
BU,TotExist,Marine on St. Croix,0,1.2,2,3,3,2,2,2,2
BU,TotExist,May Twp.,0,1.2,2,3,3,2,2,2,2
BU,TotExist,Newport,2,2,2,3,3,2,2,2,2
BU,TotExist,Oakdale,3,4.2,5,4,3,5,4,3,5
BU,TotExist,Oak Park Heights,2,2,2,3,3,2,2,2,2
BU,TotExist,Pine Springs,2,2,2,3,3,2,2,2,2
BU,TotExist,St. Marys Point,0,1.2,2,3,3,2,2,2,2
BU,TotExist,St. Paul Park,2,2,2,3,3,2,2,2,2
BU,TotExist,Scandia,2,2,2,3,3,2,2,2,2
BU,TotExist,Stillwater,2,2,2,3,3,2,2,2,3
BU,TotExist,Stillwater Twp.,2,2,2,3,3,2,2,2,2
BU,TotExist,West Lakeland Twp.,2,2,2,3,3,2,2,2,2
BU,TotExist,White Bear Lake,4,5.2,6,5,4,6,6,4,7
BU,TotExist,Willernie,2,2,2,3,3,2,2,2,2
BU,TotExist,Woodbury,4,5.2,6,5,4,6,5,4,6
BU,BCIExist,Andover,1,1,1,1,1,0,0,0,0
BU,BCIExist,Anoka,1,1,1,1,1,0,0,0,0
BU,BCIExist,Bethel,1,1,1,1,1,0,0,0,0
BU,BCIExist,Blaine,5,6.8,8,5,1,0,0,0,0
BU,BCIExist,Centerville,1,1,1,1,1,0,0,0,0
BU,BCIExist,Circle Pines,1,1,1,1,1,0,0,0,0
BU,BCIExist,Columbia Heights,3,5.4,7,4,2,0,0,0,0
BU,BCIExist,Columbus,1,1,1,1,1,0,0,0,0
BU,BCIExist,Coon Rapids,7,8.8,10,6,2,0,0,0,0
BU,BCIExist,East Bethel,1,1,1,1,1,0,0,0,0
BU,BCIExist,Fridley,2,3.2,4,2,1,0,0,0,0
BU,BCIExist,Ham Lake,1,1,1,1,1,0,0,0,0
BU,BCIExist,Hilltop,1,1,1,1,1,0,0,0,0
BU,BCIExist,Lexington,1,1,1,1,1,0,0,0,0
BU,BCIExist,Lino Lakes,1,1.6,2,1,1,0,0,0,0
BU,BCIExist,Linwood Twp.,1,1,1,1,1,0,0,0,0
BU,BCIExist,Nowthen,1,1,1,1,1,0,0,0,0
BU,BCIExist,Oak Grove,1,1,1,1,1,0,0,0,0
BU,BCIExist,Ramsey,1,1,1,1,1,0,0,0,0
BU,BCIExist,St. Francis,1,1,1,1,1,0,0,0,0
BU,BCIExist,Spring Lake Park,1,1.6,2,1,1,0,0,0,0
BU,BCIExist,Benton Twp.,1,1,1,1,1,0,0,0,0
BU,BCIExist,Camden Twp.,0,0,0,0,0,0,0,0,0
BU,BCIExist,Carver,1,1,1,1,1,0,0,0,0
BU,BCIExist,Chanhassen,2,2.6,3,2,1,0,0,0,0
BU,BCIExist,Chaska,2,2.6,3,2,1,0,0,0,0
BU,BCIExist,Cologne,1,1,1,1,1,0,0,0,0
BU,BCIExist,Dahlgren Twp.,1,1,1,1,1,0,0,0,0
BU,BCIExist,Hamburg,1,1,1,1,1,0,0,0,0
BU,BCIExist,Hancock Twp.,0,0,0,0,0,0,0,0,0
BU,BCIExist,Hollywood Twp.,1,1,1,1,1,0,0,0,0
BU,BCIExist,Laketown Twp.,1,1,1,1,1,0,0,0,0
BU,BCIExist,Mayer,0,0.6,1,1,1,0,0,0,0
BU,BCIExist,New Germany,0,0,0,0,0,0,0,0,0
BU,BCIExist,Norwood Young America,0,0.6,1,1,1,0,0,0,0
BU,BCIExist,San Francisco Twp.,0,0.6,1,1,1,0,0,0,0
BU,BCIExist,Victoria,1,1,1,1,1,0,0,0,0
BU,BCIExist,Waconia,1,1,1,1,1,0,0,0,0
BU,BCIExist,Waconia Twp.,1,1,1,1,1,0,0,0,0
BU,BCIExist,Watertown,1,1,1,1,1,0,0,0,0
BU,BCIExist,Watertown Twp.,1,1,1,1,1,0,0,0,0
BU,BCIExist,Young America Twp.,1,1,1,1,1,0,0,0,0
BU,BCIExist,Apple Valley,5,8,10,6,2,0,0,0,0
BU,BCIExist,Burnsville,8,12.8,16,9,3,0,0,0,0
BU,BCIExist,Castle Rock Twp.,1,1,1,1,1,0,0,0,0
BU,BCIExist,Coates,1,1,1,1,1,0,0,0,0
BU,BCIExist,Douglas Twp.,0,0,0,0,0,0,0,0,0
BU,BCIExist,Eagan,7,10,12,7,2,0,0,0,0
BU,BCIExist,Empire Twp.,1,1,1,1,1,0,0,0,0
BU,BCIExist,Eureka Twp.,1,1,1,1,1,0,0,0,0
BU,BCIExist,Farmington,1,1.6,2,1,1,0,0,0,0
BU,BCIExist,Greenvale Twp.,0,0.6,1,1,1,0,0,0,0
BU,BCIExist,Hampton,1,1,1,1,1,0,0,0,0
BU,BCIExist,Hampton Twp.,1,1,1,1,1,0,0,0,0
BU,BCIExist,Hastings,1,1,1,1,1,0,0,0,0
BU,BCIExist,Inver Grove Heights,5,6.8,8,4,1,0,0,0,0
BU,BCIExist,Lakeville,4,5.8,7,4,2,0,0,0,0
BU,BCIExist,Lilydale,1,1,1,1,1,0,0,0,0
BU,BCIExist,Marshan Twp.,1,1,1,1,1,0,0,0,0
BU,BCIExist,Mendota,1,1,1,1,1,0,0,0,0
BU,BCIExist,Mendota Heights,2,2.6,3,2,1,0,0,0,0
BU,BCIExist,Miesville,0,0,0,0,0,0,0,0,0
BU,BCIExist,New Trier,0,0.6,1,1,1,0,0,0,0
BU,BCIExist,Nininger Twp.,1,1,1,1,1,0,0,0,0
BU,BCIExist,Northfield,0,0.6,1,1,1,0,0,0,0
BU,BCIExist,Randolph,0,0,0,0,0,0,0,0,0
BU,BCIExist,Randolph Twp.,0,0,0,0,0,0,0,0,0
BU,BCIExist,Ravenna Twp.,0,0,0,0,0,0,0,0,0
BU,BCIExist,Rosemount,2,2.6,3,2,1,0,0,0,0
BU,BCIExist,Sciota Twp.,0,0.6,1,1,1,0,0,0,0
BU,BCIExist,South St. Paul,1,1.6,2,1,1,0,0,0,0
BU,BCIExist,Sunfish Lake,1,1,1,1,1,0,0,0,0
BU,BCIExist,Vermillion,0,0.6,1,1,1,0,0,0,0
BU,BCIExist,Vermillion Twp.,1,1,1,1,1,0,0,0,0
BU,BCIExist,Waterford Twp.,0,0.6,1,1,1,0,0,0,0
BU,BCIExist,West St. Paul,2,3.2,4,3,1,0,0,0,0
BU,BCIExist,Bloomington,7,12.4,16,10,3,0,0,0,0
BU,BCIExist,Brooklyn Center,4,5.8,7,4,2,0,0,0,0
BU,BCIExist,Brooklyn Park,8,12.2,15,9,3,0,0,0,0
BU,BCIExist,Champlin,2,2.6,3,2,1,0,0,0,0
BU,BCIExist,Chanhassen,2,2.6,3,2,1,0,0,0,0
BU,BCIExist,Corcoran,1,1,1,1,1,0,0,0,0
BU,BCIExist,Crystal,4,5.2,6,4,1,0,0,0,0
BU,BCIExist,Dayton,1,1,1,1,1,0,0,0,0
BU,BCIExist,Deephaven,1,1,1,1,1,0,0,0,0
BU,BCIExist,Eden Prairie,3,4.8,6,4,1,0,0,0,0
BU,BCIExist,Edina,7,11.2,14,9,3,0,0,0,0
BU,BCIExist,Excelsior,1,1,1,1,1,0,0,0,0
BU,BCIExist,Fort Snelling UT,3,5.4,7,5,2,0,0,0,0
BU,BCIExist,Golden Valley,4,6.4,8,5,2,0,0,0,0
BU,BCIExist,Greenfield,1,1,1,1,1,0,0,0,0
BU,BCIExist,Greenwood,1,1,1,1,1,0,0,0,0
BU,BCIExist,Hanover,1,1,1,1,1,0,0,0,0
BU,BCIExist,Hopkins,3,4.8,6,4,1,0,0,0,0
BU,BCIExist,Independence,1,1,1,1,1,0,0,0,0
BU,BCIExist,Long Lake,1,1,1,1,1,0,0,0,0
BU,BCIExist,Loretto,1,1,1,1,1,0,0,0,0
BU,BCIExist,Maple Grove,3,4.8,6,4,1,0,0,0,0
BU,BCIExist,Maple Plain,1,1,1,1,1,0,0,0,0
BU,BCIExist,Medicine Lake,1,1,1,1,1,0,0,0,0
BU,BCIExist,Medina,1,1,1,1,1,0,0,0,0
BU,BCIExist,Minneapolis,120,186.6,231,135,36,0,0,0,0
BU,BCIExist,Minnetonka,6,8.4,10,6,2,0,0,0,0
BU,BCIExist,Minnetonka Beach,1,1,1,1,1,0,0,0,0
BU,BCIExist,Minnetrista,1,1,1,1,1,0,0,0,0
BU,BCIExist,Mound,1,1.6,2,1,1,0,0,0,0
BU,BCIExist,New Hope,3,4.2,5,3,1,0,0,0,0
BU,BCIExist,Orono,1,1.6,2,1,1,0,0,0,0
BU,BCIExist,Osseo,1,1,1,1,1,0,0,0,0
BU,BCIExist,Plymouth,6,8.4,10,6,2,0,0,0,0
BU,BCIExist,Richfield,5,8,10,6,2,0,0,0,0
BU,BCIExist,Robbinsdale,2,3.2,4,3,1,0,0,0,0
BU,BCIExist,Rockford,1,1,1,1,1,0,0,0,0
BU,BCIExist,Rogers,1,1,1,1,1,0,0,0,0
BU,BCIExist,St. Anthony,1,1.6,2,1,1,0,0,0,0
BU,BCIExist,St. Bonifacius,1,1,1,1,1,0,0,0,0
BU,BCIExist,St. Louis Park,7,11.2,14,9,3,0,0,0,0
BU,BCIExist,Shorewood,1,1.6,2,1,1,0,0,0,0
BU,BCIExist,Spring Park,1,1,1,1,1,0,0,0,0
BU,BCIExist,Tonka Bay,1,1,1,1,1,0,0,0,0
BU,BCIExist,Wayzata,2,2,2,1,1,0,0,0,0
BU,BCIExist,Woodland,1,1,1,1,1,0,0,0,0
BU,BCIExist,Arden Hills,1,1.6,2,1,1,0,0,0,0
BU,BCIExist,Blaine,5,6.8,8,5,1,0,0,0,0
BU,BCIExist,Falcon Heights,2,3.2,4,3,1,0,0,0,0
BU,BCIExist,Gem Lake,1,1,1,1,1,0,0,0,0
BU,BCIExist,Lauderdale,1,1.6,2,1,1,0,0,0,0
BU,BCIExist,Little Canada,2,2.6,3,2,1,0,0,0,0
BU,BCIExist,Maplewood,5,8,10,6,2,0,0,0,0
BU,BCIExist,Mounds View,2,2,2,1,1,0,0,0,0
BU,BCIExist,New Brighton,2,3.2,4,3,1,0,0,0,0
BU,BCIExist,North Oaks,1,1,1,1,1,0,0,0,0
BU,BCIExist,North St. Paul,2,2.6,3,2,1,0,0,0,0
BU,BCIExist,Roseville,3,4.8,6,4,1,0,0,0,0
BU,BCIExist,St. Anthony,1,1.6,2,1,1,0,0,0,0
BU,BCIExist,St. Paul,32,52.4,66,40,11,0,0,0,0
BU,BCIExist,Shoreview,2,2.6,3,2,1,0,0,0,0
BU,BCIExist,Spring Lake Park,1,1.6,2,1,1,0,0,0,0
BU,BCIExist,Vadnais Heights,2,2.6,3,2,1,0,0,0,0
BU,BCIExist,White Bear Twp.,1,1.6,2,1,1,0,0,0,0
BU,BCIExist,White Bear Lake,3,4.2,5,3,1,0,0,0,0
BU,BCIExist,Belle Plaine,1,1,1,1,1,0,0,0,0
BU,BCIExist,Belle Plaine Twp.,1,1,1,1,1,0,0,0,0
BU,BCIExist,Blakeley Twp.,0,0,0,0,0,0,0,0,0
BU,BCIExist,Cedar Lake Twp.,1,1,1,1,1,0,0,0,0
BU,BCIExist,Credit River Twp.,1,1,1,1,1,0,0,0,0
BU,BCIExist,Elko New Market,1,1,1,1,1,0,0,0,0
BU,BCIExist,Helena Twp.,0,0,0,0,0,0,0,0,0
BU,BCIExist,Jackson Twp.,1,1,1,1,1,0,0,0,0
BU,BCIExist,Jordan,1,1,1,1,1,0,0,0,0
BU,BCIExist,Louisville Twp.,1,1,1,1,1,0,0,0,0
BU,BCIExist,New Market Twp.,1,1,1,1,1,0,0,0,0
BU,BCIExist,New Prague,0,0.6,1,1,1,0,0,0,0
BU,BCIExist,Prior Lake,1,1.6,2,1,1,0,0,0,0
BU,BCIExist,St. Lawrence Twp.,1,1,1,1,1,0,0,0,0
BU,BCIExist,Sand Creek Twp.,1,1,1,1,1,0,0,0,0
BU,BCIExist,Savage,2,2.6,3,2,1,0,0,0,0
BU,BCIExist,Shakopee,2,2.6,3,2,1,0,0,0,0
BU,BCIExist,Spring Lake Twp.,1,1,1,1,1,0,0,0,0
BU,BCIExist,Afton,1,1,1,1,1,0,0,0,0
BU,BCIExist,Bayport,0,0.6,1,1,1,0,0,0,0
BU,BCIExist,Baytown Twp.,1,1,1,1,1,0,0,0,0
BU,BCIExist,Birchwood Village,1,1,1,1,1,0,0,0,0
BU,BCIExist,Cottage Grove,2,2.6,3,2,1,0,0,0,0
BU,BCIExist,Dellwood,1,1,1,1,1,0,0,0,0
BU,BCIExist,Denmark Twp.,1,1,1,1,1,0,0,0,0
BU,BCIExist,Forest Lake,1,1,1,1,1,0,0,0,0
BU,BCIExist,Grant,1,1,1,1,1,0,0,0,0
BU,BCIExist,Grey Cloud Island Twp.,1,1,1,1,1,0,0,0,0
BU,BCIExist,Hastings,1,1,1,1,1,0,0,0,0
BU,BCIExist,Hugo,1,1,1,1,1,0,0,0,0
BU,BCIExist,Lake Elmo,1,1,1,1,1,0,0,0,0
BU,BCIExist,Lakeland,1,1,1,1,1,0,0,0,0
BU,BCIExist,Lakeland Shores,0,0.6,1,1,1,0,0,0,0
BU,BCIExist,Lake St. Croix Beach,0,0.6,1,1,1,0,0,0,0
BU,BCIExist,Landfall,1,1,1,1,1,0,0,0,0
BU,BCIExist,Mahtomedi,1,1,1,1,1,0,0,0,0
BU,BCIExist,Marine on St. Croix,0,0.6,1,1,1,0,0,0,0
BU,BCIExist,May Twp.,0,0.6,1,1,1,0,0,0,0
BU,BCIExist,Newport,1,1,1,1,1,0,0,0,0
BU,BCIExist,Oakdale,2,3.2,4,2,1,0,0,0,0
BU,BCIExist,Oak Park Heights,1,1,1,1,1,0,0,0,0
BU,BCIExist,Pine Springs,1,1,1,1,1,0,0,0,0
BU,BCIExist,St. Marys Point,0,0.6,1,1,1,0,0,0,0
BU,BCIExist,St. Paul Park,1,1,1,1,1,0,0,0,0
BU,BCIExist,Scandia,1,1,1,1,1,0,0,0,0
BU,BCIExist,Stillwater,1,1,1,1,1,0,0,0,0
BU,BCIExist,Stillwater Twp.,1,1,1,1,1,0,0,0,0
BU,BCIExist,West Lakeland Twp.,1,1,1,1,1,0,0,0,0
BU,BCIExist,White Bear Lake,3,4.2,5,3,1,0,0,0,0
BU,BCIExist,Willernie,1,1,1,1,1,0,0,0,0
BU,BCIExist,Woodbury,3,4.2,5,3,1,0,0,0,0
BU,HEVExist,Andover,1,1,1,1,1,1,1,1,1
BU,HEVExist,Anoka,1,1,1,1,1,1,1,1,1
BU,HEVExist,Bethel,1,1,1,1,1,1,1,1,1
BU,HEVExist,Blaine,2,2,2,2,3,4,2,1,1
BU,HEVExist,Centerville,1,1,1,1,1,1,1,1,1
BU,HEVExist,Circle Pines,1,1,1,1,1,1,1,1,1
BU,HEVExist,Columbia Heights,1,1.6,2,2,3,4,3,1,1
BU,HEVExist,Columbus,1,1,1,1,1,1,1,1,1
BU,HEVExist,Coon Rapids,2,2,2,2,3,4,2,1,1
BU,HEVExist,East Bethel,1,1,1,1,1,1,1,1,1
BU,HEVExist,Fridley,1,1,1,1,1,2,1,1,1
BU,HEVExist,Ham Lake,1,1,1,1,1,1,1,1,1
BU,HEVExist,Hilltop,1,1,1,1,1,1,1,1,1
BU,HEVExist,Lexington,1,1,1,1,1,1,1,1,1
BU,HEVExist,Lino Lakes,1,1,1,1,1,1,1,1,1
BU,HEVExist,Linwood Twp.,1,1,1,1,1,1,1,1,1
BU,HEVExist,Nowthen,1,1,1,1,1,1,1,1,1
BU,HEVExist,Oak Grove,1,1,1,1,1,1,1,1,1
BU,HEVExist,Ramsey,1,1,1,1,1,1,1,1,1
BU,HEVExist,St. Francis,1,1,1,1,1,1,1,1,1
BU,HEVExist,Spring Lake Park,1,1,1,1,1,1,1,1,1
BU,HEVExist,Benton Twp.,1,1,1,1,1,1,1,1,1
BU,HEVExist,Camden Twp.,0,0,0,0,0,0,0,0,0
BU,HEVExist,Carver,1,1,1,1,1,1,1,1,1
BU,HEVExist,Chanhassen,1,1,1,1,1,2,1,1,1
BU,HEVExist,Chaska,1,1,1,1,1,2,1,1,1
BU,HEVExist,Cologne,1,1,1,1,1,1,1,1,1
BU,HEVExist,Dahlgren Twp.,1,1,1,1,1,1,1,1,1
BU,HEVExist,Hamburg,1,1,1,1,1,1,0,0,0
BU,HEVExist,Hancock Twp.,0,0,0,0,0,0,0,0,0
BU,HEVExist,Hollywood Twp.,1,1,1,1,1,1,0,0,0
BU,HEVExist,Laketown Twp.,1,1,1,1,1,1,1,1,1
BU,HEVExist,Mayer,0,0.6,1,1,1,1,1,1,1
BU,HEVExist,New Germany,0,0,0,0,0,0,0,0,0
BU,HEVExist,Norwood Young America,0,0.6,1,1,1,1,1,1,1
BU,HEVExist,San Francisco Twp.,0,0.6,1,1,1,1,1,1,1
BU,HEVExist,Victoria,1,1,1,1,1,1,1,1,1
BU,HEVExist,Waconia,1,1,1,1,1,1,1,1,1
BU,HEVExist,Waconia Twp.,1,1,1,1,1,1,1,1,1
BU,HEVExist,Watertown,1,1,1,1,1,1,0,0,0
BU,HEVExist,Watertown Twp.,1,1,1,1,1,1,0,0,0
BU,HEVExist,Young America Twp.,1,1,1,1,1,1,1,1,1
BU,HEVExist,Apple Valley,2,2,2,2,4,6,3,2,2
BU,HEVExist,Burnsville,3,3,3,3,6,8,5,2,2
BU,HEVExist,Castle Rock Twp.,1,1,1,1,1,1,1,1,1
BU,HEVExist,Coates,1,1,1,1,1,1,1,1,1
BU,HEVExist,Douglas Twp.,0,0,0,0,0,0,0,0,0
BU,HEVExist,Eagan,2,2,2,2,4,6,3,2,2
BU,HEVExist,Empire Twp.,1,1,1,1,1,1,1,1,1
BU,HEVExist,Eureka Twp.,1,1,1,1,1,1,1,1,1
BU,HEVExist,Farmington,1,1,1,1,1,1,1,1,1
BU,HEVExist,Greenvale Twp.,0,0.6,1,1,1,1,1,1,1
BU,HEVExist,Hampton,1,1,1,1,1,1,1,1,1
BU,HEVExist,Hampton Twp.,1,1,1,1,1,1,1,1,1
BU,HEVExist,Hastings,1,1,1,1,1,1,1,1,1
BU,HEVExist,Inver Grove Heights,2,2,2,2,3,4,2,1,1
BU,HEVExist,Lakeville,2,2,2,2,3,4,2,1,1
BU,HEVExist,Lilydale,1,1,1,1,1,1,1,1,1
BU,HEVExist,Marshan Twp.,1,1,1,1,1,1,1,1,1
BU,HEVExist,Mendota,1,1,1,1,1,1,1,1,1
BU,HEVExist,Mendota Heights,1,1,1,1,1,2,1,1,1
BU,HEVExist,Miesville,0,0,0,0,0,0,0,0,0
BU,HEVExist,New Trier,0,0.6,1,1,1,1,1,1,1
BU,HEVExist,Nininger Twp.,1,1,1,1,1,1,1,1,1
BU,HEVExist,Northfield,0,0.6,1,1,1,1,1,1,1
BU,HEVExist,Randolph,0,0,0,0,0,0,0,0,0
BU,HEVExist,Randolph Twp.,0,0,0,0,0,0,0,0,0
BU,HEVExist,Ravenna Twp.,0,0,0,0,0,0,0,0,0
BU,HEVExist,Rosemount,1,1,1,1,1,2,1,1,1
BU,HEVExist,Sciota Twp.,0,0.6,1,1,1,1,1,1,1
BU,HEVExist,South St. Paul,1,1,1,1,1,1,1,1,1
BU,HEVExist,Sunfish Lake,1,1,1,1,1,1,1,1,1
BU,HEVExist,Vermillion,0,0.6,1,1,1,1,1,1,1
BU,HEVExist,Vermillion Twp.,1,1,1,1,1,1,1,1,1
BU,HEVExist,Waterford Twp.,0,0.6,1,1,1,1,1,1,1
BU,HEVExist,West St. Paul,1,1,1,1,2,2,2,1,1
BU,HEVExist,Bloomington,2,2.6,3,3,6,10,6,3,3
BU,HEVExist,Brooklyn Center,1,1.6,2,2,3,4,3,1,1
BU,HEVExist,Brooklyn Park,3,3,3,3,5,8,4,2,2
BU,HEVExist,Champlin,1,1,1,1,1,1,1,1,1
BU,HEVExist,Chanhassen,1,1,1,1,1,2,1,1,1
BU,HEVExist,Corcoran,1,1,1,1,1,1,1,1,1
BU,HEVExist,Crystal,1,1.6,2,1,2,3,2,1,1
BU,HEVExist,Dayton,1,1,1,1,1,1,1,1,1
BU,HEVExist,Deephaven,1,1,1,1,1,1,1,1,1
BU,HEVExist,Eden Prairie,1,1,1,1,2,3,2,1,1
BU,HEVExist,Edina,2,2.6,3,3,5,8,5,2,2
BU,HEVExist,Excelsior,1,1,1,1,1,1,1,1,1
BU,HEVExist,Fort Snelling UT,1,1.6,2,2,3,5,3,2,2
BU,HEVExist,Golden Valley,2,2,2,2,3,4,3,1,1
BU,HEVExist,Greenfield,1,1,1,1,1,1,1,1,1
BU,HEVExist,Greenwood,1,1,1,1,1,1,1,1,1
BU,HEVExist,Hanover,1,1,1,1,1,1,1,1,1
BU,HEVExist,Hopkins,1,1,1,1,2,3,2,1,1
BU,HEVExist,Independence,1,1,1,1,1,1,1,1,1
BU,HEVExist,Long Lake,1,1,1,1,1,1,1,1,1
BU,HEVExist,Loretto,1,1,1,1,1,1,1,1,1
BU,HEVExist,Maple Grove,1,1,1,1,2,3,2,1,1
BU,HEVExist,Maple Plain,1,1,1,1,1,1,1,1,1
BU,HEVExist,Medicine Lake,1,1,1,1,1,1,1,1,1
BU,HEVExist,Medina,1,1,1,1,1,1,1,1,1
BU,HEVExist,Minneapolis,33,37.2,40,40,78,122,71,27,27
BU,HEVExist,Minnetonka,2,2,2,2,3,5,3,1,1
BU,HEVExist,Minnetonka Beach,1,1,1,1,1,1,1,1,1
BU,HEVExist,Minnetrista,1,1,1,1,1,1,1,1,1
BU,HEVExist,Mound,1,1,1,1,1,1,1,1,1
BU,HEVExist,New Hope,1,1,1,1,2,2,2,1,1
BU,HEVExist,Orono,1,1,1,1,1,1,1,1,1
BU,HEVExist,Osseo,1,1,1,1,1,1,1,1,1
BU,HEVExist,Plymouth,2,2,2,2,3,5,3,1,1
BU,HEVExist,Richfield,2,2,2,2,4,6,4,2,2
BU,HEVExist,Robbinsdale,1,1,1,1,2,3,2,1,1
BU,HEVExist,Rockford,1,1,1,1,1,1,0,0,0
BU,HEVExist,Rogers,1,1,1,1,1,1,1,1,1
BU,HEVExist,St. Anthony,1,1,1,1,1,1,1,1,1
BU,HEVExist,St. Bonifacius,1,1,1,1,1,1,1,1,1
BU,HEVExist,St. Louis Park,2,2.6,3,3,5,8,5,2,2
BU,HEVExist,Shorewood,1,1,1,1,1,1,1,1,1
BU,HEVExist,Spring Park,1,1,1,1,1,1,1,1,1
BU,HEVExist,Tonka Bay,1,1,1,1,1,1,1,1,1
BU,HEVExist,Wayzata,1,1,1,1,1,1,1,1,1
BU,HEVExist,Woodland,1,1,1,1,1,1,1,1,1
BU,HEVExist,Arden Hills,1,1,1,1,1,1,1,1,1
BU,HEVExist,Blaine,2,2,2,2,3,4,2,1,1
BU,HEVExist,Falcon Heights,1,1,1,1,2,3,2,1,1
BU,HEVExist,Gem Lake,1,1,1,1,1,1,1,1,1
BU,HEVExist,Lauderdale,1,1,1,1,1,1,1,1,1
BU,HEVExist,Little Canada,1,1,1,1,1,2,1,1,1
BU,HEVExist,Maplewood,2,2,2,2,4,6,4,2,2
BU,HEVExist,Mounds View,1,1,1,1,1,1,1,1,1
BU,HEVExist,New Brighton,1,1,1,1,2,2,2,1,1
BU,HEVExist,North Oaks,1,1,1,1,1,1,1,1,1
BU,HEVExist,North St. Paul,1,1,1,1,1,2,1,1,1
BU,HEVExist,Roseville,1,1,1,1,2,3,2,1,1
BU,HEVExist,St. Anthony,1,1,1,1,1,1,1,1,1
BU,HEVExist,St. Paul,9,10.8,12,12,24,39,23,9,9
BU,HEVExist,Shoreview,1,1,1,1,1,2,1,1,1
BU,HEVExist,Spring Lake Park,1,1,1,1,1,1,1,1,1
BU,HEVExist,Vadnais Heights,1,1,1,1,1,2,1,1,1
BU,HEVExist,White Bear Twp.,1,1,1,1,1,1,1,1,1
BU,HEVExist,White Bear Lake,1,1,1,1,2,3,2,1,1
BU,HEVExist,Belle Plaine,1,1,1,1,1,1,1,1,1
BU,HEVExist,Belle Plaine Twp.,1,1,1,1,1,1,1,1,1
BU,HEVExist,Blakeley Twp.,0,0,0,0,0,0,0,0,0
BU,HEVExist,Cedar Lake Twp.,1,1,1,1,1,1,1,1,1
BU,HEVExist,Credit River Twp.,1,1,1,1,1,1,1,1,1
BU,HEVExist,Elko New Market,1,1,1,1,1,1,1,1,1
BU,HEVExist,Helena Twp.,0,0,0,0,0,0,0,0,0
BU,HEVExist,Jackson Twp.,1,1,1,1,1,1,1,1,1
BU,HEVExist,Jordan,1,1,1,1,1,1,1,1,1
BU,HEVExist,Louisville Twp.,1,1,1,1,1,1,1,1,1
BU,HEVExist,New Market Twp.,1,1,1,1,1,1,1,1,1
BU,HEVExist,New Prague,0,0.6,1,1,1,1,1,1,1
BU,HEVExist,Prior Lake,1,1,1,1,1,1,1,1,1
BU,HEVExist,St. Lawrence Twp.,1,1,1,1,1,1,0,0,0
BU,HEVExist,Sand Creek Twp.,1,1,1,1,1,1,1,1,1
BU,HEVExist,Savage,1,1,1,1,1,2,1,1,1
BU,HEVExist,Shakopee,1,1,1,1,1,2,1,1,1
BU,HEVExist,Spring Lake Twp.,1,1,1,1,1,1,1,1,1
BU,HEVExist,Afton,1,1,1,1,1,1,1,1,1
BU,HEVExist,Bayport,0,0.6,1,1,1,1,1,1,1
BU,HEVExist,Baytown Twp.,1,1,1,1,1,1,1,1,1
BU,HEVExist,Birchwood Village,1,1,1,1,1,1,1,1,1
BU,HEVExist,Cottage Grove,1,1,1,1,1,2,1,1,1
BU,HEVExist,Dellwood,1,1,1,1,1,1,1,1,1
BU,HEVExist,Denmark Twp.,1,1,1,1,1,1,1,1,1
BU,HEVExist,Forest Lake,1,1,1,1,1,1,1,1,1
BU,HEVExist,Grant,1,1,1,1,1,1,1,1,1
BU,HEVExist,Grey Cloud Island Twp.,1,1,1,1,1,1,1,1,1
BU,HEVExist,Hastings,1,1,1,1,1,1,1,1,1
BU,HEVExist,Hugo,1,1,1,1,1,1,1,1,1
BU,HEVExist,Lake Elmo,1,1,1,1,1,1,1,1,1
BU,HEVExist,Lakeland,1,1,1,1,1,1,1,1,1
BU,HEVExist,Lakeland Shores,0,0.6,1,1,1,1,1,1,1
BU,HEVExist,Lake St. Croix Beach,0,0.6,1,1,1,1,1,1,1
BU,HEVExist,Landfall,1,1,1,1,1,1,1,1,1
BU,HEVExist,Mahtomedi,1,1,1,1,1,1,1,1,1
BU,HEVExist,Marine on St. Croix,0,0.6,1,1,1,1,1,1,1
BU,HEVExist,May Twp.,0,0.6,1,1,1,1,1,1,1
BU,HEVExist,Newport,1,1,1,1,1,1,1,1,1
BU,HEVExist,Oakdale,1,1,1,1,1,2,1,1,1
BU,HEVExist,Oak Park Heights,1,1,1,1,1,1,1,1,1
BU,HEVExist,Pine Springs,1,1,1,1,1,1,1,1,1
BU,HEVExist,St. Marys Point,0,0.6,1,1,1,1,1,1,1
BU,HEVExist,St. Paul Park,1,1,1,1,1,1,1,1,1
BU,HEVExist,Scandia,1,1,1,1,1,1,1,1,1
BU,HEVExist,Stillwater,1,1,1,1,1,1,1,1,1
BU,HEVExist,Stillwater Twp.,1,1,1,1,1,1,1,1,1
BU,HEVExist,West Lakeland Twp.,1,1,1,1,1,1,1,1,1
BU,HEVExist,White Bear Lake,1,1,1,1,2,3,2,1,1
BU,HEVExist,Willernie,1,1,1,1,1,1,1,1,1
BU,HEVExist,Woodbury,1,1,1,1,2,2,2,1,1
BU,BEVExist,Andover,0,0,0,1,1,1,1,1,1
BU,BEVExist,Anoka,0,0,0,1,1,1,1,1,1
BU,BEVExist,Bethel,0,0,0,1,1,1,1,1,1
BU,BEVExist,Blaine,0,0,0,1,2,5,5,4,6
BU,BEVExist,Centerville,0,0,0,1,1,1,1,1,1
BU,BEVExist,Circle Pines,0,0,0,1,1,1,1,1,1
BU,BEVExist,Columbia Heights,0,0,0,1,2,6,6,6,12
BU,BEVExist,Columbus,0,0,0,1,1,1,1,1,1
BU,BEVExist,Coon Rapids,0,0,0,1,2,6,6,5,8
BU,BEVExist,East Bethel,0,0,0,1,1,1,1,1,1
BU,BEVExist,Fridley,0,0,0,1,1,3,3,3,4
BU,BEVExist,Ham Lake,0,0,0,1,1,1,1,1,1
BU,BEVExist,Hilltop,0,0,0,1,1,1,1,1,2
BU,BEVExist,Lexington,0,0,0,1,1,1,1,1,1
BU,BEVExist,Lino Lakes,0,0,0,1,1,1,1,1,2
BU,BEVExist,Linwood Twp.,0,0,0,1,1,1,1,1,1
BU,BEVExist,Nowthen,0,0,0,1,1,1,1,1,1
BU,BEVExist,Oak Grove,0,0,0,1,1,1,1,1,1
BU,BEVExist,Ramsey,0,0,0,1,1,1,1,1,1
BU,BEVExist,St. Francis,0,0,0,1,1,1,1,1,1
BU,BEVExist,Spring Lake Park,0,0,0,1,1,2,2,2,3
BU,BEVExist,Benton Twp.,0,0,0,1,1,1,1,1,1
BU,BEVExist,Camden Twp.,0,0,0,0,0,0,0,0,0
BU,BEVExist,Carver,0,0,0,1,1,1,1,1,2
BU,BEVExist,Chanhassen,0,0,0,1,1,2,2,2,3
BU,BEVExist,Chaska,0,0,0,1,1,2,2,2,3
BU,BEVExist,Cologne,0,0,0,1,1,1,1,1,1
BU,BEVExist,Dahlgren Twp.,0,0,0,1,1,1,1,1,2
BU,BEVExist,Hamburg,0,0,0,1,1,1,0,0,0
BU,BEVExist,Hancock Twp.,0,0,0,0,0,0,0,0,0
BU,BEVExist,Hollywood Twp.,0,0,0,1,1,1,0,0,0
BU,BEVExist,Laketown Twp.,0,0,0,1,1,1,1,1,1
BU,BEVExist,Mayer,0,0,0,1,1,1,1,1,1
BU,BEVExist,New Germany,0,0,0,0,0,0,0,0,0
BU,BEVExist,Norwood Young America,0,0,0,1,1,1,1,1,1
BU,BEVExist,San Francisco Twp.,0,0,0,1,1,1,1,1,1
BU,BEVExist,Victoria,0,0,0,1,1,1,1,1,1
BU,BEVExist,Waconia,0,0,0,1,1,1,1,1,1
BU,BEVExist,Waconia Twp.,0,0,0,1,1,1,1,1,1
BU,BEVExist,Watertown,0,0,0,1,1,1,0,0,0
BU,BEVExist,Watertown Twp.,0,0,0,1,1,1,0,0,0
BU,BEVExist,Young America Twp.,0,0,0,1,1,1,1,1,1
BU,BEVExist,Apple Valley,0,0,0,1,2,8,9,8,15
BU,BEVExist,Burnsville,0,0,0,1,3,12,13,12,22
BU,BEVExist,Castle Rock Twp.,0,0,0,1,1,1,1,1,1
BU,BEVExist,Coates,0,0,0,1,1,1,1,1,1
BU,BEVExist,Douglas Twp.,0,0,0,0,0,0,0,0,0
BU,BEVExist,Eagan,0,0,0,1,3,8,9,8,14
BU,BEVExist,Empire Twp.,0,0,0,1,1,1,1,1,1
BU,BEVExist,Eureka Twp.,0,0,0,1,1,1,1,1,1
BU,BEVExist,Farmington,0,0,0,1,1,2,2,2,2
BU,BEVExist,Greenvale Twp.,0,0,0,1,1,1,1,1,1
BU,BEVExist,Hampton,0,0,0,1,1,1,1,1,1
BU,BEVExist,Hampton Twp.,0,0,0,1,1,1,1,1,1
BU,BEVExist,Hastings,0,0,0,1,1,1,1,1,2
BU,BEVExist,Inver Grove Heights,0,0,0,1,2,5,5,5,8
BU,BEVExist,Lakeville,0,0,0,1,2,5,6,5,9
BU,BEVExist,Lilydale,0,0,0,1,1,1,1,1,1
BU,BEVExist,Marshan Twp.,0,0,0,1,1,1,1,1,1
BU,BEVExist,Mendota,0,0,0,1,1,1,1,1,1
BU,BEVExist,Mendota Heights,0,0,0,1,1,2,2,2,3
BU,BEVExist,Miesville,0,0,0,0,0,0,0,0,0
BU,BEVExist,New Trier,0,0,0,1,1,1,1,1,1
BU,BEVExist,Nininger Twp.,0,0,0,1,1,1,1,1,1
BU,BEVExist,Northfield,0,0,0,1,1,1,1,1,1
BU,BEVExist,Randolph,0,0,0,0,0,0,0,0,0
BU,BEVExist,Randolph Twp.,0,0,0,0,0,0,0,0,0
BU,BEVExist,Ravenna Twp.,0,0,0,0,0,0,0,0,0
BU,BEVExist,Rosemount,0,0,0,1,1,2,2,2,4
BU,BEVExist,Sciota Twp.,0,0,0,1,1,1,1,1,1
BU,BEVExist,South St. Paul,0,0,0,1,1,2,2,2,3
BU,BEVExist,Sunfish Lake,0,0,0,1,1,1,1,1,1
BU,BEVExist,Vermillion,0,0,0,1,1,1,1,1,1
BU,BEVExist,Vermillion Twp.,0,0,0,1,1,1,1,1,1
BU,BEVExist,Waterford Twp.,0,0,0,1,1,1,1,1,1
BU,BEVExist,West St. Paul,0,0,0,1,1,3,4,4,6
BU,BEVExist,Bloomington,0,0,0,1,4,14,16,16,31
BU,BEVExist,Brooklyn Center,0,0,0,1,2,6,6,6,11
BU,BEVExist,Brooklyn Park,0,0,0,1,3,11,11,11,19
BU,BEVExist,Champlin,0,0,0,1,1,2,2,1,2
BU,BEVExist,Chanhassen,0,0,0,1,1,2,2,2,3
BU,BEVExist,Corcoran,0,0,0,1,1,1,1,1,1
BU,BEVExist,Crystal,0,0,0,1,2,5,5,4,8
BU,BEVExist,Dayton,0,0,0,1,1,1,1,1,1
BU,BEVExist,Deephaven,0,0,0,1,1,1,1,1,1
BU,BEVExist,Eden Prairie,0,0,0,1,2,5,5,5,9
BU,BEVExist,Edina,0,0,0,1,3,12,13,12,23
BU,BEVExist,Excelsior,0,0,0,1,1,1,1,1,1
BU,BEVExist,Fort Snelling UT,0,0,0,1,2,7,8,8,15
BU,BEVExist,Golden Valley,0,0,0,1,2,6,6,6,10
BU,BEVExist,Greenfield,0,0,0,1,1,1,1,1,1
BU,BEVExist,Greenwood,0,0,0,1,1,1,1,1,1
BU,BEVExist,Hanover,0,0,0,1,1,1,1,1,1
BU,BEVExist,Hopkins,0,0,0,1,2,5,5,5,9
BU,BEVExist,Independence,0,0,0,1,1,1,1,1,1
BU,BEVExist,Long Lake,0,0,0,1,1,1,1,1,1
BU,BEVExist,Loretto,0,0,0,1,1,1,1,1,1
BU,BEVExist,Maple Grove,0,0,0,1,2,4,5,4,7
BU,BEVExist,Maple Plain,0,0,0,1,1,1,1,1,1
BU,BEVExist,Medicine Lake,0,0,0,1,1,1,1,1,1
BU,BEVExist,Medina,0,0,0,1,1,1,1,1,1
BU,BEVExist,Minneapolis,0,0,0,3,46,177,192,182,339
BU,BEVExist,Minnetonka,0,0,0,1,2,7,7,6,11
BU,BEVExist,Minnetonka Beach,0,0,0,1,1,1,1,1,1
BU,BEVExist,Minnetrista,0,0,0,1,1,1,1,1,1
BU,BEVExist,Mound,0,0,0,1,1,1,1,1,1
BU,BEVExist,New Hope,0,0,0,1,1,3,3,3,5
BU,BEVExist,Orono,0,0,0,1,1,1,1,1,1
BU,BEVExist,Osseo,0,0,0,1,1,1,1,1,1
BU,BEVExist,Plymouth,0,0,0,1,2,7,7,6,11
BU,BEVExist,Richfield,0,0,0,1,2,8,9,9,17
BU,BEVExist,Robbinsdale,0,0,0,1,1,4,4,4,7
BU,BEVExist,Rockford,0,0,0,1,1,1,0,0,0
BU,BEVExist,Rogers,0,0,0,1,1,1,1,1,1
BU,BEVExist,St. Anthony,0,0,0,1,1,2,2,2,3
BU,BEVExist,St. Bonifacius,0,0,0,1,1,1,1,1,1
BU,BEVExist,St. Louis Park,0,0,0,1,3,12,13,13,23
BU,BEVExist,Shorewood,0,0,0,1,1,1,1,1,1
BU,BEVExist,Spring Park,0,0,0,1,1,1,1,1,1
BU,BEVExist,Tonka Bay,0,0,0,1,1,1,1,1,1
BU,BEVExist,Wayzata,0,0,0,1,1,1,1,1,2
BU,BEVExist,Woodland,0,0,0,1,1,1,1,1,1
BU,BEVExist,Arden Hills,0,0,0,1,1,1,1,1,2
BU,BEVExist,Blaine,0,0,0,1,2,5,5,4,6
BU,BEVExist,Falcon Heights,0,0,0,1,1,4,4,4,7
BU,BEVExist,Gem Lake,0,0,0,1,1,1,1,1,2
BU,BEVExist,Lauderdale,0,0,0,1,1,2,2,2,4
BU,BEVExist,Little Canada,0,0,0,1,1,2,3,3,4
BU,BEVExist,Maplewood,0,0,0,1,2,8,9,9,16
BU,BEVExist,Mounds View,0,0,0,1,1,2,2,1,2
BU,BEVExist,New Brighton,0,0,0,1,1,3,3,3,6
BU,BEVExist,North Oaks,0,0,0,1,1,1,1,1,1
BU,BEVExist,North St. Paul,0,0,0,1,1,3,3,3,5
BU,BEVExist,Roseville,0,0,0,1,2,5,5,5,9
BU,BEVExist,St. Anthony,0,0,0,1,1,2,2,2,3
BU,BEVExist,St. Paul,0,0,0,1,14,55,62,60,115
BU,BEVExist,Shoreview,0,0,0,1,1,2,2,2,3
BU,BEVExist,Spring Lake Park,0,0,0,1,1,2,2,2,3
BU,BEVExist,Vadnais Heights,0,0,0,1,1,2,3,2,4
BU,BEVExist,White Bear Twp.,0,0,0,1,1,2,2,2,2
BU,BEVExist,White Bear Lake,0,0,0,1,1,4,4,4,6
BU,BEVExist,Belle Plaine,0,0,0,1,1,1,1,1,1
BU,BEVExist,Belle Plaine Twp.,0,0,0,1,1,1,1,1,1
BU,BEVExist,Blakeley Twp.,0,0,0,0,0,0,0,0,0
BU,BEVExist,Cedar Lake Twp.,0,0,0,1,1,1,1,1,1
BU,BEVExist,Credit River Twp.,0,0,0,1,1,1,1,1,1
BU,BEVExist,Elko New Market,0,0,0,1,1,1,1,1,1
BU,BEVExist,Helena Twp.,0,0,0,0,0,0,0,0,0
BU,BEVExist,Jackson Twp.,0,0,0,1,1,1,1,1,1
BU,BEVExist,Jordan,0,0,0,1,1,1,1,1,1
BU,BEVExist,Louisville Twp.,0,0,0,1,1,1,1,1,1
BU,BEVExist,New Market Twp.,0,0,0,1,1,1,1,1,2
BU,BEVExist,New Prague,0,0,0,1,1,1,1,1,1
BU,BEVExist,Prior Lake,0,0,0,1,1,2,2,2,2
BU,BEVExist,St. Lawrence Twp.,0,0,0,1,1,1,0,0,0
BU,BEVExist,Sand Creek Twp.,0,0,0,1,1,1,1,1,1
BU,BEVExist,Savage,0,0,0,1,1,3,3,3,5
BU,BEVExist,Shakopee,0,0,0,1,1,3,3,3,5
BU,BEVExist,Spring Lake Twp.,0,0,0,1,1,1,1,1,1
BU,BEVExist,Afton,0,0,0,1,1,1,1,1,1
BU,BEVExist,Bayport,0,0,0,1,1,1,1,1,1
BU,BEVExist,Baytown Twp.,0,0,0,1,1,1,1,1,1
BU,BEVExist,Birchwood Village,0,0,0,1,1,1,1,1,1
BU,BEVExist,Cottage Grove,0,0,0,1,1,3,3,3,4
BU,BEVExist,Dellwood,0,0,0,1,1,1,1,1,1
BU,BEVExist,Denmark Twp.,0,0,0,1,1,1,1,1,1
BU,BEVExist,Forest Lake,0,0,0,1,1,1,1,1,1
BU,BEVExist,Grant,0,0,0,1,1,1,1,1,1
BU,BEVExist,Grey Cloud Island Twp.,0,0,0,1,1,1,1,1,1
BU,BEVExist,Hastings,0,0,0,1,1,1,1,1,2
BU,BEVExist,Hugo,0,0,0,1,1,1,1,1,1
BU,BEVExist,Lake Elmo,0,0,0,1,1,1,1,1,1
BU,BEVExist,Lakeland,0,0,0,1,1,1,1,1,1
BU,BEVExist,Lakeland Shores,0,0,0,1,1,1,1,1,1
BU,BEVExist,Lake St. Croix Beach,0,0,0,1,1,1,1,1,1
BU,BEVExist,Landfall,0,0,0,1,1,1,1,1,1
BU,BEVExist,Mahtomedi,0,0,0,1,1,1,1,1,1
BU,BEVExist,Marine on St. Croix,0,0,0,1,1,1,1,1,1
BU,BEVExist,May Twp.,0,0,0,1,1,1,1,1,1
BU,BEVExist,Newport,0,0,0,1,1,1,1,1,1
BU,BEVExist,Oakdale,0,0,0,1,1,3,3,3,4
BU,BEVExist,Oak Park Heights,0,0,0,1,1,1,1,1,1
BU,BEVExist,Pine Springs,0,0,0,1,1,1,1,1,1
BU,BEVExist,St. Marys Point,0,0,0,1,1,1,1,1,1
BU,BEVExist,St. Paul Park,0,0,0,1,1,1,1,1,1
BU,BEVExist,Scandia,0,0,0,1,1,1,1,1,1
BU,BEVExist,Stillwater,0,0,0,1,1,1,1,1,2
BU,BEVExist,Stillwater Twp.,0,0,0,1,1,1,1,1,1
BU,BEVExist,West Lakeland Twp.,0,0,0,1,1,1,1,1,1
BU,BEVExist,White Bear Lake,0,0,0,1,1,4,4,4,6
BU,BEVExist,Willernie,0,0,0,1,1,1,1,1,1
BU,BEVExist,Woodbury,0,0,0,1,1,3,3,3,5
BU,TotSales,Andover,2,2.6,3,3,2,2,2,2,2
BU,TotSales,Anoka,1,1.6,2,2,1,1,1,1,1
BU,TotSales,Bethel,1,1.6,2,2,1,1,1,1,1
BU,TotSales,Blaine,7,4.6,3,4,2,2,3,5,2
BU,TotSales,Centerville,2,2.6,3,3,2,2,2,2,2
BU,TotSales,Circle Pines,2,2.6,3,3,2,2,2,2,2
BU,TotSales,Columbia Heights,5,4.4,4,5,3,3,5,9,5
BU,TotSales,Columbus,2,2.6,3,3,2,2,2,2,2
BU,TotSales,Coon Rapids,9,6,4,6,3,3,5,7,4
BU,TotSales,East Bethel,2,2.6,3,3,2,2,2,2,2
BU,TotSales,Fridley,4,3.4,3,3,2,2,3,4,3
BU,TotSales,Ham Lake,2,2.6,3,3,2,2,2,2,2
BU,TotSales,Hilltop,2,2.6,3,3,2,2,2,2,2
BU,TotSales,Lexington,2,2.6,3,3,2,2,2,2,2
BU,TotSales,Lino Lakes,3,3,3,3,2,2,2,2,2
BU,TotSales,Linwood Twp.,2,2.6,3,3,2,2,2,2,2
BU,TotSales,Nowthen,2,2.6,3,3,2,2,2,2,2
BU,TotSales,Oak Grove,2,2.6,3,3,2,2,2,2,2
BU,TotSales,Ramsey,2,2.6,3,3,2,2,2,2,2
BU,TotSales,St. Francis,2,2.6,3,3,2,2,2,2,2
BU,TotSales,Spring Lake Park,3,3,3,3,2,2,2,3,2
BU,TotSales,Benton Twp.,2,2.6,3,3,2,2,2,2,2
BU,TotSales,Camden Twp.,0,0,0,0,0,0,0,0,0
BU,TotSales,Carver,2,2.6,3,3,2,2,2,2,2
BU,TotSales,Chanhassen,3,3,3,3,2,2,3,3,2
BU,TotSales,Chaska,3,3,3,3,2,2,3,3,3
BU,TotSales,Cologne,1,1.6,2,2,1,1,1,1,1
BU,TotSales,Dahlgren Twp.,2,2.6,3,3,2,2,2,2,2
BU,TotSales,Hamburg,2,2.6,3,3,2,2,0,0,0
BU,TotSales,Hancock Twp.,0,0,0,0,0,0,0,0,0
BU,TotSales,Hollywood Twp.,2,2.6,3,3,2,2,0,0,0
BU,TotSales,Laketown Twp.,2,2.6,3,3,2,2,2,2,2
BU,TotSales,Mayer,0,1.8,3,3,2,2,2,2,2
BU,TotSales,New Germany,0,0,0,0,0,0,0,0,0
BU,TotSales,Norwood Young America,0,1.8,3,3,2,2,2,2,2
BU,TotSales,San Francisco Twp.,0,1.8,3,3,2,2,2,2,2
BU,TotSales,Victoria,1,1.6,2,2,1,1,1,1,1
BU,TotSales,Waconia,1,1.6,2,2,1,1,1,1,1
BU,TotSales,Waconia Twp.,1,1.6,2,2,1,1,1,1,1
BU,TotSales,Watertown,1,1.6,2,2,1,1,0,0,0
BU,TotSales,Watertown Twp.,2,2.6,3,3,2,2,0,0,0
BU,TotSales,Young America Twp.,2,2.6,3,3,2,2,2,2,2
BU,TotSales,Apple Valley,7,5.2,4,6,3,3,7,11,6
BU,TotSales,Burnsville,11,7.4,5,8,4,4,9,15,9
BU,TotSales,Castle Rock Twp.,2,2.6,3,3,2,2,2,2,2
BU,TotSales,Coates,2,2.6,3,3,2,2,2,2,2
BU,TotSales,Douglas Twp.,0,0,0,0,0,0,0,0,0
BU,TotSales,Eagan,9,6.6,5,6,3,4,7,10,6
BU,TotSales,Empire Twp.,2,2.6,3,3,2,2,2,2,2
BU,TotSales,Eureka Twp.,2,2.6,3,3,2,2,2,2,2
BU,TotSales,Farmington,1,1.6,2,2,1,1,1,2,1
BU,TotSales,Greenvale Twp.,0,1.8,3,3,2,2,2,2,2
BU,TotSales,Hampton,2,2.6,3,3,2,2,2,2,2
BU,TotSales,Hampton Twp.,2,2.6,3,3,2,2,2,2,2
BU,TotSales,Hastings,2,2.6,3,3,2,2,2,2,2
BU,TotSales,Inver Grove Heights,6,4.2,3,4,2,2,4,6,3
BU,TotSales,Lakeville,6,4.8,4,5,3,3,5,7,4
BU,TotSales,Lilydale,2,2.6,3,3,2,2,2,2,2
BU,TotSales,Marshan Twp.,2,2.6,3,3,2,2,2,2,2
BU,TotSales,Mendota,2,2.6,3,3,2,2,2,2,2
BU,TotSales,Mendota Heights,4,3.4,3,3,2,2,3,3,2
BU,TotSales,Miesville,0,0,0,0,0,0,0,0,0
BU,TotSales,New Trier,0,1.8,3,3,2,2,2,2,2
BU,TotSales,Nininger Twp.,2,2.6,3,3,2,2,2,2,2
BU,TotSales,Northfield,0,1.8,3,3,2,2,2,2,2
BU,TotSales,Randolph,0,0,0,0,0,0,0,0,0
BU,TotSales,Randolph Twp.,0,0,0,0,0,0,0,0,0
BU,TotSales,Ravenna Twp.,0,0,0,0,0,0,0,0,0
BU,TotSales,Rosemount,2,2,2,2,1,1,2,3,2
BU,TotSales,Sciota Twp.,0,1.2,2,2,1,1,1,1,1
BU,TotSales,South St. Paul,2,2,2,2,1,1,1,2,1
BU,TotSales,Sunfish Lake,1,1.6,2,2,1,1,1,1,1
BU,TotSales,Vermillion,0,1.8,3,3,2,2,2,2,2
BU,TotSales,Vermillion Twp.,1,1.6,2,2,1,1,1,1,1
BU,TotSales,Waterford Twp.,0,1.8,3,3,2,2,2,2,2
BU,TotSales,West St. Paul,4,3.4,3,3,2,2,3,5,3
BU,TotSales,Bloomington,9,6,4,8,4,4,10,19,11
BU,TotSales,Brooklyn Center,6,4.8,4,5,3,3,5,8,5
BU,TotSales,Brooklyn Park,10,6.4,4,7,3,3,7,13,7
BU,TotSales,Champlin,3,3,3,3,2,2,2,3,2
BU,TotSales,Chanhassen,3,3,3,3,2,2,3,3,2
BU,TotSales,Corcoran,2,2.6,3,3,2,2,2,2,2
BU,TotSales,Crystal,6,4.8,4,5,3,3,4,6,4
BU,TotSales,Dayton,2,2.6,3,3,2,2,2,2,2
BU,TotSales,Deephaven,2,2.6,3,3,2,2,2,2,2
BU,TotSales,Eden Prairie,5,4.4,4,5,3,3,4,7,4
BU,TotSales,Edina,10,7,5,8,4,4,9,16,9
BU,TotSales,Excelsior,2,2.6,3,3,2,2,2,2,2
BU,TotSales,Fort Snelling UT,5,4.4,4,5,3,3,6,10,6
BU,TotSales,Golden Valley,6,4.8,4,5,3,3,5,8,5
BU,TotSales,Greenfield,2,2.6,3,3,2,2,2,2,2
BU,TotSales,Greenwood,2,2.6,3,3,2,2,2,2,2
BU,TotSales,Hanover,2,2.6,3,3,2,2,2,2,2
BU,TotSales,Hopkins,5,4.4,4,5,3,3,4,7,4
BU,TotSales,Independence,2,2.6,3,3,2,2,2,2,2
BU,TotSales,Long Lake,2,2.6,3,3,2,2,2,2,2
BU,TotSales,Loretto,2,2.6,3,3,2,2,2,2,2
BU,TotSales,Maple Grove,5,4.4,4,4,2,2,4,6,4
BU,TotSales,Maple Plain,2,2.6,3,3,2,2,2,2,2
BU,TotSales,Medicine Lake,2,2.6,3,3,2,2,2,2,2
BU,TotSales,Medina,2,2.6,3,3,2,2,2,2,2
BU,TotSales,Minneapolis,155,92.6,51,99,49,50,125,222,117
BU,TotSales,Minnetonka,8,5.6,4,6,3,3,6,9,5
BU,TotSales,Minnetonka Beach,2,2.6,3,3,2,2,2,2,2
BU,TotSales,Minnetrista,2,2.6,3,3,2,2,2,2,2
BU,TotSales,Mound,2,2.6,3,3,2,2,2,2,2
BU,TotSales,New Hope,4,3.4,3,3,2,2,3,5,3
BU,TotSales,Orono,3,3,3,3,2,2,2,2,2
BU,TotSales,Osseo,2,2.6,3,3,2,2,2,2,2
BU,TotSales,Plymouth,9,6,4,6,3,3,6,8,5
BU,TotSales,Richfield,7,5.2,4,6,3,4,7,12,7
BU,TotSales,Robbinsdale,4,3.4,3,3,2,2,4,5,4
BU,TotSales,Rockford,2,2.6,3,3,2,2,0,0,0
BU,TotSales,Rogers,2,2.6,3,3,2,2,2,2,2
BU,TotSales,St. Anthony,3,3,3,3,2,2,2,3,2
BU,TotSales,St. Bonifacius,2,2.6,3,3,2,2,2,2,2
BU,TotSales,St. Louis Park,10,7,5,8,4,4,9,16,9
BU,TotSales,Shorewood,2,2.6,3,3,2,2,2,2,2
BU,TotSales,Spring Park,2,2.6,3,3,2,2,2,2,2
BU,TotSales,Tonka Bay,2,2.6,3,3,2,2,2,2,2
BU,TotSales,Wayzata,3,3,3,3,2,2,2,2,2
BU,TotSales,Woodland,2,2.6,3,3,2,2,2,2,2
BU,TotSales,Arden Hills,2,2.6,3,3,2,2,2,3,2
BU,TotSales,Blaine,8,5.6,4,5,3,3,4,6,3
BU,TotSales,Falcon Heights,3,3,3,3,2,2,4,6,4
BU,TotSales,Gem Lake,2,2.6,3,3,2,2,2,2,2
BU,TotSales,Lauderdale,2,2.6,3,3,2,2,3,4,3
BU,TotSales,Little Canada,3,3,3,3,2,2,3,4,3
BU,TotSales,Maplewood,8,5.6,4,6,3,4,7,11,7
BU,TotSales,Mounds View,3,3,3,3,2,2,2,3,2
BU,TotSales,New Brighton,4,3.4,3,3,2,2,3,5,3
BU,TotSales,North Oaks,2,2.6,3,3,2,2,2,2,2
BU,TotSales,North St. Paul,3,3,3,3,2,2,3,4,3
BU,TotSales,Roseville,5,3.8,3,4,3,3,4,7,4
BU,TotSales,St. Anthony,3,3,3,3,2,2,2,3,2
BU,TotSales,St. Paul,41,25.4,15,30,15,16,40,73,40
BU,TotSales,Shoreview,3,3,3,3,2,2,2,3,2
BU,TotSales,Spring Lake Park,3,3,3,3,2,2,2,3,2
BU,TotSales,Vadnais Heights,3,3,3,3,2,2,3,4,3
BU,TotSales,White Bear Twp.,3,3,3,3,2,2,2,3,2
BU,TotSales,White Bear Lake,4,3.4,3,3,2,2,4,5,3
BU,TotSales,Belle Plaine,2,2.6,3,3,2,2,2,2,2
BU,TotSales,Belle Plaine Twp.,2,2.6,3,3,2,2,2,2,2
BU,TotSales,Blakeley Twp.,0,0,0,0,0,0,0,0,0
BU,TotSales,Cedar Lake Twp.,2,2.6,3,3,2,2,2,2,2
BU,TotSales,Credit River Twp.,2,2.6,3,3,2,2,2,2,2
BU,TotSales,Elko New Market,2,2.6,3,3,2,2,2,2,2
BU,TotSales,Helena Twp.,0,0,0,0,0,0,0,0,0
BU,TotSales,Jackson Twp.,2,2.6,3,3,2,2,2,2,2
BU,TotSales,Jordan,2,2.6,3,3,2,2,2,2,2
BU,TotSales,Louisville Twp.,2,2.6,3,3,2,2,2,2,2
BU,TotSales,New Market Twp.,1,1.6,2,2,1,1,1,1,1
BU,TotSales,New Prague,0,1.8,3,3,2,2,2,2,2
BU,TotSales,Prior Lake,3,3,3,3,2,2,2,3,2
BU,TotSales,St. Lawrence Twp.,2,2.6,3,3,2,2,0,0,0
BU,TotSales,Sand Creek Twp.,2,2.6,3,3,2,2,2,2,2
BU,TotSales,Savage,2,2,2,2,1,1,2,3,2
BU,TotSales,Shakopee,3,3,3,3,2,2,3,4,3
BU,TotSales,Spring Lake Twp.,2,2.6,3,3,2,2,2,2,2
BU,TotSales,Afton,2,2.6,3,3,2,2,2,2,2
BU,TotSales,Bayport,0,1.8,3,3,2,2,2,2,2
BU,TotSales,Baytown Twp.,2,2.6,3,3,2,2,2,2,2
BU,TotSales,Birchwood Village,2,2.6,3,3,2,2,2,2,2
BU,TotSales,Cottage Grove,4,3.4,3,3,2,2,3,4,3
BU,TotSales,Dellwood,1,1.6,2,2,1,1,1,1,1
BU,TotSales,Denmark Twp.,2,2.6,3,3,2,2,2,2,2
BU,TotSales,Forest Lake,2,2.6,3,3,2,2,2,2,2
BU,TotSales,Grant,2,2.6,3,3,2,2,2,2,2
BU,TotSales,Grey Cloud Island Twp.,2,2.6,3,3,2,2,2,2,2
BU,TotSales,Hastings,2,2.6,3,3,2,2,2,2,2
BU,TotSales,Hugo,2,2.6,3,3,2,2,2,2,2
BU,TotSales,Lake Elmo,2,2.6,3,3,2,2,2,2,2
BU,TotSales,Lakeland,2,2.6,3,3,2,2,2,2,2
BU,TotSales,Lakeland Shores,0,1.8,3,3,2,2,2,2,2
BU,TotSales,Lake St. Croix Beach,0,1.8,3,3,2,2,2,2,2
BU,TotSales,Landfall,2,2.6,3,3,2,2,2,2,2
BU,TotSales,Mahtomedi,2,2.6,3,3,2,2,2,2,2
BU,TotSales,Marine on St. Croix,0,1.2,2,2,1,1,1,1,1
BU,TotSales,May Twp.,0,1.2,2,2,1,1,1,1,1
BU,TotSales,Newport,2,2.6,3,3,2,2,2,2,2
BU,TotSales,Oakdale,4,3.4,3,3,2,2,3,4,3
BU,TotSales,Oak Park Heights,1,1.6,2,2,1,1,1,1,1
BU,TotSales,Pine Springs,1,1.6,2,2,1,1,1,1,1
BU,TotSales,St. Marys Point,0,1.8,3,3,2,2,2,2,2
BU,TotSales,St. Paul Park,2,2.6,3,3,2,2,2,2,2
BU,TotSales,Scandia,2,2.6,3,3,2,2,2,2,2
BU,TotSales,Stillwater,2,2.6,3,3,2,2,2,2,2
BU,TotSales,Stillwater Twp.,1,1.6,2,2,1,1,1,1,1
BU,TotSales,West Lakeland Twp.,2,2.6,3,3,2,2,2,2,2
BU,TotSales,White Bear Lake,4,3.4,3,3,2,2,4,5,3
BU,TotSales,Willernie,2,2.6,3,3,2,2,2,2,2
BU,TotSales,Woodbury,4,3.4,3,3,2,2,3,5,3
BU,BCISales,Andover,1,1,1,1,0,0,0,0,0
BU,BCISales,Anoka,1,1,1,1,0,0,0,0,0
BU,BCISales,Bethel,1,1,1,1,0,0,0,0,0
BU,BCISales,Blaine,7,4,2,2,0,0,0,0,0
BU,BCISales,Centerville,1,1,1,1,0,0,0,0,0
BU,BCISales,Circle Pines,1,1,1,1,0,0,0,0,0
BU,BCISales,Columbia Heights,4,2.8,2,2,0,0,0,0,0
BU,BCISales,Columbus,1,1,1,1,0,0,0,0,0
BU,BCISales,Coon Rapids,8,4.4,2,3,0,0,0,0,0
BU,BCISales,East Bethel,1,1,1,1,0,0,0,0,0
BU,BCISales,Fridley,3,1.8,1,1,0,0,0,0,0
BU,BCISales,Ham Lake,1,1,1,1,0,0,0,0,0
BU,BCISales,Hilltop,1,1,1,1,0,0,0,0,0
BU,BCISales,Lexington,1,1,1,1,0,0,0,0,0
BU,BCISales,Lino Lakes,2,1.4,1,1,0,0,0,0,0
BU,BCISales,Linwood Twp.,1,1,1,1,0,0,0,0,0
BU,BCISales,Nowthen,1,1,1,1,0,0,0,0,0
BU,BCISales,Oak Grove,1,1,1,1,0,0,0,0,0
BU,BCISales,Ramsey,1,1,1,1,0,0,0,0,0
BU,BCISales,St. Francis,1,1,1,1,0,0,0,0,0
BU,BCISales,Spring Lake Park,2,1.4,1,1,0,0,0,0,0
BU,BCISales,Benton Twp.,1,1,1,1,0,0,0,0,0
BU,BCISales,Camden Twp.,0,0,0,0,0,0,0,0,0
BU,BCISales,Carver,1,1,1,1,0,0,0,0,0
BU,BCISales,Chanhassen,2,1.4,1,1,0,0,0,0,0
BU,BCISales,Chaska,2,1.4,1,1,0,0,0,0,0
BU,BCISales,Cologne,1,1,1,1,0,0,0,0,0
BU,BCISales,Dahlgren Twp.,1,1,1,1,0,0,0,0,0
BU,BCISales,Hamburg,1,1,1,1,0,0,0,0,0
BU,BCISales,Hancock Twp.,0,0,0,0,0,0,0,0,0
BU,BCISales,Hollywood Twp.,1,1,1,1,0,0,0,0,0
BU,BCISales,Laketown Twp.,1,1,1,1,0,0,0,0,0
BU,BCISales,Mayer,0,0.6,1,1,0,0,0,0,0
BU,BCISales,New Germany,0,0,0,0,0,0,0,0,0
BU,BCISales,Norwood Young America,0,0.6,1,1,0,0,0,0,0
BU,BCISales,San Francisco Twp.,0,0.6,1,1,0,0,0,0,0
BU,BCISales,Victoria,1,1,1,1,0,0,0,0,0
BU,BCISales,Waconia,1,1,1,1,0,0,0,0,0
BU,BCISales,Waconia Twp.,1,1,1,1,0,0,0,0,0
BU,BCISales,Watertown,1,1,1,1,0,0,0,0,0
BU,BCISales,Watertown Twp.,1,1,1,1,0,0,0,0,0
BU,BCISales,Young America Twp.,1,1,1,1,0,0,0,0,0
BU,BCISales,Apple Valley,6,3.6,2,3,0,0,0,0,0
BU,BCISales,Burnsville,10,5.8,3,4,0,0,0,0,0
BU,BCISales,Castle Rock Twp.,1,1,1,1,0,0,0,0,0
BU,BCISales,Coates,1,1,1,1,0,0,0,0,0
BU,BCISales,Douglas Twp.,0,0,0,0,0,0,0,0,0
BU,BCISales,Eagan,8,5,3,3,0,0,0,0,0
BU,BCISales,Empire Twp.,1,1,1,1,0,0,0,0,0
BU,BCISales,Eureka Twp.,1,1,1,1,0,0,0,0,0
BU,BCISales,Farmington,1,1,1,1,0,0,0,0,0
BU,BCISales,Greenvale Twp.,0,0.6,1,1,0,0,0,0,0
BU,BCISales,Hampton,1,1,1,1,0,0,0,0,0
BU,BCISales,Hampton Twp.,1,1,1,1,0,0,0,0,0
BU,BCISales,Hastings,1,1,1,1,0,0,0,0,0
BU,BCISales,Inver Grove Heights,6,3.6,2,2,0,0,0,0,0
BU,BCISales,Lakeville,5,3.2,2,2,0,0,0,0,0
BU,BCISales,Lilydale,1,1,1,1,0,0,0,0,0
BU,BCISales,Marshan Twp.,1,1,1,1,0,0,0,0,0
BU,BCISales,Mendota,1,1,1,1,0,0,0,0,0
BU,BCISales,Mendota Heights,3,1.8,1,1,0,0,0,0,0
BU,BCISales,Miesville,0,0,0,0,0,0,0,0,0
BU,BCISales,New Trier,0,0.6,1,1,0,0,0,0,0
BU,BCISales,Nininger Twp.,1,1,1,1,0,0,0,0,0
BU,BCISales,Northfield,0,0.6,1,1,0,0,0,0,0
BU,BCISales,Randolph,0,0,0,0,0,0,0,0,0
BU,BCISales,Randolph Twp.,0,0,0,0,0,0,0,0,0
BU,BCISales,Ravenna Twp.,0,0,0,0,0,0,0,0,0
BU,BCISales,Rosemount,2,1.4,1,1,0,0,0,0,0
BU,BCISales,Sciota Twp.,0,0.6,1,1,0,0,0,0,0
BU,BCISales,South St. Paul,2,1.4,1,1,0,0,0,0,0
BU,BCISales,Sunfish Lake,1,1,1,1,0,0,0,0,0
BU,BCISales,Vermillion,0,0.6,1,1,0,0,0,0,0
BU,BCISales,Vermillion Twp.,1,1,1,1,0,0,0,0,0
BU,BCISales,Waterford Twp.,0,0.6,1,1,0,0,0,0,0
BU,BCISales,West St. Paul,3,1.8,1,1,0,0,0,0,0
BU,BCISales,Bloomington,9,5.4,3,4,0,0,0,0,0
BU,BCISales,Brooklyn Center,5,3.2,2,2,0,0,0,0,0
BU,BCISales,Brooklyn Park,10,5.8,3,4,0,0,0,0,0
BU,BCISales,Champlin,2,1.4,1,1,0,0,0,0,0
BU,BCISales,Chanhassen,2,1.4,1,1,0,0,0,0,0
BU,BCISales,Corcoran,1,1,1,1,0,0,0,0,0
BU,BCISales,Crystal,5,3.2,2,2,0,0,0,0,0
BU,BCISales,Dayton,1,1,1,1,0,0,0,0,0
BU,BCISales,Deephaven,1,1,1,1,0,0,0,0,0
BU,BCISales,Eden Prairie,4,2.8,2,2,0,0,0,0,0
BU,BCISales,Edina,9,5.4,3,4,0,0,0,0,0
BU,BCISales,Excelsior,1,1,1,1,0,0,0,0,0
BU,BCISales,Fort Snelling UT,4,2.8,2,2,0,0,0,0,0
BU,BCISales,Golden Valley,5,3.2,2,2,0,0,0,0,0
BU,BCISales,Greenfield,1,1,1,1,0,0,0,0,0
BU,BCISales,Greenwood,1,1,1,1,0,0,0,0,0
BU,BCISales,Hanover,1,1,1,1,0,0,0,0,0
BU,BCISales,Hopkins,4,2.8,2,2,0,0,0,0,0
BU,BCISales,Independence,1,1,1,1,0,0,0,0,0
BU,BCISales,Long Lake,1,1,1,1,0,0,0,0,0
BU,BCISales,Loretto,1,1,1,1,0,0,0,0,0
BU,BCISales,Maple Grove,4,2.8,2,2,0,0,0,0,0
BU,BCISales,Maple Plain,1,1,1,1,0,0,0,0,0
BU,BCISales,Medicine Lake,1,1,1,1,0,0,0,0,0
BU,BCISales,Medina,1,1,1,1,0,0,0,0,0
BU,BCISales,Minneapolis,151,86.8,44,52,0,0,0,0,0
BU,BCISales,Minnetonka,7,4,2,3,0,0,0,0,0
BU,BCISales,Minnetonka Beach,1,1,1,1,0,0,0,0,0
BU,BCISales,Minnetrista,1,1,1,1,0,0,0,0,0
BU,BCISales,Mound,1,1,1,1,0,0,0,0,0
BU,BCISales,New Hope,3,1.8,1,1,0,0,0,0,0
BU,BCISales,Orono,2,1.4,1,1,0,0,0,0,0
BU,BCISales,Osseo,1,1,1,1,0,0,0,0,0
BU,BCISales,Plymouth,8,4.4,2,3,0,0,0,0,0
BU,BCISales,Richfield,6,3.6,2,3,0,0,0,0,0
BU,BCISales,Robbinsdale,3,1.8,1,1,0,0,0,0,0
BU,BCISales,Rockford,1,1,1,1,0,0,0,0,0
BU,BCISales,Rogers,1,1,1,1,0,0,0,0,0
BU,BCISales,St. Anthony,2,1.4,1,1,0,0,0,0,0
BU,BCISales,St. Bonifacius,1,1,1,1,0,0,0,0,0
BU,BCISales,St. Louis Park,9,5.4,3,4,0,0,0,0,0
BU,BCISales,Shorewood,1,1,1,1,0,0,0,0,0
BU,BCISales,Spring Park,1,1,1,1,0,0,0,0,0
BU,BCISales,Tonka Bay,1,1,1,1,0,0,0,0,0
BU,BCISales,Wayzata,2,1.4,1,1,0,0,0,0,0
BU,BCISales,Woodland,1,1,1,1,0,0,0,0,0
BU,BCISales,Arden Hills,1,1,1,1,0,0,0,0,0
BU,BCISales,Blaine,7,4,2,2,0,0,0,0,0
BU,BCISales,Falcon Heights,2,1.4,1,1,0,0,0,0,0
BU,BCISales,Gem Lake,1,1,1,1,0,0,0,0,0
BU,BCISales,Lauderdale,1,1,1,1,0,0,0,0,0
BU,BCISales,Little Canada,2,1.4,1,1,0,0,0,0,0
BU,BCISales,Maplewood,7,4,2,3,0,0,0,0,0
BU,BCISales,Mounds View,2,1.4,1,1,0,0,0,0,0
BU,BCISales,New Brighton,3,1.8,1,1,0,0,0,0,0
BU,BCISales,North Oaks,1,1,1,1,0,0,0,0,0
BU,BCISales,North St. Paul,2,1.4,1,1,0,0,0,0,0
BU,BCISales,Roseville,4,2.2,1,2,0,0,0,0,0
BU,BCISales,St. Anthony,2,1.4,1,1,0,0,0,0,0
BU,BCISales,St. Paul,40,23.8,13,16,0,0,0,0,0
BU,BCISales,Shoreview,2,1.4,1,1,0,0,0,0,0
BU,BCISales,Spring Lake Park,2,1.4,1,1,0,0,0,0,0
BU,BCISales,Vadnais Heights,2,1.4,1,1,0,0,0,0,0
BU,BCISales,White Bear Twp.,2,1.4,1,1,0,0,0,0,0
BU,BCISales,White Bear Lake,3,1.8,1,1,0,0,0,0,0
BU,BCISales,Belle Plaine,1,1,1,1,0,0,0,0,0
BU,BCISales,Belle Plaine Twp.,1,1,1,1,0,0,0,0,0
BU,BCISales,Blakeley Twp.,0,0,0,0,0,0,0,0,0
BU,BCISales,Cedar Lake Twp.,1,1,1,1,0,0,0,0,0
BU,BCISales,Credit River Twp.,1,1,1,1,0,0,0,0,0
BU,BCISales,Elko New Market,1,1,1,1,0,0,0,0,0
BU,BCISales,Helena Twp.,0,0,0,0,0,0,0,0,0
BU,BCISales,Jackson Twp.,1,1,1,1,0,0,0,0,0
BU,BCISales,Jordan,1,1,1,1,0,0,0,0,0
BU,BCISales,Louisville Twp.,1,1,1,1,0,0,0,0,0
BU,BCISales,New Market Twp.,1,1,1,1,0,0,0,0,0
BU,BCISales,New Prague,0,0.6,1,1,0,0,0,0,0
BU,BCISales,Prior Lake,2,1.4,1,1,0,0,0,0,0
BU,BCISales,St. Lawrence Twp.,1,1,1,1,0,0,0,0,0
BU,BCISales,Sand Creek Twp.,1,1,1,1,0,0,0,0,0
BU,BCISales,Savage,2,1.4,1,1,0,0,0,0,0
BU,BCISales,Shakopee,2,1.4,1,1,0,0,0,0,0
BU,BCISales,Spring Lake Twp.,1,1,1,1,0,0,0,0,0
BU,BCISales,Afton,1,1,1,1,0,0,0,0,0
BU,BCISales,Bayport,0,0.6,1,1,0,0,0,0,0
BU,BCISales,Baytown Twp.,1,1,1,1,0,0,0,0,0
BU,BCISales,Birchwood Village,1,1,1,1,0,0,0,0,0
BU,BCISales,Cottage Grove,3,1.8,1,1,0,0,0,0,0
BU,BCISales,Dellwood,1,1,1,1,0,0,0,0,0
BU,BCISales,Denmark Twp.,1,1,1,1,0,0,0,0,0
BU,BCISales,Forest Lake,1,1,1,1,0,0,0,0,0
BU,BCISales,Grant,1,1,1,1,0,0,0,0,0
BU,BCISales,Grey Cloud Island Twp.,1,1,1,1,0,0,0,0,0
BU,BCISales,Hastings,1,1,1,1,0,0,0,0,0
BU,BCISales,Hugo,1,1,1,1,0,0,0,0,0
BU,BCISales,Lake Elmo,1,1,1,1,0,0,0,0,0
BU,BCISales,Lakeland,1,1,1,1,0,0,0,0,0
BU,BCISales,Lakeland Shores,0,0.6,1,1,0,0,0,0,0
BU,BCISales,Lake St. Croix Beach,0,0.6,1,1,0,0,0,0,0
BU,BCISales,Landfall,1,1,1,1,0,0,0,0,0
BU,BCISales,Mahtomedi,1,1,1,1,0,0,0,0,0
BU,BCISales,Marine on St. Croix,0,0.6,1,1,0,0,0,0,0
BU,BCISales,May Twp.,0,0.6,1,1,0,0,0,0,0
BU,BCISales,Newport,1,1,1,1,0,0,0,0,0
BU,BCISales,Oakdale,3,1.8,1,1,0,0,0,0,0
BU,BCISales,Oak Park Heights,1,1,1,1,0,0,0,0,0
BU,BCISales,Pine Springs,1,1,1,1,0,0,0,0,0
BU,BCISales,St. Marys Point,0,0.6,1,1,0,0,0,0,0
BU,BCISales,St. Paul Park,1,1,1,1,0,0,0,0,0
BU,BCISales,Scandia,1,1,1,1,0,0,0,0,0
BU,BCISales,Stillwater,1,1,1,1,0,0,0,0,0
BU,BCISales,Stillwater Twp.,1,1,1,1,0,0,0,0,0
BU,BCISales,West Lakeland Twp.,1,1,1,1,0,0,0,0,0
BU,BCISales,White Bear Lake,3,1.8,1,1,0,0,0,0,0
BU,BCISales,Willernie,1,1,1,1,0,0,0,0,0
BU,BCISales,Woodbury,3,1.8,1,1,0,0,0,0,0
BU,HEVSales,Andover,1,0,0,1,1,0,0,0,0
BU,HEVSales,Anoka,1,0,0,1,1,0,0,0,0
BU,HEVSales,Bethel,1,0,0,1,1,0,0,0,0
BU,HEVSales,Blaine,1,0,0,2,2,0,0,0,0
BU,HEVSales,Centerville,1,0,0,1,1,0,0,0,0
BU,HEVSales,Circle Pines,1,0,0,1,1,0,0,0,0
BU,HEVSales,Columbia Heights,1,0,0,2,2,0,0,0,0
BU,HEVSales,Columbus,1,0,0,1,1,0,0,0,0
BU,HEVSales,Coon Rapids,1,0,0,2,2,0,0,0,0
BU,HEVSales,East Bethel,1,0,0,1,1,0,0,0,0
BU,HEVSales,Fridley,1,0,0,1,1,0,0,0,0
BU,HEVSales,Ham Lake,1,0,0,1,1,0,0,0,0
BU,HEVSales,Hilltop,1,0,0,1,1,0,0,0,0
BU,HEVSales,Lexington,1,0,0,1,1,0,0,0,0
BU,HEVSales,Lino Lakes,1,0,0,1,1,0,0,0,0
BU,HEVSales,Linwood Twp.,1,0,0,1,1,0,0,0,0
BU,HEVSales,Nowthen,1,0,0,1,1,0,0,0,0
BU,HEVSales,Oak Grove,1,0,0,1,1,0,0,0,0
BU,HEVSales,Ramsey,1,0,0,1,1,0,0,0,0
BU,HEVSales,St. Francis,1,0,0,1,1,0,0,0,0
BU,HEVSales,Spring Lake Park,1,0,0,1,1,0,0,0,0
BU,HEVSales,Benton Twp.,1,0,0,1,1,0,0,0,0
BU,HEVSales,Camden Twp.,0,0,0,0,0,0,0,0,0
BU,HEVSales,Carver,1,0,0,1,1,0,0,0,0
BU,HEVSales,Chanhassen,1,0,0,1,1,0,0,0,0
BU,HEVSales,Chaska,1,0,0,1,1,0,0,0,0
BU,HEVSales,Cologne,1,0,0,1,1,0,0,0,0
BU,HEVSales,Dahlgren Twp.,1,0,0,1,1,0,0,0,0
BU,HEVSales,Hamburg,1,0,0,1,1,0,0,0,0
BU,HEVSales,Hancock Twp.,0,0,0,0,0,0,0,0,0
BU,HEVSales,Hollywood Twp.,1,0,0,1,1,0,0,0,0
BU,HEVSales,Laketown Twp.,1,0,0,1,1,0,0,0,0
BU,HEVSales,Mayer,0,0,0,1,1,0,0,0,0
BU,HEVSales,New Germany,0,0,0,0,0,0,0,0,0
BU,HEVSales,Norwood Young America,0,0,0,1,1,0,0,0,0
BU,HEVSales,San Francisco Twp.,0,0,0,1,1,0,0,0,0
BU,HEVSales,Victoria,1,0,0,1,1,0,0,0,0
BU,HEVSales,Waconia,1,0,0,1,1,0,0,0,0
BU,HEVSales,Waconia Twp.,1,0,0,1,1,0,0,0,0
BU,HEVSales,Watertown,1,0,0,1,1,0,0,0,0
BU,HEVSales,Watertown Twp.,1,0,0,1,1,0,0,0,0
BU,HEVSales,Young America Twp.,1,0,0,1,1,0,0,0,0
BU,HEVSales,Apple Valley,1,0,0,3,2,0,0,0,0
BU,HEVSales,Burnsville,1,0,0,4,3,0,0,0,0
BU,HEVSales,Castle Rock Twp.,1,0,0,1,1,0,0,0,0
BU,HEVSales,Coates,1,0,0,1,1,0,0,0,0
BU,HEVSales,Douglas Twp.,0,0,0,0,0,0,0,0,0
BU,HEVSales,Eagan,1,0,0,3,2,0,0,0,0
BU,HEVSales,Empire Twp.,1,0,0,1,1,0,0,0,0
BU,HEVSales,Eureka Twp.,1,0,0,1,1,0,0,0,0
BU,HEVSales,Farmington,1,0,0,1,1,0,0,0,0
BU,HEVSales,Greenvale Twp.,0,0,0,1,1,0,0,0,0
BU,HEVSales,Hampton,1,0,0,1,1,0,0,0,0
BU,HEVSales,Hampton Twp.,1,0,0,1,1,0,0,0,0
BU,HEVSales,Hastings,1,0,0,1,1,0,0,0,0
BU,HEVSales,Inver Grove Heights,1,0,0,2,2,0,0,0,0
BU,HEVSales,Lakeville,1,0,0,2,2,0,0,0,0
BU,HEVSales,Lilydale,1,0,0,1,1,0,0,0,0
BU,HEVSales,Marshan Twp.,1,0,0,1,1,0,0,0,0
BU,HEVSales,Mendota,1,0,0,1,1,0,0,0,0
BU,HEVSales,Mendota Heights,1,0,0,1,1,0,0,0,0
BU,HEVSales,Miesville,0,0,0,0,0,0,0,0,0
BU,HEVSales,New Trier,0,0,0,1,1,0,0,0,0
BU,HEVSales,Nininger Twp.,1,0,0,1,1,0,0,0,0
BU,HEVSales,Northfield,0,0,0,1,1,0,0,0,0
BU,HEVSales,Randolph,0,0,0,0,0,0,0,0,0
BU,HEVSales,Randolph Twp.,0,0,0,0,0,0,0,0,0
BU,HEVSales,Ravenna Twp.,0,0,0,0,0,0,0,0,0
BU,HEVSales,Rosemount,1,0,0,1,1,0,0,0,0
BU,HEVSales,Sciota Twp.,0,0,0,1,1,0,0,0,0
BU,HEVSales,South St. Paul,1,0,0,1,1,0,0,0,0
BU,HEVSales,Sunfish Lake,1,0,0,1,1,0,0,0,0
BU,HEVSales,Vermillion,0,0,0,1,1,0,0,0,0
BU,HEVSales,Vermillion Twp.,1,0,0,1,1,0,0,0,0
BU,HEVSales,Waterford Twp.,0,0,0,1,1,0,0,0,0
BU,HEVSales,West St. Paul,1,0,0,1,1,0,0,0,0
BU,HEVSales,Bloomington,1,0,0,4,4,0,0,0,0
BU,HEVSales,Brooklyn Center,1,0,0,2,2,0,0,0,0
BU,HEVSales,Brooklyn Park,1,0,0,4,3,0,0,0,0
BU,HEVSales,Champlin,1,0,0,1,1,0,0,0,0
BU,HEVSales,Chanhassen,1,0,0,1,1,0,0,0,0
BU,HEVSales,Corcoran,1,0,0,1,1,0,0,0,0
BU,HEVSales,Crystal,1,0,0,2,2,0,0,0,0
BU,HEVSales,Dayton,1,0,0,1,1,0,0,0,0
BU,HEVSales,Deephaven,1,0,0,1,1,0,0,0,0
BU,HEVSales,Eden Prairie,1,0,0,2,2,0,0,0,0
BU,HEVSales,Edina,1,0,0,4,3,0,0,0,0
BU,HEVSales,Excelsior,1,0,0,1,1,0,0,0,0
BU,HEVSales,Fort Snelling UT,1,0,0,2,2,0,0,0,0
BU,HEVSales,Golden Valley,1,0,0,2,2,0,0,0,0
BU,HEVSales,Greenfield,1,0,0,1,1,0,0,0,0
BU,HEVSales,Greenwood,1,0,0,1,1,0,0,0,0
BU,HEVSales,Hanover,1,0,0,1,1,0,0,0,0
BU,HEVSales,Hopkins,1,0,0,2,2,0,0,0,0
BU,HEVSales,Independence,1,0,0,1,1,0,0,0,0
BU,HEVSales,Long Lake,1,0,0,1,1,0,0,0,0
BU,HEVSales,Loretto,1,0,0,1,1,0,0,0,0
BU,HEVSales,Maple Grove,1,0,0,2,1,0,0,0,0
BU,HEVSales,Maple Plain,1,0,0,1,1,0,0,0,0
BU,HEVSales,Medicine Lake,1,0,0,1,1,0,0,0,0
BU,HEVSales,Medina,1,0,0,1,1,0,0,0,0
BU,HEVSales,Minneapolis,14,6,0,52,45,0,0,0,0
BU,HEVSales,Minnetonka,1,0,0,3,2,0,0,0,0
BU,HEVSales,Minnetonka Beach,1,0,0,1,1,0,0,0,0
BU,HEVSales,Minnetrista,1,0,0,1,1,0,0,0,0
BU,HEVSales,Mound,1,0,0,1,1,0,0,0,0
BU,HEVSales,New Hope,1,0,0,1,1,0,0,0,0
BU,HEVSales,Orono,1,0,0,1,1,0,0,0,0
BU,HEVSales,Osseo,1,0,0,1,1,0,0,0,0
BU,HEVSales,Plymouth,1,0,0,3,2,0,0,0,0
BU,HEVSales,Richfield,1,0,0,3,2,0,0,0,0
BU,HEVSales,Robbinsdale,1,0,0,1,1,0,0,0,0
BU,HEVSales,Rockford,1,0,0,1,1,0,0,0,0
BU,HEVSales,Rogers,1,0,0,1,1,0,0,0,0
BU,HEVSales,St. Anthony,1,0,0,1,1,0,0,0,0
BU,HEVSales,St. Bonifacius,1,0,0,1,1,0,0,0,0
BU,HEVSales,St. Louis Park,1,0,0,4,3,0,0,0,0
BU,HEVSales,Shorewood,1,0,0,1,1,0,0,0,0
BU,HEVSales,Spring Park,1,0,0,1,1,0,0,0,0
BU,HEVSales,Tonka Bay,1,0,0,1,1,0,0,0,0
BU,HEVSales,Wayzata,1,0,0,1,1,0,0,0,0
BU,HEVSales,Woodland,1,0,0,1,1,0,0,0,0
BU,HEVSales,Arden Hills,1,0,0,1,1,0,0,0,0
BU,HEVSales,Blaine,1,0,0,2,2,0,0,0,0
BU,HEVSales,Falcon Heights,1,0,0,1,1,0,0,0,0
BU,HEVSales,Gem Lake,1,0,0,1,1,0,0,0,0
BU,HEVSales,Lauderdale,1,0,0,1,1,0,0,0,0
BU,HEVSales,Little Canada,1,0,0,1,1,0,0,0,0
BU,HEVSales,Maplewood,1,0,0,3,2,0,0,0,0
BU,HEVSales,Mounds View,1,0,0,1,1,0,0,0,0
BU,HEVSales,New Brighton,1,0,0,1,1,0,0,0,0
BU,HEVSales,North Oaks,1,0,0,1,1,0,0,0,0
BU,HEVSales,North St. Paul,1,0,0,1,1,0,0,0,0
BU,HEVSales,Roseville,1,0,0,2,2,0,0,0,0
BU,HEVSales,St. Anthony,1,0,0,1,1,0,0,0,0
BU,HEVSales,St. Paul,4,2,0,16,14,0,0,0,0
BU,HEVSales,Shoreview,1,0,0,1,1,0,0,0,0
BU,HEVSales,Spring Lake Park,1,0,0,1,1,0,0,0,0
BU,HEVSales,Vadnais Heights,1,0,0,1,1,0,0,0,0
BU,HEVSales,White Bear Twp.,1,0,0,1,1,0,0,0,0
BU,HEVSales,White Bear Lake,1,0,0,1,1,0,0,0,0
BU,HEVSales,Belle Plaine,1,0,0,1,1,0,0,0,0
BU,HEVSales,Belle Plaine Twp.,1,0,0,1,1,0,0,0,0
BU,HEVSales,Blakeley Twp.,0,0,0,0,0,0,0,0,0
BU,HEVSales,Cedar Lake Twp.,1,0,0,1,1,0,0,0,0
BU,HEVSales,Credit River Twp.,1,0,0,1,1,0,0,0,0
BU,HEVSales,Elko New Market,1,0,0,1,1,0,0,0,0
BU,HEVSales,Helena Twp.,0,0,0,0,0,0,0,0,0
BU,HEVSales,Jackson Twp.,1,0,0,1,1,0,0,0,0
BU,HEVSales,Jordan,1,0,0,1,1,0,0,0,0
BU,HEVSales,Louisville Twp.,1,0,0,1,1,0,0,0,0
BU,HEVSales,New Market Twp.,1,0,0,1,1,0,0,0,0
BU,HEVSales,New Prague,0,0,0,1,1,0,0,0,0
BU,HEVSales,Prior Lake,1,0,0,1,1,0,0,0,0
BU,HEVSales,St. Lawrence Twp.,1,0,0,1,1,0,0,0,0
BU,HEVSales,Sand Creek Twp.,1,0,0,1,1,0,0,0,0
BU,HEVSales,Savage,1,0,0,1,1,0,0,0,0
BU,HEVSales,Shakopee,1,0,0,1,1,0,0,0,0
BU,HEVSales,Spring Lake Twp.,1,0,0,1,1,0,0,0,0
BU,HEVSales,Afton,1,0,0,1,1,0,0,0,0
BU,HEVSales,Bayport,0,0,0,1,1,0,0,0,0
BU,HEVSales,Baytown Twp.,1,0,0,1,1,0,0,0,0
BU,HEVSales,Birchwood Village,1,0,0,1,1,0,0,0,0
BU,HEVSales,Cottage Grove,1,0,0,1,1,0,0,0,0
BU,HEVSales,Dellwood,1,0,0,1,1,0,0,0,0
BU,HEVSales,Denmark Twp.,1,0,0,1,1,0,0,0,0
BU,HEVSales,Forest Lake,1,0,0,1,1,0,0,0,0
BU,HEVSales,Grant,1,0,0,1,1,0,0,0,0
BU,HEVSales,Grey Cloud Island Twp.,1,0,0,1,1,0,0,0,0
BU,HEVSales,Hastings,1,0,0,1,1,0,0,0,0
BU,HEVSales,Hugo,1,0,0,1,1,0,0,0,0
BU,HEVSales,Lake Elmo,1,0,0,1,1,0,0,0,0
BU,HEVSales,Lakeland,1,0,0,1,1,0,0,0,0
BU,HEVSales,Lakeland Shores,0,0,0,1,1,0,0,0,0
BU,HEVSales,Lake St. Croix Beach,0,0,0,1,1,0,0,0,0
BU,HEVSales,Landfall,1,0,0,1,1,0,0,0,0
BU,HEVSales,Mahtomedi,1,0,0,1,1,0,0,0,0
BU,HEVSales,Marine on St. Croix,0,0,0,1,1,0,0,0,0
BU,HEVSales,May Twp.,0,0,0,1,1,0,0,0,0
BU,HEVSales,Newport,1,0,0,1,1,0,0,0,0
BU,HEVSales,Oakdale,1,0,0,1,1,0,0,0,0
BU,HEVSales,Oak Park Heights,1,0,0,1,1,0,0,0,0
BU,HEVSales,Pine Springs,1,0,0,1,1,0,0,0,0
BU,HEVSales,St. Marys Point,0,0,0,1,1,0,0,0,0
BU,HEVSales,St. Paul Park,1,0,0,1,1,0,0,0,0
BU,HEVSales,Scandia,1,0,0,1,1,0,0,0,0
BU,HEVSales,Stillwater,1,0,0,1,1,0,0,0,0
BU,HEVSales,Stillwater Twp.,1,0,0,1,1,0,0,0,0
BU,HEVSales,West Lakeland Twp.,1,0,0,1,1,0,0,0,0
BU,HEVSales,White Bear Lake,1,0,0,1,1,0,0,0,0
BU,HEVSales,Willernie,1,0,0,1,1,0,0,0,0
BU,HEVSales,Woodbury,1,0,0,1,1,0,0,0,0
BU,BEVSales,Andover,0,0.6,1,1,1,1,1,1,1
BU,BEVSales,Anoka,0,0.6,1,1,1,1,1,1,1
BU,BEVSales,Bethel,0,0.6,1,1,1,1,1,1,1
BU,BEVSales,Blaine,0,0.6,1,2,4,2,3,5,2
BU,BEVSales,Centerville,0,0.6,1,1,1,1,1,1,1
BU,BEVSales,Circle Pines,0,0.6,1,1,1,1,1,1,1
BU,BEVSales,Columbia Heights,0,0.6,1,2,4,2,4,8,4
BU,BEVSales,Columbus,0,0.6,1,1,1,1,1,1,1
BU,BEVSales,Coon Rapids,0,0.6,1,2,5,2,4,6,3
BU,BEVSales,East Bethel,0,0.6,1,1,1,1,1,1,1
BU,BEVSales,Fridley,0,0.6,1,1,2,1,2,3,2
BU,BEVSales,Ham Lake,0,0.6,1,1,1,1,1,1,1
BU,BEVSales,Hilltop,0,0.6,1,1,1,1,1,1,1
BU,BEVSales,Lexington,0,0.6,1,1,1,1,1,1,1
BU,BEVSales,Lino Lakes,0,0.6,1,1,1,1,1,1,1
BU,BEVSales,Linwood Twp.,0,0.6,1,1,1,1,1,1,1
BU,BEVSales,Nowthen,0,0.6,1,1,1,1,1,1,1
BU,BEVSales,Oak Grove,0,0.6,1,1,1,1,1,1,1
BU,BEVSales,Ramsey,0,0.6,1,1,1,1,1,1,1
BU,BEVSales,St. Francis,0,0.6,1,1,1,1,1,1,1
BU,BEVSales,Spring Lake Park,0,0.6,1,1,1,1,1,2,1
BU,BEVSales,Benton Twp.,0,0.6,1,1,1,1,1,1,1
BU,BEVSales,Camden Twp.,0,0,0,0,0,0,0,0,0
BU,BEVSales,Carver,0,0.6,1,1,1,1,1,1,1
BU,BEVSales,Chanhassen,0,0.6,1,1,2,1,2,2,1
BU,BEVSales,Chaska,0,0.6,1,1,2,1,2,2,2
BU,BEVSales,Cologne,0,0.6,1,1,1,1,1,1,1
BU,BEVSales,Dahlgren Twp.,0,0.6,1,1,1,1,1,1,1
BU,BEVSales,Hamburg,0,0.6,1,1,1,1,0,0,0
BU,BEVSales,Hancock Twp.,0,0,0,0,0,0,0,0,0
BU,BEVSales,Hollywood Twp.,0,0.6,1,1,1,1,0,0,0
BU,BEVSales,Laketown Twp.,0,0.6,1,1,1,1,1,1,1
BU,BEVSales,Mayer,0,0.6,1,1,1,1,1,1,1
BU,BEVSales,New Germany,0,0,0,0,0,0,0,0,0
BU,BEVSales,Norwood Young America,0,0.6,1,1,1,1,1,1,1
BU,BEVSales,San Francisco Twp.,0,0.6,1,1,1,1,1,1,1
BU,BEVSales,Victoria,0,0.6,1,1,1,1,1,1,1
BU,BEVSales,Waconia,0,0.6,1,1,1,1,1,1,1
BU,BEVSales,Waconia Twp.,0,0.6,1,1,1,1,1,1,1
BU,BEVSales,Watertown,0,0.6,1,1,1,1,0,0,0
BU,BEVSales,Watertown Twp.,0,0.6,1,1,1,1,0,0,0
BU,BEVSales,Young America Twp.,0,0.6,1,1,1,1,1,1,1
BU,BEVSales,Apple Valley,0,0.6,1,2,6,3,6,10,5
BU,BEVSales,Burnsville,0,0.6,1,3,9,4,8,14,8
BU,BEVSales,Castle Rock Twp.,0,0.6,1,1,1,1,1,1,1
BU,BEVSales,Coates,0,0.6,1,1,1,1,1,1,1
BU,BEVSales,Douglas Twp.,0,0,0,0,0,0,0,0,0
BU,BEVSales,Eagan,0,0.6,1,2,6,3,6,9,5
BU,BEVSales,Empire Twp.,0,0.6,1,1,1,1,1,1,1
BU,BEVSales,Eureka Twp.,0,0.6,1,1,1,1,1,1,1
BU,BEVSales,Farmington,0,0.6,1,1,1,1,1,2,1
BU,BEVSales,Greenvale Twp.,0,0.6,1,1,1,1,1,1,1
BU,BEVSales,Hampton,0,0.6,1,1,1,1,1,1,1
BU,BEVSales,Hampton Twp.,0,0.6,1,1,1,1,1,1,1
BU,BEVSales,Hastings,0,0.6,1,1,1,1,1,1,1
BU,BEVSales,Inver Grove Heights,0,0.6,1,2,4,2,4,6,3
BU,BEVSales,Lakeville,0,0.6,1,2,4,2,4,6,3
BU,BEVSales,Lilydale,0,0.6,1,1,1,1,1,1,1
BU,BEVSales,Marshan Twp.,0,0.6,1,1,1,1,1,1,1
BU,BEVSales,Mendota,0,0.6,1,1,1,1,1,1,1
BU,BEVSales,Mendota Heights,0,0.6,1,1,2,1,2,2,1
BU,BEVSales,Miesville,0,0,0,0,0,0,0,0,0
BU,BEVSales,New Trier,0,0.6,1,1,1,1,1,1,1
BU,BEVSales,Nininger Twp.,0,0.6,1,1,1,1,1,1,1
BU,BEVSales,Northfield,0,0.6,1,1,1,1,1,1,1
BU,BEVSales,Randolph,0,0,0,0,0,0,0,0,0
BU,BEVSales,Randolph Twp.,0,0,0,0,0,0,0,0,0
BU,BEVSales,Ravenna Twp.,0,0,0,0,0,0,0,0,0
BU,BEVSales,Rosemount,0,0.6,1,1,2,1,2,3,2
BU,BEVSales,Sciota Twp.,0,0.6,1,1,1,1,1,1,1
BU,BEVSales,South St. Paul,0,0.6,1,1,1,1,1,2,1
BU,BEVSales,Sunfish Lake,0,0.6,1,1,1,1,1,1,1
BU,BEVSales,Vermillion,0,0.6,1,1,1,1,1,1,1
BU,BEVSales,Vermillion Twp.,0,0.6,1,1,1,1,1,1,1
BU,BEVSales,Waterford Twp.,0,0.6,1,1,1,1,1,1,1
BU,BEVSales,West St. Paul,0,0.6,1,1,3,1,3,4,2
BU,BEVSales,Bloomington,0,0.6,1,4,10,5,11,19,11
BU,BEVSales,Brooklyn Center,0,0.6,1,2,4,2,4,7,4
BU,BEVSales,Brooklyn Park,0,0.6,1,3,8,4,7,13,7
BU,BEVSales,Champlin,0,0.6,1,1,2,1,1,2,1
BU,BEVSales,Chanhassen,0,0.6,1,1,2,1,2,2,1
BU,BEVSales,Corcoran,0,0.6,1,1,1,1,1,1,1
BU,BEVSales,Crystal,0,0.6,1,2,4,2,3,5,3
BU,BEVSales,Dayton,0,0.6,1,1,1,1,1,1,1
BU,BEVSales,Deephaven,0,0.6,1,1,1,1,1,1,1
BU,BEVSales,Eden Prairie,0,0.6,1,2,4,2,4,6,3
BU,BEVSales,Edina,0,0.6,1,3,9,4,8,15,8
BU,BEVSales,Excelsior,0,0.6,1,1,1,1,1,1,1
BU,BEVSales,Fort Snelling UT,0,0.6,1,2,5,3,5,9,5
BU,BEVSales,Golden Valley,0,0.6,1,2,4,2,4,7,4
BU,BEVSales,Greenfield,0,0.6,1,1,1,1,1,1,1
BU,BEVSales,Greenwood,0,0.6,1,1,1,1,1,1,1
BU,BEVSales,Hanover,0,0.6,1,1,1,1,1,1,1
BU,BEVSales,Hopkins,0,0.6,1,2,4,2,3,6,3
BU,BEVSales,Independence,0,0.6,1,1,1,1,1,1,1
BU,BEVSales,Long Lake,0,0.6,1,1,1,1,1,1,1
BU,BEVSales,Loretto,0,0.6,1,1,1,1,1,1,1
BU,BEVSales,Maple Grove,0,0.6,1,1,3,2,3,5,3
BU,BEVSales,Maple Plain,0,0.6,1,1,1,1,1,1,1
BU,BEVSales,Medicine Lake,0,0.6,1,1,1,1,1,1,1
BU,BEVSales,Medina,0,0.6,1,1,1,1,1,1,1
BU,BEVSales,Minneapolis,0,1.8,3,43,133,59,124,218,113
BU,BEVSales,Minnetonka,0,0.6,1,2,6,3,5,8,4
BU,BEVSales,Minnetonka Beach,0,0.6,1,1,1,1,1,1,1
BU,BEVSales,Minnetrista,0,0.6,1,1,1,1,1,1,1
BU,BEVSales,Mound,0,0.6,1,1,1,1,1,1,1
BU,BEVSales,New Hope,0,0.6,1,1,3,1,2,4,2
BU,BEVSales,Orono,0,0.6,1,1,1,1,1,1,1
BU,BEVSales,Osseo,0,0.6,1,1,1,1,1,1,1
BU,BEVSales,Plymouth,0,0.6,1,2,6,3,5,7,4
BU,BEVSales,Richfield,0,0.6,1,2,6,3,6,11,6
BU,BEVSales,Robbinsdale,0,0.6,1,1,3,2,3,4,3
BU,BEVSales,Rockford,0,0.6,1,1,1,1,0,0,0
BU,BEVSales,Rogers,0,0.6,1,1,1,1,1,1,1
BU,BEVSales,St. Anthony,0,0.6,1,1,1,1,1,2,1
BU,BEVSales,St. Bonifacius,0,0.6,1,1,1,1,1,1,1
BU,BEVSales,St. Louis Park,0,0.6,1,3,9,4,9,15,8
BU,BEVSales,Shorewood,0,0.6,1,1,1,1,1,1,1
BU,BEVSales,Spring Park,0,0.6,1,1,1,1,1,1,1
BU,BEVSales,Tonka Bay,0,0.6,1,1,1,1,1,1,1
BU,BEVSales,Wayzata,0,0.6,1,1,1,1,1,1,1
BU,BEVSales,Woodland,0,0.6,1,1,1,1,1,1,1
BU,BEVSales,Arden Hills,0,0.6,1,1,1,1,1,2,1
BU,BEVSales,Blaine,0,0.6,1,2,4,2,3,5,2
BU,BEVSales,Falcon Heights,0,0.6,1,1,3,1,3,5,3
BU,BEVSales,Gem Lake,0,0.6,1,1,1,1,1,1,1
BU,BEVSales,Lauderdale,0,0.6,1,1,1,1,2,3,2
BU,BEVSales,Little Canada,0,0.6,1,1,2,1,2,3,2
BU,BEVSales,Maplewood,0,0.6,1,2,6,3,6,10,6
BU,BEVSales,Mounds View,0,0.6,1,1,1,1,1,2,1
BU,BEVSales,New Brighton,0,0.6,1,1,3,1,2,4,2
BU,BEVSales,North Oaks,0,0.6,1,1,1,1,1,1,1
BU,BEVSales,North St. Paul,0,0.6,1,1,2,1,2,3,2
BU,BEVSales,Roseville,0,0.6,1,1,4,2,3,6,3
BU,BEVSales,St. Anthony,0,0.6,1,1,1,1,1,2,1
BU,BEVSales,St. Paul,0,0.6,1,13,41,19,40,72,39
BU,BEVSales,Shoreview,0,0.6,1,1,2,1,2,2,1
BU,BEVSales,Spring Lake Park,0,0.6,1,1,1,1,1,2,1
BU,BEVSales,Vadnais Heights,0,0.6,1,1,2,1,2,3,2
BU,BEVSales,White Bear Twp.,0,0.6,1,1,1,1,1,2,1
BU,BEVSales,White Bear Lake,0,0.6,1,1,3,2,3,4,2
BU,BEVSales,Belle Plaine,0,0.6,1,1,1,1,1,1,1
BU,BEVSales,Belle Plaine Twp.,0,0.6,1,1,1,1,1,1,1
BU,BEVSales,Blakeley Twp.,0,0,0,0,0,0,0,0,0
BU,BEVSales,Cedar Lake Twp.,0,0.6,1,1,1,1,1,1,1
BU,BEVSales,Credit River Twp.,0,0.6,1,1,1,1,1,1,1
BU,BEVSales,Elko New Market,0,0.6,1,1,1,1,1,1,1
BU,BEVSales,Helena Twp.,0,0,0,0,0,0,0,0,0
BU,BEVSales,Jackson Twp.,0,0.6,1,1,1,1,1,1,1
BU,BEVSales,Jordan,0,0.6,1,1,1,1,1,1,1
BU,BEVSales,Louisville Twp.,0,0.6,1,1,1,1,1,1,1
BU,BEVSales,New Market Twp.,0,0.6,1,1,1,1,1,1,1
BU,BEVSales,New Prague,0,0.6,1,1,1,1,1,1,1
BU,BEVSales,Prior Lake,0,0.6,1,1,1,1,1,2,1
BU,BEVSales,St. Lawrence Twp.,0,0.6,1,1,1,1,0,0,0
BU,BEVSales,Sand Creek Twp.,0,0.6,1,1,1,1,1,1,1
BU,BEVSales,Savage,0,0.6,1,1,2,1,2,3,2
BU,BEVSales,Shakopee,0,0.6,1,1,2,1,2,3,2
BU,BEVSales,Spring Lake Twp.,0,0.6,1,1,1,1,1,1,1
BU,BEVSales,Afton,0,0.6,1,1,1,1,1,1,1
BU,BEVSales,Bayport,0,0.6,1,1,1,1,1,1,1
BU,BEVSales,Baytown Twp.,0,0.6,1,1,1,1,1,1,1
BU,BEVSales,Birchwood Village,0,0.6,1,1,1,1,1,1,1
BU,BEVSales,Cottage Grove,0,0.6,1,1,2,1,2,3,2
BU,BEVSales,Dellwood,0,0.6,1,1,1,1,1,1,1
BU,BEVSales,Denmark Twp.,0,0.6,1,1,1,1,1,1,1
BU,BEVSales,Forest Lake,0,0.6,1,1,1,1,1,1,1
BU,BEVSales,Grant,0,0.6,1,1,1,1,1,1,1
BU,BEVSales,Grey Cloud Island Twp.,0,0.6,1,1,1,1,1,1,1
BU,BEVSales,Hastings,0,0.6,1,1,1,1,1,1,1
BU,BEVSales,Hugo,0,0.6,1,1,1,1,1,1,1
BU,BEVSales,Lake Elmo,0,0.6,1,1,1,1,1,1,1
BU,BEVSales,Lakeland,0,0.6,1,1,1,1,1,1,1
BU,BEVSales,Lakeland Shores,0,0.6,1,1,1,1,1,1,1
BU,BEVSales,Lake St. Croix Beach,0,0.6,1,1,1,1,1,1,1
BU,BEVSales,Landfall,0,0.6,1,1,1,1,1,1,1
BU,BEVSales,Mahtomedi,0,0.6,1,1,1,1,1,1,1
BU,BEVSales,Marine on St. Croix,0,0.6,1,1,1,1,1,1,1
BU,BEVSales,May Twp.,0,0.6,1,1,1,1,1,1,1
BU,BEVSales,Newport,0,0.6,1,1,1,1,1,1,1
BU,BEVSales,Oakdale,0,0.6,1,1,2,1,2,3,2
BU,BEVSales,Oak Park Heights,0,0.6,1,1,1,1,1,1,1
BU,BEVSales,Pine Springs,0,0.6,1,1,1,1,1,1,1
BU,BEVSales,St. Marys Point,0,0.6,1,1,1,1,1,1,1
BU,BEVSales,St. Paul Park,0,0.6,1,1,1,1,1,1,1
BU,BEVSales,Scandia,0,0.6,1,1,1,1,1,1,1
BU,BEVSales,Stillwater,0,0.6,1,1,1,1,1,1,1
BU,BEVSales,Stillwater Twp.,0,0.6,1,1,1,1,1,1,1
BU,BEVSales,West Lakeland Twp.,0,0.6,1,1,1,1,1,1,1
BU,BEVSales,White Bear Lake,0,0.6,1,1,3,2,3,4,2
BU,BEVSales,Willernie,0,0.6,1,1,1,1,1,1,1
BU,BEVSales,Woodbury,0,0.6,1,1,3,1,2,4,2
BU,BCIMPG,All,4.680498833,4.694540329,4.703901327,4.751057938,4.82268073,4.919860161,5.044092795,5.197319772,5.381977409
BU,HEVMPG,All,5.84,5.89256,5.9276,6.10676171,6.385708661,6.777558418,7.301355269,7.983617737,8.860577532
BU,BEVElec,All,0.424268,0.424268,0.424268,0.424268,0.424268,0.424268,0.424268,0.424268,0.424268
BU,AVO,Andover,5.170770254,5.170770254,5.170770254,5.170770254,5.170770254,5.170770254,5.170770254,5.170770254,5.170770254
BU,AVO,Anoka,5.170770254,5.170770254,5.170770254,5.170770254,5.170770254,5.170770254,5.170770254,5.170770254,5.170770254
BU,AVO,Bethel,5.170770254,5.170770254,5.170770254,5.170770254,5.170770254,5.170770254,5.170770254,5.170770254,5.170770254
BU,AVO,Blaine,5.170770254,5.170770254,5.170770254,5.170770254,5.170770254,5.170770254,5.170770254,5.170770254,5.170770254
BU,AVO,Centerville,5.170770254,5.170770254,5.170770254,5.170770254,5.170770254,5.170770254,5.170770254,5.170770254,5.170770254
BU,AVO,Circle Pines,5.170770254,5.170770254,5.170770254,5.170770254,5.170770254,5.170770254,5.170770254,5.170770254,5.170770254
BU,AVO,Columbia Heights,5.170770254,5.170770254,5.170770254,5.170770254,5.170770254,5.170770254,5.170770254,5.170770254,5.170770254
BU,AVO,Columbus,5.170770254,5.170770254,5.170770254,5.170770254,5.170770254,5.170770254,5.170770254,5.170770254,5.170770254
BU,AVO,Coon Rapids,5.170770254,5.170770254,5.170770254,5.170770254,5.170770254,5.170770254,5.170770254,5.170770254,5.170770254
BU,AVO,East Bethel,5.170770254,5.170770254,5.170770254,5.170770254,5.170770254,5.170770254,5.170770254,5.170770254,5.170770254
BU,AVO,Fridley,5.170770254,5.170770254,5.170770254,5.170770254,5.170770254,5.170770254,5.170770254,5.170770254,5.170770254
BU,AVO,Ham Lake,5.170770254,5.170770254,5.170770254,5.170770254,5.170770254,5.170770254,5.170770254,5.170770254,5.170770254
BU,AVO,Hilltop,5.170770254,5.170770254,5.170770254,5.170770254,5.170770254,5.170770254,5.170770254,5.170770254,5.170770254
BU,AVO,Lexington,5.170770254,5.170770254,5.170770254,5.170770254,5.170770254,5.170770254,5.170770254,5.170770254,5.170770254
BU,AVO,Lino Lakes,5.170770254,5.170770254,5.170770254,5.170770254,5.170770254,5.170770254,5.170770254,5.170770254,5.170770254
BU,AVO,Linwood Twp.,5.170770254,5.170770254,5.170770254,5.170770254,5.170770254,5.170770254,5.170770254,5.170770254,5.170770254
BU,AVO,Nowthen,5.170770254,5.170770254,5.170770254,5.170770254,5.170770254,5.170770254,5.170770254,5.170770254,5.170770254
BU,AVO,Oak Grove,5.170770254,5.170770254,5.170770254,5.170770254,5.170770254,5.170770254,5.170770254,5.170770254,5.170770254
BU,AVO,Ramsey,5.170770254,5.170770254,5.170770254,5.170770254,5.170770254,5.170770254,5.170770254,5.170770254,5.170770254
BU,AVO,St. Francis,5.170770254,5.170770254,5.170770254,5.170770254,5.170770254,5.170770254,5.170770254,5.170770254,5.170770254
BU,AVO,Spring Lake Park,5.170770254,5.170770254,5.170770254,5.170770254,5.170770254,5.170770254,5.170770254,5.170770254,5.170770254
BU,AVO,Benton Twp.,5.170770254,5.170770254,5.170770254,5.170770254,5.170770254,5.170770254,5.170770254,5.170770254,5.170770254
BU,AVO,Camden Twp.,5.170770254,5.170770254,5.170770254,5.170770254,5.170770254,5.170770254,5.170770254,5.170770254,5.170770254
BU,AVO,Carver,5.170770254,5.170770254,5.170770254,5.170770254,5.170770254,5.170770254,5.170770254,5.170770254,5.170770254
BU,AVO,Chanhassen,5.170770254,5.170770254,5.170770254,5.170770254,5.170770254,5.170770254,5.170770254,5.170770254,5.170770254
BU,AVO,Chaska,5.170770254,5.170770254,5.170770254,5.170770254,5.170770254,5.170770254,5.170770254,5.170770254,5.170770254
BU,AVO,Cologne,5.170770254,5.170770254,5.170770254,5.170770254,5.170770254,5.170770254,5.170770254,5.170770254,5.170770254
BU,AVO,Dahlgren Twp.,5.170770254,5.170770254,5.170770254,5.170770254,5.170770254,5.170770254,5.170770254,5.170770254,5.170770254
BU,AVO,Hamburg,5.170770254,5.170770254,5.170770254,5.170770254,5.170770254,5.170770254,5.170770254,5.170770254,5.170770254
BU,AVO,Hancock Twp.,5.170770254,5.170770254,5.170770254,5.170770254,5.170770254,5.170770254,5.170770254,5.170770254,5.170770254
BU,AVO,Hollywood Twp.,5.170770254,5.170770254,5.170770254,5.170770254,5.170770254,5.170770254,5.170770254,5.170770254,5.170770254
BU,AVO,Laketown Twp.,5.170770254,5.170770254,5.170770254,5.170770254,5.170770254,5.170770254,5.170770254,5.170770254,5.170770254
BU,AVO,Mayer,5.170770254,5.170770254,5.170770254,5.170770254,5.170770254,5.170770254,5.170770254,5.170770254,5.170770254
BU,AVO,New Germany,5.170770254,5.170770254,5.170770254,5.170770254,5.170770254,5.170770254,5.170770254,5.170770254,5.170770254
BU,AVO,Norwood Young America,5.170770254,5.170770254,5.170770254,5.170770254,5.170770254,5.170770254,5.170770254,5.170770254,5.170770254
BU,AVO,San Francisco Twp.,5.170770254,5.170770254,5.170770254,5.170770254,5.170770254,5.170770254,5.170770254,5.170770254,5.170770254
BU,AVO,Victoria,5.170770254,5.170770254,5.170770254,5.170770254,5.170770254,5.170770254,5.170770254,5.170770254,5.170770254
BU,AVO,Waconia,5.170770254,5.170770254,5.170770254,5.170770254,5.170770254,5.170770254,5.170770254,5.170770254,5.170770254
BU,AVO,Waconia Twp.,5.170770254,5.170770254,5.170770254,5.170770254,5.170770254,5.170770254,5.170770254,5.170770254,5.170770254
BU,AVO,Watertown,5.170770254,5.170770254,5.170770254,5.170770254,5.170770254,5.170770254,5.170770254,5.170770254,5.170770254
BU,AVO,Watertown Twp.,5.170770254,5.170770254,5.170770254,5.170770254,5.170770254,5.170770254,5.170770254,5.170770254,5.170770254
BU,AVO,Young America Twp.,5.170770254,5.170770254,5.170770254,5.170770254,5.170770254,5.170770254,5.170770254,5.170770254,5.170770254
BU,AVO,Apple Valley,5.170770254,5.170770254,5.170770254,5.170770254,5.170770254,5.170770254,5.170770254,5.170770254,5.170770254
BU,AVO,Burnsville,5.170770254,5.170770254,5.170770254,5.170770254,5.170770254,5.170770254,5.170770254,5.170770254,5.170770254
BU,AVO,Castle Rock Twp.,5.170770254,5.170770254,5.170770254,5.170770254,5.170770254,5.170770254,5.170770254,5.170770254,5.170770254
BU,AVO,Coates,5.170770254,5.170770254,5.170770254,5.170770254,5.170770254,5.170770254,5.170770254,5.170770254,5.170770254
BU,AVO,Douglas Twp.,5.170770254,5.170770254,5.170770254,5.170770254,5.170770254,5.170770254,5.170770254,5.170770254,5.170770254
BU,AVO,Eagan,5.170770254,5.170770254,5.170770254,5.170770254,5.170770254,5.170770254,5.170770254,5.170770254,5.170770254
BU,AVO,Empire Twp.,5.170770254,5.170770254,5.170770254,5.170770254,5.170770254,5.170770254,5.170770254,5.170770254,5.170770254
BU,AVO,Eureka Twp.,5.170770254,5.170770254,5.170770254,5.170770254,5.170770254,5.170770254,5.170770254,5.170770254,5.170770254
BU,AVO,Farmington,5.170770254,5.170770254,5.170770254,5.170770254,5.170770254,5.170770254,5.170770254,5.170770254,5.170770254
BU,AVO,Greenvale Twp.,5.170770254,5.170770254,5.170770254,5.170770254,5.170770254,5.170770254,5.170770254,5.170770254,5.170770254
BU,AVO,Hampton,5.170770254,5.170770254,5.170770254,5.170770254,5.170770254,5.170770254,5.170770254,5.170770254,5.170770254
BU,AVO,Hampton Twp.,5.170770254,5.170770254,5.170770254,5.170770254,5.170770254,5.170770254,5.170770254,5.170770254,5.170770254
BU,AVO,Hastings,5.170770254,5.170770254,5.170770254,5.170770254,5.170770254,5.170770254,5.170770254,5.170770254,5.170770254
BU,AVO,Inver Grove Heights,5.170770254,5.170770254,5.170770254,5.170770254,5.170770254,5.170770254,5.170770254,5.170770254,5.170770254
BU,AVO,Lakeville,5.170770254,5.170770254,5.170770254,5.170770254,5.170770254,5.170770254,5.170770254,5.170770254,5.170770254
BU,AVO,Lilydale,5.170770254,5.170770254,5.170770254,5.170770254,5.170770254,5.170770254,5.170770254,5.170770254,5.170770254
BU,AVO,Marshan Twp.,5.170770254,5.170770254,5.170770254,5.170770254,5.170770254,5.170770254,5.170770254,5.170770254,5.170770254
BU,AVO,Mendota,5.170770254,5.170770254,5.170770254,5.170770254,5.170770254,5.170770254,5.170770254,5.170770254,5.170770254
BU,AVO,Mendota Heights,5.170770254,5.170770254,5.170770254,5.170770254,5.170770254,5.170770254,5.170770254,5.170770254,5.170770254
BU,AVO,Miesville,5.170770254,5.170770254,5.170770254,5.170770254,5.170770254,5.170770254,5.170770254,5.170770254,5.170770254
BU,AVO,New Trier,5.170770254,5.170770254,5.170770254,5.170770254,5.170770254,5.170770254,5.170770254,5.170770254,5.170770254
BU,AVO,Nininger Twp.,5.170770254,5.170770254,5.170770254,5.170770254,5.170770254,5.170770254,5.170770254,5.170770254,5.170770254
BU,AVO,Northfield,5.170770254,5.170770254,5.170770254,5.170770254,5.170770254,5.170770254,5.170770254,5.170770254,5.170770254
BU,AVO,Randolph,5.170770254,5.170770254,5.170770254,5.170770254,5.170770254,5.170770254,5.170770254,5.170770254,5.170770254
BU,AVO,Randolph Twp.,5.170770254,5.170770254,5.170770254,5.170770254,5.170770254,5.170770254,5.170770254,5.170770254,5.170770254
BU,AVO,Ravenna Twp.,5.170770254,5.170770254,5.170770254,5.170770254,5.170770254,5.170770254,5.170770254,5.170770254,5.170770254
BU,AVO,Rosemount,5.170770254,5.170770254,5.170770254,5.170770254,5.170770254,5.170770254,5.170770254,5.170770254,5.170770254
BU,AVO,Sciota Twp.,5.170770254,5.170770254,5.170770254,5.170770254,5.170770254,5.170770254,5.170770254,5.170770254,5.170770254
BU,AVO,South St. Paul,5.170770254,5.170770254,5.170770254,5.170770254,5.170770254,5.170770254,5.170770254,5.170770254,5.170770254
BU,AVO,Sunfish Lake,5.170770254,5.170770254,5.170770254,5.170770254,5.170770254,5.170770254,5.170770254,5.170770254,5.170770254
BU,AVO,Vermillion,5.170770254,5.170770254,5.170770254,5.170770254,5.170770254,5.170770254,5.170770254,5.170770254,5.170770254
BU,AVO,Vermillion Twp.,5.170770254,5.170770254,5.170770254,5.170770254,5.170770254,5.170770254,5.170770254,5.170770254,5.170770254
BU,AVO,Waterford Twp.,5.170770254,5.170770254,5.170770254,5.170770254,5.170770254,5.170770254,5.170770254,5.170770254,5.170770254
BU,AVO,West St. Paul,5.170770254,5.170770254,5.170770254,5.170770254,5.170770254,5.170770254,5.170770254,5.170770254,5.170770254
BU,AVO,Bloomington,11.41878431,11.41878431,11.41878431,11.41878431,11.41878431,11.41878431,11.41878431,11.41878431,11.41878431
BU,AVO,Brooklyn Center,5.170770254,5.170770254,5.170770254,5.170770254,5.170770254,5.170770254,5.170770254,5.170770254,5.170770254
BU,AVO,Brooklyn Park,5.170770254,5.170770254,5.170770254,5.170770254,5.170770254,5.170770254,5.170770254,5.170770254,5.170770254
BU,AVO,Champlin,5.170770254,5.170770254,5.170770254,5.170770254,5.170770254,5.170770254,5.170770254,5.170770254,5.170770254
BU,AVO,Chanhassen,5.170770254,5.170770254,5.170770254,5.170770254,5.170770254,5.170770254,5.170770254,5.170770254,5.170770254
BU,AVO,Corcoran,5.170770254,5.170770254,5.170770254,5.170770254,5.170770254,5.170770254,5.170770254,5.170770254,5.170770254
BU,AVO,Crystal,5.170770254,5.170770254,5.170770254,5.170770254,5.170770254,5.170770254,5.170770254,5.170770254,5.170770254
BU,AVO,Dayton,5.170770254,5.170770254,5.170770254,5.170770254,5.170770254,5.170770254,5.170770254,5.170770254,5.170770254
BU,AVO,Deephaven,5.170770254,5.170770254,5.170770254,5.170770254,5.170770254,5.170770254,5.170770254,5.170770254,5.170770254
BU,AVO,Eden Prairie,5.170770254,5.170770254,5.170770254,5.170770254,5.170770254,5.170770254,5.170770254,5.170770254,5.170770254
BU,AVO,Edina,5.170770254,5.170770254,5.170770254,5.170770254,5.170770254,5.170770254,5.170770254,5.170770254,5.170770254
BU,AVO,Excelsior,5.170770254,5.170770254,5.170770254,5.170770254,5.170770254,5.170770254,5.170770254,5.170770254,5.170770254
BU,AVO,Fort Snelling UT,5.170770254,5.170770254,5.170770254,5.170770254,5.170770254,5.170770254,5.170770254,5.170770254,5.170770254
BU,AVO,Golden Valley,5.170770254,5.170770254,5.170770254,5.170770254,5.170770254,5.170770254,5.170770254,5.170770254,5.170770254
BU,AVO,Greenfield,5.170770254,5.170770254,5.170770254,5.170770254,5.170770254,5.170770254,5.170770254,5.170770254,5.170770254
BU,AVO,Greenwood,5.170770254,5.170770254,5.170770254,5.170770254,5.170770254,5.170770254,5.170770254,5.170770254,5.170770254
BU,AVO,Hanover,5.170770254,5.170770254,5.170770254,5.170770254,5.170770254,5.170770254,5.170770254,5.170770254,5.170770254
BU,AVO,Hopkins,5.170770254,5.170770254,5.170770254,5.170770254,5.170770254,5.170770254,5.170770254,5.170770254,5.170770254
BU,AVO,Independence,5.170770254,5.170770254,5.170770254,5.170770254,5.170770254,5.170770254,5.170770254,5.170770254,5.170770254
BU,AVO,Long Lake,5.170770254,5.170770254,5.170770254,5.170770254,5.170770254,5.170770254,5.170770254,5.170770254,5.170770254
BU,AVO,Loretto,5.170770254,5.170770254,5.170770254,5.170770254,5.170770254,5.170770254,5.170770254,5.170770254,5.170770254
BU,AVO,Maple Grove,5.170770254,5.170770254,5.170770254,5.170770254,5.170770254,5.170770254,5.170770254,5.170770254,5.170770254
BU,AVO,Maple Plain,5.170770254,5.170770254,5.170770254,5.170770254,5.170770254,5.170770254,5.170770254,5.170770254,5.170770254
BU,AVO,Medicine Lake,5.170770254,5.170770254,5.170770254,5.170770254,5.170770254,5.170770254,5.170770254,5.170770254,5.170770254
BU,AVO,Medina,5.170770254,5.170770254,5.170770254,5.170770254,5.170770254,5.170770254,5.170770254,5.170770254,5.170770254
BU,AVO,Minneapolis,5.170770254,5.170770254,5.170770254,5.170770254,5.170770254,5.170770254,5.170770254,5.170770254,5.170770254
BU,AVO,Minnetonka,5.170770254,5.170770254,5.170770254,5.170770254,5.170770254,5.170770254,5.170770254,5.170770254,5.170770254
BU,AVO,Minnetonka Beach,5.170770254,5.170770254,5.170770254,5.170770254,5.170770254,5.170770254,5.170770254,5.170770254,5.170770254
BU,AVO,Minnetrista,5.170770254,5.170770254,5.170770254,5.170770254,5.170770254,5.170770254,5.170770254,5.170770254,5.170770254
BU,AVO,Mound,5.170770254,5.170770254,5.170770254,5.170770254,5.170770254,5.170770254,5.170770254,5.170770254,5.170770254
BU,AVO,New Hope,5.170770254,5.170770254,5.170770254,5.170770254,5.170770254,5.170770254,5.170770254,5.170770254,5.170770254
BU,AVO,Orono,5.170770254,5.170770254,5.170770254,5.170770254,5.170770254,5.170770254,5.170770254,5.170770254,5.170770254
BU,AVO,Osseo,5.170770254,5.170770254,5.170770254,5.170770254,5.170770254,5.170770254,5.170770254,5.170770254,5.170770254
BU,AVO,Plymouth,5.170770254,5.170770254,5.170770254,5.170770254,5.170770254,5.170770254,5.170770254,5.170770254,5.170770254
BU,AVO,Richfield,5.170770254,5.170770254,5.170770254,5.170770254,5.170770254,5.170770254,5.170770254,5.170770254,5.170770254
BU,AVO,Robbinsdale,5.170770254,5.170770254,5.170770254,5.170770254,5.170770254,5.170770254,5.170770254,5.170770254,5.170770254
BU,AVO,Rockford,5.170770254,5.170770254,5.170770254,5.170770254,5.170770254,5.170770254,5.170770254,5.170770254,5.170770254
BU,AVO,Rogers,5.170770254,5.170770254,5.170770254,5.170770254,5.170770254,5.170770254,5.170770254,5.170770254,5.170770254
BU,AVO,St. Anthony,5.170770254,5.170770254,5.170770254,5.170770254,5.170770254,5.170770254,5.170770254,5.170770254,5.170770254
BU,AVO,St. Bonifacius,5.170770254,5.170770254,5.170770254,5.170770254,5.170770254,5.170770254,5.170770254,5.170770254,5.170770254
BU,AVO,St. Louis Park,5.170770254,5.170770254,5.170770254,5.170770254,5.170770254,5.170770254,5.170770254,5.170770254,5.170770254
BU,AVO,Shorewood,5.170770254,5.170770254,5.170770254,5.170770254,5.170770254,5.170770254,5.170770254,5.170770254,5.170770254
BU,AVO,Spring Park,5.170770254,5.170770254,5.170770254,5.170770254,5.170770254,5.170770254,5.170770254,5.170770254,5.170770254
BU,AVO,Tonka Bay,5.170770254,5.170770254,5.170770254,5.170770254,5.170770254,5.170770254,5.170770254,5.170770254,5.170770254
BU,AVO,Wayzata,5.170770254,5.170770254,5.170770254,5.170770254,5.170770254,5.170770254,5.170770254,5.170770254,5.170770254
BU,AVO,Woodland,5.170770254,5.170770254,5.170770254,5.170770254,5.170770254,5.170770254,5.170770254,5.170770254,5.170770254
BU,AVO,Arden Hills,5.170770254,5.170770254,5.170770254,5.170770254,5.170770254,5.170770254,5.170770254,5.170770254,5.170770254
BU,AVO,Blaine,5.170770254,5.170770254,5.170770254,5.170770254,5.170770254,5.170770254,5.170770254,5.170770254,5.170770254
BU,AVO,Falcon Heights,5.170770254,5.170770254,5.170770254,5.170770254,5.170770254,5.170770254,5.170770254,5.170770254,5.170770254
BU,AVO,Gem Lake,5.170770254,5.170770254,5.170770254,5.170770254,5.170770254,5.170770254,5.170770254,5.170770254,5.170770254
BU,AVO,Lauderdale,5.170770254,5.170770254,5.170770254,5.170770254,5.170770254,5.170770254,5.170770254,5.170770254,5.170770254
BU,AVO,Little Canada,5.170770254,5.170770254,5.170770254,5.170770254,5.170770254,5.170770254,5.170770254,5.170770254,5.170770254
BU,AVO,Maplewood,5.170770254,5.170770254,5.170770254,5.170770254,5.170770254,5.170770254,5.170770254,5.170770254,5.170770254
BU,AVO,Mounds View,5.170770254,5.170770254,5.170770254,5.170770254,5.170770254,5.170770254,5.170770254,5.170770254,5.170770254
BU,AVO,New Brighton,5.170770254,5.170770254,5.170770254,5.170770254,5.170770254,5.170770254,5.170770254,5.170770254,5.170770254
BU,AVO,North Oaks,5.170770254,5.170770254,5.170770254,5.170770254,5.170770254,5.170770254,5.170770254,5.170770254,5.170770254
BU,AVO,North St. Paul,5.170770254,5.170770254,5.170770254,5.170770254,5.170770254,5.170770254,5.170770254,5.170770254,5.170770254
BU,AVO,Roseville,5.170770254,5.170770254,5.170770254,5.170770254,5.170770254,5.170770254,5.170770254,5.170770254,5.170770254
BU,AVO,St. Anthony,5.170770254,5.170770254,5.170770254,5.170770254,5.170770254,5.170770254,5.170770254,5.170770254,5.170770254
BU,AVO,St. Paul,11.41878431,11.41878431,11.41878431,11.41878431,11.41878431,11.41878431,11.41878431,11.41878431,11.41878431
BU,AVO,Shoreview,5.170770254,5.170770254,5.170770254,5.170770254,5.170770254,5.170770254,5.170770254,5.170770254,5.170770254
BU,AVO,Spring Lake Park,5.170770254,5.170770254,5.170770254,5.170770254,5.170770254,5.170770254,5.170770254,5.170770254,5.170770254
BU,AVO,Vadnais Heights,5.170770254,5.170770254,5.170770254,5.170770254,5.170770254,5.170770254,5.170770254,5.170770254,5.170770254
BU,AVO,White Bear Twp.,5.170770254,5.170770254,5.170770254,5.170770254,5.170770254,5.170770254,5.170770254,5.170770254,5.170770254
BU,AVO,White Bear Lake,5.170770254,5.170770254,5.170770254,5.170770254,5.170770254,5.170770254,5.170770254,5.170770254,5.170770254
BU,AVO,Belle Plaine,5.170770254,5.170770254,5.170770254,5.170770254,5.170770254,5.170770254,5.170770254,5.170770254,5.170770254
BU,AVO,Belle Plaine Twp.,5.170770254,5.170770254,5.170770254,5.170770254,5.170770254,5.170770254,5.170770254,5.170770254,5.170770254
BU,AVO,Blakeley Twp.,5.170770254,5.170770254,5.170770254,5.170770254,5.170770254,5.170770254,5.170770254,5.170770254,5.170770254
BU,AVO,Cedar Lake Twp.,5.170770254,5.170770254,5.170770254,5.170770254,5.170770254,5.170770254,5.170770254,5.170770254,5.170770254
BU,AVO,Credit River Twp.,5.170770254,5.170770254,5.170770254,5.170770254,5.170770254,5.170770254,5.170770254,5.170770254,5.170770254
BU,AVO,Elko New Market,5.170770254,5.170770254,5.170770254,5.170770254,5.170770254,5.170770254,5.170770254,5.170770254,5.170770254
BU,AVO,Helena Twp.,5.170770254,5.170770254,5.170770254,5.170770254,5.170770254,5.170770254,5.170770254,5.170770254,5.170770254
BU,AVO,Jackson Twp.,5.170770254,5.170770254,5.170770254,5.170770254,5.170770254,5.170770254,5.170770254,5.170770254,5.170770254
BU,AVO,Jordan,5.170770254,5.170770254,5.170770254,5.170770254,5.170770254,5.170770254,5.170770254,5.170770254,5.170770254
BU,AVO,Louisville Twp.,5.170770254,5.170770254,5.170770254,5.170770254,5.170770254,5.170770254,5.170770254,5.170770254,5.170770254
BU,AVO,New Market Twp.,5.170770254,5.170770254,5.170770254,5.170770254,5.170770254,5.170770254,5.170770254,5.170770254,5.170770254
BU,AVO,New Prague,5.170770254,5.170770254,5.170770254,5.170770254,5.170770254,5.170770254,5.170770254,5.170770254,5.170770254
BU,AVO,Prior Lake,5.170770254,5.170770254,5.170770254,5.170770254,5.170770254,5.170770254,5.170770254,5.170770254,5.170770254
BU,AVO,St. Lawrence Twp.,5.170770254,5.170770254,5.170770254,5.170770254,5.170770254,5.170770254,5.170770254,5.170770254,5.170770254
BU,AVO,Sand Creek Twp.,5.170770254,5.170770254,5.170770254,5.170770254,5.170770254,5.170770254,5.170770254,5.170770254,5.170770254
BU,AVO,Savage,5.170770254,5.170770254,5.170770254,5.170770254,5.170770254,5.170770254,5.170770254,5.170770254,5.170770254
BU,AVO,Shakopee,5.170770254,5.170770254,5.170770254,5.170770254,5.170770254,5.170770254,5.170770254,5.170770254,5.170770254
BU,AVO,Spring Lake Twp.,5.170770254,5.170770254,5.170770254,5.170770254,5.170770254,5.170770254,5.170770254,5.170770254,5.170770254
BU,AVO,Afton,5.170770254,5.170770254,5.170770254,5.170770254,5.170770254,5.170770254,5.170770254,5.170770254,5.170770254
BU,AVO,Bayport,5.170770254,5.170770254,5.170770254,5.170770254,5.170770254,5.170770254,5.170770254,5.170770254,5.170770254
BU,AVO,Baytown Twp.,5.170770254,5.170770254,5.170770254,5.170770254,5.170770254,5.170770254,5.170770254,5.170770254,5.170770254
BU,AVO,Birchwood Village,5.170770254,5.170770254,5.170770254,5.170770254,5.170770254,5.170770254,5.170770254,5.170770254,5.170770254
BU,AVO,Cottage Grove,5.170770254,5.170770254,5.170770254,5.170770254,5.170770254,5.170770254,5.170770254,5.170770254,5.170770254
BU,AVO,Dellwood,5.170770254,5.170770254,5.170770254,5.170770254,5.170770254,5.170770254,5.170770254,5.170770254,5.170770254
BU,AVO,Denmark Twp.,5.170770254,5.170770254,5.170770254,5.170770254,5.170770254,5.170770254,5.170770254,5.170770254,5.170770254
BU,AVO,Forest Lake,5.170770254,5.170770254,5.170770254,5.170770254,5.170770254,5.170770254,5.170770254,5.170770254,5.170770254
BU,AVO,Grant,5.170770254,5.170770254,5.170770254,5.170770254,5.170770254,5.170770254,5.170770254,5.170770254,5.170770254
BU,AVO,Grey Cloud Island Twp.,5.170770254,5.170770254,5.170770254,5.170770254,5.170770254,5.170770254,5.170770254,5.170770254,5.170770254
BU,AVO,Hastings,5.170770254,5.170770254,5.170770254,5.170770254,5.170770254,5.170770254,5.170770254,5.170770254,5.170770254
BU,AVO,Hugo,5.170770254,5.170770254,5.170770254,5.170770254,5.170770254,5.170770254,5.170770254,5.170770254,5.170770254
BU,AVO,Lake Elmo,5.170770254,5.170770254,5.170770254,5.170770254,5.170770254,5.170770254,5.170770254,5.170770254,5.170770254
BU,AVO,Lakeland,5.170770254,5.170770254,5.170770254,5.170770254,5.170770254,5.170770254,5.170770254,5.170770254,5.170770254
BU,AVO,Lakeland Shores,5.170770254,5.170770254,5.170770254,5.170770254,5.170770254,5.170770254,5.170770254,5.170770254,5.170770254
BU,AVO,Lake St. Croix Beach,5.170770254,5.170770254,5.170770254,5.170770254,5.170770254,5.170770254,5.170770254,5.170770254,5.170770254
BU,AVO,Landfall,5.170770254,5.170770254,5.170770254,5.170770254,5.170770254,5.170770254,5.170770254,5.170770254,5.170770254
BU,AVO,Mahtomedi,5.170770254,5.170770254,5.170770254,5.170770254,5.170770254,5.170770254,5.170770254,5.170770254,5.170770254
BU,AVO,Marine on St. Croix,5.170770254,5.170770254,5.170770254,5.170770254,5.170770254,5.170770254,5.170770254,5.170770254,5.170770254
BU,AVO,May Twp.,5.170770254,5.170770254,5.170770254,5.170770254,5.170770254,5.170770254,5.170770254,5.170770254,5.170770254
BU,AVO,Newport,5.170770254,5.170770254,5.170770254,5.170770254,5.170770254,5.170770254,5.170770254,5.170770254,5.170770254
BU,AVO,Oakdale,5.170770254,5.170770254,5.170770254,5.170770254,5.170770254,5.170770254,5.170770254,5.170770254,5.170770254
BU,AVO,Oak Park Heights,5.170770254,5.170770254,5.170770254,5.170770254,5.170770254,5.170770254,5.170770254,5.170770254,5.170770254
BU,AVO,Pine Springs,5.170770254,5.170770254,5.170770254,5.170770254,5.170770254,5.170770254,5.170770254,5.170770254,5.170770254
BU,AVO,St. Marys Point,5.170770254,5.170770254,5.170770254,5.170770254,5.170770254,5.170770254,5.170770254,5.170770254,5.170770254
BU,AVO,St. Paul Park,5.170770254,5.170770254,5.170770254,5.170770254,5.170770254,5.170770254,5.170770254,5.170770254,5.170770254
BU,AVO,Scandia,5.170770254,5.170770254,5.170770254,5.170770254,5.170770254,5.170770254,5.170770254,5.170770254,5.170770254
BU,AVO,Stillwater,5.170770254,5.170770254,5.170770254,5.170770254,5.170770254,5.170770254,5.170770254,5.170770254,5.170770254
BU,AVO,Stillwater Twp.,5.170770254,5.170770254,5.170770254,5.170770254,5.170770254,5.170770254,5.170770254,5.170770254,5.170770254
BU,AVO,West Lakeland Twp.,5.170770254,5.170770254,5.170770254,5.170770254,5.170770254,5.170770254,5.170770254,5.170770254,5.170770254
BU,AVO,White Bear Lake,5.170770254,5.170770254,5.170770254,5.170770254,5.170770254,5.170770254,5.170770254,5.170770254,5.170770254
BU,AVO,Willernie,5.170770254,5.170770254,5.170770254,5.170770254,5.170770254,5.170770254,5.170770254,5.170770254,5.170770254
BU,AVO,Woodbury,5.170770254,5.170770254,5.170770254,5.170770254,5.170770254,5.170770254,5.170770254,5.170770254,5.170770254
BU,PMT,Andover,1043.679574,915.7180131,830.4103059,729.2199954,628.0296849,521.8368675,415.6440501,309.4512327,203.2584153
BU,PMT,Anoka,861.841092,805.2361268,767.4994834,722.7370254,677.9745674,630.9992048,584.0238422,537.0484796,490.073117
BU,PMT,Bethel,52.7748,48.08352182,44.95600303,41.24620228,37.53640152,33.64320076,29.75,25.85679924,21.96359848
BU,PMT,Blaine,8619.737801,7958.778824,7518.139506,6995.461886,6472.784267,5924.267233,5375.750199,4827.233165,4278.716131
BU,PMT,Centerville,404.9366003,379.885161,363.1842014,343.3738545,323.5635075,302.7738039,281.9841003,261.1943968,240.4046932
BU,PMT,Circle Pines,534.3796998,526.8935363,521.9027607,515.9828017,510.0628426,503.8502208,497.637599,491.4249772,485.2123553
BU,PMT,Columbia Heights,5001.926981,5512.995398,5853.707676,6257.853822,6661.999968,7086.125734,7510.251499,7934.377265,8358.50303
BU,PMT,Columbus,17.1598,38.41221882,52.58049803,69.38662982,86.19276161,103.8297317,121.4667019,139.103672,156.7406421
BU,PMT,Coon Rapids,10876.32354,10054.13687,9506.012421,8855.838073,8205.663725,7523.346955,6841.030186,6158.713416,5476.396646
BU,PMT,East Bethel,91.44640051,89.57252136,88.3232686,86.84142974,85.35959089,83.80449494,82.24939898,80.69430302,79.13920707
BU,PMT,Fridley,3058.926193,3015.664309,2986.823053,2952.612128,2918.401202,2882.499004,2846.596806,2810.694608,2774.79241
BU,PMT,Ham Lake,275.0753,251.8274257,236.3288429,217.9447313,199.5606198,180.2676599,160.9747,141.6817401,122.3887802
BU,PMT,Hilltop,696.7195027,753.9708303,792.138382,837.4119748,882.6855676,930.1973338,977.7091,1025.220866,1072.732632
BU,PMT,Lexington,808.3567995,745.4197553,703.4617259,653.6919436,603.9221613,551.6919292,499.4616971,447.231465,395.0012329
BU,PMT,Lino Lakes,1434.2254,1362.975054,1315.474823,1259.130992,1202.78716,1143.65788,1084.5286,1025.39932,966.2700398
BU,PMT,Linwood Twp.,6.0843,15.17936663,21.24274439,28.43500282,35.62726125,43.17508062,50.7229,58.27071938,65.81853875
BU,PMT,Nowthen,94.5336034,81.57786075,72.94069898,62.69546901,52.45023903,41.69851951,30.9468,20.19508049,9.443360971
BU,PMT,Oak Grove,188.6796,155.0391452,132.6121754,106.0097486,79.40732174,51.48976087,23.5722,11.7861,5.89305
BU,PMT,Ramsey,1035.998717,912.7643362,830.6080823,733.1559636,635.7038448,533.4340228,431.1642007,328.8943786,226.6245565
BU,PMT,St. Francis,175.8616,156.2883987,143.2395978,127.761369,112.2831402,96.0397201,79.7963,63.5528799,47.30945979
BU,PMT,Spring Lake Park,1763.6565,1730.752781,1708.816969,1682.797144,1656.777319,1629.471161,1602.165004,1574.858846,1547.552688
BU,PMT,Benton Twp.,4.8977,6.572414265,7.688890442,9.013232338,10.33757423,11.72738712,13.1172,14.50701288,15.89682577
BU,PMT,Camden Twp.,0,0,0,0,0,0,0,0,0
BU,PMT,Carver,367.1880993,444.2353468,495.6001785,556.5281231,617.4560676,681.3960838,745.3361,809.2761162,873.2161324
BU,PMT,Chanhassen,2220.024899,2200.052676,2186.737861,2170.944091,2155.150321,2138.575761,2122.0012,2105.42664,2088.85208
BU,PMT,Chaska,2264.128001,2257.438149,2252.978248,2247.688002,2242.397755,2236.845977,2231.294199,2225.742421,2220.190643
BU,PMT,Cologne,4.8977,6.572414265,7.688890442,9.013232338,10.33757423,11.72738712,13.1172,14.50701288,15.89682577
BU,PMT,Dahlgren Twp.,403.029201,481.5319082,533.8670464,595.9459492,658.0248521,723.172726,788.3206,853.468474,918.6163479
BU,PMT,Hamburg,8.7465,6.964410053,5.776350089,4.367096923,2.957843757,1.478921879,0,0,0
BU,PMT,Hancock Twp.,0,0,0,0,0,0,0,0,0
BU,PMT,Hollywood Twp.,6.987,5.563406281,4.614343802,3.488584714,2.362825625,1.181412813,0,0,0
BU,PMT,Laketown Twp.,574.9790993,572.8146138,571.3716234,569.6599768,567.9483302,566.1520656,564.355801,562.5595364,560.7632718
BU,PMT,Mayer,0,1.113589733,1.855982889,2.736594926,3.617206962,4.541353481,5.4655,6.389646519,7.313793038
BU,PMT,New Germany,0,0,0,0,0,0,0,0,0
BU,PMT,Norwood Young America,0,2.766136116,4.61022686,6.797650724,8.985074588,11.28063729,13.5762,15.87176271,18.16732541
BU,PMT,San Francisco Twp.,0,2.238609782,3.731016303,5.501279317,7.271542332,9.129321166,10.9871,12.84487883,14.70265767
BU,PMT,Victoria,591.1851998,575.7106324,565.3942542,553.157171,540.9200877,528.0780445,515.2360012,502.3939579,489.5519146
BU,PMT,Waconia,64.4742,62.47528045,61.14266742,59.56194827,57.98122912,56.32236456,54.6635,53.00463544,51.34577088
BU,PMT,Waconia Twp.,38.03409915,36.08713575,34.78916015,33.24952723,31.70989432,30.09414716,28.4784,26.86265284,25.24690568
BU,PMT,Watertown,17.3179,13.78939654,11.4370609,8.646767027,5.856473149,2.928236575,0,0,0
BU,PMT,Watertown Twp.,25.4065,20.22995301,16.77892169,12.68537678,8.591831866,4.295915933,0,0,0
BU,PMT,Young America Twp.,8.7465,9.73054617,10.38657695,11.16474765,11.94291835,12.75955917,13.5762,14.39284083,15.20948165
BU,PMT,Apple Valley,8228.226099,8610.209199,8864.864599,9166.931783,9468.998967,9785.999332,10102.9997,10420.00006,10737.00043
BU,PMT,Burnsville,14098.8191,14405.48785,14609.93369,14852.44329,15094.95289,15349.45134,15603.9498,15858.44825,16112.9467
BU,PMT,Castle Rock Twp.,65.93109949,77.03409137,84.43608596,93.21618513,101.9962843,111.2104419,120.4245995,129.6387571,138.8529147
BU,PMT,Coates,18.7714,66.08251112,97.62325186,135.0362529,172.449254,211.7118274,250.9744008,290.2369742,329.4995476
BU,PMT,Douglas Twp.,0,0,0,0,0,0,0,0,0
BU,PMT,Eagan,11033.80367,10858.92504,10742.33929,10604.04758,10465.75588,10320.6275,10175.49912,10030.37074,9885.242357
BU,PMT,Empire Twp.,490.7746992,518.4942508,536.9739518,558.8942067,580.8144616,603.8183798,626.822298,649.8262161,672.8301343
BU,PMT,Eureka Twp.,112.4515981,103.771487,97.98474619,91.12062906,84.25651193,77.05305605,69.84960017,62.64614429,55.44268841
BU,PMT,Farmington,1406.316725,1409.677207,1411.917528,1414.574953,1417.232377,1420.021176,1422.809975,1425.598773,1428.387572
BU,PMT,Greenvale Twp.,0,29.1514587,48.5857645,71.63835257,94.69094064,118.8831707,143.0754009,167.267631,191.4598611
BU,PMT,Hampton,5.1068,10.36959391,13.87812318,18.03987101,22.20161884,26.56910942,30.9366,35.30409058,39.67158116
BU,PMT,Hampton Twp.,21.3707,34.99875228,44.08412046,54.861004,65.63788754,76.94754377,88.2572,99.56685623,110.8765125
BU,PMT,Hastings,432.6228,539.244774,610.32609,694.6413372,778.9565843,867.4400923,955.9236003,1044.407108,1132.890616
BU,PMT,Inver Grove Heights,7276.5372,7042.112533,6885.829421,6700.449494,6515.069567,6320.525083,6125.980599,5931.436115,5736.891631
BU,PMT,Lakeville,6917.306398,6844.759484,6796.394874,6739.025734,6681.656593,6621.451316,6561.246039,6501.040762,6440.835486
BU,PMT,Lilydale,250.4949995,254.3615634,256.9392727,259.9969003,263.0545279,266.2633143,269.4721007,272.6808871,275.8896735
BU,PMT,Marshan Twp.,2.9053,26.34956781,41.97907968,60.51849667,79.05791365,98.51385674,117.9697998,137.4257429,156.881686
BU,PMT,Mendota,65.7543,66.56550592,67.10630987,67.74780079,68.38929171,69.06249577,69.73569983,70.40890389,71.08210795
BU,PMT,Mendota Heights,3028.850896,2882.48087,2784.900853,2669.153372,2553.405891,2431.936246,2310.4666,2188.996955,2067.52731
BU,PMT,Miesville,0,0,0,0,0,0,0,0,0
BU,PMT,New Trier,0,1.485248143,2.475413571,3.649928162,4.824442754,6.057021377,7.2896,8.522178623,9.754757246
BU,PMT,Nininger Twp.,240.8407,238.3693276,236.721746,234.7674174,232.8130888,230.7621448,228.7112009,226.6602569,224.6093129
BU,PMT,Northfield,0,90.48237,150.80395,222.3562118,293.9084736,368.9980373,444.087601,519.1771647,594.2667285
BU,PMT,Randolph,0,0,0,0,0,0,0,0,0
BU,PMT,Randolph Twp.,0,0,0,0,0,0,0,0,0
BU,PMT,Ravenna Twp.,0,0,0,0,0,0,0,0,0
BU,PMT,Rosemount,2228.517943,2259.866202,2280.765041,2305.554829,2330.344617,2356.359929,2382.375241,2408.390553,2434.405865
BU,PMT,Sciota Twp.,0,5.680519948,9.467533246,13.95961331,18.45169337,23.16584668,27.88,32.59415332,37.30830663
BU,PMT,South St. Paul,1542.44119,1563.412268,1577.392986,1593.976638,1610.560289,1627.963779,1645.36727,1662.770761,1680.174251
BU,PMT,Sunfish Lake,30.3467,90.02264096,129.8066016,176.9975467,224.1884917,273.7123976,323.2363034,372.7602092,422.2841151
BU,PMT,Vermillion,0,6.651750312,11.08625052,16.3463667,21.60648289,27.12664145,32.6468,38.16695855,43.68711711
BU,PMT,Vermillion Twp.,16.2639,28.95605212,37.41748686,47.45427293,57.49105899,68.02402984,78.55700068,89.08997152,99.62294237
BU,PMT,Waterford Twp.,0,6.939932784,11.56655464,17.05456172,22.5425688,28.3018844,34.0612,39.8205156,45.5798312
BU,PMT,West St. Paul,3296.076283,3439.840131,3535.682696,3649.369246,3763.055796,3882.362625,4001.669453,4120.976282,4240.283111
BU,PMT,Bloomington,12522.5427,14032.20527,15038.64698,16232.46818,17426.28938,18679.12907,19931.96875,21184.80844,22437.64812
BU,PMT,Brooklyn Center,5901.258148,6152.75588,6320.421035,6519.302116,6718.183197,6926.896287,7135.609376,7344.322466,7553.035555
BU,PMT,Brooklyn Park,13626.89769,13631.37293,13634.35643,13637.8954,13641.43436,13645.14828,13648.8622,13652.57612,13656.29004
BU,PMT,Champlin,2518.257597,2289.038227,2136.225313,1954.961665,1773.698018,1583.473309,1393.2486,1203.023891,1012.799182
BU,PMT,Chanhassen,2220.024899,2200.052676,2186.737861,2170.944091,2155.150321,2138.575761,2122.0012,2105.42664,2088.85208
BU,PMT,Corcoran,93.704,88.08305634,84.33576057,79.89079265,75.44582473,70.78111262,66.11640051,61.4516884,56.78697629
BU,PMT,Crystal,5910.974795,5805.078821,5734.481505,5650.740369,5566.999233,5479.118218,5391.237203,5303.356188,5215.475173
BU,PMT,Dayton,239.8172994,233.5856999,229.4313002,224.5034338,219.5755673,214.4040837,209.2326002,204.0611166,198.8896331
BU,PMT,Deephaven,616.9147002,571.0206017,540.4245361,504.1320899,467.8396437,429.7530216,391.6663996,353.5797775,315.4931555
BU,PMT,Eden Prairie,5376.850097,5483.846154,5555.176859,5639.787926,5724.398993,5813.192946,5901.986898,5990.78085,6079.574803
BU,PMT,Edina,12527.74707,13157.96229,13578.10577,14076.47163,14574.83749,15097.84088,15620.84426,16143.84765,16666.85103
BU,PMT,Excelsior,436.6739014,403.5859112,381.5272511,355.3617059,329.1961608,301.7370795,274.2779983,246.8189171,219.3598358
BU,PMT,Fort Snelling UT,5148.212,5972.082402,6521.329336,7172.835157,7824.340977,8508.055042,9191.769108,9875.483173,10559.19724
BU,PMT,Golden Valley,6791.353453,6848.915569,6887.290313,6932.809673,6978.329033,7026.098716,7073.8684,7121.638083,7169.407767
BU,PMT,Greenfield,24.92030051,22.20854488,20.40070779,18.25628729,16.1118668,13.8614334,11.611,9.360566602,7.110133205
BU,PMT,Greenwood,194.1706,186.344991,181.1279184,174.9395303,168.7511422,162.2568211,155.7625,149.2681789,142.7738578
BU,PMT,Hanover,27.8069,25.19178259,23.44837098,21.3803707,19.31237043,17.14213522,14.9719,12.80166478,10.63142957
BU,PMT,Hopkins,5000.00935,5163.641129,5272.728981,5402.126828,5531.524675,5667.319515,5803.114354,5938.909193,6074.704032
BU,PMT,Independence,113.2522995,104.1527301,98.08635052,90.89053138,83.69471224,76.14315612,68.5916,61.04004388,53.48848776
BU,PMT,Long Lake,425.6732009,394.6499416,373.9677688,349.4349856,324.9022024,299.1566014,273.4110003,247.6653993,221.9197982
BU,PMT,Loretto,6.851,6.538571403,6.330285671,6.083221268,5.836156865,5.576878432,5.3176,5.058321568,4.799043135
BU,PMT,Maple Grove,5380.836932,5317.350039,5275.025443,5224.820848,5174.616252,5121.929711,5069.24317,5016.556629,4963.870088
BU,PMT,Maple Plain,76.78219949,73.05557068,70.57115148,67.6241827,64.67721392,61.58455696,58.4919,55.39924304,52.30658608
BU,PMT,Medicine Lake,91.49059845,94.96887812,97.28773123,100.0383088,102.7888864,105.6754432,108.562,111.4485568,114.3351136
BU,PMT,Medina,331.8246995,317.116656,307.3112936,295.6803673,284.0494409,271.8435209,259.6376009,247.4316808,235.2257608
BU,PMT,Minneapolis,214878.1086,220289.3799,223896.8941,228176.0558,232455.2176,236945.9267,241436.6357,245927.3448,250418.0539
BU,PMT,Minnetonka,10014.71746,9677.761476,9453.124153,9186.663816,8920.203479,8640.570244,8360.937008,8081.303773,7801.670537
BU,PMT,Minnetonka Beach,176.7065014,152.8140264,136.8857097,117.9918564,99.09800309,79.27010154,59.4422,39.61429846,19.78639691
BU,PMT,Minnetrista,1029.538684,923.0081558,851.9878036,767.7448707,683.5019377,595.0943189,506.6867002,418.2790814,329.8714626
BU,PMT,Mound,1237.679901,1139.502505,1074.050907,996.4135205,918.7761337,837.300617,755.8251003,674.3495836,592.874067
BU,PMT,New Hope,4044.109954,3960.491662,3904.746134,3838.621894,3772.497655,3703.104456,3633.711258,3564.318059,3494.924861
BU,PMT,Orono,1513.892499,1389.489115,1306.553526,1208.176976,1109.800425,1006.56047,903.3205146,800.0805595,696.8406045
BU,PMT,Osseo,300.6603007,311.7986223,319.2241701,328.0322076,336.8402451,346.0837222,355.3271993,364.5706764,373.8141535
BU,PMT,Plymouth,10152.8794,9755.409608,9490.429747,9176.115893,8861.802039,8531.949571,8202.097103,7872.244635,7542.392167
BU,PMT,Richfield,7557.865286,8282.306251,8765.266895,9338.145231,9911.023567,10512.22307,11113.42258,11714.62208,12315.82158
BU,PMT,Robbinsdale,3440.40773,3619.361262,3738.663616,3880.177703,4021.69179,4170.201854,4318.711919,4467.221984,4615.732049
BU,PMT,Rockford,9.401,7.485556384,6.208593973,4.693886488,3.179179004,1.589589502,0,0,0
BU,PMT,Rogers,140.3707003,160.2985877,173.583846,189.3425558,205.1012656,221.6390328,238.1768,254.7145672,271.2523344
BU,PMT,St. Anthony,1697.963415,1689.790918,1684.342587,1677.879885,1671.417183,1664.634986,1657.85279,1651.070594,1644.288397
BU,PMT,St. Bonifacius,95.1558,85.22909139,78.61128565,70.76137575,62.91146584,54.67348292,46.4355,38.19751708,29.95953416
BU,PMT,St. Louis Park,12129.68358,12860.40812,13347.55781,13925.40511,14503.25241,15109.66652,15716.08064,16322.49476,16928.90887
BU,PMT,Shorewood,1261.743403,1158.747956,1090.084324,1008.636886,927.1894486,841.7155247,756.2416009,670.767677,585.2937531
BU,PMT,Spring Park,331.6037037,291.9588689,265.528979,234.1783679,202.8277567,169.9272773,137.0267979,104.1263185,71.2258391
BU,PMT,Tonka Bay,176.7302997,157.5086672,144.6942455,129.4940326,114.2938198,98.34215981,82.39049983,66.43883985,50.48717988
BU,PMT,Wayzata,1819.0102,1688.145222,1600.901903,1497.415608,1393.929313,1285.327006,1176.724699,1068.122391,959.5200841
BU,PMT,Woodland,41.395,42.56851229,43.35085382,44.27885182,45.20684983,46.18072491,47.1546,48.12847509,49.10235017
BU,PMT,Arden Hills,1393.316598,1359.351942,1336.708838,1309.850037,1282.991236,1254.804626,1226.618017,1198.431407,1170.244798
BU,PMT,Blaine,8619.737801,7958.778824,7518.139506,6995.461886,6472.784267,5924.267233,5375.750199,4827.233165,4278.716131
BU,PMT,Falcon Heights,2678.995225,3014.453354,3238.092107,3503.367961,3768.643814,4047.034008,4325.424203,4603.814398,4882.204592
BU,PMT,Gem Lake,571.2696992,598.5348094,616.7115496,638.2724382,659.8333268,682.4601129,705.086899,727.7136851,750.3404711
BU,PMT,Lauderdale,978.2412825,1207.688794,1360.653801,1542.097859,1723.541917,1913.955956,2104.369994,2294.784033,2485.198072
BU,PMT,Little Canada,2324.933716,2412.187523,2470.356728,2539.355885,2608.355041,2680.765283,2753.175525,2825.585767,2897.996009
BU,PMT,Maplewood,8984.885766,9350.230043,9593.792895,9882.702319,10171.61174,10474.80387,10777.996,11081.18813,11384.38026
BU,PMT,Mounds View,1833.716901,1735.784737,1670.496627,1593.053167,1515.609707,1434.337703,1353.0657,1271.793697,1190.521694
BU,PMT,New Brighton,3361.048812,3443.065843,3497.743863,3562.601846,3627.459829,3695.524171,3763.588514,3831.652856,3899.717199
BU,PMT,North Oaks,451.752901,443.3817541,437.8009895,431.1811972,424.5614049,417.6143524,410.6673,403.7202476,396.7731951
BU,PMT,North St. Paul,2264.325203,2390.504099,2474.623363,2574.403965,2674.184567,2778.897985,2883.611403,2988.324821,3093.038239
BU,PMT,Roseville,4518.619111,4773.942589,4944.158241,5146.064671,5347.971102,5559.859104,5771.747106,5983.635107,6195.523109
BU,PMT,St. Anthony,1697.963415,1689.790918,1684.342587,1677.879885,1671.417183,1664.634986,1657.85279,1651.070594,1644.288397
BU,PMT,St. Paul,56231.15086,60547.98951,63425.88194,66839.58086,70253.27978,73835.74044,77418.2011,81000.66175,84583.12241
BU,PMT,Shoreview,2478.545598,2379.078308,2312.766781,2234.109363,2155.451946,2072.905971,1990.359997,1907.814022,1825.268048
BU,PMT,Spring Lake Park,1763.6565,1730.752781,1708.816969,1682.797144,1656.777319,1629.471161,1602.165004,1574.858846,1547.552688
BU,PMT,Vadnais Heights,2559.780098,2564.844767,2568.221213,2572.226286,2576.23136,2580.43443,2584.637501,2588.840572,2593.043642
BU,PMT,White Bear Twp.,1665.440699,1621.820887,1592.741012,1558.247042,1523.753071,1487.553835,1451.354599,1415.155363,1378.956127
BU,PMT,White Bear Lake,4117.457798,4147.250394,4167.112124,4190.671714,4214.231305,4238.955602,4263.679899,4288.404197,4313.128494
BU,PMT,Belle Plaine,31.4874,28.87955642,27.14099404,25.07874582,23.0164976,20.8522988,18.6881,16.5239012,14.3597024
BU,PMT,Belle Plaine Twp.,6.7405,6.459937734,6.272896224,6.051031294,5.829166364,5.596333182,5.3635,5.130666818,4.897833636
BU,PMT,Blakeley Twp.,0,0,0,0,0,0,0,0,0
BU,PMT,Cedar Lake Twp.,77.1341,83.70722364,88.08930606,93.28724531,98.48518457,103.9400924,109.3950002,114.849908,120.3048158
BU,PMT,Credit River Twp.,579.7493,522.4259263,484.2103438,438.8797778,393.5492118,345.9776559,298.4061,250.8345441,203.2629882
BU,PMT,Elko New Market,412.3486,456.778579,486.398565,521.5332049,556.6678448,593.5394226,630.4110003,667.2825781,704.1541558
BU,PMT,Helena Twp.,0,0,0,0,0,0,0,0,0
BU,PMT,Jackson Twp.,295.0945,302.4331081,307.3255135,313.1287878,318.9320621,325.0222306,331.1123992,337.2025677,343.2927362
BU,PMT,Jordan,15.8542,16.92414671,17.63744452,18.48354424,19.32964395,20.21757198,21.1055,21.99342802,22.88135605
BU,PMT,Louisville Twp.,136.1836005,134.3561356,133.1378256,131.6926905,130.2475554,128.7309777,127.2143999,125.6978222,124.1812445
BU,PMT,New Market Twp.,681.030198,705.7511983,722.2318651,741.7809052,761.3299454,781.845424,802.3609026,822.8763811,843.3918597
BU,PMT,New Prague,0,1.511572503,2.519287505,3.714619053,4.909950601,6.164375301,7.4188,8.673224699,9.927649399
BU,PMT,Prior Lake,1679.722399,1644.247205,1620.597076,1592.543762,1564.490448,1535.050273,1505.610098,1476.169923,1446.729748
BU,PMT,St. Lawrence Twp.,9.0474,7.204002002,5.975070004,4.517335243,3.059600481,1.529800241,0,0,0
BU,PMT,Sand Creek Twp.,20.2215,20.40161405,20.52169008,20.66412189,20.80655369,20.95602685,21.1055,21.25497315,21.40444631
BU,PMT,Savage,2654.760799,2727.479421,2775.958502,2833.463427,2890.968352,2951.316125,3011.663899,3072.011673,3132.359447
BU,PMT,Shakopee,2568.594605,2634.450189,2678.353911,2730.431635,2782.509359,2837.16163,2891.813901,2946.466172,3001.118443
BU,PMT,Spring Lake Twp.,545.1406988,554.6659612,561.0161361,568.5485876,576.0810391,583.9858695,591.8907,599.7955305,607.7003609
BU,PMT,Afton,52.7068,55.47328249,57.31760415,59.50530192,61.69299969,63.98884985,66.2847,68.58055015,70.87640031
BU,PMT,Bayport,0,8.109288528,13.51548088,19.92819902,26.34091716,33.07065841,39.80039966,46.53014091,53.25988216
BU,PMT,Baytown Twp.,86.06249915,85.3153724,84.8172879,84.22646995,83.63565199,83.015626,82.3956,81.775574,81.15554801
BU,PMT,Birchwood Village,131.0291998,141.6119392,148.6670988,157.0357893,165.4044797,174.1868898,182.9693,191.7517102,200.5341203
BU,PMT,Cottage Grove,2878.917698,2864.082189,2854.191849,2842.460125,2830.728401,2818.416699,2806.104998,2793.793297,2781.481596
BU,PMT,Dellwood,84.3573983,78.80572952,75.104617,70.71443073,66.32424447,61.71702223,57.1098,52.50257777,47.89535553
BU,PMT,Denmark Twp.,71.9491,89.25217138,100.7875523,114.4705923,128.1536324,142.5131157,156.872599,171.2320823,185.5915656
BU,PMT,Forest Lake,69.42459949,166.0668703,230.4950508,306.9184806,383.3419105,463.5434563,543.7450022,623.9465481,704.148094
BU,PMT,Grant,93.67340051,105.3427128,113.1222543,122.3501921,131.5781299,141.2622658,150.9464017,160.6305376,170.3146735
BU,PMT,Grey Cloud Island Twp.,36.41739881,56.17591002,69.34825083,84.97302023,100.5977896,116.9949948,133.3922,149.7894052,166.1866104
BU,PMT,Hastings,432.6228,539.244774,610.32609,694.6413372,778.9565843,867.4400923,955.9236003,1044.407108,1132.890616
BU,PMT,Hugo,163.4652,228.0305441,271.0741069,322.1315273,373.1889477,426.7704743,480.352001,533.9335277,587.5150544
BU,PMT,Lake Elmo,779.7526001,764.1176608,753.694368,741.3304648,728.9665615,715.9914287,703.0162959,690.0411631,677.0660303
BU,PMT,Lakeland,17.8908,19.68674488,20.88404146,22.30425091,23.72446037,25.21488019,26.7053,28.19571981,29.68613963
BU,PMT,Lakeland Shores,0,1.289893676,2.149822793,3.169853656,4.189884519,5.260342259,6.3308,7.401257741,8.471715481
BU,PMT,Lake St. Croix Beach,0,1.16346747,1.93911245,2.85916714,3.779221831,4.744760915,5.7103,6.675839085,7.641378169
BU,PMT,Landfall,235.3123005,236.8238729,237.8315879,239.0269194,240.2222509,241.4766755,242.7311002,243.9855248,245.2399495
BU,PMT,Mahtomedi,982.8176015,944.6562838,919.2154054,889.03794,858.8604745,827.1911372,795.5217999,763.8524626,732.1831253
BU,PMT,Marine on St. Croix,0,2.412142739,4.020237898,5.92772848,7.835219062,9.837009531,11.8388,13.84059047,15.84238094
BU,PMT,May Twp.,0,22.49278075,37.48796792,55.27496152,73.06195512,91.72827756,110.3946,129.0609224,147.7272449
BU,PMT,Newport,287.1639959,280.0252458,275.266079,269.6208498,263.9756206,258.0513103,252.127,246.2026897,240.2783794
BU,PMT,Oakdale,3071.991802,3015.165128,2977.280678,2932.342895,2887.405112,2840.245756,2793.086401,2745.927046,2698.767691
BU,PMT,Oak Park Heights,188.5028,183.5264567,180.2088945,176.273668,172.3384415,168.2086708,164.0789,159.9491292,155.8193585
BU,PMT,Pine Springs,324.0880002,298.724825,281.8160416,261.759178,241.7023145,220.6539074,199.6055003,178.5570933,157.5086862
BU,PMT,St. Marys Point,0,0.641136733,1.068561222,1.575563673,2.082566124,2.614633062,3.1467,3.678766938,4.210833876
BU,PMT,St. Paul Park,734.4305987,731.201362,729.0485375,726.4948997,723.941262,721.2613811,718.5815002,715.9016192,713.2217383
BU,PMT,Scandia,37.4714,62.85016233,79.76933721,99.83852687,119.9077165,140.9690591,162.0304017,183.0917442,204.1530868
BU,PMT,Stillwater,369.4542,430.2097853,470.7135088,518.7582223,566.8029357,617.2228174,667.6426991,718.0625808,768.4824625
BU,PMT,Stillwater Twp.,116.4568002,125.3080196,131.2088326,138.2082599,145.2076873,152.5531426,159.898598,167.2440533,174.5895087
BU,PMT,West Lakeland Twp.,120.4552,114.2163265,110.0570775,105.1234588,100.1898402,95.01232009,89.8348,84.65727991,79.47975981
BU,PMT,White Bear Lake,4117.457798,4147.250394,4167.112124,4190.671714,4214.231305,4238.955602,4263.679899,4288.404197,4313.128494
BU,PMT,Willernie,220.1891021,201.742652,189.4450186,174.8578098,160.270601,144.9622499,129.6538988,114.3455477,99.03719661
BU,PMT,Woodbury,4022.463695,3956.005146,3911.699446,3859.144904,3806.590361,3751.4377,3696.285039,3641.132378,3585.979716
BRT,TotStock,Andover,0,0,0,0,0,0,0,0,0
BRT,TotStock,Anoka,0,0,0,0,0,0,0,0,0
BRT,TotStock,Bethel,0,0,0,0,0,0,0,0,0
BRT,TotStock,Blaine,0,0,0,0,0,0,0,0,0
BRT,TotStock,Centerville,0,0,0,0,0,0,0,0,0
BRT,TotStock,Circle Pines,0,0,0,0,0,0,0,0,0
BRT,TotStock,Columbia Heights,0,0,0,0,0,0,0,0,0
BRT,TotStock,Columbus,0,0,0,0,0,0,0,0,0
BRT,TotStock,Coon Rapids,4,4,4,6,5,4,4,3,3
BRT,TotStock,East Bethel,0,0,0,0,0,0,0,0,0
BRT,TotStock,Fridley,0,0,0,0,0,0,0,0,0
BRT,TotStock,Ham Lake,0,0,0,0,0,0,0,0,0
BRT,TotStock,Hilltop,0,0,0,0,0,0,0,0,0
BRT,TotStock,Lexington,0,0,0,0,0,0,0,0,0
BRT,TotStock,Lino Lakes,0,0,0,0,0,0,0,0,0
BRT,TotStock,Linwood Twp.,0,0,0,0,0,0,0,0,0
BRT,TotStock,Nowthen,0,0,0,0,0,0,0,0,0
BRT,TotStock,Oak Grove,0,0,0,0,0,0,0,0,0
BRT,TotStock,Ramsey,0,0,0,0,0,0,0,0,0
BRT,TotStock,St. Francis,0,0,0,0,0,0,0,0,0
BRT,TotStock,Spring Lake Park,0,0,0,0,0,0,0,0,0
BRT,TotStock,Benton Twp.,0,0,0,0,0,0,0,0,0
BRT,TotStock,Camden Twp.,0,0,0,0,0,0,0,0,0
BRT,TotStock,Carver,0,0,0,0,0,0,0,0,0
BRT,TotStock,Chanhassen,0,0,0,0,0,0,0,0,0
BRT,TotStock,Chaska,0,0,0,0,0,0,0,0,0
BRT,TotStock,Cologne,0,0,0,0,0,0,0,0,0
BRT,TotStock,Dahlgren Twp.,0,0,0,0,0,0,0,0,0
BRT,TotStock,Hamburg,0,0,0,0,0,0,0,0,0
BRT,TotStock,Hancock Twp.,0,0,0,0,0,0,0,0,0
BRT,TotStock,Hollywood Twp.,0,0,0,0,0,0,0,0,0
BRT,TotStock,Laketown Twp.,0,0,0,0,0,0,0,0,0
BRT,TotStock,Mayer,0,0,0,0,0,0,0,0,0
BRT,TotStock,New Germany,0,0,0,0,0,0,0,0,0
BRT,TotStock,Norwood Young America,0,0,0,0,0,0,0,0,0
BRT,TotStock,San Francisco Twp.,0,0,0,0,0,0,0,0,0
BRT,TotStock,Victoria,0,0,0,0,0,0,0,0,0
BRT,TotStock,Waconia,0,0,0,0,0,0,0,0,0
BRT,TotStock,Waconia Twp.,0,0,0,0,0,0,0,0,0
BRT,TotStock,Watertown,0,0,0,0,0,0,0,0,0
BRT,TotStock,Watertown Twp.,0,0,0,0,0,0,0,0,0
BRT,TotStock,Young America Twp.,0,0,0,0,0,0,0,0,0
BRT,TotStock,Apple Valley,0,0,0,0,0,0,0,0,0
BRT,TotStock,Burnsville,0,0,0,0,0,0,0,0,0
BRT,TotStock,Castle Rock Twp.,0,0,0,0,0,0,0,0,0
BRT,TotStock,Coates,0,0,0,0,0,0,0,0,0
BRT,TotStock,Douglas Twp.,0,0,0,0,0,0,0,0,0
BRT,TotStock,Eagan,4,4.6,5,6,5,4,4,3,4
BRT,TotStock,Empire Twp.,0,0,0,0,0,0,0,0,0
BRT,TotStock,Eureka Twp.,0,0,0,0,0,0,0,0,0
BRT,TotStock,Farmington,0,0,0,0,0,0,0,0,0
BRT,TotStock,Greenvale Twp.,0,0,0,0,0,0,0,0,0
BRT,TotStock,Hampton,0,0,0,0,0,0,0,0,0
BRT,TotStock,Hampton Twp.,0,0,0,0,0,0,0,0,0
BRT,TotStock,Hastings,0,0,0,0,0,0,0,0,0
BRT,TotStock,Inver Grove Heights,0,0,0,0,0,0,0,0,0
BRT,TotStock,Lakeville,0,0,0,0,0,0,0,0,0
BRT,TotStock,Lilydale,0,0,0,0,0,0,0,0,0
BRT,TotStock,Marshan Twp.,0,0,0,0,0,0,0,0,0
BRT,TotStock,Mendota,0,0,0,0,0,0,0,0,0
BRT,TotStock,Mendota Heights,0,0,0,0,0,0,0,0,0
BRT,TotStock,Miesville,0,0,0,0,0,0,0,0,0
BRT,TotStock,New Trier,0,0,0,0,0,0,0,0,0
BRT,TotStock,Nininger Twp.,0,0,0,0,0,0,0,0,0
BRT,TotStock,Northfield,0,0,0,0,0,0,0,0,0
BRT,TotStock,Randolph,0,0,0,0,0,0,0,0,0
BRT,TotStock,Randolph Twp.,0,0,0,0,0,0,0,0,0
BRT,TotStock,Ravenna Twp.,0,0,0,0,0,0,0,0,0
BRT,TotStock,Rosemount,0,0,0,0,0,0,0,0,0
BRT,TotStock,Sciota Twp.,0,0,0,0,0,0,0,0,0
BRT,TotStock,South St. Paul,0,0,0,0,0,0,0,0,0
BRT,TotStock,Sunfish Lake,0,0,0,0,0,0,0,0,0
BRT,TotStock,Vermillion,0,0,0,0,0,0,0,0,0
BRT,TotStock,Vermillion Twp.,0,0,0,0,0,0,0,0,0
BRT,TotStock,Waterford Twp.,0,0,0,0,0,0,0,0,0
BRT,TotStock,West St. Paul,4,4,4,6,5,4,4,3,3
BRT,TotStock,Bloomington,4,4,4,6,5,4,4,3,4
BRT,TotStock,Brooklyn Center,4,4,4,6,5,4,4,3,4
BRT,TotStock,Brooklyn Park,4,4.6,5,6,5,4,4,3,4
BRT,TotStock,Champlin,0,0,0,0,0,0,0,0,0
BRT,TotStock,Chanhassen,0,0,0,0,0,0,0,0,0
BRT,TotStock,Corcoran,0,0,0,0,0,0,0,0,0
BRT,TotStock,Crystal,0,0,0,0,0,0,0,0,0
BRT,TotStock,Dayton,0,0,0,0,0,0,0,0,0
BRT,TotStock,Deephaven,0,0,0,0,0,0,0,0,0
BRT,TotStock,Eden Prairie,0,0,0,0,0,0,0,0,0
BRT,TotStock,Edina,4,4,4,6,5,4,4,3,3
BRT,TotStock,Excelsior,0,0,0,0,0,0,0,0,0
BRT,TotStock,Fort Snelling UT,0,0,0,0,0,0,0,0,0
BRT,TotStock,Golden Valley,4,4,4,6,5,4,4,3,3
BRT,TotStock,Greenfield,0,0,0,0,0,0,0,0,0
BRT,TotStock,Greenwood,0,0,0,0,0,0,0,0,0
BRT,TotStock,Hanover,0,0,0,0,0,0,0,0,0
BRT,TotStock,Hopkins,0,0,0,0,0,0,0,0,0
BRT,TotStock,Independence,0,0,0,0,0,0,0,0,0
BRT,TotStock,Long Lake,0,0,0,0,0,0,0,0,0
BRT,TotStock,Loretto,0,0,0,0,0,0,0,0,0
BRT,TotStock,Maple Grove,0,0,0,0,0,0,0,0,0
BRT,TotStock,Maple Plain,0,0,0,0,0,0,0,0,0
BRT,TotStock,Medicine Lake,0,0,0,0,0,0,0,0,0
BRT,TotStock,Medina,0,0,0,0,0,0,0,0,0
BRT,TotStock,Minneapolis,9,9.6,10,11,11,11,11,11,12
BRT,TotStock,Minnetonka,4,4,4,6,5,4,4,3,3
BRT,TotStock,Minnetonka Beach,0,0,0,0,0,0,0,0,0
BRT,TotStock,Minnetrista,0,0,0,0,0,0,0,0,0
BRT,TotStock,Mound,0,0,0,0,0,0,0,0,0
BRT,TotStock,New Hope,4,4,4,6,5,4,4,3,4
BRT,TotStock,Orono,0,0,0,0,0,0,0,0,0
BRT,TotStock,Osseo,0,0,0,0,0,0,0,0,0
BRT,TotStock,Plymouth,0,0,0,0,0,0,0,0,0
BRT,TotStock,Richfield,4,4,4,6,5,4,4,3,3
BRT,TotStock,Robbinsdale,0,0,0,0,0,0,0,0,0
BRT,TotStock,Rockford,0,0,0,0,0,0,0,0,0
BRT,TotStock,Rogers,0,0,0,0,0,0,0,0,0
BRT,TotStock,St. Anthony,0,0,0,0,0,0,0,0,0
BRT,TotStock,St. Bonifacius,0,0,0,0,0,0,0,0,0
BRT,TotStock,St. Louis Park,4,4,4,6,5,4,4,3,3
BRT,TotStock,Shorewood,0,0,0,0,0,0,0,0,0
BRT,TotStock,Spring Park,0,0,0,0,0,0,0,0,0
BRT,TotStock,Tonka Bay,0,0,0,0,0,0,0,0,0
BRT,TotStock,Wayzata,0,0,0,0,0,0,0,0,0
BRT,TotStock,Woodland,0,0,0,0,0,0,0,0,0
BRT,TotStock,Arden Hills,0,0,0,0,0,0,0,0,0
BRT,TotStock,Blaine,0,0,0,0,0,0,0,0,0
BRT,TotStock,Falcon Heights,4,4,4,6,5,4,4,3,3
BRT,TotStock,Gem Lake,0,0,0,0,0,0,0,0,0
BRT,TotStock,Lauderdale,0,0,0,0,0,0,0,0,0
BRT,TotStock,Little Canada,0,0,0,0,0,0,0,0,0
BRT,TotStock,Maplewood,0,0,0,0,0,0,0,0,0
BRT,TotStock,Mounds View,0,0,0,0,0,0,0,0,0
BRT,TotStock,New Brighton,0,0,0,0,0,0,0,0,0
BRT,TotStock,North Oaks,0,0,0,0,0,0,0,0,0
BRT,TotStock,North St. Paul,0,0,0,0,0,0,0,0,0
BRT,TotStock,Roseville,6,6,6,7,6,6,7,6,7
BRT,TotStock,St. Anthony,0,0,0,0,0,0,0,0,0
BRT,TotStock,St. Paul,9,10.8,12,13,13,13,14,15,16
BRT,TotStock,Shoreview,0,0,0,0,0,0,0,0,0
BRT,TotStock,Spring Lake Park,0,0,0,0,0,0,0,0,0
BRT,TotStock,Vadnais Heights,0,0,0,0,0,0,0,0,0
BRT,TotStock,White Bear Twp.,0,0,0,0,0,0,0,0,0
BRT,TotStock,White Bear Lake,0,0,0,0,0,0,0,0,0
BRT,TotStock,Belle Plaine,0,0,0,0,0,0,0,0,0
BRT,TotStock,Belle Plaine Twp.,0,0,0,0,0,0,0,0,0
BRT,TotStock,Blakeley Twp.,0,0,0,0,0,0,0,0,0
BRT,TotStock,Cedar Lake Twp.,0,0,0,0,0,0,0,0,0
BRT,TotStock,Credit River Twp.,0,0,0,0,0,0,0,0,0
BRT,TotStock,Elko New Market,0,0,0,0,0,0,0,0,0
BRT,TotStock,Helena Twp.,0,0,0,0,0,0,0,0,0
BRT,TotStock,Jackson Twp.,0,0,0,0,0,0,0,0,0
BRT,TotStock,Jordan,0,0,0,0,0,0,0,0,0
BRT,TotStock,Louisville Twp.,0,0,0,0,0,0,0,0,0
BRT,TotStock,New Market Twp.,0,0,0,0,0,0,0,0,0
BRT,TotStock,New Prague,0,0,0,0,0,0,0,0,0
BRT,TotStock,Prior Lake,0,0,0,0,0,0,0,0,0
BRT,TotStock,St. Lawrence Twp.,0,0,0,0,0,0,0,0,0
BRT,TotStock,Sand Creek Twp.,0,0,0,0,0,0,0,0,0
BRT,TotStock,Savage,0,0,0,0,0,0,0,0,0
BRT,TotStock,Shakopee,0,0,0,0,0,0,0,0,0
BRT,TotStock,Spring Lake Twp.,0,0,0,0,0,0,0,0,0
BRT,TotStock,Afton,0,0,0,0,0,0,0,0,0
BRT,TotStock,Bayport,0,0,0,0,0,0,0,0,0
BRT,TotStock,Baytown Twp.,0,0,0,0,0,0,0,0,0
BRT,TotStock,Birchwood Village,0,0,0,0,0,0,0,0,0
BRT,TotStock,Cottage Grove,0,0,0,0,0,0,0,0,0
BRT,TotStock,Dellwood,0,0,0,0,0,0,0,0,0
BRT,TotStock,Denmark Twp.,0,0,0,0,0,0,0,0,0
BRT,TotStock,Forest Lake,0,0,0,0,0,0,0,0,0
BRT,TotStock,Grant,0,0,0,0,0,0,0,0,0
BRT,TotStock,Grey Cloud Island Twp.,0,0,0,0,0,0,0,0,0
BRT,TotStock,Hastings,0,0,0,0,0,0,0,0,0
BRT,TotStock,Hugo,0,0,0,0,0,0,0,0,0
BRT,TotStock,Lake Elmo,0,0,0,0,0,0,0,0,0
BRT,TotStock,Lakeland,0,0,0,0,0,0,0,0,0
BRT,TotStock,Lakeland Shores,0,0,0,0,0,0,0,0,0
BRT,TotStock,Lake St. Croix Beach,0,0,0,0,0,0,0,0,0
BRT,TotStock,Landfall,0,0,0,0,0,0,0,0,0
BRT,TotStock,Mahtomedi,0,0,0,0,0,0,0,0,0
BRT,TotStock,Marine on St. Croix,0,0,0,0,0,0,0,0,0
BRT,TotStock,May Twp.,0,0,0,0,0,0,0,0,0
BRT,TotStock,Newport,0,0,0,0,0,0,0,0,0
BRT,TotStock,Oakdale,0,0,0,0,0,0,0,0,0
BRT,TotStock,Oak Park Heights,0,0,0,0,0,0,0,0,0
BRT,TotStock,Pine Springs,0,0,0,0,0,0,0,0,0
BRT,TotStock,St. Marys Point,0,0,0,0,0,0,0,0,0
BRT,TotStock,St. Paul Park,0,0,0,0,0,0,0,0,0
BRT,TotStock,Scandia,0,0,0,0,0,0,0,0,0
BRT,TotStock,Stillwater,0,0,0,0,0,0,0,0,0
BRT,TotStock,Stillwater Twp.,0,0,0,0,0,0,0,0,0
BRT,TotStock,West Lakeland Twp.,0,0,0,0,0,0,0,0,0
BRT,TotStock,White Bear Lake,0,0,0,0,0,0,0,0,0
BRT,TotStock,Willernie,0,0,0,0,0,0,0,0,0
BRT,TotStock,Woodbury,0,0,0,0,0,0,0,0,0
BRT,BCIStock,Andover,0,0,0,0,0,0,0,0,0
BRT,BCIStock,Anoka,0,0,0,0,0,0,0,0,0
BRT,BCIStock,Bethel,0,0,0,0,0,0,0,0,0
BRT,BCIStock,Blaine,0,0,0,0,0,0,0,0,0
BRT,BCIStock,Centerville,0,0,0,0,0,0,0,0,0
BRT,BCIStock,Circle Pines,0,0,0,0,0,0,0,0,0
BRT,BCIStock,Columbia Heights,0,0,0,0,0,0,0,0,0
BRT,BCIStock,Columbus,0,0,0,0,0,0,0,0,0
BRT,BCIStock,Coon Rapids,2,2,2,2,1,0,0,0,0
BRT,BCIStock,East Bethel,0,0,0,0,0,0,0,0,0
BRT,BCIStock,Fridley,0,0,0,0,0,0,0,0,0
BRT,BCIStock,Ham Lake,0,0,0,0,0,0,0,0,0
BRT,BCIStock,Hilltop,0,0,0,0,0,0,0,0,0
BRT,BCIStock,Lexington,0,0,0,0,0,0,0,0,0
BRT,BCIStock,Lino Lakes,0,0,0,0,0,0,0,0,0
BRT,BCIStock,Linwood Twp.,0,0,0,0,0,0,0,0,0
BRT,BCIStock,Nowthen,0,0,0,0,0,0,0,0,0
BRT,BCIStock,Oak Grove,0,0,0,0,0,0,0,0,0
BRT,BCIStock,Ramsey,0,0,0,0,0,0,0,0,0
BRT,BCIStock,St. Francis,0,0,0,0,0,0,0,0,0
BRT,BCIStock,Spring Lake Park,0,0,0,0,0,0,0,0,0
BRT,BCIStock,Benton Twp.,0,0,0,0,0,0,0,0,0
BRT,BCIStock,Camden Twp.,0,0,0,0,0,0,0,0,0
BRT,BCIStock,Carver,0,0,0,0,0,0,0,0,0
BRT,BCIStock,Chanhassen,0,0,0,0,0,0,0,0,0
BRT,BCIStock,Chaska,0,0,0,0,0,0,0,0,0
BRT,BCIStock,Cologne,0,0,0,0,0,0,0,0,0
BRT,BCIStock,Dahlgren Twp.,0,0,0,0,0,0,0,0,0
BRT,BCIStock,Hamburg,0,0,0,0,0,0,0,0,0
BRT,BCIStock,Hancock Twp.,0,0,0,0,0,0,0,0,0
BRT,BCIStock,Hollywood Twp.,0,0,0,0,0,0,0,0,0
BRT,BCIStock,Laketown Twp.,0,0,0,0,0,0,0,0,0
BRT,BCIStock,Mayer,0,0,0,0,0,0,0,0,0
BRT,BCIStock,New Germany,0,0,0,0,0,0,0,0,0
BRT,BCIStock,Norwood Young America,0,0,0,0,0,0,0,0,0
BRT,BCIStock,San Francisco Twp.,0,0,0,0,0,0,0,0,0
BRT,BCIStock,Victoria,0,0,0,0,0,0,0,0,0
BRT,BCIStock,Waconia,0,0,0,0,0,0,0,0,0
BRT,BCIStock,Waconia Twp.,0,0,0,0,0,0,0,0,0
BRT,BCIStock,Watertown,0,0,0,0,0,0,0,0,0
BRT,BCIStock,Watertown Twp.,0,0,0,0,0,0,0,0,0
BRT,BCIStock,Young America Twp.,0,0,0,0,0,0,0,0,0
BRT,BCIStock,Apple Valley,0,0,0,0,0,0,0,0,0
BRT,BCIStock,Burnsville,0,0,0,0,0,0,0,0,0
BRT,BCIStock,Castle Rock Twp.,0,0,0,0,0,0,0,0,0
BRT,BCIStock,Coates,0,0,0,0,0,0,0,0,0
BRT,BCIStock,Douglas Twp.,0,0,0,0,0,0,0,0,0
BRT,BCIStock,Eagan,2,2.6,3,2,1,0,0,0,0
BRT,BCIStock,Empire Twp.,0,0,0,0,0,0,0,0,0
BRT,BCIStock,Eureka Twp.,0,0,0,0,0,0,0,0,0
BRT,BCIStock,Farmington,0,0,0,0,0,0,0,0,0
BRT,BCIStock,Greenvale Twp.,0,0,0,0,0,0,0,0,0
BRT,BCIStock,Hampton,0,0,0,0,0,0,0,0,0
BRT,BCIStock,Hampton Twp.,0,0,0,0,0,0,0,0,0
BRT,BCIStock,Hastings,0,0,0,0,0,0,0,0,0
BRT,BCIStock,Inver Grove Heights,0,0,0,0,0,0,0,0,0
BRT,BCIStock,Lakeville,0,0,0,0,0,0,0,0,0
BRT,BCIStock,Lilydale,0,0,0,0,0,0,0,0,0
BRT,BCIStock,Marshan Twp.,0,0,0,0,0,0,0,0,0
BRT,BCIStock,Mendota,0,0,0,0,0,0,0,0,0
BRT,BCIStock,Mendota Heights,0,0,0,0,0,0,0,0,0
BRT,BCIStock,Miesville,0,0,0,0,0,0,0,0,0
BRT,BCIStock,New Trier,0,0,0,0,0,0,0,0,0
BRT,BCIStock,Nininger Twp.,0,0,0,0,0,0,0,0,0
BRT,BCIStock,Northfield,0,0,0,0,0,0,0,0,0
BRT,BCIStock,Randolph,0,0,0,0,0,0,0,0,0
BRT,BCIStock,Randolph Twp.,0,0,0,0,0,0,0,0,0
BRT,BCIStock,Ravenna Twp.,0,0,0,0,0,0,0,0,0
BRT,BCIStock,Rosemount,0,0,0,0,0,0,0,0,0
BRT,BCIStock,Sciota Twp.,0,0,0,0,0,0,0,0,0
BRT,BCIStock,South St. Paul,0,0,0,0,0,0,0,0,0
BRT,BCIStock,Sunfish Lake,0,0,0,0,0,0,0,0,0
BRT,BCIStock,Vermillion,0,0,0,0,0,0,0,0,0
BRT,BCIStock,Vermillion Twp.,0,0,0,0,0,0,0,0,0
BRT,BCIStock,Waterford Twp.,0,0,0,0,0,0,0,0,0
BRT,BCIStock,West St. Paul,2,2,2,2,1,0,0,0,0
BRT,BCIStock,Bloomington,2,2,2,2,1,0,0,0,0
BRT,BCIStock,Brooklyn Center,2,2,2,2,1,0,0,0,0
BRT,BCIStock,Brooklyn Park,2,2.6,3,2,1,0,0,0,0
BRT,BCIStock,Champlin,0,0,0,0,0,0,0,0,0
BRT,BCIStock,Chanhassen,0,0,0,0,0,0,0,0,0
BRT,BCIStock,Corcoran,0,0,0,0,0,0,0,0,0
BRT,BCIStock,Crystal,0,0,0,0,0,0,0,0,0
BRT,BCIStock,Dayton,0,0,0,0,0,0,0,0,0
BRT,BCIStock,Deephaven,0,0,0,0,0,0,0,0,0
BRT,BCIStock,Eden Prairie,0,0,0,0,0,0,0,0,0
BRT,BCIStock,Edina,2,2,2,2,1,0,0,0,0
BRT,BCIStock,Excelsior,0,0,0,0,0,0,0,0,0
BRT,BCIStock,Fort Snelling UT,0,0,0,0,0,0,0,0,0
BRT,BCIStock,Golden Valley,2,2,2,2,1,0,0,0,0
BRT,BCIStock,Greenfield,0,0,0,0,0,0,0,0,0
BRT,BCIStock,Greenwood,0,0,0,0,0,0,0,0,0
BRT,BCIStock,Hanover,0,0,0,0,0,0,0,0,0
BRT,BCIStock,Hopkins,0,0,0,0,0,0,0,0,0
BRT,BCIStock,Independence,0,0,0,0,0,0,0,0,0
BRT,BCIStock,Long Lake,0,0,0,0,0,0,0,0,0
BRT,BCIStock,Loretto,0,0,0,0,0,0,0,0,0
BRT,BCIStock,Maple Grove,0,0,0,0,0,0,0,0,0
BRT,BCIStock,Maple Plain,0,0,0,0,0,0,0,0,0
BRT,BCIStock,Medicine Lake,0,0,0,0,0,0,0,0,0
BRT,BCIStock,Medina,0,0,0,0,0,0,0,0,0
BRT,BCIStock,Minneapolis,7,7.6,8,6,1,0,0,0,0
BRT,BCIStock,Minnetonka,2,2,2,2,1,0,0,0,0
BRT,BCIStock,Minnetonka Beach,0,0,0,0,0,0,0,0,0
BRT,BCIStock,Minnetrista,0,0,0,0,0,0,0,0,0
BRT,BCIStock,Mound,0,0,0,0,0,0,0,0,0
BRT,BCIStock,New Hope,2,2,2,2,1,0,0,0,0
BRT,BCIStock,Orono,0,0,0,0,0,0,0,0,0
BRT,BCIStock,Osseo,0,0,0,0,0,0,0,0,0
BRT,BCIStock,Plymouth,0,0,0,0,0,0,0,0,0
BRT,BCIStock,Richfield,2,2,2,2,1,0,0,0,0
BRT,BCIStock,Robbinsdale,0,0,0,0,0,0,0,0,0
BRT,BCIStock,Rockford,0,0,0,0,0,0,0,0,0
BRT,BCIStock,Rogers,0,0,0,0,0,0,0,0,0
BRT,BCIStock,St. Anthony,0,0,0,0,0,0,0,0,0
BRT,BCIStock,St. Bonifacius,0,0,0,0,0,0,0,0,0
BRT,BCIStock,St. Louis Park,2,2,2,2,1,0,0,0,0
BRT,BCIStock,Shorewood,0,0,0,0,0,0,0,0,0
BRT,BCIStock,Spring Park,0,0,0,0,0,0,0,0,0
BRT,BCIStock,Tonka Bay,0,0,0,0,0,0,0,0,0
BRT,BCIStock,Wayzata,0,0,0,0,0,0,0,0,0
BRT,BCIStock,Woodland,0,0,0,0,0,0,0,0,0
BRT,BCIStock,Arden Hills,0,0,0,0,0,0,0,0,0
BRT,BCIStock,Blaine,0,0,0,0,0,0,0,0,0
BRT,BCIStock,Falcon Heights,2,2,2,2,1,0,0,0,0
BRT,BCIStock,Gem Lake,0,0,0,0,0,0,0,0,0
BRT,BCIStock,Lauderdale,0,0,0,0,0,0,0,0,0
BRT,BCIStock,Little Canada,0,0,0,0,0,0,0,0,0
BRT,BCIStock,Maplewood,0,0,0,0,0,0,0,0,0
BRT,BCIStock,Mounds View,0,0,0,0,0,0,0,0,0
BRT,BCIStock,New Brighton,0,0,0,0,0,0,0,0,0
BRT,BCIStock,North Oaks,0,0,0,0,0,0,0,0,0
BRT,BCIStock,North St. Paul,0,0,0,0,0,0,0,0,0
BRT,BCIStock,Roseville,4,4,4,3,1,0,0,0,0
BRT,BCIStock,St. Anthony,0,0,0,0,0,0,0,0,0
BRT,BCIStock,St. Paul,7,8.2,9,6,2,0,0,0,0
BRT,BCIStock,Shoreview,0,0,0,0,0,0,0,0,0
BRT,BCIStock,Spring Lake Park,0,0,0,0,0,0,0,0,0
BRT,BCIStock,Vadnais Heights,0,0,0,0,0,0,0,0,0
BRT,BCIStock,White Bear Twp.,0,0,0,0,0,0,0,0,0
BRT,BCIStock,White Bear Lake,0,0,0,0,0,0,0,0,0
BRT,BCIStock,Belle Plaine,0,0,0,0,0,0,0,0,0
BRT,BCIStock,Belle Plaine Twp.,0,0,0,0,0,0,0,0,0
BRT,BCIStock,Blakeley Twp.,0,0,0,0,0,0,0,0,0
BRT,BCIStock,Cedar Lake Twp.,0,0,0,0,0,0,0,0,0
BRT,BCIStock,Credit River Twp.,0,0,0,0,0,0,0,0,0
BRT,BCIStock,Elko New Market,0,0,0,0,0,0,0,0,0
BRT,BCIStock,Helena Twp.,0,0,0,0,0,0,0,0,0
BRT,BCIStock,Jackson Twp.,0,0,0,0,0,0,0,0,0
BRT,BCIStock,Jordan,0,0,0,0,0,0,0,0,0
BRT,BCIStock,Louisville Twp.,0,0,0,0,0,0,0,0,0
BRT,BCIStock,New Market Twp.,0,0,0,0,0,0,0,0,0
BRT,BCIStock,New Prague,0,0,0,0,0,0,0,0,0
BRT,BCIStock,Prior Lake,0,0,0,0,0,0,0,0,0
BRT,BCIStock,St. Lawrence Twp.,0,0,0,0,0,0,0,0,0
BRT,BCIStock,Sand Creek Twp.,0,0,0,0,0,0,0,0,0
BRT,BCIStock,Savage,0,0,0,0,0,0,0,0,0
BRT,BCIStock,Shakopee,0,0,0,0,0,0,0,0,0
BRT,BCIStock,Spring Lake Twp.,0,0,0,0,0,0,0,0,0
BRT,BCIStock,Afton,0,0,0,0,0,0,0,0,0
BRT,BCIStock,Bayport,0,0,0,0,0,0,0,0,0
BRT,BCIStock,Baytown Twp.,0,0,0,0,0,0,0,0,0
BRT,BCIStock,Birchwood Village,0,0,0,0,0,0,0,0,0
BRT,BCIStock,Cottage Grove,0,0,0,0,0,0,0,0,0
BRT,BCIStock,Dellwood,0,0,0,0,0,0,0,0,0
BRT,BCIStock,Denmark Twp.,0,0,0,0,0,0,0,0,0
BRT,BCIStock,Forest Lake,0,0,0,0,0,0,0,0,0
BRT,BCIStock,Grant,0,0,0,0,0,0,0,0,0
BRT,BCIStock,Grey Cloud Island Twp.,0,0,0,0,0,0,0,0,0
BRT,BCIStock,Hastings,0,0,0,0,0,0,0,0,0
BRT,BCIStock,Hugo,0,0,0,0,0,0,0,0,0
BRT,BCIStock,Lake Elmo,0,0,0,0,0,0,0,0,0
BRT,BCIStock,Lakeland,0,0,0,0,0,0,0,0,0
BRT,BCIStock,Lakeland Shores,0,0,0,0,0,0,0,0,0
BRT,BCIStock,Lake St. Croix Beach,0,0,0,0,0,0,0,0,0
BRT,BCIStock,Landfall,0,0,0,0,0,0,0,0,0
BRT,BCIStock,Mahtomedi,0,0,0,0,0,0,0,0,0
BRT,BCIStock,Marine on St. Croix,0,0,0,0,0,0,0,0,0
BRT,BCIStock,May Twp.,0,0,0,0,0,0,0,0,0
BRT,BCIStock,Newport,0,0,0,0,0,0,0,0,0
BRT,BCIStock,Oakdale,0,0,0,0,0,0,0,0,0
BRT,BCIStock,Oak Park Heights,0,0,0,0,0,0,0,0,0
BRT,BCIStock,Pine Springs,0,0,0,0,0,0,0,0,0
BRT,BCIStock,St. Marys Point,0,0,0,0,0,0,0,0,0
BRT,BCIStock,St. Paul Park,0,0,0,0,0,0,0,0,0
BRT,BCIStock,Scandia,0,0,0,0,0,0,0,0,0
BRT,BCIStock,Stillwater,0,0,0,0,0,0,0,0,0
BRT,BCIStock,Stillwater Twp.,0,0,0,0,0,0,0,0,0
BRT,BCIStock,West Lakeland Twp.,0,0,0,0,0,0,0,0,0
BRT,BCIStock,White Bear Lake,0,0,0,0,0,0,0,0,0
BRT,BCIStock,Willernie,0,0,0,0,0,0,0,0,0
BRT,BCIStock,Woodbury,0,0,0,0,0,0,0,0,0
BRT,HEVStock,Andover,0,0,0,0,0,0,0,0,0
BRT,HEVStock,Anoka,0,0,0,0,0,0,0,0,0
BRT,HEVStock,Bethel,0,0,0,0,0,0,0,0,0
BRT,HEVStock,Blaine,0,0,0,0,0,0,0,0,0
BRT,HEVStock,Centerville,0,0,0,0,0,0,0,0,0
BRT,HEVStock,Circle Pines,0,0,0,0,0,0,0,0,0
BRT,HEVStock,Columbia Heights,0,0,0,0,0,0,0,0,0
BRT,HEVStock,Columbus,0,0,0,0,0,0,0,0,0
BRT,HEVStock,Coon Rapids,2,1,1,2,2,1,1,1,1
BRT,HEVStock,East Bethel,0,0,0,0,0,0,0,0,0
BRT,HEVStock,Fridley,0,0,0,0,0,0,0,0,0
BRT,HEVStock,Ham Lake,0,0,0,0,0,0,0,0,0
BRT,HEVStock,Hilltop,0,0,0,0,0,0,0,0,0
BRT,HEVStock,Lexington,0,0,0,0,0,0,0,0,0
BRT,HEVStock,Lino Lakes,0,0,0,0,0,0,0,0,0
BRT,HEVStock,Linwood Twp.,0,0,0,0,0,0,0,0,0
BRT,HEVStock,Nowthen,0,0,0,0,0,0,0,0,0
BRT,HEVStock,Oak Grove,0,0,0,0,0,0,0,0,0
BRT,HEVStock,Ramsey,0,0,0,0,0,0,0,0,0
BRT,HEVStock,St. Francis,0,0,0,0,0,0,0,0,0
BRT,HEVStock,Spring Lake Park,0,0,0,0,0,0,0,0,0
BRT,HEVStock,Benton Twp.,0,0,0,0,0,0,0,0,0
BRT,HEVStock,Camden Twp.,0,0,0,0,0,0,0,0,0
BRT,HEVStock,Carver,0,0,0,0,0,0,0,0,0
BRT,HEVStock,Chanhassen,0,0,0,0,0,0,0,0,0
BRT,HEVStock,Chaska,0,0,0,0,0,0,0,0,0
BRT,HEVStock,Cologne,0,0,0,0,0,0,0,0,0
BRT,HEVStock,Dahlgren Twp.,0,0,0,0,0,0,0,0,0
BRT,HEVStock,Hamburg,0,0,0,0,0,0,0,0,0
BRT,HEVStock,Hancock Twp.,0,0,0,0,0,0,0,0,0
BRT,HEVStock,Hollywood Twp.,0,0,0,0,0,0,0,0,0
BRT,HEVStock,Laketown Twp.,0,0,0,0,0,0,0,0,0
BRT,HEVStock,Mayer,0,0,0,0,0,0,0,0,0
BRT,HEVStock,New Germany,0,0,0,0,0,0,0,0,0
BRT,HEVStock,Norwood Young America,0,0,0,0,0,0,0,0,0
BRT,HEVStock,San Francisco Twp.,0,0,0,0,0,0,0,0,0
BRT,HEVStock,Victoria,0,0,0,0,0,0,0,0,0
BRT,HEVStock,Waconia,0,0,0,0,0,0,0,0,0
BRT,HEVStock,Waconia Twp.,0,0,0,0,0,0,0,0,0
BRT,HEVStock,Watertown,0,0,0,0,0,0,0,0,0
BRT,HEVStock,Watertown Twp.,0,0,0,0,0,0,0,0,0
BRT,HEVStock,Young America Twp.,0,0,0,0,0,0,0,0,0
BRT,HEVStock,Apple Valley,0,0,0,0,0,0,0,0,0
BRT,HEVStock,Burnsville,0,0,0,0,0,0,0,0,0
BRT,HEVStock,Castle Rock Twp.,0,0,0,0,0,0,0,0,0
BRT,HEVStock,Coates,0,0,0,0,0,0,0,0,0
BRT,HEVStock,Douglas Twp.,0,0,0,0,0,0,0,0,0
BRT,HEVStock,Eagan,2,1,1,2,2,1,1,1,1
BRT,HEVStock,Empire Twp.,0,0,0,0,0,0,0,0,0
BRT,HEVStock,Eureka Twp.,0,0,0,0,0,0,0,0,0
BRT,HEVStock,Farmington,0,0,0,0,0,0,0,0,0
BRT,HEVStock,Greenvale Twp.,0,0,0,0,0,0,0,0,0
BRT,HEVStock,Hampton,0,0,0,0,0,0,0,0,0
BRT,HEVStock,Hampton Twp.,0,0,0,0,0,0,0,0,0
BRT,HEVStock,Hastings,0,0,0,0,0,0,0,0,0
BRT,HEVStock,Inver Grove Heights,0,0,0,0,0,0,0,0,0
BRT,HEVStock,Lakeville,0,0,0,0,0,0,0,0,0
BRT,HEVStock,Lilydale,0,0,0,0,0,0,0,0,0
BRT,HEVStock,Marshan Twp.,0,0,0,0,0,0,0,0,0
BRT,HEVStock,Mendota,0,0,0,0,0,0,0,0,0
BRT,HEVStock,Mendota Heights,0,0,0,0,0,0,0,0,0
BRT,HEVStock,Miesville,0,0,0,0,0,0,0,0,0
BRT,HEVStock,New Trier,0,0,0,0,0,0,0,0,0
BRT,HEVStock,Nininger Twp.,0,0,0,0,0,0,0,0,0
BRT,HEVStock,Northfield,0,0,0,0,0,0,0,0,0
BRT,HEVStock,Randolph,0,0,0,0,0,0,0,0,0
BRT,HEVStock,Randolph Twp.,0,0,0,0,0,0,0,0,0
BRT,HEVStock,Ravenna Twp.,0,0,0,0,0,0,0,0,0
BRT,HEVStock,Rosemount,0,0,0,0,0,0,0,0,0
BRT,HEVStock,Sciota Twp.,0,0,0,0,0,0,0,0,0
BRT,HEVStock,South St. Paul,0,0,0,0,0,0,0,0,0
BRT,HEVStock,Sunfish Lake,0,0,0,0,0,0,0,0,0
BRT,HEVStock,Vermillion,0,0,0,0,0,0,0,0,0
BRT,HEVStock,Vermillion Twp.,0,0,0,0,0,0,0,0,0
BRT,HEVStock,Waterford Twp.,0,0,0,0,0,0,0,0,0
BRT,HEVStock,West St. Paul,2,1,1,2,2,1,1,1,1
BRT,HEVStock,Bloomington,2,1,1,2,2,1,1,1,1
BRT,HEVStock,Brooklyn Center,2,1,1,2,2,1,1,1,1
BRT,HEVStock,Brooklyn Park,2,1,1,2,2,1,1,1,1
BRT,HEVStock,Champlin,0,0,0,0,0,0,0,0,0
BRT,HEVStock,Chanhassen,0,0,0,0,0,0,0,0,0
BRT,HEVStock,Corcoran,0,0,0,0,0,0,0,0,0
BRT,HEVStock,Crystal,0,0,0,0,0,0,0,0,0
BRT,HEVStock,Dayton,0,0,0,0,0,0,0,0,0
BRT,HEVStock,Deephaven,0,0,0,0,0,0,0,0,0
BRT,HEVStock,Eden Prairie,0,0,0,0,0,0,0,0,0
BRT,HEVStock,Edina,2,1,1,2,2,1,1,1,1
BRT,HEVStock,Excelsior,0,0,0,0,0,0,0,0,0
BRT,HEVStock,Fort Snelling UT,0,0,0,0,0,0,0,0,0
BRT,HEVStock,Golden Valley,2,1,1,2,2,1,1,1,1
BRT,HEVStock,Greenfield,0,0,0,0,0,0,0,0,0
BRT,HEVStock,Greenwood,0,0,0,0,0,0,0,0,0
BRT,HEVStock,Hanover,0,0,0,0,0,0,0,0,0
BRT,HEVStock,Hopkins,0,0,0,0,0,0,0,0,0
BRT,HEVStock,Independence,0,0,0,0,0,0,0,0,0
BRT,HEVStock,Long Lake,0,0,0,0,0,0,0,0,0
BRT,HEVStock,Loretto,0,0,0,0,0,0,0,0,0
BRT,HEVStock,Maple Grove,0,0,0,0,0,0,0,0,0
BRT,HEVStock,Maple Plain,0,0,0,0,0,0,0,0,0
BRT,HEVStock,Medicine Lake,0,0,0,0,0,0,0,0,0
BRT,HEVStock,Medina,0,0,0,0,0,0,0,0,0
BRT,HEVStock,Minneapolis,2,1,1,3,4,3,2,1,1
BRT,HEVStock,Minnetonka,2,1,1,2,2,1,1,1,1
BRT,HEVStock,Minnetonka Beach,0,0,0,0,0,0,0,0,0
BRT,HEVStock,Minnetrista,0,0,0,0,0,0,0,0,0
BRT,HEVStock,Mound,0,0,0,0,0,0,0,0,0
BRT,HEVStock,New Hope,2,1,1,2,2,1,1,1,1
BRT,HEVStock,Orono,0,0,0,0,0,0,0,0,0
BRT,HEVStock,Osseo,0,0,0,0,0,0,0,0,0
BRT,HEVStock,Plymouth,0,0,0,0,0,0,0,0,0
BRT,HEVStock,Richfield,2,1,1,2,2,1,1,1,1
BRT,HEVStock,Robbinsdale,0,0,0,0,0,0,0,0,0
BRT,HEVStock,Rockford,0,0,0,0,0,0,0,0,0
BRT,HEVStock,Rogers,0,0,0,0,0,0,0,0,0
BRT,HEVStock,St. Anthony,0,0,0,0,0,0,0,0,0
BRT,HEVStock,St. Bonifacius,0,0,0,0,0,0,0,0,0
BRT,HEVStock,St. Louis Park,2,1,1,2,2,1,1,1,1
BRT,HEVStock,Shorewood,0,0,0,0,0,0,0,0,0
BRT,HEVStock,Spring Park,0,0,0,0,0,0,0,0,0
BRT,HEVStock,Tonka Bay,0,0,0,0,0,0,0,0,0
BRT,HEVStock,Wayzata,0,0,0,0,0,0,0,0,0
BRT,HEVStock,Woodland,0,0,0,0,0,0,0,0,0
BRT,HEVStock,Arden Hills,0,0,0,0,0,0,0,0,0
BRT,HEVStock,Blaine,0,0,0,0,0,0,0,0,0
BRT,HEVStock,Falcon Heights,2,1,1,2,2,1,1,1,1
BRT,HEVStock,Gem Lake,0,0,0,0,0,0,0,0,0
BRT,HEVStock,Lauderdale,0,0,0,0,0,0,0,0,0
BRT,HEVStock,Little Canada,0,0,0,0,0,0,0,0,0
BRT,HEVStock,Maplewood,0,0,0,0,0,0,0,0,0
BRT,HEVStock,Mounds View,0,0,0,0,0,0,0,0,0
BRT,HEVStock,New Brighton,0,0,0,0,0,0,0,0,0
BRT,HEVStock,North Oaks,0,0,0,0,0,0,0,0,0
BRT,HEVStock,North St. Paul,0,0,0,0,0,0,0,0,0
BRT,HEVStock,Roseville,2,1,1,2,2,2,1,1,1
BRT,HEVStock,St. Anthony,0,0,0,0,0,0,0,0,0
BRT,HEVStock,St. Paul,2,2,2,4,5,4,3,1,1
BRT,HEVStock,Shoreview,0,0,0,0,0,0,0,0,0
BRT,HEVStock,Spring Lake Park,0,0,0,0,0,0,0,0,0
BRT,HEVStock,Vadnais Heights,0,0,0,0,0,0,0,0,0
BRT,HEVStock,White Bear Twp.,0,0,0,0,0,0,0,0,0
BRT,HEVStock,White Bear Lake,0,0,0,0,0,0,0,0,0
BRT,HEVStock,Belle Plaine,0,0,0,0,0,0,0,0,0
BRT,HEVStock,Belle Plaine Twp.,0,0,0,0,0,0,0,0,0
BRT,HEVStock,Blakeley Twp.,0,0,0,0,0,0,0,0,0
BRT,HEVStock,Cedar Lake Twp.,0,0,0,0,0,0,0,0,0
BRT,HEVStock,Credit River Twp.,0,0,0,0,0,0,0,0,0
BRT,HEVStock,Elko New Market,0,0,0,0,0,0,0,0,0
BRT,HEVStock,Helena Twp.,0,0,0,0,0,0,0,0,0
BRT,HEVStock,Jackson Twp.,0,0,0,0,0,0,0,0,0
BRT,HEVStock,Jordan,0,0,0,0,0,0,0,0,0
BRT,HEVStock,Louisville Twp.,0,0,0,0,0,0,0,0,0
BRT,HEVStock,New Market Twp.,0,0,0,0,0,0,0,0,0
BRT,HEVStock,New Prague,0,0,0,0,0,0,0,0,0
BRT,HEVStock,Prior Lake,0,0,0,0,0,0,0,0,0
BRT,HEVStock,St. Lawrence Twp.,0,0,0,0,0,0,0,0,0
BRT,HEVStock,Sand Creek Twp.,0,0,0,0,0,0,0,0,0
BRT,HEVStock,Savage,0,0,0,0,0,0,0,0,0
BRT,HEVStock,Shakopee,0,0,0,0,0,0,0,0,0
BRT,HEVStock,Spring Lake Twp.,0,0,0,0,0,0,0,0,0
BRT,HEVStock,Afton,0,0,0,0,0,0,0,0,0
BRT,HEVStock,Bayport,0,0,0,0,0,0,0,0,0
BRT,HEVStock,Baytown Twp.,0,0,0,0,0,0,0,0,0
BRT,HEVStock,Birchwood Village,0,0,0,0,0,0,0,0,0
BRT,HEVStock,Cottage Grove,0,0,0,0,0,0,0,0,0
BRT,HEVStock,Dellwood,0,0,0,0,0,0,0,0,0
BRT,HEVStock,Denmark Twp.,0,0,0,0,0,0,0,0,0
BRT,HEVStock,Forest Lake,0,0,0,0,0,0,0,0,0
BRT,HEVStock,Grant,0,0,0,0,0,0,0,0,0
BRT,HEVStock,Grey Cloud Island Twp.,0,0,0,0,0,0,0,0,0
BRT,HEVStock,Hastings,0,0,0,0,0,0,0,0,0
BRT,HEVStock,Hugo,0,0,0,0,0,0,0,0,0
BRT,HEVStock,Lake Elmo,0,0,0,0,0,0,0,0,0
BRT,HEVStock,Lakeland,0,0,0,0,0,0,0,0,0
BRT,HEVStock,Lakeland Shores,0,0,0,0,0,0,0,0,0
BRT,HEVStock,Lake St. Croix Beach,0,0,0,0,0,0,0,0,0
BRT,HEVStock,Landfall,0,0,0,0,0,0,0,0,0
BRT,HEVStock,Mahtomedi,0,0,0,0,0,0,0,0,0
BRT,HEVStock,Marine on St. Croix,0,0,0,0,0,0,0,0,0
BRT,HEVStock,May Twp.,0,0,0,0,0,0,0,0,0
BRT,HEVStock,Newport,0,0,0,0,0,0,0,0,0
BRT,HEVStock,Oakdale,0,0,0,0,0,0,0,0,0
BRT,HEVStock,Oak Park Heights,0,0,0,0,0,0,0,0,0
BRT,HEVStock,Pine Springs,0,0,0,0,0,0,0,0,0
BRT,HEVStock,St. Marys Point,0,0,0,0,0,0,0,0,0
BRT,HEVStock,St. Paul Park,0,0,0,0,0,0,0,0,0
BRT,HEVStock,Scandia,0,0,0,0,0,0,0,0,0
BRT,HEVStock,Stillwater,0,0,0,0,0,0,0,0,0
BRT,HEVStock,Stillwater Twp.,0,0,0,0,0,0,0,0,0
BRT,HEVStock,West Lakeland Twp.,0,0,0,0,0,0,0,0,0
BRT,HEVStock,White Bear Lake,0,0,0,0,0,0,0,0,0
BRT,HEVStock,Willernie,0,0,0,0,0,0,0,0,0
BRT,HEVStock,Woodbury,0,0,0,0,0,0,0,0,0
BRT,BEVStock,Andover,0,0,0,0,0,0,0,0,0
BRT,BEVStock,Anoka,0,0,0,0,0,0,0,0,0
BRT,BEVStock,Bethel,0,0,0,0,0,0,0,0,0
BRT,BEVStock,Blaine,0,0,0,0,0,0,0,0,0
BRT,BEVStock,Centerville,0,0,0,0,0,0,0,0,0
BRT,BEVStock,Circle Pines,0,0,0,0,0,0,0,0,0
BRT,BEVStock,Columbia Heights,0,0,0,0,0,0,0,0,0
BRT,BEVStock,Columbus,0,0,0,0,0,0,0,0,0
BRT,BEVStock,Coon Rapids,0,0.6,1,2,2,2,2,2,2
BRT,BEVStock,East Bethel,0,0,0,0,0,0,0,0,0
BRT,BEVStock,Fridley,0,0,0,0,0,0,0,0,0
BRT,BEVStock,Ham Lake,0,0,0,0,0,0,0,0,0
BRT,BEVStock,Hilltop,0,0,0,0,0,0,0,0,0
BRT,BEVStock,Lexington,0,0,0,0,0,0,0,0,0
BRT,BEVStock,Lino Lakes,0,0,0,0,0,0,0,0,0
BRT,BEVStock,Linwood Twp.,0,0,0,0,0,0,0,0,0
BRT,BEVStock,Nowthen,0,0,0,0,0,0,0,0,0
BRT,BEVStock,Oak Grove,0,0,0,0,0,0,0,0,0
BRT,BEVStock,Ramsey,0,0,0,0,0,0,0,0,0
BRT,BEVStock,St. Francis,0,0,0,0,0,0,0,0,0
BRT,BEVStock,Spring Lake Park,0,0,0,0,0,0,0,0,0
BRT,BEVStock,Benton Twp.,0,0,0,0,0,0,0,0,0
BRT,BEVStock,Camden Twp.,0,0,0,0,0,0,0,0,0
BRT,BEVStock,Carver,0,0,0,0,0,0,0,0,0
BRT,BEVStock,Chanhassen,0,0,0,0,0,0,0,0,0
BRT,BEVStock,Chaska,0,0,0,0,0,0,0,0,0
BRT,BEVStock,Cologne,0,0,0,0,0,0,0,0,0
BRT,BEVStock,Dahlgren Twp.,0,0,0,0,0,0,0,0,0
BRT,BEVStock,Hamburg,0,0,0,0,0,0,0,0,0
BRT,BEVStock,Hancock Twp.,0,0,0,0,0,0,0,0,0
BRT,BEVStock,Hollywood Twp.,0,0,0,0,0,0,0,0,0
BRT,BEVStock,Laketown Twp.,0,0,0,0,0,0,0,0,0
BRT,BEVStock,Mayer,0,0,0,0,0,0,0,0,0
BRT,BEVStock,New Germany,0,0,0,0,0,0,0,0,0
BRT,BEVStock,Norwood Young America,0,0,0,0,0,0,0,0,0
BRT,BEVStock,San Francisco Twp.,0,0,0,0,0,0,0,0,0
BRT,BEVStock,Victoria,0,0,0,0,0,0,0,0,0
BRT,BEVStock,Waconia,0,0,0,0,0,0,0,0,0
BRT,BEVStock,Waconia Twp.,0,0,0,0,0,0,0,0,0
BRT,BEVStock,Watertown,0,0,0,0,0,0,0,0,0
BRT,BEVStock,Watertown Twp.,0,0,0,0,0,0,0,0,0
BRT,BEVStock,Young America Twp.,0,0,0,0,0,0,0,0,0
BRT,BEVStock,Apple Valley,0,0,0,0,0,0,0,0,0
BRT,BEVStock,Burnsville,0,0,0,0,0,0,0,0,0
BRT,BEVStock,Castle Rock Twp.,0,0,0,0,0,0,0,0,0
BRT,BEVStock,Coates,0,0,0,0,0,0,0,0,0
BRT,BEVStock,Douglas Twp.,0,0,0,0,0,0,0,0,0
BRT,BEVStock,Eagan,0,0.6,1,2,2,2,2,2,3
BRT,BEVStock,Empire Twp.,0,0,0,0,0,0,0,0,0
BRT,BEVStock,Eureka Twp.,0,0,0,0,0,0,0,0,0
BRT,BEVStock,Farmington,0,0,0,0,0,0,0,0,0
BRT,BEVStock,Greenvale Twp.,0,0,0,0,0,0,0,0,0
BRT,BEVStock,Hampton,0,0,0,0,0,0,0,0,0
BRT,BEVStock,Hampton Twp.,0,0,0,0,0,0,0,0,0
BRT,BEVStock,Hastings,0,0,0,0,0,0,0,0,0
BRT,BEVStock,Inver Grove Heights,0,0,0,0,0,0,0,0,0
BRT,BEVStock,Lakeville,0,0,0,0,0,0,0,0,0
BRT,BEVStock,Lilydale,0,0,0,0,0,0,0,0,0
BRT,BEVStock,Marshan Twp.,0,0,0,0,0,0,0,0,0
BRT,BEVStock,Mendota,0,0,0,0,0,0,0,0,0
BRT,BEVStock,Mendota Heights,0,0,0,0,0,0,0,0,0
BRT,BEVStock,Miesville,0,0,0,0,0,0,0,0,0
BRT,BEVStock,New Trier,0,0,0,0,0,0,0,0,0
BRT,BEVStock,Nininger Twp.,0,0,0,0,0,0,0,0,0
BRT,BEVStock,Northfield,0,0,0,0,0,0,0,0,0
BRT,BEVStock,Randolph,0,0,0,0,0,0,0,0,0
BRT,BEVStock,Randolph Twp.,0,0,0,0,0,0,0,0,0
BRT,BEVStock,Ravenna Twp.,0,0,0,0,0,0,0,0,0
BRT,BEVStock,Rosemount,0,0,0,0,0,0,0,0,0
BRT,BEVStock,Sciota Twp.,0,0,0,0,0,0,0,0,0
BRT,BEVStock,South St. Paul,0,0,0,0,0,0,0,0,0
BRT,BEVStock,Sunfish Lake,0,0,0,0,0,0,0,0,0
BRT,BEVStock,Vermillion,0,0,0,0,0,0,0,0,0
BRT,BEVStock,Vermillion Twp.,0,0,0,0,0,0,0,0,0
BRT,BEVStock,Waterford Twp.,0,0,0,0,0,0,0,0,0
BRT,BEVStock,West St. Paul,0,0.6,1,2,2,2,2,2,2
BRT,BEVStock,Bloomington,0,0.6,1,2,2,2,2,2,3
BRT,BEVStock,Brooklyn Center,0,0.6,1,2,2,2,2,2,3
BRT,BEVStock,Brooklyn Park,0,0.6,1,2,2,2,2,2,3
BRT,BEVStock,Champlin,0,0,0,0,0,0,0,0,0
BRT,BEVStock,Chanhassen,0,0,0,0,0,0,0,0,0
BRT,BEVStock,Corcoran,0,0,0,0,0,0,0,0,0
BRT,BEVStock,Crystal,0,0,0,0,0,0,0,0,0
BRT,BEVStock,Dayton,0,0,0,0,0,0,0,0,0
BRT,BEVStock,Deephaven,0,0,0,0,0,0,0,0,0
BRT,BEVStock,Eden Prairie,0,0,0,0,0,0,0,0,0
BRT,BEVStock,Edina,0,0.6,1,2,2,2,2,2,2
BRT,BEVStock,Excelsior,0,0,0,0,0,0,0,0,0
BRT,BEVStock,Fort Snelling UT,0,0,0,0,0,0,0,0,0
BRT,BEVStock,Golden Valley,0,0.6,1,2,2,2,2,2,2
BRT,BEVStock,Greenfield,0,0,0,0,0,0,0,0,0
BRT,BEVStock,Greenwood,0,0,0,0,0,0,0,0,0
BRT,BEVStock,Hanover,0,0,0,0,0,0,0,0,0
BRT,BEVStock,Hopkins,0,0,0,0,0,0,0,0,0
BRT,BEVStock,Independence,0,0,0,0,0,0,0,0,0
BRT,BEVStock,Long Lake,0,0,0,0,0,0,0,0,0
BRT,BEVStock,Loretto,0,0,0,0,0,0,0,0,0
BRT,BEVStock,Maple Grove,0,0,0,0,0,0,0,0,0
BRT,BEVStock,Maple Plain,0,0,0,0,0,0,0,0,0
BRT,BEVStock,Medicine Lake,0,0,0,0,0,0,0,0,0
BRT,BEVStock,Medina,0,0,0,0,0,0,0,0,0
BRT,BEVStock,Minneapolis,0,0.6,1,2,4,5,6,10,11
BRT,BEVStock,Minnetonka,0,0.6,1,2,2,2,2,2,2
BRT,BEVStock,Minnetonka Beach,0,0,0,0,0,0,0,0,0
BRT,BEVStock,Minnetrista,0,0,0,0,0,0,0,0,0
BRT,BEVStock,Mound,0,0,0,0,0,0,0,0,0
BRT,BEVStock,New Hope,0,0.6,1,2,2,2,2,2,3
BRT,BEVStock,Orono,0,0,0,0,0,0,0,0,0
BRT,BEVStock,Osseo,0,0,0,0,0,0,0,0,0
BRT,BEVStock,Plymouth,0,0,0,0,0,0,0,0,0
BRT,BEVStock,Richfield,0,0.6,1,2,2,2,2,2,2
BRT,BEVStock,Robbinsdale,0,0,0,0,0,0,0,0,0
BRT,BEVStock,Rockford,0,0,0,0,0,0,0,0,0
BRT,BEVStock,Rogers,0,0,0,0,0,0,0,0,0
BRT,BEVStock,St. Anthony,0,0,0,0,0,0,0,0,0
BRT,BEVStock,St. Bonifacius,0,0,0,0,0,0,0,0,0
BRT,BEVStock,St. Louis Park,0,0.6,1,2,2,2,2,2,2
BRT,BEVStock,Shorewood,0,0,0,0,0,0,0,0,0
BRT,BEVStock,Spring Park,0,0,0,0,0,0,0,0,0
BRT,BEVStock,Tonka Bay,0,0,0,0,0,0,0,0,0
BRT,BEVStock,Wayzata,0,0,0,0,0,0,0,0,0
BRT,BEVStock,Woodland,0,0,0,0,0,0,0,0,0
BRT,BEVStock,Arden Hills,0,0,0,0,0,0,0,0,0
BRT,BEVStock,Blaine,0,0,0,0,0,0,0,0,0
BRT,BEVStock,Falcon Heights,0,0.6,1,2,2,2,2,2,2
BRT,BEVStock,Gem Lake,0,0,0,0,0,0,0,0,0
BRT,BEVStock,Lauderdale,0,0,0,0,0,0,0,0,0
BRT,BEVStock,Little Canada,0,0,0,0,0,0,0,0,0
BRT,BEVStock,Maplewood,0,0,0,0,0,0,0,0,0
BRT,BEVStock,Mounds View,0,0,0,0,0,0,0,0,0
BRT,BEVStock,New Brighton,0,0,0,0,0,0,0,0,0
BRT,BEVStock,North Oaks,0,0,0,0,0,0,0,0,0
BRT,BEVStock,North St. Paul,0,0,0,0,0,0,0,0,0
BRT,BEVStock,Roseville,0,0.6,1,2,2,2,4,5,6
BRT,BEVStock,St. Anthony,0,0,0,0,0,0,0,0,0
BRT,BEVStock,St. Paul,0,0.6,1,3,4,5,7,13,15
BRT,BEVStock,Shoreview,0,0,0,0,0,0,0,0,0
BRT,BEVStock,Spring Lake Park,0,0,0,0,0,0,0,0,0
BRT,BEVStock,Vadnais Heights,0,0,0,0,0,0,0,0,0
BRT,BEVStock,White Bear Twp.,0,0,0,0,0,0,0,0,0
BRT,BEVStock,White Bear Lake,0,0,0,0,0,0,0,0,0
BRT,BEVStock,Belle Plaine,0,0,0,0,0,0,0,0,0
BRT,BEVStock,Belle Plaine Twp.,0,0,0,0,0,0,0,0,0
BRT,BEVStock,Blakeley Twp.,0,0,0,0,0,0,0,0,0
BRT,BEVStock,Cedar Lake Twp.,0,0,0,0,0,0,0,0,0
BRT,BEVStock,Credit River Twp.,0,0,0,0,0,0,0,0,0
BRT,BEVStock,Elko New Market,0,0,0,0,0,0,0,0,0
BRT,BEVStock,Helena Twp.,0,0,0,0,0,0,0,0,0
BRT,BEVStock,Jackson Twp.,0,0,0,0,0,0,0,0,0
BRT,BEVStock,Jordan,0,0,0,0,0,0,0,0,0
BRT,BEVStock,Louisville Twp.,0,0,0,0,0,0,0,0,0
BRT,BEVStock,New Market Twp.,0,0,0,0,0,0,0,0,0
BRT,BEVStock,New Prague,0,0,0,0,0,0,0,0,0
BRT,BEVStock,Prior Lake,0,0,0,0,0,0,0,0,0
BRT,BEVStock,St. Lawrence Twp.,0,0,0,0,0,0,0,0,0
BRT,BEVStock,Sand Creek Twp.,0,0,0,0,0,0,0,0,0
BRT,BEVStock,Savage,0,0,0,0,0,0,0,0,0
BRT,BEVStock,Shakopee,0,0,0,0,0,0,0,0,0
BRT,BEVStock,Spring Lake Twp.,0,0,0,0,0,0,0,0,0
BRT,BEVStock,Afton,0,0,0,0,0,0,0,0,0
BRT,BEVStock,Bayport,0,0,0,0,0,0,0,0,0
BRT,BEVStock,Baytown Twp.,0,0,0,0,0,0,0,0,0
BRT,BEVStock,Birchwood Village,0,0,0,0,0,0,0,0,0
BRT,BEVStock,Cottage Grove,0,0,0,0,0,0,0,0,0
BRT,BEVStock,Dellwood,0,0,0,0,0,0,0,0,0
BRT,BEVStock,Denmark Twp.,0,0,0,0,0,0,0,0,0
BRT,BEVStock,Forest Lake,0,0,0,0,0,0,0,0,0
BRT,BEVStock,Grant,0,0,0,0,0,0,0,0,0
BRT,BEVStock,Grey Cloud Island Twp.,0,0,0,0,0,0,0,0,0
BRT,BEVStock,Hastings,0,0,0,0,0,0,0,0,0
BRT,BEVStock,Hugo,0,0,0,0,0,0,0,0,0
BRT,BEVStock,Lake Elmo,0,0,0,0,0,0,0,0,0
BRT,BEVStock,Lakeland,0,0,0,0,0,0,0,0,0
BRT,BEVStock,Lakeland Shores,0,0,0,0,0,0,0,0,0
BRT,BEVStock,Lake St. Croix Beach,0,0,0,0,0,0,0,0,0
BRT,BEVStock,Landfall,0,0,0,0,0,0,0,0,0
BRT,BEVStock,Mahtomedi,0,0,0,0,0,0,0,0,0
BRT,BEVStock,Marine on St. Croix,0,0,0,0,0,0,0,0,0
BRT,BEVStock,May Twp.,0,0,0,0,0,0,0,0,0
BRT,BEVStock,Newport,0,0,0,0,0,0,0,0,0
BRT,BEVStock,Oakdale,0,0,0,0,0,0,0,0,0
BRT,BEVStock,Oak Park Heights,0,0,0,0,0,0,0,0,0
BRT,BEVStock,Pine Springs,0,0,0,0,0,0,0,0,0
BRT,BEVStock,St. Marys Point,0,0,0,0,0,0,0,0,0
BRT,BEVStock,St. Paul Park,0,0,0,0,0,0,0,0,0
BRT,BEVStock,Scandia,0,0,0,0,0,0,0,0,0
BRT,BEVStock,Stillwater,0,0,0,0,0,0,0,0,0
BRT,BEVStock,Stillwater Twp.,0,0,0,0,0,0,0,0,0
BRT,BEVStock,West Lakeland Twp.,0,0,0,0,0,0,0,0,0
BRT,BEVStock,White Bear Lake,0,0,0,0,0,0,0,0,0
BRT,BEVStock,Willernie,0,0,0,0,0,0,0,0,0
BRT,BEVStock,Woodbury,0,0,0,0,0,0,0,0,0
BRT,TotExist,Andover,0,0,0,0,0,0,0,0,0
BRT,TotExist,Anoka,0,0,0,0,0,0,0,0,0
BRT,TotExist,Bethel,0,0,0,0,0,0,0,0,0
BRT,TotExist,Blaine,0,0,0,0,0,0,0,0,0
BRT,TotExist,Centerville,0,0,0,0,0,0,0,0,0
BRT,TotExist,Circle Pines,0,0,0,0,0,0,0,0,0
BRT,TotExist,Columbia Heights,0,0,0,0,0,0,0,0,0
BRT,TotExist,Columbus,0,0,0,0,0,0,0,0,0
BRT,TotExist,Coon Rapids,2,2,2,3,3,2,2,2,2
BRT,TotExist,East Bethel,0,0,0,0,0,0,0,0,0
BRT,TotExist,Fridley,0,0,0,0,0,0,0,0,0
BRT,TotExist,Ham Lake,0,0,0,0,0,0,0,0,0
BRT,TotExist,Hilltop,0,0,0,0,0,0,0,0,0
BRT,TotExist,Lexington,0,0,0,0,0,0,0,0,0
BRT,TotExist,Lino Lakes,0,0,0,0,0,0,0,0,0
BRT,TotExist,Linwood Twp.,0,0,0,0,0,0,0,0,0
BRT,TotExist,Nowthen,0,0,0,0,0,0,0,0,0
BRT,TotExist,Oak Grove,0,0,0,0,0,0,0,0,0
BRT,TotExist,Ramsey,0,0,0,0,0,0,0,0,0
BRT,TotExist,St. Francis,0,0,0,0,0,0,0,0,0
BRT,TotExist,Spring Lake Park,0,0,0,0,0,0,0,0,0
BRT,TotExist,Benton Twp.,0,0,0,0,0,0,0,0,0
BRT,TotExist,Camden Twp.,0,0,0,0,0,0,0,0,0
BRT,TotExist,Carver,0,0,0,0,0,0,0,0,0
BRT,TotExist,Chanhassen,0,0,0,0,0,0,0,0,0
BRT,TotExist,Chaska,0,0,0,0,0,0,0,0,0
BRT,TotExist,Cologne,0,0,0,0,0,0,0,0,0
BRT,TotExist,Dahlgren Twp.,0,0,0,0,0,0,0,0,0
BRT,TotExist,Hamburg,0,0,0,0,0,0,0,0,0
BRT,TotExist,Hancock Twp.,0,0,0,0,0,0,0,0,0
BRT,TotExist,Hollywood Twp.,0,0,0,0,0,0,0,0,0
BRT,TotExist,Laketown Twp.,0,0,0,0,0,0,0,0,0
BRT,TotExist,Mayer,0,0,0,0,0,0,0,0,0
BRT,TotExist,New Germany,0,0,0,0,0,0,0,0,0
BRT,TotExist,Norwood Young America,0,0,0,0,0,0,0,0,0
BRT,TotExist,San Francisco Twp.,0,0,0,0,0,0,0,0,0
BRT,TotExist,Victoria,0,0,0,0,0,0,0,0,0
BRT,TotExist,Waconia,0,0,0,0,0,0,0,0,0
BRT,TotExist,Waconia Twp.,0,0,0,0,0,0,0,0,0
BRT,TotExist,Watertown,0,0,0,0,0,0,0,0,0
BRT,TotExist,Watertown Twp.,0,0,0,0,0,0,0,0,0
BRT,TotExist,Young America Twp.,0,0,0,0,0,0,0,0,0
BRT,TotExist,Apple Valley,0,0,0,0,0,0,0,0,0
BRT,TotExist,Burnsville,0,0,0,0,0,0,0,0,0
BRT,TotExist,Castle Rock Twp.,0,0,0,0,0,0,0,0,0
BRT,TotExist,Coates,0,0,0,0,0,0,0,0,0
BRT,TotExist,Douglas Twp.,0,0,0,0,0,0,0,0,0
BRT,TotExist,Eagan,2,2.6,3,3,3,2,2,2,3
BRT,TotExist,Empire Twp.,0,0,0,0,0,0,0,0,0
BRT,TotExist,Eureka Twp.,0,0,0,0,0,0,0,0,0
BRT,TotExist,Farmington,0,0,0,0,0,0,0,0,0
BRT,TotExist,Greenvale Twp.,0,0,0,0,0,0,0,0,0
BRT,TotExist,Hampton,0,0,0,0,0,0,0,0,0
BRT,TotExist,Hampton Twp.,0,0,0,0,0,0,0,0,0
BRT,TotExist,Hastings,0,0,0,0,0,0,0,0,0
BRT,TotExist,Inver Grove Heights,0,0,0,0,0,0,0,0,0
BRT,TotExist,Lakeville,0,0,0,0,0,0,0,0,0
BRT,TotExist,Lilydale,0,0,0,0,0,0,0,0,0
BRT,TotExist,Marshan Twp.,0,0,0,0,0,0,0,0,0
BRT,TotExist,Mendota,0,0,0,0,0,0,0,0,0
BRT,TotExist,Mendota Heights,0,0,0,0,0,0,0,0,0
BRT,TotExist,Miesville,0,0,0,0,0,0,0,0,0
BRT,TotExist,New Trier,0,0,0,0,0,0,0,0,0
BRT,TotExist,Nininger Twp.,0,0,0,0,0,0,0,0,0
BRT,TotExist,Northfield,0,0,0,0,0,0,0,0,0
BRT,TotExist,Randolph,0,0,0,0,0,0,0,0,0
BRT,TotExist,Randolph Twp.,0,0,0,0,0,0,0,0,0
BRT,TotExist,Ravenna Twp.,0,0,0,0,0,0,0,0,0
BRT,TotExist,Rosemount,0,0,0,0,0,0,0,0,0
BRT,TotExist,Sciota Twp.,0,0,0,0,0,0,0,0,0
BRT,TotExist,South St. Paul,0,0,0,0,0,0,0,0,0
BRT,TotExist,Sunfish Lake,0,0,0,0,0,0,0,0,0
BRT,TotExist,Vermillion,0,0,0,0,0,0,0,0,0
BRT,TotExist,Vermillion Twp.,0,0,0,0,0,0,0,0,0
BRT,TotExist,Waterford Twp.,0,0,0,0,0,0,0,0,0
BRT,TotExist,West St. Paul,2,2,2,3,3,2,2,2,2
BRT,TotExist,Bloomington,2,2,2,3,3,2,2,2,3
BRT,TotExist,Brooklyn Center,2,2,2,3,3,2,2,2,3
BRT,TotExist,Brooklyn Park,2,2.6,3,3,3,2,2,2,3
BRT,TotExist,Champlin,0,0,0,0,0,0,0,0,0
BRT,TotExist,Chanhassen,0,0,0,0,0,0,0,0,0
BRT,TotExist,Corcoran,0,0,0,0,0,0,0,0,0
BRT,TotExist,Crystal,0,0,0,0,0,0,0,0,0
BRT,TotExist,Dayton,0,0,0,0,0,0,0,0,0
BRT,TotExist,Deephaven,0,0,0,0,0,0,0,0,0
BRT,TotExist,Eden Prairie,0,0,0,0,0,0,0,0,0
BRT,TotExist,Edina,2,2,2,3,3,2,2,2,2
BRT,TotExist,Excelsior,0,0,0,0,0,0,0,0,0
BRT,TotExist,Fort Snelling UT,0,0,0,0,0,0,0,0,0
BRT,TotExist,Golden Valley,2,2,2,3,3,2,2,2,2
BRT,TotExist,Greenfield,0,0,0,0,0,0,0,0,0
BRT,TotExist,Greenwood,0,0,0,0,0,0,0,0,0
BRT,TotExist,Hanover,0,0,0,0,0,0,0,0,0
BRT,TotExist,Hopkins,0,0,0,0,0,0,0,0,0
BRT,TotExist,Independence,0,0,0,0,0,0,0,0,0
BRT,TotExist,Long Lake,0,0,0,0,0,0,0,0,0
BRT,TotExist,Loretto,0,0,0,0,0,0,0,0,0
BRT,TotExist,Maple Grove,0,0,0,0,0,0,0,0,0
BRT,TotExist,Maple Plain,0,0,0,0,0,0,0,0,0
BRT,TotExist,Medicine Lake,0,0,0,0,0,0,0,0,0
BRT,TotExist,Medina,0,0,0,0,0,0,0,0,0
BRT,TotExist,Minneapolis,4,5.8,7,6,5,8,7,5,9
BRT,TotExist,Minnetonka,2,2,2,3,3,2,2,2,2
BRT,TotExist,Minnetonka Beach,0,0,0,0,0,0,0,0,0
BRT,TotExist,Minnetrista,0,0,0,0,0,0,0,0,0
BRT,TotExist,Mound,0,0,0,0,0,0,0,0,0
BRT,TotExist,New Hope,2,2,2,3,3,2,2,2,3
BRT,TotExist,Orono,0,0,0,0,0,0,0,0,0
BRT,TotExist,Osseo,0,0,0,0,0,0,0,0,0
BRT,TotExist,Plymouth,0,0,0,0,0,0,0,0,0
BRT,TotExist,Richfield,2,2,2,3,3,2,2,2,2
BRT,TotExist,Robbinsdale,0,0,0,0,0,0,0,0,0
BRT,TotExist,Rockford,0,0,0,0,0,0,0,0,0
BRT,TotExist,Rogers,0,0,0,0,0,0,0,0,0
BRT,TotExist,St. Anthony,0,0,0,0,0,0,0,0,0
BRT,TotExist,St. Bonifacius,0,0,0,0,0,0,0,0,0
BRT,TotExist,St. Louis Park,2,2,2,3,3,2,2,2,2
BRT,TotExist,Shorewood,0,0,0,0,0,0,0,0,0
BRT,TotExist,Spring Park,0,0,0,0,0,0,0,0,0
BRT,TotExist,Tonka Bay,0,0,0,0,0,0,0,0,0
BRT,TotExist,Wayzata,0,0,0,0,0,0,0,0,0
BRT,TotExist,Woodland,0,0,0,0,0,0,0,0,0
BRT,TotExist,Arden Hills,0,0,0,0,0,0,0,0,0
BRT,TotExist,Blaine,0,0,0,0,0,0,0,0,0
BRT,TotExist,Falcon Heights,2,2,2,3,3,2,2,2,2
BRT,TotExist,Gem Lake,0,0,0,0,0,0,0,0,0
BRT,TotExist,Lauderdale,0,0,0,0,0,0,0,0,0
BRT,TotExist,Little Canada,0,0,0,0,0,0,0,0,0
BRT,TotExist,Maplewood,0,0,0,0,0,0,0,0,0
BRT,TotExist,Mounds View,0,0,0,0,0,0,0,0,0
BRT,TotExist,New Brighton,0,0,0,0,0,0,0,0,0
BRT,TotExist,North Oaks,0,0,0,0,0,0,0,0,0
BRT,TotExist,North St. Paul,0,0,0,0,0,0,0,0,0
BRT,TotExist,Roseville,3,3.6,4,4,3,4,4,3,5
BRT,TotExist,St. Anthony,0,0,0,0,0,0,0,0,0
BRT,TotExist,St. Paul,4,7,9,7,7,10,9,8,12
BRT,TotExist,Shoreview,0,0,0,0,0,0,0,0,0
BRT,TotExist,Spring Lake Park,0,0,0,0,0,0,0,0,0
BRT,TotExist,Vadnais Heights,0,0,0,0,0,0,0,0,0
BRT,TotExist,White Bear Twp.,0,0,0,0,0,0,0,0,0
BRT,TotExist,White Bear Lake,0,0,0,0,0,0,0,0,0
BRT,TotExist,Belle Plaine,0,0,0,0,0,0,0,0,0
BRT,TotExist,Belle Plaine Twp.,0,0,0,0,0,0,0,0,0
BRT,TotExist,Blakeley Twp.,0,0,0,0,0,0,0,0,0
BRT,TotExist,Cedar Lake Twp.,0,0,0,0,0,0,0,0,0
BRT,TotExist,Credit River Twp.,0,0,0,0,0,0,0,0,0
BRT,TotExist,Elko New Market,0,0,0,0,0,0,0,0,0
BRT,TotExist,Helena Twp.,0,0,0,0,0,0,0,0,0
BRT,TotExist,Jackson Twp.,0,0,0,0,0,0,0,0,0
BRT,TotExist,Jordan,0,0,0,0,0,0,0,0,0
BRT,TotExist,Louisville Twp.,0,0,0,0,0,0,0,0,0
BRT,TotExist,New Market Twp.,0,0,0,0,0,0,0,0,0
BRT,TotExist,New Prague,0,0,0,0,0,0,0,0,0
BRT,TotExist,Prior Lake,0,0,0,0,0,0,0,0,0
BRT,TotExist,St. Lawrence Twp.,0,0,0,0,0,0,0,0,0
BRT,TotExist,Sand Creek Twp.,0,0,0,0,0,0,0,0,0
BRT,TotExist,Savage,0,0,0,0,0,0,0,0,0
BRT,TotExist,Shakopee,0,0,0,0,0,0,0,0,0
BRT,TotExist,Spring Lake Twp.,0,0,0,0,0,0,0,0,0
BRT,TotExist,Afton,0,0,0,0,0,0,0,0,0
BRT,TotExist,Bayport,0,0,0,0,0,0,0,0,0
BRT,TotExist,Baytown Twp.,0,0,0,0,0,0,0,0,0
BRT,TotExist,Birchwood Village,0,0,0,0,0,0,0,0,0
BRT,TotExist,Cottage Grove,0,0,0,0,0,0,0,0,0
BRT,TotExist,Dellwood,0,0,0,0,0,0,0,0,0
BRT,TotExist,Denmark Twp.,0,0,0,0,0,0,0,0,0
BRT,TotExist,Forest Lake,0,0,0,0,0,0,0,0,0
BRT,TotExist,Grant,0,0,0,0,0,0,0,0,0
BRT,TotExist,Grey Cloud Island Twp.,0,0,0,0,0,0,0,0,0
BRT,TotExist,Hastings,0,0,0,0,0,0,0,0,0
BRT,TotExist,Hugo,0,0,0,0,0,0,0,0,0
BRT,TotExist,Lake Elmo,0,0,0,0,0,0,0,0,0
BRT,TotExist,Lakeland,0,0,0,0,0,0,0,0,0
BRT,TotExist,Lakeland Shores,0,0,0,0,0,0,0,0,0
BRT,TotExist,Lake St. Croix Beach,0,0,0,0,0,0,0,0,0
BRT,TotExist,Landfall,0,0,0,0,0,0,0,0,0
BRT,TotExist,Mahtomedi,0,0,0,0,0,0,0,0,0
BRT,TotExist,Marine on St. Croix,0,0,0,0,0,0,0,0,0
BRT,TotExist,May Twp.,0,0,0,0,0,0,0,0,0
BRT,TotExist,Newport,0,0,0,0,0,0,0,0,0
BRT,TotExist,Oakdale,0,0,0,0,0,0,0,0,0
BRT,TotExist,Oak Park Heights,0,0,0,0,0,0,0,0,0
BRT,TotExist,Pine Springs,0,0,0,0,0,0,0,0,0
BRT,TotExist,St. Marys Point,0,0,0,0,0,0,0,0,0
BRT,TotExist,St. Paul Park,0,0,0,0,0,0,0,0,0
BRT,TotExist,Scandia,0,0,0,0,0,0,0,0,0
BRT,TotExist,Stillwater,0,0,0,0,0,0,0,0,0
BRT,TotExist,Stillwater Twp.,0,0,0,0,0,0,0,0,0
BRT,TotExist,West Lakeland Twp.,0,0,0,0,0,0,0,0,0
BRT,TotExist,White Bear Lake,0,0,0,0,0,0,0,0,0
BRT,TotExist,Willernie,0,0,0,0,0,0,0,0,0
BRT,TotExist,Woodbury,0,0,0,0,0,0,0,0,0
BRT,BCIExist,Andover,0,0,0,0,0,0,0,0,0
BRT,BCIExist,Anoka,0,0,0,0,0,0,0,0,0
BRT,BCIExist,Bethel,0,0,0,0,0,0,0,0,0
BRT,BCIExist,Blaine,0,0,0,0,0,0,0,0,0
BRT,BCIExist,Centerville,0,0,0,0,0,0,0,0,0
BRT,BCIExist,Circle Pines,0,0,0,0,0,0,0,0,0
BRT,BCIExist,Columbia Heights,0,0,0,0,0,0,0,0,0
BRT,BCIExist,Columbus,0,0,0,0,0,0,0,0,0
BRT,BCIExist,Coon Rapids,1,1,1,1,1,0,0,0,0
BRT,BCIExist,East Bethel,0,0,0,0,0,0,0,0,0
BRT,BCIExist,Fridley,0,0,0,0,0,0,0,0,0
BRT,BCIExist,Ham Lake,0,0,0,0,0,0,0,0,0
BRT,BCIExist,Hilltop,0,0,0,0,0,0,0,0,0
BRT,BCIExist,Lexington,0,0,0,0,0,0,0,0,0
BRT,BCIExist,Lino Lakes,0,0,0,0,0,0,0,0,0
BRT,BCIExist,Linwood Twp.,0,0,0,0,0,0,0,0,0
BRT,BCIExist,Nowthen,0,0,0,0,0,0,0,0,0
BRT,BCIExist,Oak Grove,0,0,0,0,0,0,0,0,0
BRT,BCIExist,Ramsey,0,0,0,0,0,0,0,0,0
BRT,BCIExist,St. Francis,0,0,0,0,0,0,0,0,0
BRT,BCIExist,Spring Lake Park,0,0,0,0,0,0,0,0,0
BRT,BCIExist,Benton Twp.,0,0,0,0,0,0,0,0,0
BRT,BCIExist,Camden Twp.,0,0,0,0,0,0,0,0,0
BRT,BCIExist,Carver,0,0,0,0,0,0,0,0,0
BRT,BCIExist,Chanhassen,0,0,0,0,0,0,0,0,0
BRT,BCIExist,Chaska,0,0,0,0,0,0,0,0,0
BRT,BCIExist,Cologne,0,0,0,0,0,0,0,0,0
BRT,BCIExist,Dahlgren Twp.,0,0,0,0,0,0,0,0,0
BRT,BCIExist,Hamburg,0,0,0,0,0,0,0,0,0
BRT,BCIExist,Hancock Twp.,0,0,0,0,0,0,0,0,0
BRT,BCIExist,Hollywood Twp.,0,0,0,0,0,0,0,0,0
BRT,BCIExist,Laketown Twp.,0,0,0,0,0,0,0,0,0
BRT,BCIExist,Mayer,0,0,0,0,0,0,0,0,0
BRT,BCIExist,New Germany,0,0,0,0,0,0,0,0,0
BRT,BCIExist,Norwood Young America,0,0,0,0,0,0,0,0,0
BRT,BCIExist,San Francisco Twp.,0,0,0,0,0,0,0,0,0
BRT,BCIExist,Victoria,0,0,0,0,0,0,0,0,0
BRT,BCIExist,Waconia,0,0,0,0,0,0,0,0,0
BRT,BCIExist,Waconia Twp.,0,0,0,0,0,0,0,0,0
BRT,BCIExist,Watertown,0,0,0,0,0,0,0,0,0
BRT,BCIExist,Watertown Twp.,0,0,0,0,0,0,0,0,0
BRT,BCIExist,Young America Twp.,0,0,0,0,0,0,0,0,0
BRT,BCIExist,Apple Valley,0,0,0,0,0,0,0,0,0
BRT,BCIExist,Burnsville,0,0,0,0,0,0,0,0,0
BRT,BCIExist,Castle Rock Twp.,0,0,0,0,0,0,0,0,0
BRT,BCIExist,Coates,0,0,0,0,0,0,0,0,0
BRT,BCIExist,Douglas Twp.,0,0,0,0,0,0,0,0,0
BRT,BCIExist,Eagan,1,1.6,2,1,1,0,0,0,0
BRT,BCIExist,Empire Twp.,0,0,0,0,0,0,0,0,0
BRT,BCIExist,Eureka Twp.,0,0,0,0,0,0,0,0,0
BRT,BCIExist,Farmington,0,0,0,0,0,0,0,0,0
BRT,BCIExist,Greenvale Twp.,0,0,0,0,0,0,0,0,0
BRT,BCIExist,Hampton,0,0,0,0,0,0,0,0,0
BRT,BCIExist,Hampton Twp.,0,0,0,0,0,0,0,0,0
BRT,BCIExist,Hastings,0,0,0,0,0,0,0,0,0
BRT,BCIExist,Inver Grove Heights,0,0,0,0,0,0,0,0,0
BRT,BCIExist,Lakeville,0,0,0,0,0,0,0,0,0
BRT,BCIExist,Lilydale,0,0,0,0,0,0,0,0,0
BRT,BCIExist,Marshan Twp.,0,0,0,0,0,0,0,0,0
BRT,BCIExist,Mendota,0,0,0,0,0,0,0,0,0
BRT,BCIExist,Mendota Heights,0,0,0,0,0,0,0,0,0
BRT,BCIExist,Miesville,0,0,0,0,0,0,0,0,0
BRT,BCIExist,New Trier,0,0,0,0,0,0,0,0,0
BRT,BCIExist,Nininger Twp.,0,0,0,0,0,0,0,0,0
BRT,BCIExist,Northfield,0,0,0,0,0,0,0,0,0
BRT,BCIExist,Randolph,0,0,0,0,0,0,0,0,0
BRT,BCIExist,Randolph Twp.,0,0,0,0,0,0,0,0,0
BRT,BCIExist,Ravenna Twp.,0,0,0,0,0,0,0,0,0
BRT,BCIExist,Rosemount,0,0,0,0,0,0,0,0,0
BRT,BCIExist,Sciota Twp.,0,0,0,0,0,0,0,0,0
BRT,BCIExist,South St. Paul,0,0,0,0,0,0,0,0,0
BRT,BCIExist,Sunfish Lake,0,0,0,0,0,0,0,0,0
BRT,BCIExist,Vermillion,0,0,0,0,0,0,0,0,0
BRT,BCIExist,Vermillion Twp.,0,0,0,0,0,0,0,0,0
BRT,BCIExist,Waterford Twp.,0,0,0,0,0,0,0,0,0
BRT,BCIExist,West St. Paul,1,1,1,1,1,0,0,0,0
BRT,BCIExist,Bloomington,1,1,1,1,1,0,0,0,0
BRT,BCIExist,Brooklyn Center,1,1,1,1,1,0,0,0,0
BRT,BCIExist,Brooklyn Park,1,1.6,2,1,1,0,0,0,0
BRT,BCIExist,Champlin,0,0,0,0,0,0,0,0,0
BRT,BCIExist,Chanhassen,0,0,0,0,0,0,0,0,0
BRT,BCIExist,Corcoran,0,0,0,0,0,0,0,0,0
BRT,BCIExist,Crystal,0,0,0,0,0,0,0,0,0
BRT,BCIExist,Dayton,0,0,0,0,0,0,0,0,0
BRT,BCIExist,Deephaven,0,0,0,0,0,0,0,0,0
BRT,BCIExist,Eden Prairie,0,0,0,0,0,0,0,0,0
BRT,BCIExist,Edina,1,1,1,1,1,0,0,0,0
BRT,BCIExist,Excelsior,0,0,0,0,0,0,0,0,0
BRT,BCIExist,Fort Snelling UT,0,0,0,0,0,0,0,0,0
BRT,BCIExist,Golden Valley,1,1,1,1,1,0,0,0,0
BRT,BCIExist,Greenfield,0,0,0,0,0,0,0,0,0
BRT,BCIExist,Greenwood,0,0,0,0,0,0,0,0,0
BRT,BCIExist,Hanover,0,0,0,0,0,0,0,0,0
BRT,BCIExist,Hopkins,0,0,0,0,0,0,0,0,0
BRT,BCIExist,Independence,0,0,0,0,0,0,0,0,0
BRT,BCIExist,Long Lake,0,0,0,0,0,0,0,0,0
BRT,BCIExist,Loretto,0,0,0,0,0,0,0,0,0
BRT,BCIExist,Maple Grove,0,0,0,0,0,0,0,0,0
BRT,BCIExist,Maple Plain,0,0,0,0,0,0,0,0,0
BRT,BCIExist,Medicine Lake,0,0,0,0,0,0,0,0,0
BRT,BCIExist,Medina,0,0,0,0,0,0,0,0,0
BRT,BCIExist,Minneapolis,3,4.8,6,4,1,0,0,0,0
BRT,BCIExist,Minnetonka,1,1,1,1,1,0,0,0,0
BRT,BCIExist,Minnetonka Beach,0,0,0,0,0,0,0,0,0
BRT,BCIExist,Minnetrista,0,0,0,0,0,0,0,0,0
BRT,BCIExist,Mound,0,0,0,0,0,0,0,0,0
BRT,BCIExist,New Hope,1,1,1,1,1,0,0,0,0
BRT,BCIExist,Orono,0,0,0,0,0,0,0,0,0
BRT,BCIExist,Osseo,0,0,0,0,0,0,0,0,0
BRT,BCIExist,Plymouth,0,0,0,0,0,0,0,0,0
BRT,BCIExist,Richfield,1,1,1,1,1,0,0,0,0
BRT,BCIExist,Robbinsdale,0,0,0,0,0,0,0,0,0
BRT,BCIExist,Rockford,0,0,0,0,0,0,0,0,0
BRT,BCIExist,Rogers,0,0,0,0,0,0,0,0,0
BRT,BCIExist,St. Anthony,0,0,0,0,0,0,0,0,0
BRT,BCIExist,St. Bonifacius,0,0,0,0,0,0,0,0,0
BRT,BCIExist,St. Louis Park,1,1,1,1,1,0,0,0,0
BRT,BCIExist,Shorewood,0,0,0,0,0,0,0,0,0
BRT,BCIExist,Spring Park,0,0,0,0,0,0,0,0,0
BRT,BCIExist,Tonka Bay,0,0,0,0,0,0,0,0,0
BRT,BCIExist,Wayzata,0,0,0,0,0,0,0,0,0
BRT,BCIExist,Woodland,0,0,0,0,0,0,0,0,0
BRT,BCIExist,Arden Hills,0,0,0,0,0,0,0,0,0
BRT,BCIExist,Blaine,0,0,0,0,0,0,0,0,0
BRT,BCIExist,Falcon Heights,1,1,1,1,1,0,0,0,0
BRT,BCIExist,Gem Lake,0,0,0,0,0,0,0,0,0
BRT,BCIExist,Lauderdale,0,0,0,0,0,0,0,0,0
BRT,BCIExist,Little Canada,0,0,0,0,0,0,0,0,0
BRT,BCIExist,Maplewood,0,0,0,0,0,0,0,0,0
BRT,BCIExist,Mounds View,0,0,0,0,0,0,0,0,0
BRT,BCIExist,New Brighton,0,0,0,0,0,0,0,0,0
BRT,BCIExist,North Oaks,0,0,0,0,0,0,0,0,0
BRT,BCIExist,North St. Paul,0,0,0,0,0,0,0,0,0
BRT,BCIExist,Roseville,2,2.6,3,2,1,0,0,0,0
BRT,BCIExist,St. Anthony,0,0,0,0,0,0,0,0,0
BRT,BCIExist,St. Paul,3,5.4,7,4,2,0,0,0,0
BRT,BCIExist,Shoreview,0,0,0,0,0,0,0,0,0
BRT,BCIExist,Spring Lake Park,0,0,0,0,0,0,0,0,0
BRT,BCIExist,Vadnais Heights,0,0,0,0,0,0,0,0,0
BRT,BCIExist,White Bear Twp.,0,0,0,0,0,0,0,0,0
BRT,BCIExist,White Bear Lake,0,0,0,0,0,0,0,0,0
BRT,BCIExist,Belle Plaine,0,0,0,0,0,0,0,0,0
BRT,BCIExist,Belle Plaine Twp.,0,0,0,0,0,0,0,0,0
BRT,BCIExist,Blakeley Twp.,0,0,0,0,0,0,0,0,0
BRT,BCIExist,Cedar Lake Twp.,0,0,0,0,0,0,0,0,0
BRT,BCIExist,Credit River Twp.,0,0,0,0,0,0,0,0,0
BRT,BCIExist,Elko New Market,0,0,0,0,0,0,0,0,0
BRT,BCIExist,Helena Twp.,0,0,0,0,0,0,0,0,0
BRT,BCIExist,Jackson Twp.,0,0,0,0,0,0,0,0,0
BRT,BCIExist,Jordan,0,0,0,0,0,0,0,0,0
BRT,BCIExist,Louisville Twp.,0,0,0,0,0,0,0,0,0
BRT,BCIExist,New Market Twp.,0,0,0,0,0,0,0,0,0
BRT,BCIExist,New Prague,0,0,0,0,0,0,0,0,0
BRT,BCIExist,Prior Lake,0,0,0,0,0,0,0,0,0
BRT,BCIExist,St. Lawrence Twp.,0,0,0,0,0,0,0,0,0
BRT,BCIExist,Sand Creek Twp.,0,0,0,0,0,0,0,0,0
BRT,BCIExist,Savage,0,0,0,0,0,0,0,0,0
BRT,BCIExist,Shakopee,0,0,0,0,0,0,0,0,0
BRT,BCIExist,Spring Lake Twp.,0,0,0,0,0,0,0,0,0
BRT,BCIExist,Afton,0,0,0,0,0,0,0,0,0
BRT,BCIExist,Bayport,0,0,0,0,0,0,0,0,0
BRT,BCIExist,Baytown Twp.,0,0,0,0,0,0,0,0,0
BRT,BCIExist,Birchwood Village,0,0,0,0,0,0,0,0,0
BRT,BCIExist,Cottage Grove,0,0,0,0,0,0,0,0,0
BRT,BCIExist,Dellwood,0,0,0,0,0,0,0,0,0
BRT,BCIExist,Denmark Twp.,0,0,0,0,0,0,0,0,0
BRT,BCIExist,Forest Lake,0,0,0,0,0,0,0,0,0
BRT,BCIExist,Grant,0,0,0,0,0,0,0,0,0
BRT,BCIExist,Grey Cloud Island Twp.,0,0,0,0,0,0,0,0,0
BRT,BCIExist,Hastings,0,0,0,0,0,0,0,0,0
BRT,BCIExist,Hugo,0,0,0,0,0,0,0,0,0
BRT,BCIExist,Lake Elmo,0,0,0,0,0,0,0,0,0
BRT,BCIExist,Lakeland,0,0,0,0,0,0,0,0,0
BRT,BCIExist,Lakeland Shores,0,0,0,0,0,0,0,0,0
BRT,BCIExist,Lake St. Croix Beach,0,0,0,0,0,0,0,0,0
BRT,BCIExist,Landfall,0,0,0,0,0,0,0,0,0
BRT,BCIExist,Mahtomedi,0,0,0,0,0,0,0,0,0
BRT,BCIExist,Marine on St. Croix,0,0,0,0,0,0,0,0,0
BRT,BCIExist,May Twp.,0,0,0,0,0,0,0,0,0
BRT,BCIExist,Newport,0,0,0,0,0,0,0,0,0
BRT,BCIExist,Oakdale,0,0,0,0,0,0,0,0,0
BRT,BCIExist,Oak Park Heights,0,0,0,0,0,0,0,0,0
BRT,BCIExist,Pine Springs,0,0,0,0,0,0,0,0,0
BRT,BCIExist,St. Marys Point,0,0,0,0,0,0,0,0,0
BRT,BCIExist,St. Paul Park,0,0,0,0,0,0,0,0,0
BRT,BCIExist,Scandia,0,0,0,0,0,0,0,0,0
BRT,BCIExist,Stillwater,0,0,0,0,0,0,0,0,0
BRT,BCIExist,Stillwater Twp.,0,0,0,0,0,0,0,0,0
BRT,BCIExist,West Lakeland Twp.,0,0,0,0,0,0,0,0,0
BRT,BCIExist,White Bear Lake,0,0,0,0,0,0,0,0,0
BRT,BCIExist,Willernie,0,0,0,0,0,0,0,0,0
BRT,BCIExist,Woodbury,0,0,0,0,0,0,0,0,0
BRT,HEVExist,Andover,0,0,0,0,0,0,0,0,0
BRT,HEVExist,Anoka,0,0,0,0,0,0,0,0,0
BRT,HEVExist,Bethel,0,0,0,0,0,0,0,0,0
BRT,HEVExist,Blaine,0,0,0,0,0,0,0,0,0
BRT,HEVExist,Centerville,0,0,0,0,0,0,0,0,0
BRT,HEVExist,Circle Pines,0,0,0,0,0,0,0,0,0
BRT,HEVExist,Columbia Heights,0,0,0,0,0,0,0,0,0
BRT,HEVExist,Columbus,0,0,0,0,0,0,0,0,0
BRT,HEVExist,Coon Rapids,1,1,1,1,1,1,1,1,1
BRT,HEVExist,East Bethel,0,0,0,0,0,0,0,0,0
BRT,HEVExist,Fridley,0,0,0,0,0,0,0,0,0
BRT,HEVExist,Ham Lake,0,0,0,0,0,0,0,0,0
BRT,HEVExist,Hilltop,0,0,0,0,0,0,0,0,0
BRT,HEVExist,Lexington,0,0,0,0,0,0,0,0,0
BRT,HEVExist,Lino Lakes,0,0,0,0,0,0,0,0,0
BRT,HEVExist,Linwood Twp.,0,0,0,0,0,0,0,0,0
BRT,HEVExist,Nowthen,0,0,0,0,0,0,0,0,0
BRT,HEVExist,Oak Grove,0,0,0,0,0,0,0,0,0
BRT,HEVExist,Ramsey,0,0,0,0,0,0,0,0,0
BRT,HEVExist,St. Francis,0,0,0,0,0,0,0,0,0
BRT,HEVExist,Spring Lake Park,0,0,0,0,0,0,0,0,0
BRT,HEVExist,Benton Twp.,0,0,0,0,0,0,0,0,0
BRT,HEVExist,Camden Twp.,0,0,0,0,0,0,0,0,0
BRT,HEVExist,Carver,0,0,0,0,0,0,0,0,0
BRT,HEVExist,Chanhassen,0,0,0,0,0,0,0,0,0
BRT,HEVExist,Chaska,0,0,0,0,0,0,0,0,0
BRT,HEVExist,Cologne,0,0,0,0,0,0,0,0,0
BRT,HEVExist,Dahlgren Twp.,0,0,0,0,0,0,0,0,0
BRT,HEVExist,Hamburg,0,0,0,0,0,0,0,0,0
BRT,HEVExist,Hancock Twp.,0,0,0,0,0,0,0,0,0
BRT,HEVExist,Hollywood Twp.,0,0,0,0,0,0,0,0,0
BRT,HEVExist,Laketown Twp.,0,0,0,0,0,0,0,0,0
BRT,HEVExist,Mayer,0,0,0,0,0,0,0,0,0
BRT,HEVExist,New Germany,0,0,0,0,0,0,0,0,0
BRT,HEVExist,Norwood Young America,0,0,0,0,0,0,0,0,0
BRT,HEVExist,San Francisco Twp.,0,0,0,0,0,0,0,0,0
BRT,HEVExist,Victoria,0,0,0,0,0,0,0,0,0
BRT,HEVExist,Waconia,0,0,0,0,0,0,0,0,0
BRT,HEVExist,Waconia Twp.,0,0,0,0,0,0,0,0,0
BRT,HEVExist,Watertown,0,0,0,0,0,0,0,0,0
BRT,HEVExist,Watertown Twp.,0,0,0,0,0,0,0,0,0
BRT,HEVExist,Young America Twp.,0,0,0,0,0,0,0,0,0
BRT,HEVExist,Apple Valley,0,0,0,0,0,0,0,0,0
BRT,HEVExist,Burnsville,0,0,0,0,0,0,0,0,0
BRT,HEVExist,Castle Rock Twp.,0,0,0,0,0,0,0,0,0
BRT,HEVExist,Coates,0,0,0,0,0,0,0,0,0
BRT,HEVExist,Douglas Twp.,0,0,0,0,0,0,0,0,0
BRT,HEVExist,Eagan,1,1,1,1,1,1,1,1,1
BRT,HEVExist,Empire Twp.,0,0,0,0,0,0,0,0,0
BRT,HEVExist,Eureka Twp.,0,0,0,0,0,0,0,0,0
BRT,HEVExist,Farmington,0,0,0,0,0,0,0,0,0
BRT,HEVExist,Greenvale Twp.,0,0,0,0,0,0,0,0,0
BRT,HEVExist,Hampton,0,0,0,0,0,0,0,0,0
BRT,HEVExist,Hampton Twp.,0,0,0,0,0,0,0,0,0
BRT,HEVExist,Hastings,0,0,0,0,0,0,0,0,0
BRT,HEVExist,Inver Grove Heights,0,0,0,0,0,0,0,0,0
BRT,HEVExist,Lakeville,0,0,0,0,0,0,0,0,0
BRT,HEVExist,Lilydale,0,0,0,0,0,0,0,0,0
BRT,HEVExist,Marshan Twp.,0,0,0,0,0,0,0,0,0
BRT,HEVExist,Mendota,0,0,0,0,0,0,0,0,0
BRT,HEVExist,Mendota Heights,0,0,0,0,0,0,0,0,0
BRT,HEVExist,Miesville,0,0,0,0,0,0,0,0,0
BRT,HEVExist,New Trier,0,0,0,0,0,0,0,0,0
BRT,HEVExist,Nininger Twp.,0,0,0,0,0,0,0,0,0
BRT,HEVExist,Northfield,0,0,0,0,0,0,0,0,0
BRT,HEVExist,Randolph,0,0,0,0,0,0,0,0,0
BRT,HEVExist,Randolph Twp.,0,0,0,0,0,0,0,0,0
BRT,HEVExist,Ravenna Twp.,0,0,0,0,0,0,0,0,0
BRT,HEVExist,Rosemount,0,0,0,0,0,0,0,0,0
BRT,HEVExist,Sciota Twp.,0,0,0,0,0,0,0,0,0
BRT,HEVExist,South St. Paul,0,0,0,0,0,0,0,0,0
BRT,HEVExist,Sunfish Lake,0,0,0,0,0,0,0,0,0
BRT,HEVExist,Vermillion,0,0,0,0,0,0,0,0,0
BRT,HEVExist,Vermillion Twp.,0,0,0,0,0,0,0,0,0
BRT,HEVExist,Waterford Twp.,0,0,0,0,0,0,0,0,0
BRT,HEVExist,West St. Paul,1,1,1,1,1,1,1,1,1
BRT,HEVExist,Bloomington,1,1,1,1,1,1,1,1,1
BRT,HEVExist,Brooklyn Center,1,1,1,1,1,1,1,1,1
BRT,HEVExist,Brooklyn Park,1,1,1,1,1,1,1,1,1
BRT,HEVExist,Champlin,0,0,0,0,0,0,0,0,0
BRT,HEVExist,Chanhassen,0,0,0,0,0,0,0,0,0
BRT,HEVExist,Corcoran,0,0,0,0,0,0,0,0,0
BRT,HEVExist,Crystal,0,0,0,0,0,0,0,0,0
BRT,HEVExist,Dayton,0,0,0,0,0,0,0,0,0
BRT,HEVExist,Deephaven,0,0,0,0,0,0,0,0,0
BRT,HEVExist,Eden Prairie,0,0,0,0,0,0,0,0,0
BRT,HEVExist,Edina,1,1,1,1,1,1,1,1,1
BRT,HEVExist,Excelsior,0,0,0,0,0,0,0,0,0
BRT,HEVExist,Fort Snelling UT,0,0,0,0,0,0,0,0,0
BRT,HEVExist,Golden Valley,1,1,1,1,1,1,1,1,1
BRT,HEVExist,Greenfield,0,0,0,0,0,0,0,0,0
BRT,HEVExist,Greenwood,0,0,0,0,0,0,0,0,0
BRT,HEVExist,Hanover,0,0,0,0,0,0,0,0,0
BRT,HEVExist,Hopkins,0,0,0,0,0,0,0,0,0
BRT,HEVExist,Independence,0,0,0,0,0,0,0,0,0
BRT,HEVExist,Long Lake,0,0,0,0,0,0,0,0,0
BRT,HEVExist,Loretto,0,0,0,0,0,0,0,0,0
BRT,HEVExist,Maple Grove,0,0,0,0,0,0,0,0,0
BRT,HEVExist,Maple Plain,0,0,0,0,0,0,0,0,0
BRT,HEVExist,Medicine Lake,0,0,0,0,0,0,0,0,0
BRT,HEVExist,Medina,0,0,0,0,0,0,0,0,0
BRT,HEVExist,Minneapolis,1,1,1,1,2,5,4,1,1
BRT,HEVExist,Minnetonka,1,1,1,1,1,1,1,1,1
BRT,HEVExist,Minnetonka Beach,0,0,0,0,0,0,0,0,0
BRT,HEVExist,Minnetrista,0,0,0,0,0,0,0,0,0
BRT,HEVExist,Mound,0,0,0,0,0,0,0,0,0
BRT,HEVExist,New Hope,1,1,1,1,1,1,1,1,1
BRT,HEVExist,Orono,0,0,0,0,0,0,0,0,0
BRT,HEVExist,Osseo,0,0,0,0,0,0,0,0,0
BRT,HEVExist,Plymouth,0,0,0,0,0,0,0,0,0
BRT,HEVExist,Richfield,1,1,1,1,1,1,1,1,1
BRT,HEVExist,Robbinsdale,0,0,0,0,0,0,0,0,0
BRT,HEVExist,Rockford,0,0,0,0,0,0,0,0,0
BRT,HEVExist,Rogers,0,0,0,0,0,0,0,0,0
BRT,HEVExist,St. Anthony,0,0,0,0,0,0,0,0,0
BRT,HEVExist,St. Bonifacius,0,0,0,0,0,0,0,0,0
BRT,HEVExist,St. Louis Park,1,1,1,1,1,1,1,1,1
BRT,HEVExist,Shorewood,0,0,0,0,0,0,0,0,0
BRT,HEVExist,Spring Park,0,0,0,0,0,0,0,0,0
BRT,HEVExist,Tonka Bay,0,0,0,0,0,0,0,0,0
BRT,HEVExist,Wayzata,0,0,0,0,0,0,0,0,0
BRT,HEVExist,Woodland,0,0,0,0,0,0,0,0,0
BRT,HEVExist,Arden Hills,0,0,0,0,0,0,0,0,0
BRT,HEVExist,Blaine,0,0,0,0,0,0,0,0,0
BRT,HEVExist,Falcon Heights,1,1,1,1,1,1,1,1,1
BRT,HEVExist,Gem Lake,0,0,0,0,0,0,0,0,0
BRT,HEVExist,Lauderdale,0,0,0,0,0,0,0,0,0
BRT,HEVExist,Little Canada,0,0,0,0,0,0,0,0,0
BRT,HEVExist,Maplewood,0,0,0,0,0,0,0,0,0
BRT,HEVExist,Mounds View,0,0,0,0,0,0,0,0,0
BRT,HEVExist,New Brighton,0,0,0,0,0,0,0,0,0
BRT,HEVExist,North Oaks,0,0,0,0,0,0,0,0,0
BRT,HEVExist,North St. Paul,0,0,0,0,0,0,0,0,0
BRT,HEVExist,Roseville,1,1,1,1,1,3,2,1,1
BRT,HEVExist,St. Anthony,0,0,0,0,0,0,0,0,0
BRT,HEVExist,St. Paul,1,1.6,2,2,3,7,6,2,1
BRT,HEVExist,Shoreview,0,0,0,0,0,0,0,0,0
BRT,HEVExist,Spring Lake Park,0,0,0,0,0,0,0,0,0
BRT,HEVExist,Vadnais Heights,0,0,0,0,0,0,0,0,0
BRT,HEVExist,White Bear Twp.,0,0,0,0,0,0,0,0,0
BRT,HEVExist,White Bear Lake,0,0,0,0,0,0,0,0,0
BRT,HEVExist,Belle Plaine,0,0,0,0,0,0,0,0,0
BRT,HEVExist,Belle Plaine Twp.,0,0,0,0,0,0,0,0,0
BRT,HEVExist,Blakeley Twp.,0,0,0,0,0,0,0,0,0
BRT,HEVExist,Cedar Lake Twp.,0,0,0,0,0,0,0,0,0
BRT,HEVExist,Credit River Twp.,0,0,0,0,0,0,0,0,0
BRT,HEVExist,Elko New Market,0,0,0,0,0,0,0,0,0
BRT,HEVExist,Helena Twp.,0,0,0,0,0,0,0,0,0
BRT,HEVExist,Jackson Twp.,0,0,0,0,0,0,0,0,0
BRT,HEVExist,Jordan,0,0,0,0,0,0,0,0,0
BRT,HEVExist,Louisville Twp.,0,0,0,0,0,0,0,0,0
BRT,HEVExist,New Market Twp.,0,0,0,0,0,0,0,0,0
BRT,HEVExist,New Prague,0,0,0,0,0,0,0,0,0
BRT,HEVExist,Prior Lake,0,0,0,0,0,0,0,0,0
BRT,HEVExist,St. Lawrence Twp.,0,0,0,0,0,0,0,0,0
BRT,HEVExist,Sand Creek Twp.,0,0,0,0,0,0,0,0,0
BRT,HEVExist,Savage,0,0,0,0,0,0,0,0,0
BRT,HEVExist,Shakopee,0,0,0,0,0,0,0,0,0
BRT,HEVExist,Spring Lake Twp.,0,0,0,0,0,0,0,0,0
BRT,HEVExist,Afton,0,0,0,0,0,0,0,0,0
BRT,HEVExist,Bayport,0,0,0,0,0,0,0,0,0
BRT,HEVExist,Baytown Twp.,0,0,0,0,0,0,0,0,0
BRT,HEVExist,Birchwood Village,0,0,0,0,0,0,0,0,0
BRT,HEVExist,Cottage Grove,0,0,0,0,0,0,0,0,0
BRT,HEVExist,Dellwood,0,0,0,0,0,0,0,0,0
BRT,HEVExist,Denmark Twp.,0,0,0,0,0,0,0,0,0
BRT,HEVExist,Forest Lake,0,0,0,0,0,0,0,0,0
BRT,HEVExist,Grant,0,0,0,0,0,0,0,0,0
BRT,HEVExist,Grey Cloud Island Twp.,0,0,0,0,0,0,0,0,0
BRT,HEVExist,Hastings,0,0,0,0,0,0,0,0,0
BRT,HEVExist,Hugo,0,0,0,0,0,0,0,0,0
BRT,HEVExist,Lake Elmo,0,0,0,0,0,0,0,0,0
BRT,HEVExist,Lakeland,0,0,0,0,0,0,0,0,0
BRT,HEVExist,Lakeland Shores,0,0,0,0,0,0,0,0,0
BRT,HEVExist,Lake St. Croix Beach,0,0,0,0,0,0,0,0,0
BRT,HEVExist,Landfall,0,0,0,0,0,0,0,0,0
BRT,HEVExist,Mahtomedi,0,0,0,0,0,0,0,0,0
BRT,HEVExist,Marine on St. Croix,0,0,0,0,0,0,0,0,0
BRT,HEVExist,May Twp.,0,0,0,0,0,0,0,0,0
BRT,HEVExist,Newport,0,0,0,0,0,0,0,0,0
BRT,HEVExist,Oakdale,0,0,0,0,0,0,0,0,0
BRT,HEVExist,Oak Park Heights,0,0,0,0,0,0,0,0,0
BRT,HEVExist,Pine Springs,0,0,0,0,0,0,0,0,0
BRT,HEVExist,St. Marys Point,0,0,0,0,0,0,0,0,0
BRT,HEVExist,St. Paul Park,0,0,0,0,0,0,0,0,0
BRT,HEVExist,Scandia,0,0,0,0,0,0,0,0,0
BRT,HEVExist,Stillwater,0,0,0,0,0,0,0,0,0
BRT,HEVExist,Stillwater Twp.,0,0,0,0,0,0,0,0,0
BRT,HEVExist,West Lakeland Twp.,0,0,0,0,0,0,0,0,0
BRT,HEVExist,White Bear Lake,0,0,0,0,0,0,0,0,0
BRT,HEVExist,Willernie,0,0,0,0,0,0,0,0,0
BRT,HEVExist,Woodbury,0,0,0,0,0,0,0,0,0
BRT,BEVExist,Andover,0,0,0,0,0,0,0,0,0
BRT,BEVExist,Anoka,0,0,0,0,0,0,0,0,0
BRT,BEVExist,Bethel,0,0,0,0,0,0,0,0,0
BRT,BEVExist,Blaine,0,0,0,0,0,0,0,0,0
BRT,BEVExist,Centerville,0,0,0,0,0,0,0,0,0
BRT,BEVExist,Circle Pines,0,0,0,0,0,0,0,0,0
BRT,BEVExist,Columbia Heights,0,0,0,0,0,0,0,0,0
BRT,BEVExist,Columbus,0,0,0,0,0,0,0,0,0
BRT,BEVExist,Coon Rapids,0,0,0,1,1,1,1,1,1
BRT,BEVExist,East Bethel,0,0,0,0,0,0,0,0,0
BRT,BEVExist,Fridley,0,0,0,0,0,0,0,0,0
BRT,BEVExist,Ham Lake,0,0,0,0,0,0,0,0,0
BRT,BEVExist,Hilltop,0,0,0,0,0,0,0,0,0
BRT,BEVExist,Lexington,0,0,0,0,0,0,0,0,0
BRT,BEVExist,Lino Lakes,0,0,0,0,0,0,0,0,0
BRT,BEVExist,Linwood Twp.,0,0,0,0,0,0,0,0,0
BRT,BEVExist,Nowthen,0,0,0,0,0,0,0,0,0
BRT,BEVExist,Oak Grove,0,0,0,0,0,0,0,0,0
BRT,BEVExist,Ramsey,0,0,0,0,0,0,0,0,0
BRT,BEVExist,St. Francis,0,0,0,0,0,0,0,0,0
BRT,BEVExist,Spring Lake Park,0,0,0,0,0,0,0,0,0
BRT,BEVExist,Benton Twp.,0,0,0,0,0,0,0,0,0
BRT,BEVExist,Camden Twp.,0,0,0,0,0,0,0,0,0
BRT,BEVExist,Carver,0,0,0,0,0,0,0,0,0
BRT,BEVExist,Chanhassen,0,0,0,0,0,0,0,0,0
BRT,BEVExist,Chaska,0,0,0,0,0,0,0,0,0
BRT,BEVExist,Cologne,0,0,0,0,0,0,0,0,0
BRT,BEVExist,Dahlgren Twp.,0,0,0,0,0,0,0,0,0
BRT,BEVExist,Hamburg,0,0,0,0,0,0,0,0,0
BRT,BEVExist,Hancock Twp.,0,0,0,0,0,0,0,0,0
BRT,BEVExist,Hollywood Twp.,0,0,0,0,0,0,0,0,0
BRT,BEVExist,Laketown Twp.,0,0,0,0,0,0,0,0,0
BRT,BEVExist,Mayer,0,0,0,0,0,0,0,0,0
BRT,BEVExist,New Germany,0,0,0,0,0,0,0,0,0
BRT,BEVExist,Norwood Young America,0,0,0,0,0,0,0,0,0
BRT,BEVExist,San Francisco Twp.,0,0,0,0,0,0,0,0,0
BRT,BEVExist,Victoria,0,0,0,0,0,0,0,0,0
BRT,BEVExist,Waconia,0,0,0,0,0,0,0,0,0
BRT,BEVExist,Waconia Twp.,0,0,0,0,0,0,0,0,0
BRT,BEVExist,Watertown,0,0,0,0,0,0,0,0,0
BRT,BEVExist,Watertown Twp.,0,0,0,0,0,0,0,0,0
BRT,BEVExist,Young America Twp.,0,0,0,0,0,0,0,0,0
BRT,BEVExist,Apple Valley,0,0,0,0,0,0,0,0,0
BRT,BEVExist,Burnsville,0,0,0,0,0,0,0,0,0
BRT,BEVExist,Castle Rock Twp.,0,0,0,0,0,0,0,0,0
BRT,BEVExist,Coates,0,0,0,0,0,0,0,0,0
BRT,BEVExist,Douglas Twp.,0,0,0,0,0,0,0,0,0
BRT,BEVExist,Eagan,0,0,0,1,1,1,1,1,2
BRT,BEVExist,Empire Twp.,0,0,0,0,0,0,0,0,0
BRT,BEVExist,Eureka Twp.,0,0,0,0,0,0,0,0,0
BRT,BEVExist,Farmington,0,0,0,0,0,0,0,0,0
BRT,BEVExist,Greenvale Twp.,0,0,0,0,0,0,0,0,0
BRT,BEVExist,Hampton,0,0,0,0,0,0,0,0,0
BRT,BEVExist,Hampton Twp.,0,0,0,0,0,0,0,0,0
BRT,BEVExist,Hastings,0,0,0,0,0,0,0,0,0
BRT,BEVExist,Inver Grove Heights,0,0,0,0,0,0,0,0,0
BRT,BEVExist,Lakeville,0,0,0,0,0,0,0,0,0
BRT,BEVExist,Lilydale,0,0,0,0,0,0,0,0,0
BRT,BEVExist,Marshan Twp.,0,0,0,0,0,0,0,0,0
BRT,BEVExist,Mendota,0,0,0,0,0,0,0,0,0
BRT,BEVExist,Mendota Heights,0,0,0,0,0,0,0,0,0
BRT,BEVExist,Miesville,0,0,0,0,0,0,0,0,0
BRT,BEVExist,New Trier,0,0,0,0,0,0,0,0,0
BRT,BEVExist,Nininger Twp.,0,0,0,0,0,0,0,0,0
BRT,BEVExist,Northfield,0,0,0,0,0,0,0,0,0
BRT,BEVExist,Randolph,0,0,0,0,0,0,0,0,0
BRT,BEVExist,Randolph Twp.,0,0,0,0,0,0,0,0,0
BRT,BEVExist,Ravenna Twp.,0,0,0,0,0,0,0,0,0
BRT,BEVExist,Rosemount,0,0,0,0,0,0,0,0,0
BRT,BEVExist,Sciota Twp.,0,0,0,0,0,0,0,0,0
BRT,BEVExist,South St. Paul,0,0,0,0,0,0,0,0,0
BRT,BEVExist,Sunfish Lake,0,0,0,0,0,0,0,0,0
BRT,BEVExist,Vermillion,0,0,0,0,0,0,0,0,0
BRT,BEVExist,Vermillion Twp.,0,0,0,0,0,0,0,0,0
BRT,BEVExist,Waterford Twp.,0,0,0,0,0,0,0,0,0
BRT,BEVExist,West St. Paul,0,0,0,1,1,1,1,1,1
BRT,BEVExist,Bloomington,0,0,0,1,1,1,1,1,2
BRT,BEVExist,Brooklyn Center,0,0,0,1,1,1,1,1,2
BRT,BEVExist,Brooklyn Park,0,0,0,1,1,1,1,1,2
BRT,BEVExist,Champlin,0,0,0,0,0,0,0,0,0
BRT,BEVExist,Chanhassen,0,0,0,0,0,0,0,0,0
BRT,BEVExist,Corcoran,0,0,0,0,0,0,0,0,0
BRT,BEVExist,Crystal,0,0,0,0,0,0,0,0,0
BRT,BEVExist,Dayton,0,0,0,0,0,0,0,0,0
BRT,BEVExist,Deephaven,0,0,0,0,0,0,0,0,0
BRT,BEVExist,Eden Prairie,0,0,0,0,0,0,0,0,0
BRT,BEVExist,Edina,0,0,0,1,1,1,1,1,1
BRT,BEVExist,Excelsior,0,0,0,0,0,0,0,0,0
BRT,BEVExist,Fort Snelling UT,0,0,0,0,0,0,0,0,0
BRT,BEVExist,Golden Valley,0,0,0,1,1,1,1,1,1
BRT,BEVExist,Greenfield,0,0,0,0,0,0,0,0,0
BRT,BEVExist,Greenwood,0,0,0,0,0,0,0,0,0
BRT,BEVExist,Hanover,0,0,0,0,0,0,0,0,0
BRT,BEVExist,Hopkins,0,0,0,0,0,0,0,0,0
BRT,BEVExist,Independence,0,0,0,0,0,0,0,0,0
BRT,BEVExist,Long Lake,0,0,0,0,0,0,0,0,0
BRT,BEVExist,Loretto,0,0,0,0,0,0,0,0,0
BRT,BEVExist,Maple Grove,0,0,0,0,0,0,0,0,0
BRT,BEVExist,Maple Plain,0,0,0,0,0,0,0,0,0
BRT,BEVExist,Medicine Lake,0,0,0,0,0,0,0,0,0
BRT,BEVExist,Medina,0,0,0,0,0,0,0,0,0
BRT,BEVExist,Minneapolis,0,0,0,1,2,3,3,4,8
BRT,BEVExist,Minnetonka,0,0,0,1,1,1,1,1,1
BRT,BEVExist,Minnetonka Beach,0,0,0,0,0,0,0,0,0
BRT,BEVExist,Minnetrista,0,0,0,0,0,0,0,0,0
BRT,BEVExist,Mound,0,0,0,0,0,0,0,0,0
BRT,BEVExist,New Hope,0,0,0,1,1,1,1,1,2
BRT,BEVExist,Orono,0,0,0,0,0,0,0,0,0
BRT,BEVExist,Osseo,0,0,0,0,0,0,0,0,0
BRT,BEVExist,Plymouth,0,0,0,0,0,0,0,0,0
BRT,BEVExist,Richfield,0,0,0,1,1,1,1,1,1
BRT,BEVExist,Robbinsdale,0,0,0,0,0,0,0,0,0
BRT,BEVExist,Rockford,0,0,0,0,0,0,0,0,0
BRT,BEVExist,Rogers,0,0,0,0,0,0,0,0,0
BRT,BEVExist,St. Anthony,0,0,0,0,0,0,0,0,0
BRT,BEVExist,St. Bonifacius,0,0,0,0,0,0,0,0,0
BRT,BEVExist,St. Louis Park,0,0,0,1,1,1,1,1,1
BRT,BEVExist,Shorewood,0,0,0,0,0,0,0,0,0
BRT,BEVExist,Spring Park,0,0,0,0,0,0,0,0,0
BRT,BEVExist,Tonka Bay,0,0,0,0,0,0,0,0,0
BRT,BEVExist,Wayzata,0,0,0,0,0,0,0,0,0
BRT,BEVExist,Woodland,0,0,0,0,0,0,0,0,0
BRT,BEVExist,Arden Hills,0,0,0,0,0,0,0,0,0
BRT,BEVExist,Blaine,0,0,0,0,0,0,0,0,0
BRT,BEVExist,Falcon Heights,0,0,0,1,1,1,1,1,1
BRT,BEVExist,Gem Lake,0,0,0,0,0,0,0,0,0
BRT,BEVExist,Lauderdale,0,0,0,0,0,0,0,0,0
BRT,BEVExist,Little Canada,0,0,0,0,0,0,0,0,0
BRT,BEVExist,Maplewood,0,0,0,0,0,0,0,0,0
BRT,BEVExist,Mounds View,0,0,0,0,0,0,0,0,0
BRT,BEVExist,New Brighton,0,0,0,0,0,0,0,0,0
BRT,BEVExist,North Oaks,0,0,0,0,0,0,0,0,0
BRT,BEVExist,North St. Paul,0,0,0,0,0,0,0,0,0
BRT,BEVExist,Roseville,0,0,0,1,1,1,2,2,4
BRT,BEVExist,St. Anthony,0,0,0,0,0,0,0,0,0
BRT,BEVExist,St. Paul,0,0,0,1,2,3,3,6,11
BRT,BEVExist,Shoreview,0,0,0,0,0,0,0,0,0
BRT,BEVExist,Spring Lake Park,0,0,0,0,0,0,0,0,0
BRT,BEVExist,Vadnais Heights,0,0,0,0,0,0,0,0,0
BRT,BEVExist,White Bear Twp.,0,0,0,0,0,0,0,0,0
BRT,BEVExist,White Bear Lake,0,0,0,0,0,0,0,0,0
BRT,BEVExist,Belle Plaine,0,0,0,0,0,0,0,0,0
BRT,BEVExist,Belle Plaine Twp.,0,0,0,0,0,0,0,0,0
BRT,BEVExist,Blakeley Twp.,0,0,0,0,0,0,0,0,0
BRT,BEVExist,Cedar Lake Twp.,0,0,0,0,0,0,0,0,0
BRT,BEVExist,Credit River Twp.,0,0,0,0,0,0,0,0,0
BRT,BEVExist,Elko New Market,0,0,0,0,0,0,0,0,0
BRT,BEVExist,Helena Twp.,0,0,0,0,0,0,0,0,0
BRT,BEVExist,Jackson Twp.,0,0,0,0,0,0,0,0,0
BRT,BEVExist,Jordan,0,0,0,0,0,0,0,0,0
BRT,BEVExist,Louisville Twp.,0,0,0,0,0,0,0,0,0
BRT,BEVExist,New Market Twp.,0,0,0,0,0,0,0,0,0
BRT,BEVExist,New Prague,0,0,0,0,0,0,0,0,0
BRT,BEVExist,Prior Lake,0,0,0,0,0,0,0,0,0
BRT,BEVExist,St. Lawrence Twp.,0,0,0,0,0,0,0,0,0
BRT,BEVExist,Sand Creek Twp.,0,0,0,0,0,0,0,0,0
BRT,BEVExist,Savage,0,0,0,0,0,0,0,0,0
BRT,BEVExist,Shakopee,0,0,0,0,0,0,0,0,0
BRT,BEVExist,Spring Lake Twp.,0,0,0,0,0,0,0,0,0
BRT,BEVExist,Afton,0,0,0,0,0,0,0,0,0
BRT,BEVExist,Bayport,0,0,0,0,0,0,0,0,0
BRT,BEVExist,Baytown Twp.,0,0,0,0,0,0,0,0,0
BRT,BEVExist,Birchwood Village,0,0,0,0,0,0,0,0,0
BRT,BEVExist,Cottage Grove,0,0,0,0,0,0,0,0,0
BRT,BEVExist,Dellwood,0,0,0,0,0,0,0,0,0
BRT,BEVExist,Denmark Twp.,0,0,0,0,0,0,0,0,0
BRT,BEVExist,Forest Lake,0,0,0,0,0,0,0,0,0
BRT,BEVExist,Grant,0,0,0,0,0,0,0,0,0
BRT,BEVExist,Grey Cloud Island Twp.,0,0,0,0,0,0,0,0,0
BRT,BEVExist,Hastings,0,0,0,0,0,0,0,0,0
BRT,BEVExist,Hugo,0,0,0,0,0,0,0,0,0
BRT,BEVExist,Lake Elmo,0,0,0,0,0,0,0,0,0
BRT,BEVExist,Lakeland,0,0,0,0,0,0,0,0,0
BRT,BEVExist,Lakeland Shores,0,0,0,0,0,0,0,0,0
BRT,BEVExist,Lake St. Croix Beach,0,0,0,0,0,0,0,0,0
BRT,BEVExist,Landfall,0,0,0,0,0,0,0,0,0
BRT,BEVExist,Mahtomedi,0,0,0,0,0,0,0,0,0
BRT,BEVExist,Marine on St. Croix,0,0,0,0,0,0,0,0,0
BRT,BEVExist,May Twp.,0,0,0,0,0,0,0,0,0
BRT,BEVExist,Newport,0,0,0,0,0,0,0,0,0
BRT,BEVExist,Oakdale,0,0,0,0,0,0,0,0,0
BRT,BEVExist,Oak Park Heights,0,0,0,0,0,0,0,0,0
BRT,BEVExist,Pine Springs,0,0,0,0,0,0,0,0,0
BRT,BEVExist,St. Marys Point,0,0,0,0,0,0,0,0,0
BRT,BEVExist,St. Paul Park,0,0,0,0,0,0,0,0,0
BRT,BEVExist,Scandia,0,0,0,0,0,0,0,0,0
BRT,BEVExist,Stillwater,0,0,0,0,0,0,0,0,0
BRT,BEVExist,Stillwater Twp.,0,0,0,0,0,0,0,0,0
BRT,BEVExist,West Lakeland Twp.,0,0,0,0,0,0,0,0,0
BRT,BEVExist,White Bear Lake,0,0,0,0,0,0,0,0,0
BRT,BEVExist,Willernie,0,0,0,0,0,0,0,0,0
BRT,BEVExist,Woodbury,0,0,0,0,0,0,0,0,0
BRT,TotSales,Andover,0,0,0,0,0,0,0,0,0
BRT,TotSales,Anoka,0,0,0,0,0,0,0,0,0
BRT,TotSales,Bethel,0,0,0,0,0,0,0,0,0
BRT,TotSales,Blaine,0,0,0,0,0,0,0,0,0
BRT,TotSales,Centerville,0,0,0,0,0,0,0,0,0
BRT,TotSales,Circle Pines,0,0,0,0,0,0,0,0,0
BRT,TotSales,Columbia Heights,0,0,0,0,0,0,0,0,0
BRT,TotSales,Columbus,0,0,0,0,0,0,0,0,0
BRT,TotSales,Coon Rapids,2,2,2,3,2,2,2,1,1
BRT,TotSales,East Bethel,0,0,0,0,0,0,0,0,0
BRT,TotSales,Fridley,0,0,0,0,0,0,0,0,0
BRT,TotSales,Ham Lake,0,0,0,0,0,0,0,0,0
BRT,TotSales,Hilltop,0,0,0,0,0,0,0,0,0
BRT,TotSales,Lexington,0,0,0,0,0,0,0,0,0
BRT,TotSales,Lino Lakes,0,0,0,0,0,0,0,0,0
BRT,TotSales,Linwood Twp.,0,0,0,0,0,0,0,0,0
BRT,TotSales,Nowthen,0,0,0,0,0,0,0,0,0
BRT,TotSales,Oak Grove,0,0,0,0,0,0,0,0,0
BRT,TotSales,Ramsey,0,0,0,0,0,0,0,0,0
BRT,TotSales,St. Francis,0,0,0,0,0,0,0,0,0
BRT,TotSales,Spring Lake Park,0,0,0,0,0,0,0,0,0
BRT,TotSales,Benton Twp.,0,0,0,0,0,0,0,0,0
BRT,TotSales,Camden Twp.,0,0,0,0,0,0,0,0,0
BRT,TotSales,Carver,0,0,0,0,0,0,0,0,0
BRT,TotSales,Chanhassen,0,0,0,0,0,0,0,0,0
BRT,TotSales,Chaska,0,0,0,0,0,0,0,0,0
BRT,TotSales,Cologne,0,0,0,0,0,0,0,0,0
BRT,TotSales,Dahlgren Twp.,0,0,0,0,0,0,0,0,0
BRT,TotSales,Hamburg,0,0,0,0,0,0,0,0,0
BRT,TotSales,Hancock Twp.,0,0,0,0,0,0,0,0,0
BRT,TotSales,Hollywood Twp.,0,0,0,0,0,0,0,0,0
BRT,TotSales,Laketown Twp.,0,0,0,0,0,0,0,0,0
BRT,TotSales,Mayer,0,0,0,0,0,0,0,0,0
BRT,TotSales,New Germany,0,0,0,0,0,0,0,0,0
BRT,TotSales,Norwood Young America,0,0,0,0,0,0,0,0,0
BRT,TotSales,San Francisco Twp.,0,0,0,0,0,0,0,0,0
BRT,TotSales,Victoria,0,0,0,0,0,0,0,0,0
BRT,TotSales,Waconia,0,0,0,0,0,0,0,0,0
BRT,TotSales,Waconia Twp.,0,0,0,0,0,0,0,0,0
BRT,TotSales,Watertown,0,0,0,0,0,0,0,0,0
BRT,TotSales,Watertown Twp.,0,0,0,0,0,0,0,0,0
BRT,TotSales,Young America Twp.,0,0,0,0,0,0,0,0,0
BRT,TotSales,Apple Valley,0,0,0,0,0,0,0,0,0
BRT,TotSales,Burnsville,0,0,0,0,0,0,0,0,0
BRT,TotSales,Castle Rock Twp.,0,0,0,0,0,0,0,0,0
BRT,TotSales,Coates,0,0,0,0,0,0,0,0,0
BRT,TotSales,Douglas Twp.,0,0,0,0,0,0,0,0,0
BRT,TotSales,Eagan,2,2,2,3,2,2,2,1,1
BRT,TotSales,Empire Twp.,0,0,0,0,0,0,0,0,0
BRT,TotSales,Eureka Twp.,0,0,0,0,0,0,0,0,0
BRT,TotSales,Farmington,0,0,0,0,0,0,0,0,0
BRT,TotSales,Greenvale Twp.,0,0,0,0,0,0,0,0,0
BRT,TotSales,Hampton,0,0,0,0,0,0,0,0,0
BRT,TotSales,Hampton Twp.,0,0,0,0,0,0,0,0,0
BRT,TotSales,Hastings,0,0,0,0,0,0,0,0,0
BRT,TotSales,Inver Grove Heights,0,0,0,0,0,0,0,0,0
BRT,TotSales,Lakeville,0,0,0,0,0,0,0,0,0
BRT,TotSales,Lilydale,0,0,0,0,0,0,0,0,0
BRT,TotSales,Marshan Twp.,0,0,0,0,0,0,0,0,0
BRT,TotSales,Mendota,0,0,0,0,0,0,0,0,0
BRT,TotSales,Mendota Heights,0,0,0,0,0,0,0,0,0
BRT,TotSales,Miesville,0,0,0,0,0,0,0,0,0
BRT,TotSales,New Trier,0,0,0,0,0,0,0,0,0
BRT,TotSales,Nininger Twp.,0,0,0,0,0,0,0,0,0
BRT,TotSales,Northfield,0,0,0,0,0,0,0,0,0
BRT,TotSales,Randolph,0,0,0,0,0,0,0,0,0
BRT,TotSales,Randolph Twp.,0,0,0,0,0,0,0,0,0
BRT,TotSales,Ravenna Twp.,0,0,0,0,0,0,0,0,0
BRT,TotSales,Rosemount,0,0,0,0,0,0,0,0,0
BRT,TotSales,Sciota Twp.,0,0,0,0,0,0,0,0,0
BRT,TotSales,South St. Paul,0,0,0,0,0,0,0,0,0
BRT,TotSales,Sunfish Lake,0,0,0,0,0,0,0,0,0
BRT,TotSales,Vermillion,0,0,0,0,0,0,0,0,0
BRT,TotSales,Vermillion Twp.,0,0,0,0,0,0,0,0,0
BRT,TotSales,Waterford Twp.,0,0,0,0,0,0,0,0,0
BRT,TotSales,West St. Paul,2,2,2,3,2,2,2,1,1
BRT,TotSales,Bloomington,2,2,2,3,2,2,2,1,1
BRT,TotSales,Brooklyn Center,2,2,2,3,2,2,2,1,1
BRT,TotSales,Brooklyn Park,2,2,2,3,2,2,2,1,1
BRT,TotSales,Champlin,0,0,0,0,0,0,0,0,0
BRT,TotSales,Chanhassen,0,0,0,0,0,0,0,0,0
BRT,TotSales,Corcoran,0,0,0,0,0,0,0,0,0
BRT,TotSales,Crystal,0,0,0,0,0,0,0,0,0
BRT,TotSales,Dayton,0,0,0,0,0,0,0,0,0
BRT,TotSales,Deephaven,0,0,0,0,0,0,0,0,0
BRT,TotSales,Eden Prairie,0,0,0,0,0,0,0,0,0
BRT,TotSales,Edina,2,2,2,3,2,2,2,1,1
BRT,TotSales,Excelsior,0,0,0,0,0,0,0,0,0
BRT,TotSales,Fort Snelling UT,0,0,0,0,0,0,0,0,0
BRT,TotSales,Golden Valley,2,2,2,3,2,2,2,1,1
BRT,TotSales,Greenfield,0,0,0,0,0,0,0,0,0
BRT,TotSales,Greenwood,0,0,0,0,0,0,0,0,0
BRT,TotSales,Hanover,0,0,0,0,0,0,0,0,0
BRT,TotSales,Hopkins,0,0,0,0,0,0,0,0,0
BRT,TotSales,Independence,0,0,0,0,0,0,0,0,0
BRT,TotSales,Long Lake,0,0,0,0,0,0,0,0,0
BRT,TotSales,Loretto,0,0,0,0,0,0,0,0,0
BRT,TotSales,Maple Grove,0,0,0,0,0,0,0,0,0
BRT,TotSales,Maple Plain,0,0,0,0,0,0,0,0,0
BRT,TotSales,Medicine Lake,0,0,0,0,0,0,0,0,0
BRT,TotSales,Medina,0,0,0,0,0,0,0,0,0
BRT,TotSales,Minneapolis,5,3.8,3,5,6,3,4,6,3
BRT,TotSales,Minnetonka,2,2,2,3,2,2,2,1,1
BRT,TotSales,Minnetonka Beach,0,0,0,0,0,0,0,0,0
BRT,TotSales,Minnetrista,0,0,0,0,0,0,0,0,0
BRT,TotSales,Mound,0,0,0,0,0,0,0,0,0
BRT,TotSales,New Hope,2,2,2,3,2,2,2,1,1
BRT,TotSales,Orono,0,0,0,0,0,0,0,0,0
BRT,TotSales,Osseo,0,0,0,0,0,0,0,0,0
BRT,TotSales,Plymouth,0,0,0,0,0,0,0,0,0
BRT,TotSales,Richfield,2,2,2,3,2,2,2,1,1
BRT,TotSales,Robbinsdale,0,0,0,0,0,0,0,0,0
BRT,TotSales,Rockford,0,0,0,0,0,0,0,0,0
BRT,TotSales,Rogers,0,0,0,0,0,0,0,0,0
BRT,TotSales,St. Anthony,0,0,0,0,0,0,0,0,0
BRT,TotSales,St. Bonifacius,0,0,0,0,0,0,0,0,0
BRT,TotSales,St. Louis Park,2,2,2,3,2,2,2,1,1
BRT,TotSales,Shorewood,0,0,0,0,0,0,0,0,0
BRT,TotSales,Spring Park,0,0,0,0,0,0,0,0,0
BRT,TotSales,Tonka Bay,0,0,0,0,0,0,0,0,0
BRT,TotSales,Wayzata,0,0,0,0,0,0,0,0,0
BRT,TotSales,Woodland,0,0,0,0,0,0,0,0,0
BRT,TotSales,Arden Hills,0,0,0,0,0,0,0,0,0
BRT,TotSales,Blaine,0,0,0,0,0,0,0,0,0
BRT,TotSales,Falcon Heights,2,2,2,3,2,2,2,1,1
BRT,TotSales,Gem Lake,0,0,0,0,0,0,0,0,0
BRT,TotSales,Lauderdale,0,0,0,0,0,0,0,0,0
BRT,TotSales,Little Canada,0,0,0,0,0,0,0,0,0
BRT,TotSales,Maplewood,0,0,0,0,0,0,0,0,0
BRT,TotSales,Mounds View,0,0,0,0,0,0,0,0,0
BRT,TotSales,New Brighton,0,0,0,0,0,0,0,0,0
BRT,TotSales,North Oaks,0,0,0,0,0,0,0,0,0
BRT,TotSales,North St. Paul,0,0,0,0,0,0,0,0,0
BRT,TotSales,Roseville,3,2.4,2,3,3,2,3,3,2
BRT,TotSales,St. Anthony,0,0,0,0,0,0,0,0,0
BRT,TotSales,St. Paul,5,3.8,3,6,6,3,5,7,4
BRT,TotSales,Shoreview,0,0,0,0,0,0,0,0,0
BRT,TotSales,Spring Lake Park,0,0,0,0,0,0,0,0,0
BRT,TotSales,Vadnais Heights,0,0,0,0,0,0,0,0,0
BRT,TotSales,White Bear Twp.,0,0,0,0,0,0,0,0,0
BRT,TotSales,White Bear Lake,0,0,0,0,0,0,0,0,0
BRT,TotSales,Belle Plaine,0,0,0,0,0,0,0,0,0
BRT,TotSales,Belle Plaine Twp.,0,0,0,0,0,0,0,0,0
BRT,TotSales,Blakeley Twp.,0,0,0,0,0,0,0,0,0
BRT,TotSales,Cedar Lake Twp.,0,0,0,0,0,0,0,0,0
BRT,TotSales,Credit River Twp.,0,0,0,0,0,0,0,0,0
BRT,TotSales,Elko New Market,0,0,0,0,0,0,0,0,0
BRT,TotSales,Helena Twp.,0,0,0,0,0,0,0,0,0
BRT,TotSales,Jackson Twp.,0,0,0,0,0,0,0,0,0
BRT,TotSales,Jordan,0,0,0,0,0,0,0,0,0
BRT,TotSales,Louisville Twp.,0,0,0,0,0,0,0,0,0
BRT,TotSales,New Market Twp.,0,0,0,0,0,0,0,0,0
BRT,TotSales,New Prague,0,0,0,0,0,0,0,0,0
BRT,TotSales,Prior Lake,0,0,0,0,0,0,0,0,0
BRT,TotSales,St. Lawrence Twp.,0,0,0,0,0,0,0,0,0
BRT,TotSales,Sand Creek Twp.,0,0,0,0,0,0,0,0,0
BRT,TotSales,Savage,0,0,0,0,0,0,0,0,0
BRT,TotSales,Shakopee,0,0,0,0,0,0,0,0,0
BRT,TotSales,Spring Lake Twp.,0,0,0,0,0,0,0,0,0
BRT,TotSales,Afton,0,0,0,0,0,0,0,0,0
BRT,TotSales,Bayport,0,0,0,0,0,0,0,0,0
BRT,TotSales,Baytown Twp.,0,0,0,0,0,0,0,0,0
BRT,TotSales,Birchwood Village,0,0,0,0,0,0,0,0,0
BRT,TotSales,Cottage Grove,0,0,0,0,0,0,0,0,0
BRT,TotSales,Dellwood,0,0,0,0,0,0,0,0,0
BRT,TotSales,Denmark Twp.,0,0,0,0,0,0,0,0,0
BRT,TotSales,Forest Lake,0,0,0,0,0,0,0,0,0
BRT,TotSales,Grant,0,0,0,0,0,0,0,0,0
BRT,TotSales,Grey Cloud Island Twp.,0,0,0,0,0,0,0,0,0
BRT,TotSales,Hastings,0,0,0,0,0,0,0,0,0
BRT,TotSales,Hugo,0,0,0,0,0,0,0,0,0
BRT,TotSales,Lake Elmo,0,0,0,0,0,0,0,0,0
BRT,TotSales,Lakeland,0,0,0,0,0,0,0,0,0
BRT,TotSales,Lakeland Shores,0,0,0,0,0,0,0,0,0
BRT,TotSales,Lake St. Croix Beach,0,0,0,0,0,0,0,0,0
BRT,TotSales,Landfall,0,0,0,0,0,0,0,0,0
BRT,TotSales,Mahtomedi,0,0,0,0,0,0,0,0,0
BRT,TotSales,Marine on St. Croix,0,0,0,0,0,0,0,0,0
BRT,TotSales,May Twp.,0,0,0,0,0,0,0,0,0
BRT,TotSales,Newport,0,0,0,0,0,0,0,0,0
BRT,TotSales,Oakdale,0,0,0,0,0,0,0,0,0
BRT,TotSales,Oak Park Heights,0,0,0,0,0,0,0,0,0
BRT,TotSales,Pine Springs,0,0,0,0,0,0,0,0,0
BRT,TotSales,St. Marys Point,0,0,0,0,0,0,0,0,0
BRT,TotSales,St. Paul Park,0,0,0,0,0,0,0,0,0
BRT,TotSales,Scandia,0,0,0,0,0,0,0,0,0
BRT,TotSales,Stillwater,0,0,0,0,0,0,0,0,0
BRT,TotSales,Stillwater Twp.,0,0,0,0,0,0,0,0,0
BRT,TotSales,West Lakeland Twp.,0,0,0,0,0,0,0,0,0
BRT,TotSales,White Bear Lake,0,0,0,0,0,0,0,0,0
BRT,TotSales,Willernie,0,0,0,0,0,0,0,0,0
BRT,TotSales,Woodbury,0,0,0,0,0,0,0,0,0
BRT,BCISales,Andover,0,0,0,0,0,0,0,0,0
BRT,BCISales,Anoka,0,0,0,0,0,0,0,0,0
BRT,BCISales,Bethel,0,0,0,0,0,0,0,0,0
BRT,BCISales,Blaine,0,0,0,0,0,0,0,0,0
BRT,BCISales,Centerville,0,0,0,0,0,0,0,0,0
BRT,BCISales,Circle Pines,0,0,0,0,0,0,0,0,0
BRT,BCISales,Columbia Heights,0,0,0,0,0,0,0,0,0
BRT,BCISales,Columbus,0,0,0,0,0,0,0,0,0
BRT,BCISales,Coon Rapids,1,1,1,1,0,0,0,0,0
BRT,BCISales,East Bethel,0,0,0,0,0,0,0,0,0
BRT,BCISales,Fridley,0,0,0,0,0,0,0,0,0
BRT,BCISales,Ham Lake,0,0,0,0,0,0,0,0,0
BRT,BCISales,Hilltop,0,0,0,0,0,0,0,0,0
BRT,BCISales,Lexington,0,0,0,0,0,0,0,0,0
BRT,BCISales,Lino Lakes,0,0,0,0,0,0,0,0,0
BRT,BCISales,Linwood Twp.,0,0,0,0,0,0,0,0,0
BRT,BCISales,Nowthen,0,0,0,0,0,0,0,0,0
BRT,BCISales,Oak Grove,0,0,0,0,0,0,0,0,0
BRT,BCISales,Ramsey,0,0,0,0,0,0,0,0,0
BRT,BCISales,St. Francis,0,0,0,0,0,0,0,0,0
BRT,BCISales,Spring Lake Park,0,0,0,0,0,0,0,0,0
BRT,BCISales,Benton Twp.,0,0,0,0,0,0,0,0,0
BRT,BCISales,Camden Twp.,0,0,0,0,0,0,0,0,0
BRT,BCISales,Carver,0,0,0,0,0,0,0,0,0
BRT,BCISales,Chanhassen,0,0,0,0,0,0,0,0,0
BRT,BCISales,Chaska,0,0,0,0,0,0,0,0,0
BRT,BCISales,Cologne,0,0,0,0,0,0,0,0,0
BRT,BCISales,Dahlgren Twp.,0,0,0,0,0,0,0,0,0
BRT,BCISales,Hamburg,0,0,0,0,0,0,0,0,0
BRT,BCISales,Hancock Twp.,0,0,0,0,0,0,0,0,0
BRT,BCISales,Hollywood Twp.,0,0,0,0,0,0,0,0,0
BRT,BCISales,Laketown Twp.,0,0,0,0,0,0,0,0,0
BRT,BCISales,Mayer,0,0,0,0,0,0,0,0,0
BRT,BCISales,New Germany,0,0,0,0,0,0,0,0,0
BRT,BCISales,Norwood Young America,0,0,0,0,0,0,0,0,0
BRT,BCISales,San Francisco Twp.,0,0,0,0,0,0,0,0,0
BRT,BCISales,Victoria,0,0,0,0,0,0,0,0,0
BRT,BCISales,Waconia,0,0,0,0,0,0,0,0,0
BRT,BCISales,Waconia Twp.,0,0,0,0,0,0,0,0,0
BRT,BCISales,Watertown,0,0,0,0,0,0,0,0,0
BRT,BCISales,Watertown Twp.,0,0,0,0,0,0,0,0,0
BRT,BCISales,Young America Twp.,0,0,0,0,0,0,0,0,0
BRT,BCISales,Apple Valley,0,0,0,0,0,0,0,0,0
BRT,BCISales,Burnsville,0,0,0,0,0,0,0,0,0
BRT,BCISales,Castle Rock Twp.,0,0,0,0,0,0,0,0,0
BRT,BCISales,Coates,0,0,0,0,0,0,0,0,0
BRT,BCISales,Douglas Twp.,0,0,0,0,0,0,0,0,0
BRT,BCISales,Eagan,1,1,1,1,0,0,0,0,0
BRT,BCISales,Empire Twp.,0,0,0,0,0,0,0,0,0
BRT,BCISales,Eureka Twp.,0,0,0,0,0,0,0,0,0
BRT,BCISales,Farmington,0,0,0,0,0,0,0,0,0
BRT,BCISales,Greenvale Twp.,0,0,0,0,0,0,0,0,0
BRT,BCISales,Hampton,0,0,0,0,0,0,0,0,0
BRT,BCISales,Hampton Twp.,0,0,0,0,0,0,0,0,0
BRT,BCISales,Hastings,0,0,0,0,0,0,0,0,0
BRT,BCISales,Inver Grove Heights,0,0,0,0,0,0,0,0,0
BRT,BCISales,Lakeville,0,0,0,0,0,0,0,0,0
BRT,BCISales,Lilydale,0,0,0,0,0,0,0,0,0
BRT,BCISales,Marshan Twp.,0,0,0,0,0,0,0,0,0
BRT,BCISales,Mendota,0,0,0,0,0,0,0,0,0
BRT,BCISales,Mendota Heights,0,0,0,0,0,0,0,0,0
BRT,BCISales,Miesville,0,0,0,0,0,0,0,0,0
BRT,BCISales,New Trier,0,0,0,0,0,0,0,0,0
BRT,BCISales,Nininger Twp.,0,0,0,0,0,0,0,0,0
BRT,BCISales,Northfield,0,0,0,0,0,0,0,0,0
BRT,BCISales,Randolph,0,0,0,0,0,0,0,0,0
BRT,BCISales,Randolph Twp.,0,0,0,0,0,0,0,0,0
BRT,BCISales,Ravenna Twp.,0,0,0,0,0,0,0,0,0
BRT,BCISales,Rosemount,0,0,0,0,0,0,0,0,0
BRT,BCISales,Sciota Twp.,0,0,0,0,0,0,0,0,0
BRT,BCISales,South St. Paul,0,0,0,0,0,0,0,0,0
BRT,BCISales,Sunfish Lake,0,0,0,0,0,0,0,0,0
BRT,BCISales,Vermillion,0,0,0,0,0,0,0,0,0
BRT,BCISales,Vermillion Twp.,0,0,0,0,0,0,0,0,0
BRT,BCISales,Waterford Twp.,0,0,0,0,0,0,0,0,0
BRT,BCISales,West St. Paul,1,1,1,1,0,0,0,0,0
BRT,BCISales,Bloomington,1,1,1,1,0,0,0,0,0
BRT,BCISales,Brooklyn Center,1,1,1,1,0,0,0,0,0
BRT,BCISales,Brooklyn Park,1,1,1,1,0,0,0,0,0
BRT,BCISales,Champlin,0,0,0,0,0,0,0,0,0
BRT,BCISales,Chanhassen,0,0,0,0,0,0,0,0,0
BRT,BCISales,Corcoran,0,0,0,0,0,0,0,0,0
BRT,BCISales,Crystal,0,0,0,0,0,0,0,0,0
BRT,BCISales,Dayton,0,0,0,0,0,0,0,0,0
BRT,BCISales,Deephaven,0,0,0,0,0,0,0,0,0
BRT,BCISales,Eden Prairie,0,0,0,0,0,0,0,0,0
BRT,BCISales,Edina,1,1,1,1,0,0,0,0,0
BRT,BCISales,Excelsior,0,0,0,0,0,0,0,0,0
BRT,BCISales,Fort Snelling UT,0,0,0,0,0,0,0,0,0
BRT,BCISales,Golden Valley,1,1,1,1,0,0,0,0,0
BRT,BCISales,Greenfield,0,0,0,0,0,0,0,0,0
BRT,BCISales,Greenwood,0,0,0,0,0,0,0,0,0
BRT,BCISales,Hanover,0,0,0,0,0,0,0,0,0
BRT,BCISales,Hopkins,0,0,0,0,0,0,0,0,0
BRT,BCISales,Independence,0,0,0,0,0,0,0,0,0
BRT,BCISales,Long Lake,0,0,0,0,0,0,0,0,0
BRT,BCISales,Loretto,0,0,0,0,0,0,0,0,0
BRT,BCISales,Maple Grove,0,0,0,0,0,0,0,0,0
BRT,BCISales,Maple Plain,0,0,0,0,0,0,0,0,0
BRT,BCISales,Medicine Lake,0,0,0,0,0,0,0,0,0
BRT,BCISales,Medina,0,0,0,0,0,0,0,0,0
BRT,BCISales,Minneapolis,4,2.8,2,2,0,0,0,0,0
BRT,BCISales,Minnetonka,1,1,1,1,0,0,0,0,0
BRT,BCISales,Minnetonka Beach,0,0,0,0,0,0,0,0,0
BRT,BCISales,Minnetrista,0,0,0,0,0,0,0,0,0
BRT,BCISales,Mound,0,0,0,0,0,0,0,0,0
BRT,BCISales,New Hope,1,1,1,1,0,0,0,0,0
BRT,BCISales,Orono,0,0,0,0,0,0,0,0,0
BRT,BCISales,Osseo,0,0,0,0,0,0,0,0,0
BRT,BCISales,Plymouth,0,0,0,0,0,0,0,0,0
BRT,BCISales,Richfield,1,1,1,1,0,0,0,0,0
BRT,BCISales,Robbinsdale,0,0,0,0,0,0,0,0,0
BRT,BCISales,Rockford,0,0,0,0,0,0,0,0,0
BRT,BCISales,Rogers,0,0,0,0,0,0,0,0,0
BRT,BCISales,St. Anthony,0,0,0,0,0,0,0,0,0
BRT,BCISales,St. Bonifacius,0,0,0,0,0,0,0,0,0
BRT,BCISales,St. Louis Park,1,1,1,1,0,0,0,0,0
BRT,BCISales,Shorewood,0,0,0,0,0,0,0,0,0
BRT,BCISales,Spring Park,0,0,0,0,0,0,0,0,0
BRT,BCISales,Tonka Bay,0,0,0,0,0,0,0,0,0
BRT,BCISales,Wayzata,0,0,0,0,0,0,0,0,0
BRT,BCISales,Woodland,0,0,0,0,0,0,0,0,0
BRT,BCISales,Arden Hills,0,0,0,0,0,0,0,0,0
BRT,BCISales,Blaine,0,0,0,0,0,0,0,0,0
BRT,BCISales,Falcon Heights,1,1,1,1,0,0,0,0,0
BRT,BCISales,Gem Lake,0,0,0,0,0,0,0,0,0
BRT,BCISales,Lauderdale,0,0,0,0,0,0,0,0,0
BRT,BCISales,Little Canada,0,0,0,0,0,0,0,0,0
BRT,BCISales,Maplewood,0,0,0,0,0,0,0,0,0
BRT,BCISales,Mounds View,0,0,0,0,0,0,0,0,0
BRT,BCISales,New Brighton,0,0,0,0,0,0,0,0,0
BRT,BCISales,North Oaks,0,0,0,0,0,0,0,0,0
BRT,BCISales,North St. Paul,0,0,0,0,0,0,0,0,0
BRT,BCISales,Roseville,2,1.4,1,1,0,0,0,0,0
BRT,BCISales,St. Anthony,0,0,0,0,0,0,0,0,0
BRT,BCISales,St. Paul,4,2.8,2,2,0,0,0,0,0
BRT,BCISales,Shoreview,0,0,0,0,0,0,0,0,0
BRT,BCISales,Spring Lake Park,0,0,0,0,0,0,0,0,0
BRT,BCISales,Vadnais Heights,0,0,0,0,0,0,0,0,0
BRT,BCISales,White Bear Twp.,0,0,0,0,0,0,0,0,0
BRT,BCISales,White Bear Lake,0,0,0,0,0,0,0,0,0
BRT,BCISales,Belle Plaine,0,0,0,0,0,0,0,0,0
BRT,BCISales,Belle Plaine Twp.,0,0,0,0,0,0,0,0,0
BRT,BCISales,Blakeley Twp.,0,0,0,0,0,0,0,0,0
BRT,BCISales,Cedar Lake Twp.,0,0,0,0,0,0,0,0,0
BRT,BCISales,Credit River Twp.,0,0,0,0,0,0,0,0,0
BRT,BCISales,Elko New Market,0,0,0,0,0,0,0,0,0
BRT,BCISales,Helena Twp.,0,0,0,0,0,0,0,0,0
BRT,BCISales,Jackson Twp.,0,0,0,0,0,0,0,0,0
BRT,BCISales,Jordan,0,0,0,0,0,0,0,0,0
BRT,BCISales,Louisville Twp.,0,0,0,0,0,0,0,0,0
BRT,BCISales,New Market Twp.,0,0,0,0,0,0,0,0,0
BRT,BCISales,New Prague,0,0,0,0,0,0,0,0,0
BRT,BCISales,Prior Lake,0,0,0,0,0,0,0,0,0
BRT,BCISales,St. Lawrence Twp.,0,0,0,0,0,0,0,0,0
BRT,BCISales,Sand Creek Twp.,0,0,0,0,0,0,0,0,0
BRT,BCISales,Savage,0,0,0,0,0,0,0,0,0
BRT,BCISales,Shakopee,0,0,0,0,0,0,0,0,0
BRT,BCISales,Spring Lake Twp.,0,0,0,0,0,0,0,0,0
BRT,BCISales,Afton,0,0,0,0,0,0,0,0,0
BRT,BCISales,Bayport,0,0,0,0,0,0,0,0,0
BRT,BCISales,Baytown Twp.,0,0,0,0,0,0,0,0,0
BRT,BCISales,Birchwood Village,0,0,0,0,0,0,0,0,0
BRT,BCISales,Cottage Grove,0,0,0,0,0,0,0,0,0
BRT,BCISales,Dellwood,0,0,0,0,0,0,0,0,0
BRT,BCISales,Denmark Twp.,0,0,0,0,0,0,0,0,0
BRT,BCISales,Forest Lake,0,0,0,0,0,0,0,0,0
BRT,BCISales,Grant,0,0,0,0,0,0,0,0,0
BRT,BCISales,Grey Cloud Island Twp.,0,0,0,0,0,0,0,0,0
BRT,BCISales,Hastings,0,0,0,0,0,0,0,0,0
BRT,BCISales,Hugo,0,0,0,0,0,0,0,0,0
BRT,BCISales,Lake Elmo,0,0,0,0,0,0,0,0,0
BRT,BCISales,Lakeland,0,0,0,0,0,0,0,0,0
BRT,BCISales,Lakeland Shores,0,0,0,0,0,0,0,0,0
BRT,BCISales,Lake St. Croix Beach,0,0,0,0,0,0,0,0,0
BRT,BCISales,Landfall,0,0,0,0,0,0,0,0,0
BRT,BCISales,Mahtomedi,0,0,0,0,0,0,0,0,0
BRT,BCISales,Marine on St. Croix,0,0,0,0,0,0,0,0,0
BRT,BCISales,May Twp.,0,0,0,0,0,0,0,0,0
BRT,BCISales,Newport,0,0,0,0,0,0,0,0,0
BRT,BCISales,Oakdale,0,0,0,0,0,0,0,0,0
BRT,BCISales,Oak Park Heights,0,0,0,0,0,0,0,0,0
BRT,BCISales,Pine Springs,0,0,0,0,0,0,0,0,0
BRT,BCISales,St. Marys Point,0,0,0,0,0,0,0,0,0
BRT,BCISales,St. Paul Park,0,0,0,0,0,0,0,0,0
BRT,BCISales,Scandia,0,0,0,0,0,0,0,0,0
BRT,BCISales,Stillwater,0,0,0,0,0,0,0,0,0
BRT,BCISales,Stillwater Twp.,0,0,0,0,0,0,0,0,0
BRT,BCISales,West Lakeland Twp.,0,0,0,0,0,0,0,0,0
BRT,BCISales,White Bear Lake,0,0,0,0,0,0,0,0,0
BRT,BCISales,Willernie,0,0,0,0,0,0,0,0,0
BRT,BCISales,Woodbury,0,0,0,0,0,0,0,0,0
BRT,HEVSales,Andover,0,0,0,0,0,0,0,0,0
BRT,HEVSales,Anoka,0,0,0,0,0,0,0,0,0
BRT,HEVSales,Bethel,0,0,0,0,0,0,0,0,0
BRT,HEVSales,Blaine,0,0,0,0,0,0,0,0,0
BRT,HEVSales,Centerville,0,0,0,0,0,0,0,0,0
BRT,HEVSales,Circle Pines,0,0,0,0,0,0,0,0,0
BRT,HEVSales,Columbia Heights,0,0,0,0,0,0,0,0,0
BRT,HEVSales,Columbus,0,0,0,0,0,0,0,0,0
BRT,HEVSales,Coon Rapids,1,0.4,0,1,1,1,1,0,0
BRT,HEVSales,East Bethel,0,0,0,0,0,0,0,0,0
BRT,HEVSales,Fridley,0,0,0,0,0,0,0,0,0
BRT,HEVSales,Ham Lake,0,0,0,0,0,0,0,0,0
BRT,HEVSales,Hilltop,0,0,0,0,0,0,0,0,0
BRT,HEVSales,Lexington,0,0,0,0,0,0,0,0,0
BRT,HEVSales,Lino Lakes,0,0,0,0,0,0,0,0,0
BRT,HEVSales,Linwood Twp.,0,0,0,0,0,0,0,0,0
BRT,HEVSales,Nowthen,0,0,0,0,0,0,0,0,0
BRT,HEVSales,Oak Grove,0,0,0,0,0,0,0,0,0
BRT,HEVSales,Ramsey,0,0,0,0,0,0,0,0,0
BRT,HEVSales,St. Francis,0,0,0,0,0,0,0,0,0
BRT,HEVSales,Spring Lake Park,0,0,0,0,0,0,0,0,0
BRT,HEVSales,Benton Twp.,0,0,0,0,0,0,0,0,0
BRT,HEVSales,Camden Twp.,0,0,0,0,0,0,0,0,0
BRT,HEVSales,Carver,0,0,0,0,0,0,0,0,0
BRT,HEVSales,Chanhassen,0,0,0,0,0,0,0,0,0
BRT,HEVSales,Chaska,0,0,0,0,0,0,0,0,0
BRT,HEVSales,Cologne,0,0,0,0,0,0,0,0,0
BRT,HEVSales,Dahlgren Twp.,0,0,0,0,0,0,0,0,0
BRT,HEVSales,Hamburg,0,0,0,0,0,0,0,0,0
BRT,HEVSales,Hancock Twp.,0,0,0,0,0,0,0,0,0
BRT,HEVSales,Hollywood Twp.,0,0,0,0,0,0,0,0,0
BRT,HEVSales,Laketown Twp.,0,0,0,0,0,0,0,0,0
BRT,HEVSales,Mayer,0,0,0,0,0,0,0,0,0
BRT,HEVSales,New Germany,0,0,0,0,0,0,0,0,0
BRT,HEVSales,Norwood Young America,0,0,0,0,0,0,0,0,0
BRT,HEVSales,San Francisco Twp.,0,0,0,0,0,0,0,0,0
BRT,HEVSales,Victoria,0,0,0,0,0,0,0,0,0
BRT,HEVSales,Waconia,0,0,0,0,0,0,0,0,0
BRT,HEVSales,Waconia Twp.,0,0,0,0,0,0,0,0,0
BRT,HEVSales,Watertown,0,0,0,0,0,0,0,0,0
BRT,HEVSales,Watertown Twp.,0,0,0,0,0,0,0,0,0
BRT,HEVSales,Young America Twp.,0,0,0,0,0,0,0,0,0
BRT,HEVSales,Apple Valley,0,0,0,0,0,0,0,0,0
BRT,HEVSales,Burnsville,0,0,0,0,0,0,0,0,0
BRT,HEVSales,Castle Rock Twp.,0,0,0,0,0,0,0,0,0
BRT,HEVSales,Coates,0,0,0,0,0,0,0,0,0
BRT,HEVSales,Douglas Twp.,0,0,0,0,0,0,0,0,0
BRT,HEVSales,Eagan,1,0.4,0,1,1,1,1,0,0
BRT,HEVSales,Empire Twp.,0,0,0,0,0,0,0,0,0
BRT,HEVSales,Eureka Twp.,0,0,0,0,0,0,0,0,0
BRT,HEVSales,Farmington,0,0,0,0,0,0,0,0,0
BRT,HEVSales,Greenvale Twp.,0,0,0,0,0,0,0,0,0
BRT,HEVSales,Hampton,0,0,0,0,0,0,0,0,0
BRT,HEVSales,Hampton Twp.,0,0,0,0,0,0,0,0,0
BRT,HEVSales,Hastings,0,0,0,0,0,0,0,0,0
BRT,HEVSales,Inver Grove Heights,0,0,0,0,0,0,0,0,0
BRT,HEVSales,Lakeville,0,0,0,0,0,0,0,0,0
BRT,HEVSales,Lilydale,0,0,0,0,0,0,0,0,0
BRT,HEVSales,Marshan Twp.,0,0,0,0,0,0,0,0,0
BRT,HEVSales,Mendota,0,0,0,0,0,0,0,0,0
BRT,HEVSales,Mendota Heights,0,0,0,0,0,0,0,0,0
BRT,HEVSales,Miesville,0,0,0,0,0,0,0,0,0
BRT,HEVSales,New Trier,0,0,0,0,0,0,0,0,0
BRT,HEVSales,Nininger Twp.,0,0,0,0,0,0,0,0,0
BRT,HEVSales,Northfield,0,0,0,0,0,0,0,0,0
BRT,HEVSales,Randolph,0,0,0,0,0,0,0,0,0
BRT,HEVSales,Randolph Twp.,0,0,0,0,0,0,0,0,0
BRT,HEVSales,Ravenna Twp.,0,0,0,0,0,0,0,0,0
BRT,HEVSales,Rosemount,0,0,0,0,0,0,0,0,0
BRT,HEVSales,Sciota Twp.,0,0,0,0,0,0,0,0,0
BRT,HEVSales,South St. Paul,0,0,0,0,0,0,0,0,0
BRT,HEVSales,Sunfish Lake,0,0,0,0,0,0,0,0,0
BRT,HEVSales,Vermillion,0,0,0,0,0,0,0,0,0
BRT,HEVSales,Vermillion Twp.,0,0,0,0,0,0,0,0,0
BRT,HEVSales,Waterford Twp.,0,0,0,0,0,0,0,0,0
BRT,HEVSales,West St. Paul,1,0.4,0,1,1,1,1,0,0
BRT,HEVSales,Bloomington,1,0.4,0,1,1,1,1,0,0
BRT,HEVSales,Brooklyn Center,1,0.4,0,1,1,1,1,0,0
BRT,HEVSales,Brooklyn Park,1,0.4,0,1,1,1,1,0,0
BRT,HEVSales,Champlin,0,0,0,0,0,0,0,0,0
BRT,HEVSales,Chanhassen,0,0,0,0,0,0,0,0,0
BRT,HEVSales,Corcoran,0,0,0,0,0,0,0,0,0
BRT,HEVSales,Crystal,0,0,0,0,0,0,0,0,0
BRT,HEVSales,Dayton,0,0,0,0,0,0,0,0,0
BRT,HEVSales,Deephaven,0,0,0,0,0,0,0,0,0
BRT,HEVSales,Eden Prairie,0,0,0,0,0,0,0,0,0
BRT,HEVSales,Edina,1,0.4,0,1,1,1,1,0,0
BRT,HEVSales,Excelsior,0,0,0,0,0,0,0,0,0
BRT,HEVSales,Fort Snelling UT,0,0,0,0,0,0,0,0,0
BRT,HEVSales,Golden Valley,1,0.4,0,1,1,1,1,0,0
BRT,HEVSales,Greenfield,0,0,0,0,0,0,0,0,0
BRT,HEVSales,Greenwood,0,0,0,0,0,0,0,0,0
BRT,HEVSales,Hanover,0,0,0,0,0,0,0,0,0
BRT,HEVSales,Hopkins,0,0,0,0,0,0,0,0,0
BRT,HEVSales,Independence,0,0,0,0,0,0,0,0,0
BRT,HEVSales,Long Lake,0,0,0,0,0,0,0,0,0
BRT,HEVSales,Loretto,0,0,0,0,0,0,0,0,0
BRT,HEVSales,Maple Grove,0,0,0,0,0,0,0,0,0
BRT,HEVSales,Maple Plain,0,0,0,0,0,0,0,0,0
BRT,HEVSales,Medicine Lake,0,0,0,0,0,0,0,0,0
BRT,HEVSales,Medina,0,0,0,0,0,0,0,0,0
BRT,HEVSales,Minneapolis,1,0.4,0,2,4,1,1,0,0
BRT,HEVSales,Minnetonka,1,0.4,0,1,1,1,1,0,0
BRT,HEVSales,Minnetonka Beach,0,0,0,0,0,0,0,0,0
BRT,HEVSales,Minnetrista,0,0,0,0,0,0,0,0,0
BRT,HEVSales,Mound,0,0,0,0,0,0,0,0,0
BRT,HEVSales,New Hope,1,0.4,0,1,1,1,1,0,0
BRT,HEVSales,Orono,0,0,0,0,0,0,0,0,0
BRT,HEVSales,Osseo,0,0,0,0,0,0,0,0,0
BRT,HEVSales,Plymouth,0,0,0,0,0,0,0,0,0
BRT,HEVSales,Richfield,1,0.4,0,1,1,1,1,0,0
BRT,HEVSales,Robbinsdale,0,0,0,0,0,0,0,0,0
BRT,HEVSales,Rockford,0,0,0,0,0,0,0,0,0
BRT,HEVSales,Rogers,0,0,0,0,0,0,0,0,0
BRT,HEVSales,St. Anthony,0,0,0,0,0,0,0,0,0
BRT,HEVSales,St. Bonifacius,0,0,0,0,0,0,0,0,0
BRT,HEVSales,St. Louis Park,1,0.4,0,1,1,1,1,0,0
BRT,HEVSales,Shorewood,0,0,0,0,0,0,0,0,0
BRT,HEVSales,Spring Park,0,0,0,0,0,0,0,0,0
BRT,HEVSales,Tonka Bay,0,0,0,0,0,0,0,0,0
BRT,HEVSales,Wayzata,0,0,0,0,0,0,0,0,0
BRT,HEVSales,Woodland,0,0,0,0,0,0,0,0,0
BRT,HEVSales,Arden Hills,0,0,0,0,0,0,0,0,0
BRT,HEVSales,Blaine,0,0,0,0,0,0,0,0,0
BRT,HEVSales,Falcon Heights,1,0.4,0,1,1,1,1,0,0
BRT,HEVSales,Gem Lake,0,0,0,0,0,0,0,0,0
BRT,HEVSales,Lauderdale,0,0,0,0,0,0,0,0,0
BRT,HEVSales,Little Canada,0,0,0,0,0,0,0,0,0
BRT,HEVSales,Maplewood,0,0,0,0,0,0,0,0,0
BRT,HEVSales,Mounds View,0,0,0,0,0,0,0,0,0
BRT,HEVSales,New Brighton,0,0,0,0,0,0,0,0,0
BRT,HEVSales,North Oaks,0,0,0,0,0,0,0,0,0
BRT,HEVSales,North St. Paul,0,0,0,0,0,0,0,0,0
BRT,HEVSales,Roseville,1,0.4,0,1,2,1,1,0,0
BRT,HEVSales,St. Anthony,0,0,0,0,0,0,0,0,0
BRT,HEVSales,St. Paul,1,0.4,0,2,4,1,1,0,0
BRT,HEVSales,Shoreview,0,0,0,0,0,0,0,0,0
BRT,HEVSales,Spring Lake Park,0,0,0,0,0,0,0,0,0
BRT,HEVSales,Vadnais Heights,0,0,0,0,0,0,0,0,0
BRT,HEVSales,White Bear Twp.,0,0,0,0,0,0,0,0,0
BRT,HEVSales,White Bear Lake,0,0,0,0,0,0,0,0,0
BRT,HEVSales,Belle Plaine,0,0,0,0,0,0,0,0,0
BRT,HEVSales,Belle Plaine Twp.,0,0,0,0,0,0,0,0,0
BRT,HEVSales,Blakeley Twp.,0,0,0,0,0,0,0,0,0
BRT,HEVSales,Cedar Lake Twp.,0,0,0,0,0,0,0,0,0
BRT,HEVSales,Credit River Twp.,0,0,0,0,0,0,0,0,0
BRT,HEVSales,Elko New Market,0,0,0,0,0,0,0,0,0
BRT,HEVSales,Helena Twp.,0,0,0,0,0,0,0,0,0
BRT,HEVSales,Jackson Twp.,0,0,0,0,0,0,0,0,0
BRT,HEVSales,Jordan,0,0,0,0,0,0,0,0,0
BRT,HEVSales,Louisville Twp.,0,0,0,0,0,0,0,0,0
BRT,HEVSales,New Market Twp.,0,0,0,0,0,0,0,0,0
BRT,HEVSales,New Prague,0,0,0,0,0,0,0,0,0
BRT,HEVSales,Prior Lake,0,0,0,0,0,0,0,0,0
BRT,HEVSales,St. Lawrence Twp.,0,0,0,0,0,0,0,0,0
BRT,HEVSales,Sand Creek Twp.,0,0,0,0,0,0,0,0,0
BRT,HEVSales,Savage,0,0,0,0,0,0,0,0,0
BRT,HEVSales,Shakopee,0,0,0,0,0,0,0,0,0
BRT,HEVSales,Spring Lake Twp.,0,0,0,0,0,0,0,0,0
BRT,HEVSales,Afton,0,0,0,0,0,0,0,0,0
BRT,HEVSales,Bayport,0,0,0,0,0,0,0,0,0
BRT,HEVSales,Baytown Twp.,0,0,0,0,0,0,0,0,0
BRT,HEVSales,Birchwood Village,0,0,0,0,0,0,0,0,0
BRT,HEVSales,Cottage Grove,0,0,0,0,0,0,0,0,0
BRT,HEVSales,Dellwood,0,0,0,0,0,0,0,0,0
BRT,HEVSales,Denmark Twp.,0,0,0,0,0,0,0,0,0
BRT,HEVSales,Forest Lake,0,0,0,0,0,0,0,0,0
BRT,HEVSales,Grant,0,0,0,0,0,0,0,0,0
BRT,HEVSales,Grey Cloud Island Twp.,0,0,0,0,0,0,0,0,0
BRT,HEVSales,Hastings,0,0,0,0,0,0,0,0,0
BRT,HEVSales,Hugo,0,0,0,0,0,0,0,0,0
BRT,HEVSales,Lake Elmo,0,0,0,0,0,0,0,0,0
BRT,HEVSales,Lakeland,0,0,0,0,0,0,0,0,0
BRT,HEVSales,Lakeland Shores,0,0,0,0,0,0,0,0,0
BRT,HEVSales,Lake St. Croix Beach,0,0,0,0,0,0,0,0,0
BRT,HEVSales,Landfall,0,0,0,0,0,0,0,0,0
BRT,HEVSales,Mahtomedi,0,0,0,0,0,0,0,0,0
BRT,HEVSales,Marine on St. Croix,0,0,0,0,0,0,0,0,0
BRT,HEVSales,May Twp.,0,0,0,0,0,0,0,0,0
BRT,HEVSales,Newport,0,0,0,0,0,0,0,0,0
BRT,HEVSales,Oakdale,0,0,0,0,0,0,0,0,0
BRT,HEVSales,Oak Park Heights,0,0,0,0,0,0,0,0,0
BRT,HEVSales,Pine Springs,0,0,0,0,0,0,0,0,0
BRT,HEVSales,St. Marys Point,0,0,0,0,0,0,0,0,0
BRT,HEVSales,St. Paul Park,0,0,0,0,0,0,0,0,0
BRT,HEVSales,Scandia,0,0,0,0,0,0,0,0,0
BRT,HEVSales,Stillwater,0,0,0,0,0,0,0,0,0
BRT,HEVSales,Stillwater Twp.,0,0,0,0,0,0,0,0,0
BRT,HEVSales,West Lakeland Twp.,0,0,0,0,0,0,0,0,0
BRT,HEVSales,White Bear Lake,0,0,0,0,0,0,0,0,0
BRT,HEVSales,Willernie,0,0,0,0,0,0,0,0,0
BRT,HEVSales,Woodbury,0,0,0,0,0,0,0,0,0
BRT,BEVSales,Andover,0,0,0,0,0,0,0,0,0
BRT,BEVSales,Anoka,0,0,0,0,0,0,0,0,0
BRT,BEVSales,Bethel,0,0,0,0,0,0,0,0,0
BRT,BEVSales,Blaine,0,0,0,0,0,0,0,0,0
BRT,BEVSales,Centerville,0,0,0,0,0,0,0,0,0
BRT,BEVSales,Circle Pines,0,0,0,0,0,0,0,0,0
BRT,BEVSales,Columbia Heights,0,0,0,0,0,0,0,0,0
BRT,BEVSales,Columbus,0,0,0,0,0,0,0,0,0
BRT,BEVSales,Coon Rapids,0,0.6,1,1,1,1,1,1,1
BRT,BEVSales,East Bethel,0,0,0,0,0,0,0,0,0
BRT,BEVSales,Fridley,0,0,0,0,0,0,0,0,0
BRT,BEVSales,Ham Lake,0,0,0,0,0,0,0,0,0
BRT,BEVSales,Hilltop,0,0,0,0,0,0,0,0,0
BRT,BEVSales,Lexington,0,0,0,0,0,0,0,0,0
BRT,BEVSales,Lino Lakes,0,0,0,0,0,0,0,0,0
BRT,BEVSales,Linwood Twp.,0,0,0,0,0,0,0,0,0
BRT,BEVSales,Nowthen,0,0,0,0,0,0,0,0,0
BRT,BEVSales,Oak Grove,0,0,0,0,0,0,0,0,0
BRT,BEVSales,Ramsey,0,0,0,0,0,0,0,0,0
BRT,BEVSales,St. Francis,0,0,0,0,0,0,0,0,0
BRT,BEVSales,Spring Lake Park,0,0,0,0,0,0,0,0,0
BRT,BEVSales,Benton Twp.,0,0,0,0,0,0,0,0,0
BRT,BEVSales,Camden Twp.,0,0,0,0,0,0,0,0,0
BRT,BEVSales,Carver,0,0,0,0,0,0,0,0,0
BRT,BEVSales,Chanhassen,0,0,0,0,0,0,0,0,0
BRT,BEVSales,Chaska,0,0,0,0,0,0,0,0,0
BRT,BEVSales,Cologne,0,0,0,0,0,0,0,0,0
BRT,BEVSales,Dahlgren Twp.,0,0,0,0,0,0,0,0,0
BRT,BEVSales,Hamburg,0,0,0,0,0,0,0,0,0
BRT,BEVSales,Hancock Twp.,0,0,0,0,0,0,0,0,0
BRT,BEVSales,Hollywood Twp.,0,0,0,0,0,0,0,0,0
BRT,BEVSales,Laketown Twp.,0,0,0,0,0,0,0,0,0
BRT,BEVSales,Mayer,0,0,0,0,0,0,0,0,0
BRT,BEVSales,New Germany,0,0,0,0,0,0,0,0,0
BRT,BEVSales,Norwood Young America,0,0,0,0,0,0,0,0,0
BRT,BEVSales,San Francisco Twp.,0,0,0,0,0,0,0,0,0
BRT,BEVSales,Victoria,0,0,0,0,0,0,0,0,0
BRT,BEVSales,Waconia,0,0,0,0,0,0,0,0,0
BRT,BEVSales,Waconia Twp.,0,0,0,0,0,0,0,0,0
BRT,BEVSales,Watertown,0,0,0,0,0,0,0,0,0
BRT,BEVSales,Watertown Twp.,0,0,0,0,0,0,0,0,0
BRT,BEVSales,Young America Twp.,0,0,0,0,0,0,0,0,0
BRT,BEVSales,Apple Valley,0,0,0,0,0,0,0,0,0
BRT,BEVSales,Burnsville,0,0,0,0,0,0,0,0,0
BRT,BEVSales,Castle Rock Twp.,0,0,0,0,0,0,0,0,0
BRT,BEVSales,Coates,0,0,0,0,0,0,0,0,0
BRT,BEVSales,Douglas Twp.,0,0,0,0,0,0,0,0,0
BRT,BEVSales,Eagan,0,0.6,1,1,1,1,1,1,1
BRT,BEVSales,Empire Twp.,0,0,0,0,0,0,0,0,0
BRT,BEVSales,Eureka Twp.,0,0,0,0,0,0,0,0,0
BRT,BEVSales,Farmington,0,0,0,0,0,0,0,0,0
BRT,BEVSales,Greenvale Twp.,0,0,0,0,0,0,0,0,0
BRT,BEVSales,Hampton,0,0,0,0,0,0,0,0,0
BRT,BEVSales,Hampton Twp.,0,0,0,0,0,0,0,0,0
BRT,BEVSales,Hastings,0,0,0,0,0,0,0,0,0
BRT,BEVSales,Inver Grove Heights,0,0,0,0,0,0,0,0,0
BRT,BEVSales,Lakeville,0,0,0,0,0,0,0,0,0
BRT,BEVSales,Lilydale,0,0,0,0,0,0,0,0,0
BRT,BEVSales,Marshan Twp.,0,0,0,0,0,0,0,0,0
BRT,BEVSales,Mendota,0,0,0,0,0,0,0,0,0
BRT,BEVSales,Mendota Heights,0,0,0,0,0,0,0,0,0
BRT,BEVSales,Miesville,0,0,0,0,0,0,0,0,0
BRT,BEVSales,New Trier,0,0,0,0,0,0,0,0,0
BRT,BEVSales,Nininger Twp.,0,0,0,0,0,0,0,0,0
BRT,BEVSales,Northfield,0,0,0,0,0,0,0,0,0
BRT,BEVSales,Randolph,0,0,0,0,0,0,0,0,0
BRT,BEVSales,Randolph Twp.,0,0,0,0,0,0,0,0,0
BRT,BEVSales,Ravenna Twp.,0,0,0,0,0,0,0,0,0
BRT,BEVSales,Rosemount,0,0,0,0,0,0,0,0,0
BRT,BEVSales,Sciota Twp.,0,0,0,0,0,0,0,0,0
BRT,BEVSales,South St. Paul,0,0,0,0,0,0,0,0,0
BRT,BEVSales,Sunfish Lake,0,0,0,0,0,0,0,0,0
BRT,BEVSales,Vermillion,0,0,0,0,0,0,0,0,0
BRT,BEVSales,Vermillion Twp.,0,0,0,0,0,0,0,0,0
BRT,BEVSales,Waterford Twp.,0,0,0,0,0,0,0,0,0
BRT,BEVSales,West St. Paul,0,0.6,1,1,1,1,1,1,1
BRT,BEVSales,Bloomington,0,0.6,1,1,1,1,1,1,1
BRT,BEVSales,Brooklyn Center,0,0.6,1,1,1,1,1,1,1
BRT,BEVSales,Brooklyn Park,0,0.6,1,1,1,1,1,1,1
BRT,BEVSales,Champlin,0,0,0,0,0,0,0,0,0
BRT,BEVSales,Chanhassen,0,0,0,0,0,0,0,0,0
BRT,BEVSales,Corcoran,0,0,0,0,0,0,0,0,0
BRT,BEVSales,Crystal,0,0,0,0,0,0,0,0,0
BRT,BEVSales,Dayton,0,0,0,0,0,0,0,0,0
BRT,BEVSales,Deephaven,0,0,0,0,0,0,0,0,0
BRT,BEVSales,Eden Prairie,0,0,0,0,0,0,0,0,0
BRT,BEVSales,Edina,0,0.6,1,1,1,1,1,1,1
BRT,BEVSales,Excelsior,0,0,0,0,0,0,0,0,0
BRT,BEVSales,Fort Snelling UT,0,0,0,0,0,0,0,0,0
BRT,BEVSales,Golden Valley,0,0.6,1,1,1,1,1,1,1
BRT,BEVSales,Greenfield,0,0,0,0,0,0,0,0,0
BRT,BEVSales,Greenwood,0,0,0,0,0,0,0,0,0
BRT,BEVSales,Hanover,0,0,0,0,0,0,0,0,0
BRT,BEVSales,Hopkins,0,0,0,0,0,0,0,0,0
BRT,BEVSales,Independence,0,0,0,0,0,0,0,0,0
BRT,BEVSales,Long Lake,0,0,0,0,0,0,0,0,0
BRT,BEVSales,Loretto,0,0,0,0,0,0,0,0,0
BRT,BEVSales,Maple Grove,0,0,0,0,0,0,0,0,0
BRT,BEVSales,Maple Plain,0,0,0,0,0,0,0,0,0
BRT,BEVSales,Medicine Lake,0,0,0,0,0,0,0,0,0
BRT,BEVSales,Medina,0,0,0,0,0,0,0,0,0
BRT,BEVSales,Minneapolis,0,0.6,1,1,2,2,3,6,3
BRT,BEVSales,Minnetonka,0,0.6,1,1,1,1,1,1,1
BRT,BEVSales,Minnetonka Beach,0,0,0,0,0,0,0,0,0
BRT,BEVSales,Minnetrista,0,0,0,0,0,0,0,0,0
BRT,BEVSales,Mound,0,0,0,0,0,0,0,0,0
BRT,BEVSales,New Hope,0,0.6,1,1,1,1,1,1,1
BRT,BEVSales,Orono,0,0,0,0,0,0,0,0,0
BRT,BEVSales,Osseo,0,0,0,0,0,0,0,0,0
BRT,BEVSales,Plymouth,0,0,0,0,0,0,0,0,0
BRT,BEVSales,Richfield,0,0.6,1,1,1,1,1,1,1
BRT,BEVSales,Robbinsdale,0,0,0,0,0,0,0,0,0
BRT,BEVSales,Rockford,0,0,0,0,0,0,0,0,0
BRT,BEVSales,Rogers,0,0,0,0,0,0,0,0,0
BRT,BEVSales,St. Anthony,0,0,0,0,0,0,0,0,0
BRT,BEVSales,St. Bonifacius,0,0,0,0,0,0,0,0,0
BRT,BEVSales,St. Louis Park,0,0.6,1,1,1,1,1,1,1
BRT,BEVSales,Shorewood,0,0,0,0,0,0,0,0,0
BRT,BEVSales,Spring Park,0,0,0,0,0,0,0,0,0
BRT,BEVSales,Tonka Bay,0,0,0,0,0,0,0,0,0
BRT,BEVSales,Wayzata,0,0,0,0,0,0,0,0,0
BRT,BEVSales,Woodland,0,0,0,0,0,0,0,0,0
BRT,BEVSales,Arden Hills,0,0,0,0,0,0,0,0,0
BRT,BEVSales,Blaine,0,0,0,0,0,0,0,0,0
BRT,BEVSales,Falcon Heights,0,0.6,1,1,1,1,1,1,1
BRT,BEVSales,Gem Lake,0,0,0,0,0,0,0,0,0
BRT,BEVSales,Lauderdale,0,0,0,0,0,0,0,0,0
BRT,BEVSales,Little Canada,0,0,0,0,0,0,0,0,0
BRT,BEVSales,Maplewood,0,0,0,0,0,0,0,0,0
BRT,BEVSales,Mounds View,0,0,0,0,0,0,0,0,0
BRT,BEVSales,New Brighton,0,0,0,0,0,0,0,0,0
BRT,BEVSales,North Oaks,0,0,0,0,0,0,0,0,0
BRT,BEVSales,North St. Paul,0,0,0,0,0,0,0,0,0
BRT,BEVSales,Roseville,0,0.6,1,1,1,1,2,3,2
BRT,BEVSales,St. Anthony,0,0,0,0,0,0,0,0,0
BRT,BEVSales,St. Paul,0,0.6,1,2,2,2,4,7,4
BRT,BEVSales,Shoreview,0,0,0,0,0,0,0,0,0
BRT,BEVSales,Spring Lake Park,0,0,0,0,0,0,0,0,0
BRT,BEVSales,Vadnais Heights,0,0,0,0,0,0,0,0,0
BRT,BEVSales,White Bear Twp.,0,0,0,0,0,0,0,0,0
BRT,BEVSales,White Bear Lake,0,0,0,0,0,0,0,0,0
BRT,BEVSales,Belle Plaine,0,0,0,0,0,0,0,0,0
BRT,BEVSales,Belle Plaine Twp.,0,0,0,0,0,0,0,0,0
BRT,BEVSales,Blakeley Twp.,0,0,0,0,0,0,0,0,0
BRT,BEVSales,Cedar Lake Twp.,0,0,0,0,0,0,0,0,0
BRT,BEVSales,Credit River Twp.,0,0,0,0,0,0,0,0,0
BRT,BEVSales,Elko New Market,0,0,0,0,0,0,0,0,0
BRT,BEVSales,Helena Twp.,0,0,0,0,0,0,0,0,0
BRT,BEVSales,Jackson Twp.,0,0,0,0,0,0,0,0,0
BRT,BEVSales,Jordan,0,0,0,0,0,0,0,0,0
BRT,BEVSales,Louisville Twp.,0,0,0,0,0,0,0,0,0
BRT,BEVSales,New Market Twp.,0,0,0,0,0,0,0,0,0
BRT,BEVSales,New Prague,0,0,0,0,0,0,0,0,0
BRT,BEVSales,Prior Lake,0,0,0,0,0,0,0,0,0
BRT,BEVSales,St. Lawrence Twp.,0,0,0,0,0,0,0,0,0
BRT,BEVSales,Sand Creek Twp.,0,0,0,0,0,0,0,0,0
BRT,BEVSales,Savage,0,0,0,0,0,0,0,0,0
BRT,BEVSales,Shakopee,0,0,0,0,0,0,0,0,0
BRT,BEVSales,Spring Lake Twp.,0,0,0,0,0,0,0,0,0
BRT,BEVSales,Afton,0,0,0,0,0,0,0,0,0
BRT,BEVSales,Bayport,0,0,0,0,0,0,0,0,0
BRT,BEVSales,Baytown Twp.,0,0,0,0,0,0,0,0,0
BRT,BEVSales,Birchwood Village,0,0,0,0,0,0,0,0,0
BRT,BEVSales,Cottage Grove,0,0,0,0,0,0,0,0,0
BRT,BEVSales,Dellwood,0,0,0,0,0,0,0,0,0
BRT,BEVSales,Denmark Twp.,0,0,0,0,0,0,0,0,0
BRT,BEVSales,Forest Lake,0,0,0,0,0,0,0,0,0
BRT,BEVSales,Grant,0,0,0,0,0,0,0,0,0
BRT,BEVSales,Grey Cloud Island Twp.,0,0,0,0,0,0,0,0,0
BRT,BEVSales,Hastings,0,0,0,0,0,0,0,0,0
BRT,BEVSales,Hugo,0,0,0,0,0,0,0,0,0
BRT,BEVSales,Lake Elmo,0,0,0,0,0,0,0,0,0
BRT,BEVSales,Lakeland,0,0,0,0,0,0,0,0,0
BRT,BEVSales,Lakeland Shores,0,0,0,0,0,0,0,0,0
BRT,BEVSales,Lake St. Croix Beach,0,0,0,0,0,0,0,0,0
BRT,BEVSales,Landfall,0,0,0,0,0,0,0,0,0
BRT,BEVSales,Mahtomedi,0,0,0,0,0,0,0,0,0
BRT,BEVSales,Marine on St. Croix,0,0,0,0,0,0,0,0,0
BRT,BEVSales,May Twp.,0,0,0,0,0,0,0,0,0
BRT,BEVSales,Newport,0,0,0,0,0,0,0,0,0
BRT,BEVSales,Oakdale,0,0,0,0,0,0,0,0,0
BRT,BEVSales,Oak Park Heights,0,0,0,0,0,0,0,0,0
BRT,BEVSales,Pine Springs,0,0,0,0,0,0,0,0,0
BRT,BEVSales,St. Marys Point,0,0,0,0,0,0,0,0,0
BRT,BEVSales,St. Paul Park,0,0,0,0,0,0,0,0,0
BRT,BEVSales,Scandia,0,0,0,0,0,0,0,0,0
BRT,BEVSales,Stillwater,0,0,0,0,0,0,0,0,0
BRT,BEVSales,Stillwater Twp.,0,0,0,0,0,0,0,0,0
BRT,BEVSales,West Lakeland Twp.,0,0,0,0,0,0,0,0,0
BRT,BEVSales,White Bear Lake,0,0,0,0,0,0,0,0,0
BRT,BEVSales,Willernie,0,0,0,0,0,0,0,0,0
BRT,BEVSales,Woodbury,0,0,0,0,0,0,0,0,0
BRT,BCIMPG,All,4.82,4.83446,4.8441,4.892662103,4.966419595,5.066495436,5.194430795,5.352224665,5.54238598
BRT,HEVMPG,All,5.84,5.89256,5.9276,6.10676171,6.385708661,6.777558418,7.301355269,7.983617737,8.860577532
BRT,BEVElec,All,0.424268,0.424268,0.424268,0.424268,0.424268,0.424268,0.424268,0.424268,0.424268
BRT,AVO,All,13.32704476,13.32704476,13.32704476,13.32704476,13.32704476,13.32704476,13.32704476,13.32704476,13.32704476
BRT,PMT,Andover,0,0,0,0,0,0,0,0,0
BRT,PMT,Anoka,0,0,0,0,0,0,0,0,0
BRT,PMT,Bethel,0,0,0,0,0,0,0,0,0
BRT,PMT,Blaine,0,0,0,0,0,0,0,0,0
BRT,PMT,Centerville,0,0,0,0,0,0,0,0,0
BRT,PMT,Circle Pines,0,0,0,0,0,0,0,0,0
BRT,PMT,Columbia Heights,0,0,0,0,0,0,0,0,0
BRT,PMT,Columbus,0,0,0,0,0,0,0,0,0
BRT,PMT,Coon Rapids,290.7917881,268.8096237,254.1548474,236.7716425,219.3884375,201.1458657,182.9032939,164.660722,146.4181502
BRT,PMT,East Bethel,0,0,0,0,0,0,0,0,0
BRT,PMT,Fridley,0,0,0,0,0,0,0,0,0
BRT,PMT,Ham Lake,0,0,0,0,0,0,0,0,0
BRT,PMT,Hilltop,0,0,0,0,0,0,0,0,0
BRT,PMT,Lexington,0,0,0,0,0,0,0,0,0
BRT,PMT,Lino Lakes,0,0,0,0,0,0,0,0,0
BRT,PMT,Linwood Twp.,0,0,0,0,0,0,0,0,0
BRT,PMT,Nowthen,0,0,0,0,0,0,0,0,0
BRT,PMT,Oak Grove,0,0,0,0,0,0,0,0,0
BRT,PMT,Ramsey,0,0,0,0,0,0,0,0,0
BRT,PMT,St. Francis,0,0,0,0,0,0,0,0,0
BRT,PMT,Spring Lake Park,0,0,0,0,0,0,0,0,0
BRT,PMT,Benton Twp.,0,0,0,0,0,0,0,0,0
BRT,PMT,Camden Twp.,0,0,0,0,0,0,0,0,0
BRT,PMT,Carver,0,0,0,0,0,0,0,0,0
BRT,PMT,Chanhassen,0,0,0,0,0,0,0,0,0
BRT,PMT,Chaska,0,0,0,0,0,0,0,0,0
BRT,PMT,Cologne,0,0,0,0,0,0,0,0,0
BRT,PMT,Dahlgren Twp.,0,0,0,0,0,0,0,0,0
BRT,PMT,Hamburg,0,0,0,0,0,0,0,0,0
BRT,PMT,Hancock Twp.,0,0,0,0,0,0,0,0,0
BRT,PMT,Hollywood Twp.,0,0,0,0,0,0,0,0,0
BRT,PMT,Laketown Twp.,0,0,0,0,0,0,0,0,0
BRT,PMT,Mayer,0,0,0,0,0,0,0,0,0
BRT,PMT,New Germany,0,0,0,0,0,0,0,0,0
BRT,PMT,Norwood Young America,0,0,0,0,0,0,0,0,0
BRT,PMT,San Francisco Twp.,0,0,0,0,0,0,0,0,0
BRT,PMT,Victoria,0,0,0,0,0,0,0,0,0
BRT,PMT,Waconia,0,0,0,0,0,0,0,0,0
BRT,PMT,Waconia Twp.,0,0,0,0,0,0,0,0,0
BRT,PMT,Watertown,0,0,0,0,0,0,0,0,0
BRT,PMT,Watertown Twp.,0,0,0,0,0,0,0,0,0
BRT,PMT,Young America Twp.,0,0,0,0,0,0,0,0,0
BRT,PMT,Apple Valley,0,0,0,0,0,0,0,0,0
BRT,PMT,Burnsville,0,0,0,0,0,0,0,0,0
BRT,PMT,Castle Rock Twp.,0,0,0,0,0,0,0,0,0
BRT,PMT,Coates,0,0,0,0,0,0,0,0,0
BRT,PMT,Douglas Twp.,0,0,0,0,0,0,0,0,0
BRT,PMT,Eagan,1048.080133,1031.468743,1020.394483,1007.258416,994.1223483,980.336878,966.5514078,952.7659375,938.9804673
BRT,PMT,Empire Twp.,0,0,0,0,0,0,0,0,0
BRT,PMT,Eureka Twp.,0,0,0,0,0,0,0,0,0
BRT,PMT,Farmington,0,0,0,0,0,0,0,0,0
BRT,PMT,Greenvale Twp.,0,0,0,0,0,0,0,0,0
BRT,PMT,Hampton,0,0,0,0,0,0,0,0,0
BRT,PMT,Hampton Twp.,0,0,0,0,0,0,0,0,0
BRT,PMT,Hastings,0,0,0,0,0,0,0,0,0
BRT,PMT,Inver Grove Heights,0,0,0,0,0,0,0,0,0
BRT,PMT,Lakeville,0,0,0,0,0,0,0,0,0
BRT,PMT,Lilydale,0,0,0,0,0,0,0,0,0
BRT,PMT,Marshan Twp.,0,0,0,0,0,0,0,0,0
BRT,PMT,Mendota,0,0,0,0,0,0,0,0,0
BRT,PMT,Mendota Heights,0,0,0,0,0,0,0,0,0
BRT,PMT,Miesville,0,0,0,0,0,0,0,0,0
BRT,PMT,New Trier,0,0,0,0,0,0,0,0,0
BRT,PMT,Nininger Twp.,0,0,0,0,0,0,0,0,0
BRT,PMT,Northfield,0,0,0,0,0,0,0,0,0
BRT,PMT,Randolph,0,0,0,0,0,0,0,0,0
BRT,PMT,Randolph Twp.,0,0,0,0,0,0,0,0,0
BRT,PMT,Ravenna Twp.,0,0,0,0,0,0,0,0,0
BRT,PMT,Rosemount,0,0,0,0,0,0,0,0,0
BRT,PMT,Sciota Twp.,0,0,0,0,0,0,0,0,0
BRT,PMT,South St. Paul,0,0,0,0,0,0,0,0,0
BRT,PMT,Sunfish Lake,0,0,0,0,0,0,0,0,0
BRT,PMT,Vermillion,0,0,0,0,0,0,0,0,0
BRT,PMT,Vermillion Twp.,0,0,0,0,0,0,0,0,0
BRT,PMT,Waterford Twp.,0,0,0,0,0,0,0,0,0
BRT,PMT,West St. Paul,121.9499806,127.2690318,130.815066,135.0213013,139.2275367,143.6417141,148.0558915,152.4700689,156.8842463
BRT,PMT,Bloomington,545.4460684,611.2026431,655.0403596,707.0397894,759.0392192,813.6093251,868.1794309,922.7495368,977.3196426
BRT,PMT,Brooklyn Center,857.3009525,893.8371012,918.1945337,947.0868371,975.9791404,1006.299781,1036.620423,1066.941064,1097.261705
BRT,PMT,Brooklyn Park,1043.723862,1044.066634,1044.295149,1044.566209,1044.837269,1045.121729,1045.406188,1045.690648,1045.975108
BRT,PMT,Champlin,0,0,0,0,0,0,0,0,0
BRT,PMT,Chanhassen,0,0,0,0,0,0,0,0,0
BRT,PMT,Corcoran,0,0,0,0,0,0,0,0,0
BRT,PMT,Crystal,0,0,0,0,0,0,0,0,0
BRT,PMT,Dayton,0,0,0,0,0,0,0,0,0
BRT,PMT,Deephaven,0,0,0,0,0,0,0,0,0
BRT,PMT,Eden Prairie,0,0,0,0,0,0,0,0,0
BRT,PMT,Edina,425.1617573,446.5497537,460.808418,477.7217628,494.6351075,512.3845909,530.1340743,547.8835576,565.633041
BRT,PMT,Excelsior,0,0,0,0,0,0,0,0,0
BRT,PMT,Fort Snelling UT,0,0,0,0,0,0,0,0,0
BRT,PMT,Golden Valley,387.7661282,391.0527542,393.2438382,395.8428586,398.4418789,401.1693861,403.8968933,406.6244004,409.3519076
BRT,PMT,Greenfield,0,0,0,0,0,0,0,0,0
BRT,PMT,Greenwood,0,0,0,0,0,0,0,0,0
BRT,PMT,Hanover,0,0,0,0,0,0,0,0,0
BRT,PMT,Hopkins,0,0,0,0,0,0,0,0,0
BRT,PMT,Independence,0,0,0,0,0,0,0,0,0
BRT,PMT,Long Lake,0,0,0,0,0,0,0,0,0
BRT,PMT,Loretto,0,0,0,0,0,0,0,0,0
BRT,PMT,Maple Grove,0,0,0,0,0,0,0,0,0
BRT,PMT,Maple Plain,0,0,0,0,0,0,0,0,0
BRT,PMT,Medicine Lake,0,0,0,0,0,0,0,0,0
BRT,PMT,Medina,0,0,0,0,0,0,0,0,0
BRT,PMT,Minneapolis,5000.116799,5126.034644,5209.979874,5309.554041,5409.128208,5513.624985,5618.121763,5722.61854,5827.115317
BRT,PMT,Minnetonka,130.2161418,125.8348791,122.9140373,119.4493927,115.984748,112.3488231,108.7128981,105.0769732,101.4410482
BRT,PMT,Minnetonka Beach,0,0,0,0,0,0,0,0,0
BRT,PMT,Minnetrista,0,0,0,0,0,0,0,0,0
BRT,PMT,Mound,0,0,0,0,0,0,0,0,0
BRT,PMT,New Hope,975.0652421,954.9042448,941.4635799,925.5205298,909.5774796,892.846259,876.1150384,859.3838178,842.6525972
BRT,PMT,Orono,0,0,0,0,0,0,0,0,0
BRT,PMT,Osseo,0,0,0,0,0,0,0,0,0
BRT,PMT,Plymouth,0,0,0,0,0,0,0,0,0
BRT,PMT,Richfield,70.69568562,77.47205021,81.98962661,87.34828612,92.70694564,98.33051917,103.9540927,109.5776662,115.2012398
BRT,PMT,Robbinsdale,0,0,0,0,0,0,0,0,0
BRT,PMT,Rockford,0,0,0,0,0,0,0,0,0
BRT,PMT,Rogers,0,0,0,0,0,0,0,0,0
BRT,PMT,St. Anthony,0,0,0,0,0,0,0,0,0
BRT,PMT,St. Bonifacius,0,0,0,0,0,0,0,0,0
BRT,PMT,St. Louis Park,139.536001,147.9420224,153.5460366,160.1934072,166.8407777,173.8167718,180.7927658,187.7687599,194.744754
BRT,PMT,Shorewood,0,0,0,0,0,0,0,0,0
BRT,PMT,Spring Park,0,0,0,0,0,0,0,0,0
BRT,PMT,Tonka Bay,0,0,0,0,0,0,0,0,0
BRT,PMT,Wayzata,0,0,0,0,0,0,0,0,0
BRT,PMT,Woodland,0,0,0,0,0,0,0,0,0
BRT,PMT,Arden Hills,0,0,0,0,0,0,0,0,0
BRT,PMT,Blaine,0,0,0,0,0,0,0,0,0
BRT,PMT,Falcon Heights,187.9897514,211.5294314,227.2225514,245.8374191,264.4522868,283.9874107,303.5225345,323.0576584,342.5927822
BRT,PMT,Gem Lake,0,0,0,0,0,0,0,0,0
BRT,PMT,Lauderdale,0,0,0,0,0,0,0,0,0
BRT,PMT,Little Canada,0,0,0,0,0,0,0,0,0
BRT,PMT,Maplewood,0,0,0,0,0,0,0,0,0
BRT,PMT,Mounds View,0,0,0,0,0,0,0,0,0
BRT,PMT,New Brighton,0,0,0,0,0,0,0,0,0
BRT,PMT,North Oaks,0,0,0,0,0,0,0,0,0
BRT,PMT,North St. Paul,0,0,0,0,0,0,0,0,0
BRT,PMT,Roseville,2119.549266,2239.313884,2319.156963,2413.865239,2508.573515,2607.963848,2707.354181,2806.744514,2906.134848
BRT,PMT,St. Anthony,0,0,0,0,0,0,0,0,0
BRT,PMT,St. Paul,5284.25395,5689.923606,5960.370044,6281.168245,6601.966445,6938.623825,7275.281204,7611.938583,7948.595962
BRT,PMT,Shoreview,0,0,0,0,0,0,0,0,0
BRT,PMT,Spring Lake Park,0,0,0,0,0,0,0,0,0
BRT,PMT,Vadnais Heights,0,0,0,0,0,0,0,0,0
BRT,PMT,White Bear Twp.,0,0,0,0,0,0,0,0,0
BRT,PMT,White Bear Lake,0,0,0,0,0,0,0,0,0
BRT,PMT,Belle Plaine,0,0,0,0,0,0,0,0,0
BRT,PMT,Belle Plaine Twp.,0,0,0,0,0,0,0,0,0
BRT,PMT,Blakeley Twp.,0,0,0,0,0,0,0,0,0
BRT,PMT,Cedar Lake Twp.,0,0,0,0,0,0,0,0,0
BRT,PMT,Credit River Twp.,0,0,0,0,0,0,0,0,0
BRT,PMT,Elko New Market,0,0,0,0,0,0,0,0,0
BRT,PMT,Helena Twp.,0,0,0,0,0,0,0,0,0
BRT,PMT,Jackson Twp.,0,0,0,0,0,0,0,0,0
BRT,PMT,Jordan,0,0,0,0,0,0,0,0,0
BRT,PMT,Louisville Twp.,0,0,0,0,0,0,0,0,0
BRT,PMT,New Market Twp.,0,0,0,0,0,0,0,0,0
BRT,PMT,New Prague,0,0,0,0,0,0,0,0,0
BRT,PMT,Prior Lake,0,0,0,0,0,0,0,0,0
BRT,PMT,St. Lawrence Twp.,0,0,0,0,0,0,0,0,0
BRT,PMT,Sand Creek Twp.,0,0,0,0,0,0,0,0,0
BRT,PMT,Savage,0,0,0,0,0,0,0,0,0
BRT,PMT,Shakopee,0,0,0,0,0,0,0,0,0
BRT,PMT,Spring Lake Twp.,0,0,0,0,0,0,0,0,0
BRT,PMT,Afton,0,0,0,0,0,0,0,0,0
BRT,PMT,Bayport,0,0,0,0,0,0,0,0,0
BRT,PMT,Baytown Twp.,0,0,0,0,0,0,0,0,0
BRT,PMT,Birchwood Village,0,0,0,0,0,0,0,0,0
BRT,PMT,Cottage Grove,0,0,0,0,0,0,0,0,0
BRT,PMT,Dellwood,0,0,0,0,0,0,0,0,0
BRT,PMT,Denmark Twp.,0,0,0,0,0,0,0,0,0
BRT,PMT,Forest Lake,0,0,0,0,0,0,0,0,0
BRT,PMT,Grant,0,0,0,0,0,0,0,0,0
BRT,PMT,Grey Cloud Island Twp.,0,0,0,0,0,0,0,0,0
BRT,PMT,Hastings,0,0,0,0,0,0,0,0,0
BRT,PMT,Hugo,0,0,0,0,0,0,0,0,0
BRT,PMT,Lake Elmo,0,0,0,0,0,0,0,0,0
BRT,PMT,Lakeland,0,0,0,0,0,0,0,0,0
BRT,PMT,Lakeland Shores,0,0,0,0,0,0,0,0,0
BRT,PMT,Lake St. Croix Beach,0,0,0,0,0,0,0,0,0
BRT,PMT,Landfall,0,0,0,0,0,0,0,0,0
BRT,PMT,Mahtomedi,0,0,0,0,0,0,0,0,0
BRT,PMT,Marine on St. Croix,0,0,0,0,0,0,0,0,0
BRT,PMT,May Twp.,0,0,0,0,0,0,0,0,0
BRT,PMT,Newport,0,0,0,0,0,0,0,0,0
BRT,PMT,Oakdale,0,0,0,0,0,0,0,0,0
BRT,PMT,Oak Park Heights,0,0,0,0,0,0,0,0,0
BRT,PMT,Pine Springs,0,0,0,0,0,0,0,0,0
BRT,PMT,St. Marys Point,0,0,0,0,0,0,0,0,0
BRT,PMT,St. Paul Park,0,0,0,0,0,0,0,0,0
BRT,PMT,Scandia,0,0,0,0,0,0,0,0,0
BRT,PMT,Stillwater,0,0,0,0,0,0,0,0,0
BRT,PMT,Stillwater Twp.,0,0,0,0,0,0,0,0,0
BRT,PMT,West Lakeland Twp.,0,0,0,0,0,0,0,0,0
BRT,PMT,White Bear Lake,0,0,0,0,0,0,0,0,0
BRT,PMT,Willernie,0,0,0,0,0,0,0,0,0
BRT,PMT,Woodbury,0,0,0,0,0,0,0,0,0
RU,TotStock,Andover,100,100,100,100,100,100,100,100,100
RU,TotStock,Anoka,100,100,100,100,100,100,100,100,100
RU,TotStock,Bethel,100,100,100,100,100,100,100,100,100
RU,TotStock,Blaine,100,100,100,100,100,100,100,100,100
RU,TotStock,Centerville,100,100,100,100,100,100,100,100,100
RU,TotStock,Circle Pines,100,100,100,100,100,100,100,100,100
RU,TotStock,Columbia Heights,100,100,100,100,100,100,100,100,100
RU,TotStock,Columbus,100,100,100,100,100,100,100,100,100
RU,TotStock,Coon Rapids,100,100,100,100,100,100,100,100,100
RU,TotStock,East Bethel,100,100,100,100,100,100,100,100,100
RU,TotStock,Fridley,100,100,100,100,100,100,100,100,100
RU,TotStock,Ham Lake,100,100,100,100,100,100,100,100,100
RU,TotStock,Hilltop,100,100,100,100,100,100,100,100,100
RU,TotStock,Lexington,100,100,100,100,100,100,100,100,100
RU,TotStock,Lino Lakes,100,100,100,100,100,100,100,100,100
RU,TotStock,Linwood Twp.,100,100,100,100,100,100,100,100,100
RU,TotStock,Nowthen,100,100,100,100,100,100,100,100,100
RU,TotStock,Oak Grove,100,100,100,100,100,100,100,100,100
RU,TotStock,Ramsey,100,100,100,100,100,100,100,100,100
RU,TotStock,St. Francis,100,100,100,100,100,100,100,100,100
RU,TotStock,Spring Lake Park,100,100,100,100,100,100,100,100,100
RU,TotStock,Benton Twp.,100,100,100,100,100,100,100,100,100
RU,TotStock,Camden Twp.,100,100,100,100,100,100,100,100,100
RU,TotStock,Carver,100,100,100,100,100,100,100,100,100
RU,TotStock,Chanhassen,100,100,100,100,100,100,100,100,100
RU,TotStock,Chaska,100,100,100,100,100,100,100,100,100
RU,TotStock,Cologne,100,100,100,100,100,100,100,100,100
RU,TotStock,Dahlgren Twp.,100,100,100,100,100,100,100,100,100
RU,TotStock,Hamburg,100,100,100,100,100,100,100,100,100
RU,TotStock,Hancock Twp.,100,100,100,100,100,100,100,100,100
RU,TotStock,Hollywood Twp.,100,100,100,100,100,100,100,100,100
RU,TotStock,Laketown Twp.,100,100,100,100,100,100,100,100,100
RU,TotStock,Mayer,100,100,100,100,100,100,100,100,100
RU,TotStock,New Germany,100,100,100,100,100,100,100,100,100
RU,TotStock,Norwood Young America,100,100,100,100,100,100,100,100,100
RU,TotStock,San Francisco Twp.,100,100,100,100,100,100,100,100,100
RU,TotStock,Victoria,100,100,100,100,100,100,100,100,100
RU,TotStock,Waconia,100,100,100,100,100,100,100,100,100
RU,TotStock,Waconia Twp.,100,100,100,100,100,100,100,100,100
RU,TotStock,Watertown,100,100,100,100,100,100,100,100,100
RU,TotStock,Watertown Twp.,100,100,100,100,100,100,100,100,100
RU,TotStock,Young America Twp.,100,100,100,100,100,100,100,100,100
RU,TotStock,Apple Valley,100,100,100,100,100,100,100,100,100
RU,TotStock,Burnsville,100,100,100,100,100,100,100,100,100
RU,TotStock,Castle Rock Twp.,100,100,100,100,100,100,100,100,100
RU,TotStock,Coates,100,100,100,100,100,100,100,100,100
RU,TotStock,Douglas Twp.,100,100,100,100,100,100,100,100,100
RU,TotStock,Eagan,100,100,100,100,100,100,100,100,100
RU,TotStock,Empire Twp.,100,100,100,100,100,100,100,100,100
RU,TotStock,Eureka Twp.,100,100,100,100,100,100,100,100,100
RU,TotStock,Farmington,100,100,100,100,100,100,100,100,100
RU,TotStock,Greenvale Twp.,100,100,100,100,100,100,100,100,100
RU,TotStock,Hampton,100,100,100,100,100,100,100,100,100
RU,TotStock,Hampton Twp.,100,100,100,100,100,100,100,100,100
RU,TotStock,Hastings,100,100,100,100,100,100,100,100,100
RU,TotStock,Inver Grove Heights,100,100,100,100,100,100,100,100,100
RU,TotStock,Lakeville,100,100,100,100,100,100,100,100,100
RU,TotStock,Lilydale,100,100,100,100,100,100,100,100,100
RU,TotStock,Marshan Twp.,100,100,100,100,100,100,100,100,100
RU,TotStock,Mendota,100,100,100,100,100,100,100,100,100
RU,TotStock,Mendota Heights,100,100,100,100,100,100,100,100,100
RU,TotStock,Miesville,100,100,100,100,100,100,100,100,100
RU,TotStock,New Trier,100,100,100,100,100,100,100,100,100
RU,TotStock,Nininger Twp.,100,100,100,100,100,100,100,100,100
RU,TotStock,Northfield,100,100,100,100,100,100,100,100,100
RU,TotStock,Randolph,100,100,100,100,100,100,100,100,100
RU,TotStock,Randolph Twp.,100,100,100,100,100,100,100,100,100
RU,TotStock,Ravenna Twp.,100,100,100,100,100,100,100,100,100
RU,TotStock,Rosemount,100,100,100,100,100,100,100,100,100
RU,TotStock,Sciota Twp.,100,100,100,100,100,100,100,100,100
RU,TotStock,South St. Paul,100,100,100,100,100,100,100,100,100
RU,TotStock,Sunfish Lake,100,100,100,100,100,100,100,100,100
RU,TotStock,Vermillion,100,100,100,100,100,100,100,100,100
RU,TotStock,Vermillion Twp.,100,100,100,100,100,100,100,100,100
RU,TotStock,Waterford Twp.,100,100,100,100,100,100,100,100,100
RU,TotStock,West St. Paul,100,100,100,100,100,100,100,100,100
RU,TotStock,Bloomington,100,100,100,100,100,100,100,100,100
RU,TotStock,Brooklyn Center,100,100,100,100,100,100,100,100,100
RU,TotStock,Brooklyn Park,100,100,100,100,100,100,100,100,100
RU,TotStock,Champlin,100,100,100,100,100,100,100,100,100
RU,TotStock,Chanhassen,100,100,100,100,100,100,100,100,100
RU,TotStock,Corcoran,100,100,100,100,100,100,100,100,100
RU,TotStock,Crystal,100,100,100,100,100,100,100,100,100
RU,TotStock,Dayton,100,100,100,100,100,100,100,100,100
RU,TotStock,Deephaven,100,100,100,100,100,100,100,100,100
RU,TotStock,Eden Prairie,100,100,100,100,100,100,100,100,100
RU,TotStock,Edina,100,100,100,100,100,100,100,100,100
RU,TotStock,Excelsior,100,100,100,100,100,100,100,100,100
RU,TotStock,Fort Snelling UT,100,100,100,100,100,100,100,100,100
RU,TotStock,Golden Valley,100,100,100,100,100,100,100,100,100
RU,TotStock,Greenfield,100,100,100,100,100,100,100,100,100
RU,TotStock,Greenwood,100,100,100,100,100,100,100,100,100
RU,TotStock,Hanover,100,100,100,100,100,100,100,100,100
RU,TotStock,Hopkins,100,100,100,100,100,100,100,100,100
RU,TotStock,Independence,100,100,100,100,100,100,100,100,100
RU,TotStock,Long Lake,100,100,100,100,100,100,100,100,100
RU,TotStock,Loretto,100,100,100,100,100,100,100,100,100
RU,TotStock,Maple Grove,100,100,100,100,100,100,100,100,100
RU,TotStock,Maple Plain,100,100,100,100,100,100,100,100,100
RU,TotStock,Medicine Lake,100,100,100,100,100,100,100,100,100
RU,TotStock,Medina,100,100,100,100,100,100,100,100,100
RU,TotStock,Minneapolis,100,100,100,100,100,100,100,100,100
RU,TotStock,Minnetonka,100,100,100,100,100,100,100,100,100
RU,TotStock,Minnetonka Beach,100,100,100,100,100,100,100,100,100
RU,TotStock,Minnetrista,100,100,100,100,100,100,100,100,100
RU,TotStock,Mound,100,100,100,100,100,100,100,100,100
RU,TotStock,New Hope,100,100,100,100,100,100,100,100,100
RU,TotStock,Orono,100,100,100,100,100,100,100,100,100
RU,TotStock,Osseo,100,100,100,100,100,100,100,100,100
RU,TotStock,Plymouth,100,100,100,100,100,100,100,100,100
RU,TotStock,Richfield,100,100,100,100,100,100,100,100,100
RU,TotStock,Robbinsdale,100,100,100,100,100,100,100,100,100
RU,TotStock,Rockford,100,100,100,100,100,100,100,100,100
RU,TotStock,Rogers,100,100,100,100,100,100,100,100,100
RU,TotStock,St. Anthony,100,100,100,100,100,100,100,100,100
RU,TotStock,St. Bonifacius,100,100,100,100,100,100,100,100,100
RU,TotStock,St. Louis Park,100,100,100,100,100,100,100,100,100
RU,TotStock,Shorewood,100,100,100,100,100,100,100,100,100
RU,TotStock,Spring Park,100,100,100,100,100,100,100,100,100
RU,TotStock,Tonka Bay,100,100,100,100,100,100,100,100,100
RU,TotStock,Wayzata,100,100,100,100,100,100,100,100,100
RU,TotStock,Woodland,100,100,100,100,100,100,100,100,100
RU,TotStock,Arden Hills,100,100,100,100,100,100,100,100,100
RU,TotStock,Blaine,100,100,100,100,100,100,100,100,100
RU,TotStock,Falcon Heights,100,100,100,100,100,100,100,100,100
RU,TotStock,Gem Lake,100,100,100,100,100,100,100,100,100
RU,TotStock,Lauderdale,100,100,100,100,100,100,100,100,100
RU,TotStock,Little Canada,100,100,100,100,100,100,100,100,100
RU,TotStock,Maplewood,100,100,100,100,100,100,100,100,100
RU,TotStock,Mounds View,100,100,100,100,100,100,100,100,100
RU,TotStock,New Brighton,100,100,100,100,100,100,100,100,100
RU,TotStock,North Oaks,100,100,100,100,100,100,100,100,100
RU,TotStock,North St. Paul,100,100,100,100,100,100,100,100,100
RU,TotStock,Roseville,100,100,100,100,100,100,100,100,100
RU,TotStock,St. Anthony,100,100,100,100,100,100,100,100,100
RU,TotStock,St. Paul,100,100,100,100,100,100,100,100,100
RU,TotStock,Shoreview,100,100,100,100,100,100,100,100,100
RU,TotStock,Spring Lake Park,100,100,100,100,100,100,100,100,100
RU,TotStock,Vadnais Heights,100,100,100,100,100,100,100,100,100
RU,TotStock,White Bear Twp.,100,100,100,100,100,100,100,100,100
RU,TotStock,White Bear Lake,100,100,100,100,100,100,100,100,100
RU,TotStock,Belle Plaine,100,100,100,100,100,100,100,100,100
RU,TotStock,Belle Plaine Twp.,100,100,100,100,100,100,100,100,100
RU,TotStock,Blakeley Twp.,100,100,100,100,100,100,100,100,100
RU,TotStock,Cedar Lake Twp.,100,100,100,100,100,100,100,100,100
RU,TotStock,Credit River Twp.,100,100,100,100,100,100,100,100,100
RU,TotStock,Elko New Market,100,100,100,100,100,100,100,100,100
RU,TotStock,Helena Twp.,100,100,100,100,100,100,100,100,100
RU,TotStock,Jackson Twp.,100,100,100,100,100,100,100,100,100
RU,TotStock,Jordan,100,100,100,100,100,100,100,100,100
RU,TotStock,Louisville Twp.,100,100,100,100,100,100,100,100,100
RU,TotStock,New Market Twp.,100,100,100,100,100,100,100,100,100
RU,TotStock,New Prague,100,100,100,100,100,100,100,100,100
RU,TotStock,Prior Lake,100,100,100,100,100,100,100,100,100
RU,TotStock,St. Lawrence Twp.,100,100,100,100,100,100,100,100,100
RU,TotStock,Sand Creek Twp.,100,100,100,100,100,100,100,100,100
RU,TotStock,Savage,100,100,100,100,100,100,100,100,100
RU,TotStock,Shakopee,100,100,100,100,100,100,100,100,100
RU,TotStock,Spring Lake Twp.,100,100,100,100,100,100,100,100,100
RU,TotStock,Afton,100,100,100,100,100,100,100,100,100
RU,TotStock,Bayport,100,100,100,100,100,100,100,100,100
RU,TotStock,Baytown Twp.,100,100,100,100,100,100,100,100,100
RU,TotStock,Birchwood Village,100,100,100,100,100,100,100,100,100
RU,TotStock,Cottage Grove,100,100,100,100,100,100,100,100,100
RU,TotStock,Dellwood,100,100,100,100,100,100,100,100,100
RU,TotStock,Denmark Twp.,100,100,100,100,100,100,100,100,100
RU,TotStock,Forest Lake,100,100,100,100,100,100,100,100,100
RU,TotStock,Grant,100,100,100,100,100,100,100,100,100
RU,TotStock,Grey Cloud Island Twp.,100,100,100,100,100,100,100,100,100
RU,TotStock,Hastings,100,100,100,100,100,100,100,100,100
RU,TotStock,Hugo,100,100,100,100,100,100,100,100,100
RU,TotStock,Lake Elmo,100,100,100,100,100,100,100,100,100
RU,TotStock,Lakeland,100,100,100,100,100,100,100,100,100
RU,TotStock,Lakeland Shores,100,100,100,100,100,100,100,100,100
RU,TotStock,Lake St. Croix Beach,100,100,100,100,100,100,100,100,100
RU,TotStock,Landfall,100,100,100,100,100,100,100,100,100
RU,TotStock,Mahtomedi,100,100,100,100,100,100,100,100,100
RU,TotStock,Marine on St. Croix,100,100,100,100,100,100,100,100,100
RU,TotStock,May Twp.,100,100,100,100,100,100,100,100,100
RU,TotStock,Newport,100,100,100,100,100,100,100,100,100
RU,TotStock,Oakdale,100,100,100,100,100,100,100,100,100
RU,TotStock,Oak Park Heights,100,100,100,100,100,100,100,100,100
RU,TotStock,Pine Springs,100,100,100,100,100,100,100,100,100
RU,TotStock,St. Marys Point,100,100,100,100,100,100,100,100,100
RU,TotStock,St. Paul Park,100,100,100,100,100,100,100,100,100
RU,TotStock,Scandia,100,100,100,100,100,100,100,100,100
RU,TotStock,Stillwater,100,100,100,100,100,100,100,100,100
RU,TotStock,Stillwater Twp.,100,100,100,100,100,100,100,100,100
RU,TotStock,West Lakeland Twp.,100,100,100,100,100,100,100,100,100
RU,TotStock,White Bear Lake,100,100,100,100,100,100,100,100,100
RU,TotStock,Willernie,100,100,100,100,100,100,100,100,100
RU,TotStock,Woodbury,100,100,100,100,100,100,100,100,100
RU,EVStock,Andover,100,100,100,100,100,100,100,100,100
RU,EVStock,Anoka,100,100,100,100,100,100,100,100,100
RU,EVStock,Bethel,100,100,100,100,100,100,100,100,100
RU,EVStock,Blaine,100,100,100,100,100,100,100,100,100
RU,EVStock,Centerville,100,100,100,100,100,100,100,100,100
RU,EVStock,Circle Pines,100,100,100,100,100,100,100,100,100
RU,EVStock,Columbia Heights,100,100,100,100,100,100,100,100,100
RU,EVStock,Columbus,100,100,100,100,100,100,100,100,100
RU,EVStock,Coon Rapids,100,100,100,100,100,100,100,100,100
RU,EVStock,East Bethel,100,100,100,100,100,100,100,100,100
RU,EVStock,Fridley,100,100,100,100,100,100,100,100,100
RU,EVStock,Ham Lake,100,100,100,100,100,100,100,100,100
RU,EVStock,Hilltop,100,100,100,100,100,100,100,100,100
RU,EVStock,Lexington,100,100,100,100,100,100,100,100,100
RU,EVStock,Lino Lakes,100,100,100,100,100,100,100,100,100
RU,EVStock,Linwood Twp.,100,100,100,100,100,100,100,100,100
RU,EVStock,Nowthen,100,100,100,100,100,100,100,100,100
RU,EVStock,Oak Grove,100,100,100,100,100,100,100,100,100
RU,EVStock,Ramsey,100,100,100,100,100,100,100,100,100
RU,EVStock,St. Francis,100,100,100,100,100,100,100,100,100
RU,EVStock,Spring Lake Park,100,100,100,100,100,100,100,100,100
RU,EVStock,Benton Twp.,100,100,100,100,100,100,100,100,100
RU,EVStock,Camden Twp.,100,100,100,100,100,100,100,100,100
RU,EVStock,Carver,100,100,100,100,100,100,100,100,100
RU,EVStock,Chanhassen,100,100,100,100,100,100,100,100,100
RU,EVStock,Chaska,100,100,100,100,100,100,100,100,100
RU,EVStock,Cologne,100,100,100,100,100,100,100,100,100
RU,EVStock,Dahlgren Twp.,100,100,100,100,100,100,100,100,100
RU,EVStock,Hamburg,100,100,100,100,100,100,100,100,100
RU,EVStock,Hancock Twp.,100,100,100,100,100,100,100,100,100
RU,EVStock,Hollywood Twp.,100,100,100,100,100,100,100,100,100
RU,EVStock,Laketown Twp.,100,100,100,100,100,100,100,100,100
RU,EVStock,Mayer,100,100,100,100,100,100,100,100,100
RU,EVStock,New Germany,100,100,100,100,100,100,100,100,100
RU,EVStock,Norwood Young America,100,100,100,100,100,100,100,100,100
RU,EVStock,San Francisco Twp.,100,100,100,100,100,100,100,100,100
RU,EVStock,Victoria,100,100,100,100,100,100,100,100,100
RU,EVStock,Waconia,100,100,100,100,100,100,100,100,100
RU,EVStock,Waconia Twp.,100,100,100,100,100,100,100,100,100
RU,EVStock,Watertown,100,100,100,100,100,100,100,100,100
RU,EVStock,Watertown Twp.,100,100,100,100,100,100,100,100,100
RU,EVStock,Young America Twp.,100,100,100,100,100,100,100,100,100
RU,EVStock,Apple Valley,100,100,100,100,100,100,100,100,100
RU,EVStock,Burnsville,100,100,100,100,100,100,100,100,100
RU,EVStock,Castle Rock Twp.,100,100,100,100,100,100,100,100,100
RU,EVStock,Coates,100,100,100,100,100,100,100,100,100
RU,EVStock,Douglas Twp.,100,100,100,100,100,100,100,100,100
RU,EVStock,Eagan,100,100,100,100,100,100,100,100,100
RU,EVStock,Empire Twp.,100,100,100,100,100,100,100,100,100
RU,EVStock,Eureka Twp.,100,100,100,100,100,100,100,100,100
RU,EVStock,Farmington,100,100,100,100,100,100,100,100,100
RU,EVStock,Greenvale Twp.,100,100,100,100,100,100,100,100,100
RU,EVStock,Hampton,100,100,100,100,100,100,100,100,100
RU,EVStock,Hampton Twp.,100,100,100,100,100,100,100,100,100
RU,EVStock,Hastings,100,100,100,100,100,100,100,100,100
RU,EVStock,Inver Grove Heights,100,100,100,100,100,100,100,100,100
RU,EVStock,Lakeville,100,100,100,100,100,100,100,100,100
RU,EVStock,Lilydale,100,100,100,100,100,100,100,100,100
RU,EVStock,Marshan Twp.,100,100,100,100,100,100,100,100,100
RU,EVStock,Mendota,100,100,100,100,100,100,100,100,100
RU,EVStock,Mendota Heights,100,100,100,100,100,100,100,100,100
RU,EVStock,Miesville,100,100,100,100,100,100,100,100,100
RU,EVStock,New Trier,100,100,100,100,100,100,100,100,100
RU,EVStock,Nininger Twp.,100,100,100,100,100,100,100,100,100
RU,EVStock,Northfield,100,100,100,100,100,100,100,100,100
RU,EVStock,Randolph,100,100,100,100,100,100,100,100,100
RU,EVStock,Randolph Twp.,100,100,100,100,100,100,100,100,100
RU,EVStock,Ravenna Twp.,100,100,100,100,100,100,100,100,100
RU,EVStock,Rosemount,100,100,100,100,100,100,100,100,100
RU,EVStock,Sciota Twp.,100,100,100,100,100,100,100,100,100
RU,EVStock,South St. Paul,100,100,100,100,100,100,100,100,100
RU,EVStock,Sunfish Lake,100,100,100,100,100,100,100,100,100
RU,EVStock,Vermillion,100,100,100,100,100,100,100,100,100
RU,EVStock,Vermillion Twp.,100,100,100,100,100,100,100,100,100
RU,EVStock,Waterford Twp.,100,100,100,100,100,100,100,100,100
RU,EVStock,West St. Paul,100,100,100,100,100,100,100,100,100
RU,EVStock,Bloomington,100,100,100,100,100,100,100,100,100
RU,EVStock,Brooklyn Center,100,100,100,100,100,100,100,100,100
RU,EVStock,Brooklyn Park,100,100,100,100,100,100,100,100,100
RU,EVStock,Champlin,100,100,100,100,100,100,100,100,100
RU,EVStock,Chanhassen,100,100,100,100,100,100,100,100,100
RU,EVStock,Corcoran,100,100,100,100,100,100,100,100,100
RU,EVStock,Crystal,100,100,100,100,100,100,100,100,100
RU,EVStock,Dayton,100,100,100,100,100,100,100,100,100
RU,EVStock,Deephaven,100,100,100,100,100,100,100,100,100
RU,EVStock,Eden Prairie,100,100,100,100,100,100,100,100,100
RU,EVStock,Edina,100,100,100,100,100,100,100,100,100
RU,EVStock,Excelsior,100,100,100,100,100,100,100,100,100
RU,EVStock,Fort Snelling UT,100,100,100,100,100,100,100,100,100
RU,EVStock,Golden Valley,100,100,100,100,100,100,100,100,100
RU,EVStock,Greenfield,100,100,100,100,100,100,100,100,100
RU,EVStock,Greenwood,100,100,100,100,100,100,100,100,100
RU,EVStock,Hanover,100,100,100,100,100,100,100,100,100
RU,EVStock,Hopkins,100,100,100,100,100,100,100,100,100
RU,EVStock,Independence,100,100,100,100,100,100,100,100,100
RU,EVStock,Long Lake,100,100,100,100,100,100,100,100,100
RU,EVStock,Loretto,100,100,100,100,100,100,100,100,100
RU,EVStock,Maple Grove,100,100,100,100,100,100,100,100,100
RU,EVStock,Maple Plain,100,100,100,100,100,100,100,100,100
RU,EVStock,Medicine Lake,100,100,100,100,100,100,100,100,100
RU,EVStock,Medina,100,100,100,100,100,100,100,100,100
RU,EVStock,Minneapolis,100,100,100,100,100,100,100,100,100
RU,EVStock,Minnetonka,100,100,100,100,100,100,100,100,100
RU,EVStock,Minnetonka Beach,100,100,100,100,100,100,100,100,100
RU,EVStock,Minnetrista,100,100,100,100,100,100,100,100,100
RU,EVStock,Mound,100,100,100,100,100,100,100,100,100
RU,EVStock,New Hope,100,100,100,100,100,100,100,100,100
RU,EVStock,Orono,100,100,100,100,100,100,100,100,100
RU,EVStock,Osseo,100,100,100,100,100,100,100,100,100
RU,EVStock,Plymouth,100,100,100,100,100,100,100,100,100
RU,EVStock,Richfield,100,100,100,100,100,100,100,100,100
RU,EVStock,Robbinsdale,100,100,100,100,100,100,100,100,100
RU,EVStock,Rockford,100,100,100,100,100,100,100,100,100
RU,EVStock,Rogers,100,100,100,100,100,100,100,100,100
RU,EVStock,St. Anthony,100,100,100,100,100,100,100,100,100
RU,EVStock,St. Bonifacius,100,100,100,100,100,100,100,100,100
RU,EVStock,St. Louis Park,100,100,100,100,100,100,100,100,100
RU,EVStock,Shorewood,100,100,100,100,100,100,100,100,100
RU,EVStock,Spring Park,100,100,100,100,100,100,100,100,100
RU,EVStock,Tonka Bay,100,100,100,100,100,100,100,100,100
RU,EVStock,Wayzata,100,100,100,100,100,100,100,100,100
RU,EVStock,Woodland,100,100,100,100,100,100,100,100,100
RU,EVStock,Arden Hills,100,100,100,100,100,100,100,100,100
RU,EVStock,Blaine,100,100,100,100,100,100,100,100,100
RU,EVStock,Falcon Heights,100,100,100,100,100,100,100,100,100
RU,EVStock,Gem Lake,100,100,100,100,100,100,100,100,100
RU,EVStock,Lauderdale,100,100,100,100,100,100,100,100,100
RU,EVStock,Little Canada,100,100,100,100,100,100,100,100,100
RU,EVStock,Maplewood,100,100,100,100,100,100,100,100,100
RU,EVStock,Mounds View,100,100,100,100,100,100,100,100,100
RU,EVStock,New Brighton,100,100,100,100,100,100,100,100,100
RU,EVStock,North Oaks,100,100,100,100,100,100,100,100,100
RU,EVStock,North St. Paul,100,100,100,100,100,100,100,100,100
RU,EVStock,Roseville,100,100,100,100,100,100,100,100,100
RU,EVStock,St. Anthony,100,100,100,100,100,100,100,100,100
RU,EVStock,St. Paul,100,100,100,100,100,100,100,100,100
RU,EVStock,Shoreview,100,100,100,100,100,100,100,100,100
RU,EVStock,Spring Lake Park,100,100,100,100,100,100,100,100,100
RU,EVStock,Vadnais Heights,100,100,100,100,100,100,100,100,100
RU,EVStock,White Bear Twp.,100,100,100,100,100,100,100,100,100
RU,EVStock,White Bear Lake,100,100,100,100,100,100,100,100,100
RU,EVStock,Belle Plaine,100,100,100,100,100,100,100,100,100
RU,EVStock,Belle Plaine Twp.,100,100,100,100,100,100,100,100,100
RU,EVStock,Blakeley Twp.,100,100,100,100,100,100,100,100,100
RU,EVStock,Cedar Lake Twp.,100,100,100,100,100,100,100,100,100
RU,EVStock,Credit River Twp.,100,100,100,100,100,100,100,100,100
RU,EVStock,Elko New Market,100,100,100,100,100,100,100,100,100
RU,EVStock,Helena Twp.,100,100,100,100,100,100,100,100,100
RU,EVStock,Jackson Twp.,100,100,100,100,100,100,100,100,100
RU,EVStock,Jordan,100,100,100,100,100,100,100,100,100
RU,EVStock,Louisville Twp.,100,100,100,100,100,100,100,100,100
RU,EVStock,New Market Twp.,100,100,100,100,100,100,100,100,100
RU,EVStock,New Prague,100,100,100,100,100,100,100,100,100
RU,EVStock,Prior Lake,100,100,100,100,100,100,100,100,100
RU,EVStock,St. Lawrence Twp.,100,100,100,100,100,100,100,100,100
RU,EVStock,Sand Creek Twp.,100,100,100,100,100,100,100,100,100
RU,EVStock,Savage,100,100,100,100,100,100,100,100,100
RU,EVStock,Shakopee,100,100,100,100,100,100,100,100,100
RU,EVStock,Spring Lake Twp.,100,100,100,100,100,100,100,100,100
RU,EVStock,Afton,100,100,100,100,100,100,100,100,100
RU,EVStock,Bayport,100,100,100,100,100,100,100,100,100
RU,EVStock,Baytown Twp.,100,100,100,100,100,100,100,100,100
RU,EVStock,Birchwood Village,100,100,100,100,100,100,100,100,100
RU,EVStock,Cottage Grove,100,100,100,100,100,100,100,100,100
RU,EVStock,Dellwood,100,100,100,100,100,100,100,100,100
RU,EVStock,Denmark Twp.,100,100,100,100,100,100,100,100,100
RU,EVStock,Forest Lake,100,100,100,100,100,100,100,100,100
RU,EVStock,Grant,100,100,100,100,100,100,100,100,100
RU,EVStock,Grey Cloud Island Twp.,100,100,100,100,100,100,100,100,100
RU,EVStock,Hastings,100,100,100,100,100,100,100,100,100
RU,EVStock,Hugo,100,100,100,100,100,100,100,100,100
RU,EVStock,Lake Elmo,100,100,100,100,100,100,100,100,100
RU,EVStock,Lakeland,100,100,100,100,100,100,100,100,100
RU,EVStock,Lakeland Shores,100,100,100,100,100,100,100,100,100
RU,EVStock,Lake St. Croix Beach,100,100,100,100,100,100,100,100,100
RU,EVStock,Landfall,100,100,100,100,100,100,100,100,100
RU,EVStock,Mahtomedi,100,100,100,100,100,100,100,100,100
RU,EVStock,Marine on St. Croix,100,100,100,100,100,100,100,100,100
RU,EVStock,May Twp.,100,100,100,100,100,100,100,100,100
RU,EVStock,Newport,100,100,100,100,100,100,100,100,100
RU,EVStock,Oakdale,100,100,100,100,100,100,100,100,100
RU,EVStock,Oak Park Heights,100,100,100,100,100,100,100,100,100
RU,EVStock,Pine Springs,100,100,100,100,100,100,100,100,100
RU,EVStock,St. Marys Point,100,100,100,100,100,100,100,100,100
RU,EVStock,St. Paul Park,100,100,100,100,100,100,100,100,100
RU,EVStock,Scandia,100,100,100,100,100,100,100,100,100
RU,EVStock,Stillwater,100,100,100,100,100,100,100,100,100
RU,EVStock,Stillwater Twp.,100,100,100,100,100,100,100,100,100
RU,EVStock,West Lakeland Twp.,100,100,100,100,100,100,100,100,100
RU,EVStock,White Bear Lake,100,100,100,100,100,100,100,100,100
RU,EVStock,Willernie,100,100,100,100,100,100,100,100,100
RU,EVStock,Woodbury,100,100,100,100,100,100,100,100,100
RU,PMT,Andover,0,0,0,0,0,0,0,0,0
RU,PMT,Anoka,0,0,0,0,0,0,0,0,0
RU,PMT,Bethel,0,0,0,0,0,0,0,0,0
RU,PMT,Blaine,0,0,0,0,0,0,0,0,0
RU,PMT,Centerville,0,0,0,0,0,0,0,0,0
RU,PMT,Circle Pines,0,0,0,0,0,0,0,0,0
RU,PMT,Columbia Heights,0,0,0,0,0,0,0,0,0
RU,PMT,Columbus,0,0,0,0,0,0,0,0,0
RU,PMT,Coon Rapids,282.9501058,261.5607269,247.3011409,230.3867029,213.4722648,195.7216342,177.9710035,160.2203728,142.4697422
RU,PMT,East Bethel,0,0,0,0,0,0,0,0,0
RU,PMT,Fridley,115.3051061,113.6743652,112.5872046,111.2976363,110.0080679,108.6547477,107.3014274,105.9481072,104.5947869
RU,PMT,Ham Lake,0,0,0,0,0,0,0,0,0
RU,PMT,Hilltop,0,0,0,0,0,0,0,0,0
RU,PMT,Lexington,0,0,0,0,0,0,0,0,0
RU,PMT,Lino Lakes,0,0,0,0,0,0,0,0,0
RU,PMT,Linwood Twp.,0,0,0,0,0,0,0,0,0
RU,PMT,Nowthen,0,0,0,0,0,0,0,0,0
RU,PMT,Oak Grove,0,0,0,0,0,0,0,0,0
RU,PMT,Ramsey,0,0,0,0,0,0,0,0,0
RU,PMT,St. Francis,0,0,0,0,0,0,0,0,0
RU,PMT,Spring Lake Park,0,0,0,0,0,0,0,0,0
RU,PMT,Benton Twp.,0,0,0,0,0,0,0,0,0
RU,PMT,Camden Twp.,0,0,0,0,0,0,0,0,0
RU,PMT,Carver,0,0,0,0,0,0,0,0,0
RU,PMT,Chanhassen,0,0,0,0,0,0,0,0,0
RU,PMT,Chaska,0,0,0,0,0,0,0,0,0
RU,PMT,Cologne,0,0,0,0,0,0,0,0,0
RU,PMT,Dahlgren Twp.,0,0,0,0,0,0,0,0,0
RU,PMT,Hamburg,0,0,0,0,0,0,0,0,0
RU,PMT,Hancock Twp.,0,0,0,0,0,0,0,0,0
RU,PMT,Hollywood Twp.,0,0,0,0,0,0,0,0,0
RU,PMT,Laketown Twp.,0,0,0,0,0,0,0,0,0
RU,PMT,Mayer,0,0,0,0,0,0,0,0,0
RU,PMT,New Germany,0,0,0,0,0,0,0,0,0
RU,PMT,Norwood Young America,0,0,0,0,0,0,0,0,0
RU,PMT,San Francisco Twp.,0,0,0,0,0,0,0,0,0
RU,PMT,Victoria,0,0,0,0,0,0,0,0,0
RU,PMT,Waconia,0,0,0,0,0,0,0,0,0
RU,PMT,Waconia Twp.,0,0,0,0,0,0,0,0,0
RU,PMT,Watertown,0,0,0,0,0,0,0,0,0
RU,PMT,Watertown Twp.,0,0,0,0,0,0,0,0,0
RU,PMT,Young America Twp.,0,0,0,0,0,0,0,0,0
RU,PMT,Apple Valley,0,0,0,0,0,0,0,0,0
RU,PMT,Burnsville,0,0,0,0,0,0,0,0,0
RU,PMT,Castle Rock Twp.,0,0,0,0,0,0,0,0,0
RU,PMT,Coates,0,0,0,0,0,0,0,0,0
RU,PMT,Douglas Twp.,0,0,0,0,0,0,0,0,0
RU,PMT,Eagan,1433.320202,1410.603007,1395.45821,1377.493753,1359.529295,1340.676736,1321.824176,1302.971617,1284.119057
RU,PMT,Empire Twp.,0,0,0,0,0,0,0,0,0
RU,PMT,Eureka Twp.,0,0,0,0,0,0,0,0,0
RU,PMT,Farmington,378.0491746,378.9525468,379.5547949,380.2691696,380.9835444,381.7332354,382.4829265,383.2326175,383.9823085
RU,PMT,Greenvale Twp.,0,0,0,0,0,0,0,0,0
RU,PMT,Hampton,0,0,0,0,0,0,0,0,0
RU,PMT,Hampton Twp.,0,0,0,0,0,0,0,0,0
RU,PMT,Hastings,0,0,0,0,0,0,0,0,0
RU,PMT,Inver Grove Heights,0,0,0,0,0,0,0,0,0
RU,PMT,Lakeville,34.80110506,34.4361201,34.1927968,33.90417152,33.61554624,33.31265231,33.00975837,32.70686443,32.4039705
RU,PMT,Lilydale,0,0,0,0,0,0,0,0,0
RU,PMT,Marshan Twp.,0,0,0,0,0,0,0,0,0
RU,PMT,Mendota,0,0,0,0,0,0,0,0,0
RU,PMT,Mendota Heights,0,0,0,0,0,0,0,0,0
RU,PMT,Miesville,0,0,0,0,0,0,0,0,0
RU,PMT,New Trier,0,0,0,0,0,0,0,0,0
RU,PMT,Nininger Twp.,0,0,0,0,0,0,0,0,0
RU,PMT,Northfield,0,0,0,0,0,0,0,0,0
RU,PMT,Randolph,0,0,0,0,0,0,0,0,0
RU,PMT,Randolph Twp.,0,0,0,0,0,0,0,0,0
RU,PMT,Ravenna Twp.,0,0,0,0,0,0,0,0,0
RU,PMT,Rosemount,520.7764573,528.1021488,532.9859432,538.7790033,544.5720633,550.6515126,556.730962,562.8104113,568.8898606
RU,PMT,Sciota Twp.,0,0,0,0,0,0,0,0,0
RU,PMT,South St. Paul,3284.14951,3328.800908,3358.568506,3393.878241,3429.187976,3466.243305,3503.298634,3540.353962,3577.409291
RU,PMT,Sunfish Lake,0,0,0,0,0,0,0,0,0
RU,PMT,Vermillion,0,0,0,0,0,0,0,0,0
RU,PMT,Vermillion Twp.,0,0,0,0,0,0,0,0,0
RU,PMT,Waterford Twp.,0,0,0,0,0,0,0,0,0
RU,PMT,West St. Paul,155.846332,162.6438289,167.1754935,172.5508642,177.9262349,183.5673457,189.2084565,194.8495674,200.4906782
RU,PMT,Bloomington,10224.38287,11456.98942,12278.72712,13253.45608,14228.18504,15251.10131,16274.01757,17296.93384,18319.8501
RU,PMT,Brooklyn Center,0,0,0,0,0,0,0,0,0
RU,PMT,Brooklyn Park,167.7961505,167.8512569,167.8879945,167.9315719,167.9751493,168.020881,168.0666127,168.1123444,168.1580761
RU,PMT,Champlin,0,0,0,0,0,0,0,0,0
RU,PMT,Chanhassen,0,0,0,0,0,0,0,0,0
RU,PMT,Corcoran,0,0,0,0,0,0,0,0,0
RU,PMT,Crystal,0,0,0,0,0,0,0,0,0
RU,PMT,Dayton,0,0,0,0,0,0,0,0,0
RU,PMT,Deephaven,0,0,0,0,0,0,0,0,0
RU,PMT,Eden Prairie,0,0,0,0,0,0,0,0,0
RU,PMT,Edina,552.9009598,580.7149472,599.2576055,621.2525389,643.2474724,666.329761,689.4120496,712.4943382,735.5766269
RU,PMT,Excelsior,0,0,0,0,0,0,0,0,0
RU,PMT,Fort Snelling UT,0,0,0,0,0,0,0,0,0
RU,PMT,Golden Valley,442.0109939,445.7573882,448.2549844,451.2175835,454.1801826,457.2892426,460.3983026,463.5073625,466.6164225
RU,PMT,Greenfield,0,0,0,0,0,0,0,0,0
RU,PMT,Greenwood,0,0,0,0,0,0,0,0,0
RU,PMT,Hanover,0,0,0,0,0,0,0,0,0
RU,PMT,Hopkins,181.4223575,187.359639,191.3178266,196.0129504,200.7080741,205.6353088,210.5625436,215.4897784,220.4170131
RU,PMT,Independence,0,0,0,0,0,0,0,0,0
RU,PMT,Long Lake,0,0,0,0,0,0,0,0,0
RU,PMT,Loretto,0,0,0,0,0,0,0,0,0
RU,PMT,Maple Grove,65.36466842,64.59345016,64.07930465,63.46943544,62.85956624,62.21954716,61.57952809,60.93950901,60.29948993
RU,PMT,Maple Plain,0,0,0,0,0,0,0,0,0
RU,PMT,Medicine Lake,0,0,0,0,0,0,0,0,0
RU,PMT,Medina,0,0,0,0,0,0,0,0,0
RU,PMT,Minneapolis,76703.12793,78634.74133,79922.48359,81449.97792,82977.47225,84580.48074,86183.48922,87786.49771,89389.5062
RU,PMT,Minnetonka,0,0,0,0,0,0,0,0,0
RU,PMT,Minnetonka Beach,0,0,0,0,0,0,0,0,0
RU,PMT,Minnetrista,0,0,0,0,0,0,0,0,0
RU,PMT,Mound,0,0,0,0,0,0,0,0,0
RU,PMT,New Hope,0,0,0,0,0,0,0,0,0
RU,PMT,Orono,0,0,0,0,0,0,0,0,0
RU,PMT,Osseo,0,0,0,0,0,0,0,0,0
RU,PMT,Plymouth,0,0,0,0,0,0,0,0,0
RU,PMT,Richfield,909.0089429,996.1398048,1054.227046,1123.128979,1192.030913,1264.339125,1336.647337,1408.955549,1481.263761
RU,PMT,Robbinsdale,266.6258721,280.4944729,289.7402068,300.707313,311.6744192,323.183702,334.6929848,346.2022676,357.7115504
RU,PMT,Rockford,0,0,0,0,0,0,0,0,0
RU,PMT,Rogers,0,0,0,0,0,0,0,0,0
RU,PMT,St. Anthony,677.2221845,673.9626349,671.7896018,669.2119931,666.6343844,663.9293474,661.2243105,658.5192735,655.8142365
RU,PMT,St. Bonifacius,0,0,0,0,0,0,0,0,0
RU,PMT,St. Louis Park,0,0,0,0,0,0,0,0,0
RU,PMT,Shorewood,0,0,0,0,0,0,0,0,0
RU,PMT,Spring Park,0,0,0,0,0,0,0,0,0
RU,PMT,Tonka Bay,0,0,0,0,0,0,0,0,0
RU,PMT,Wayzata,0,0,0,0,0,0,0,0,0
RU,PMT,Woodland,0,0,0,0,0,0,0,0,0
RU,PMT,Arden Hills,0,0,0,0,0,0,0,0,0
RU,PMT,Blaine,0,0,0,0,0,0,0,0,0
RU,PMT,Falcon Heights,33.24902543,37.41239824,40.18798012,43.48032028,46.77266045,50.22776279,53.68286512,57.13796746,60.5930698
RU,PMT,Gem Lake,0,0,0,0,0,0,0,0,0
RU,PMT,Lauderdale,76.99971635,95.06007998,107.1003224,121.3822191,135.6641159,150.6520613,165.6400068,180.6279522,195.6158977
RU,PMT,Little Canada,210.0416891,217.9244674,223.1796529,229.4132497,235.6468466,242.1886114,248.7303761,255.2721409,261.8139057
RU,PMT,Maplewood,1324.602741,1378.463864,1414.371279,1456.963942,1499.556605,1544.254906,1588.953207,1633.651507,1678.349808
RU,PMT,Mounds View,0,0,0,0,0,0,0,0,0
RU,PMT,New Brighton,0,0,0,0,0,0,0,0,0
RU,PMT,North Oaks,0,0,0,0,0,0,0,0,0
RU,PMT,North St. Paul,0,0,0,0,0,0,0,0,0
RU,PMT,Roseville,575.6402727,608.1666868,629.8509629,655.5724211,681.2938793,708.2869195,735.2799597,762.2729998,789.26604
RU,PMT,St. Anthony,677.2221845,673.9626349,671.7896018,669.2119931,666.6343844,663.9293474,661.2243105,658.5192735,655.8142365
RU,PMT,St. Paul,35308.07331,38018.65727,39825.71324,41969.2072,44112.70115,46362.1622,48611.62324,50861.08429,53110.54534
RU,PMT,Shoreview,0,0,0,0,0,0,0,0,0
RU,PMT,Spring Lake Park,0,0,0,0,0,0,0,0,0
RU,PMT,Vadnais Heights,0,0,0,0,0,0,0,0,0
RU,PMT,White Bear Twp.,0,0,0,0,0,0,0,0,0
RU,PMT,White Bear Lake,0,0,0,0,0,0,0,0,0
RU,PMT,Belle Plaine,0,0,0,0,0,0,0,0,0
RU,PMT,Belle Plaine Twp.,0,0,0,0,0,0,0,0,0
RU,PMT,Blakeley Twp.,0,0,0,0,0,0,0,0,0
RU,PMT,Cedar Lake Twp.,0,0,0,0,0,0,0,0,0
RU,PMT,Credit River Twp.,0,0,0,0,0,0,0,0,0
RU,PMT,Elko New Market,0,0,0,0,0,0,0,0,0
RU,PMT,Helena Twp.,0,0,0,0,0,0,0,0,0
RU,PMT,Jackson Twp.,0,0,0,0,0,0,0,0,0
RU,PMT,Jordan,0,0,0,0,0,0,0,0,0
RU,PMT,Louisville Twp.,0,0,0,0,0,0,0,0,0
RU,PMT,New Market Twp.,0,0,0,0,0,0,0,0,0
RU,PMT,New Prague,0,0,0,0,0,0,0,0,0
RU,PMT,Prior Lake,0,0,0,0,0,0,0,0,0
RU,PMT,St. Lawrence Twp.,0,0,0,0,0,0,0,0,0
RU,PMT,Sand Creek Twp.,0,0,0,0,0,0,0,0,0
RU,PMT,Savage,0,0,0,0,0,0,0,0,0
RU,PMT,Shakopee,0,0,0,0,0,0,0,0,0
RU,PMT,Spring Lake Twp.,0,0,0,0,0,0,0,0,0
RU,PMT,Afton,0,0,0,0,0,0,0,0,0
RU,PMT,Bayport,0,0,0,0,0,0,0,0,0
RU,PMT,Baytown Twp.,0,0,0,0,0,0,0,0,0
RU,PMT,Birchwood Village,0,0,0,0,0,0,0,0,0
RU,PMT,Cottage Grove,0,0,0,0,0,0,0,0,0
RU,PMT,Dellwood,0,0,0,0,0,0,0,0,0
RU,PMT,Denmark Twp.,0,0,0,0,0,0,0,0,0
RU,PMT,Forest Lake,0,0,0,0,0,0,0,0,0
RU,PMT,Grant,0,0,0,0,0,0,0,0,0
RU,PMT,Grey Cloud Island Twp.,0,0,0,0,0,0,0,0,0
RU,PMT,Hastings,0,0,0,0,0,0,0,0,0
RU,PMT,Hugo,0,0,0,0,0,0,0,0,0
RU,PMT,Lake Elmo,0,0,0,0,0,0,0,0,0
RU,PMT,Lakeland,0,0,0,0,0,0,0,0,0
RU,PMT,Lakeland Shores,0,0,0,0,0,0,0,0,0
RU,PMT,Lake St. Croix Beach,0,0,0,0,0,0,0,0,0
RU,PMT,Landfall,0,0,0,0,0,0,0,0,0
RU,PMT,Mahtomedi,0,0,0,0,0,0,0,0,0
RU,PMT,Marine on St. Croix,0,0,0,0,0,0,0,0,0
RU,PMT,May Twp.,0,0,0,0,0,0,0,0,0
RU,PMT,Newport,0,0,0,0,0,0,0,0,0
RU,PMT,Oakdale,32.75730588,32.15135089,31.74738089,31.26819969,30.7890185,30.2861482,29.78327791,29.28040762,28.77753732
RU,PMT,Oak Park Heights,0,0,0,0,0,0,0,0,0
RU,PMT,Pine Springs,0,0,0,0,0,0,0,0,0
RU,PMT,St. Marys Point,0,0,0,0,0,0,0,0,0
RU,PMT,St. Paul Park,0,0,0,0,0,0,0,0,0
RU,PMT,Scandia,0,0,0,0,0,0,0,0,0
RU,PMT,Stillwater,0,0,0,0,0,0,0,0,0
RU,PMT,Stillwater Twp.,0,0,0,0,0,0,0,0,0
RU,PMT,West Lakeland Twp.,0,0,0,0,0,0,0,0,0
RU,PMT,White Bear Lake,0,0,0,0,0,0,0,0,0
RU,PMT,Willernie,0,0,0,0,0,0,0,0,0
RU,PMT,Woodbury,459.861708,452.2639409,447.1987629,441.1905492,435.1823355,428.877096,422.5718565,416.266617,409.9613774
RU,EVElec,All,0.1349,0.1349,0.1349,0.1349,0.1349,0.1349,0.1349,0.1349,0.1349
RU,AVO,All,62.8494813,62.8494813,62.8494813,62.8494813,62.8494813,62.8494813,62.8494813,62.8494813,62.8494813
RI,TotStock,Andover,100,100,100,100,100,100,100,100,100
RI,TotStock,Anoka,100,100,100,100,100,100,100,100,100
RI,TotStock,Bethel,100,100,100,100,100,100,100,100,100
RI,TotStock,Blaine,100,100,100,100,100,100,100,100,100
RI,TotStock,Centerville,100,100,100,100,100,100,100,100,100
RI,TotStock,Circle Pines,100,100,100,100,100,100,100,100,100
RI,TotStock,Columbia Heights,100,100,100,100,100,100,100,100,100
RI,TotStock,Columbus,100,100,100,100,100,100,100,100,100
RI,TotStock,Coon Rapids,100,100,100,100,100,100,100,100,100
RI,TotStock,East Bethel,100,100,100,100,100,100,100,100,100
RI,TotStock,Fridley,100,100,100,100,100,100,100,100,100
RI,TotStock,Ham Lake,100,100,100,100,100,100,100,100,100
RI,TotStock,Hilltop,100,100,100,100,100,100,100,100,100
RI,TotStock,Lexington,100,100,100,100,100,100,100,100,100
RI,TotStock,Lino Lakes,100,100,100,100,100,100,100,100,100
RI,TotStock,Linwood Twp.,100,100,100,100,100,100,100,100,100
RI,TotStock,Nowthen,100,100,100,100,100,100,100,100,100
RI,TotStock,Oak Grove,100,100,100,100,100,100,100,100,100
RI,TotStock,Ramsey,100,100,100,100,100,100,100,100,100
RI,TotStock,St. Francis,100,100,100,100,100,100,100,100,100
RI,TotStock,Spring Lake Park,100,100,100,100,100,100,100,100,100
RI,TotStock,Benton Twp.,100,100,100,100,100,100,100,100,100
RI,TotStock,Camden Twp.,100,100,100,100,100,100,100,100,100
RI,TotStock,Carver,100,100,100,100,100,100,100,100,100
RI,TotStock,Chanhassen,100,100,100,100,100,100,100,100,100
RI,TotStock,Chaska,100,100,100,100,100,100,100,100,100
RI,TotStock,Cologne,100,100,100,100,100,100,100,100,100
RI,TotStock,Dahlgren Twp.,100,100,100,100,100,100,100,100,100
RI,TotStock,Hamburg,100,100,100,100,100,100,100,100,100
RI,TotStock,Hancock Twp.,100,100,100,100,100,100,100,100,100
RI,TotStock,Hollywood Twp.,100,100,100,100,100,100,100,100,100
RI,TotStock,Laketown Twp.,100,100,100,100,100,100,100,100,100
RI,TotStock,Mayer,100,100,100,100,100,100,100,100,100
RI,TotStock,New Germany,100,100,100,100,100,100,100,100,100
RI,TotStock,Norwood Young America,100,100,100,100,100,100,100,100,100
RI,TotStock,San Francisco Twp.,100,100,100,100,100,100,100,100,100
RI,TotStock,Victoria,100,100,100,100,100,100,100,100,100
RI,TotStock,Waconia,100,100,100,100,100,100,100,100,100
RI,TotStock,Waconia Twp.,100,100,100,100,100,100,100,100,100
RI,TotStock,Watertown,100,100,100,100,100,100,100,100,100
RI,TotStock,Watertown Twp.,100,100,100,100,100,100,100,100,100
RI,TotStock,Young America Twp.,100,100,100,100,100,100,100,100,100
RI,TotStock,Apple Valley,100,100,100,100,100,100,100,100,100
RI,TotStock,Burnsville,100,100,100,100,100,100,100,100,100
RI,TotStock,Castle Rock Twp.,100,100,100,100,100,100,100,100,100
RI,TotStock,Coates,100,100,100,100,100,100,100,100,100
RI,TotStock,Douglas Twp.,100,100,100,100,100,100,100,100,100
RI,TotStock,Eagan,100,100,100,100,100,100,100,100,100
RI,TotStock,Empire Twp.,100,100,100,100,100,100,100,100,100
RI,TotStock,Eureka Twp.,100,100,100,100,100,100,100,100,100
RI,TotStock,Farmington,100,100,100,100,100,100,100,100,100
RI,TotStock,Greenvale Twp.,100,100,100,100,100,100,100,100,100
RI,TotStock,Hampton,100,100,100,100,100,100,100,100,100
RI,TotStock,Hampton Twp.,100,100,100,100,100,100,100,100,100
RI,TotStock,Hastings,100,100,100,100,100,100,100,100,100
RI,TotStock,Inver Grove Heights,100,100,100,100,100,100,100,100,100
RI,TotStock,Lakeville,100,100,100,100,100,100,100,100,100
RI,TotStock,Lilydale,100,100,100,100,100,100,100,100,100
RI,TotStock,Marshan Twp.,100,100,100,100,100,100,100,100,100
RI,TotStock,Mendota,100,100,100,100,100,100,100,100,100
RI,TotStock,Mendota Heights,100,100,100,100,100,100,100,100,100
RI,TotStock,Miesville,100,100,100,100,100,100,100,100,100
RI,TotStock,New Trier,100,100,100,100,100,100,100,100,100
RI,TotStock,Nininger Twp.,100,100,100,100,100,100,100,100,100
RI,TotStock,Northfield,100,100,100,100,100,100,100,100,100
RI,TotStock,Randolph,100,100,100,100,100,100,100,100,100
RI,TotStock,Randolph Twp.,100,100,100,100,100,100,100,100,100
RI,TotStock,Ravenna Twp.,100,100,100,100,100,100,100,100,100
RI,TotStock,Rosemount,100,100,100,100,100,100,100,100,100
RI,TotStock,Sciota Twp.,100,100,100,100,100,100,100,100,100
RI,TotStock,South St. Paul,100,100,100,100,100,100,100,100,100
RI,TotStock,Sunfish Lake,100,100,100,100,100,100,100,100,100
RI,TotStock,Vermillion,100,100,100,100,100,100,100,100,100
RI,TotStock,Vermillion Twp.,100,100,100,100,100,100,100,100,100
RI,TotStock,Waterford Twp.,100,100,100,100,100,100,100,100,100
RI,TotStock,West St. Paul,100,100,100,100,100,100,100,100,100
RI,TotStock,Bloomington,100,100,100,100,100,100,100,100,100
RI,TotStock,Brooklyn Center,100,100,100,100,100,100,100,100,100
RI,TotStock,Brooklyn Park,100,100,100,100,100,100,100,100,100
RI,TotStock,Champlin,100,100,100,100,100,100,100,100,100
RI,TotStock,Chanhassen,100,100,100,100,100,100,100,100,100
RI,TotStock,Corcoran,100,100,100,100,100,100,100,100,100
RI,TotStock,Crystal,100,100,100,100,100,100,100,100,100
RI,TotStock,Dayton,100,100,100,100,100,100,100,100,100
RI,TotStock,Deephaven,100,100,100,100,100,100,100,100,100
RI,TotStock,Eden Prairie,100,100,100,100,100,100,100,100,100
RI,TotStock,Edina,100,100,100,100,100,100,100,100,100
RI,TotStock,Excelsior,100,100,100,100,100,100,100,100,100
RI,TotStock,Fort Snelling UT,100,100,100,100,100,100,100,100,100
RI,TotStock,Golden Valley,100,100,100,100,100,100,100,100,100
RI,TotStock,Greenfield,100,100,100,100,100,100,100,100,100
RI,TotStock,Greenwood,100,100,100,100,100,100,100,100,100
RI,TotStock,Hanover,100,100,100,100,100,100,100,100,100
RI,TotStock,Hopkins,100,100,100,100,100,100,100,100,100
RI,TotStock,Independence,100,100,100,100,100,100,100,100,100
RI,TotStock,Long Lake,100,100,100,100,100,100,100,100,100
RI,TotStock,Loretto,100,100,100,100,100,100,100,100,100
RI,TotStock,Maple Grove,100,100,100,100,100,100,100,100,100
RI,TotStock,Maple Plain,100,100,100,100,100,100,100,100,100
RI,TotStock,Medicine Lake,100,100,100,100,100,100,100,100,100
RI,TotStock,Medina,100,100,100,100,100,100,100,100,100
RI,TotStock,Minneapolis,100,100,100,100,100,100,100,100,100
RI,TotStock,Minnetonka,100,100,100,100,100,100,100,100,100
RI,TotStock,Minnetonka Beach,100,100,100,100,100,100,100,100,100
RI,TotStock,Minnetrista,100,100,100,100,100,100,100,100,100
RI,TotStock,Mound,100,100,100,100,100,100,100,100,100
RI,TotStock,New Hope,100,100,100,100,100,100,100,100,100
RI,TotStock,Orono,100,100,100,100,100,100,100,100,100
RI,TotStock,Osseo,100,100,100,100,100,100,100,100,100
RI,TotStock,Plymouth,100,100,100,100,100,100,100,100,100
RI,TotStock,Richfield,100,100,100,100,100,100,100,100,100
RI,TotStock,Robbinsdale,100,100,100,100,100,100,100,100,100
RI,TotStock,Rockford,100,100,100,100,100,100,100,100,100
RI,TotStock,Rogers,100,100,100,100,100,100,100,100,100
RI,TotStock,St. Anthony,100,100,100,100,100,100,100,100,100
RI,TotStock,St. Bonifacius,100,100,100,100,100,100,100,100,100
RI,TotStock,St. Louis Park,100,100,100,100,100,100,100,100,100
RI,TotStock,Shorewood,100,100,100,100,100,100,100,100,100
RI,TotStock,Spring Park,100,100,100,100,100,100,100,100,100
RI,TotStock,Tonka Bay,100,100,100,100,100,100,100,100,100
RI,TotStock,Wayzata,100,100,100,100,100,100,100,100,100
RI,TotStock,Woodland,100,100,100,100,100,100,100,100,100
RI,TotStock,Arden Hills,100,100,100,100,100,100,100,100,100
RI,TotStock,Blaine,100,100,100,100,100,100,100,100,100
RI,TotStock,Falcon Heights,100,100,100,100,100,100,100,100,100
RI,TotStock,Gem Lake,100,100,100,100,100,100,100,100,100
RI,TotStock,Lauderdale,100,100,100,100,100,100,100,100,100
RI,TotStock,Little Canada,100,100,100,100,100,100,100,100,100
RI,TotStock,Maplewood,100,100,100,100,100,100,100,100,100
RI,TotStock,Mounds View,100,100,100,100,100,100,100,100,100
RI,TotStock,New Brighton,100,100,100,100,100,100,100,100,100
RI,TotStock,North Oaks,100,100,100,100,100,100,100,100,100
RI,TotStock,North St. Paul,100,100,100,100,100,100,100,100,100
RI,TotStock,Roseville,100,100,100,100,100,100,100,100,100
RI,TotStock,St. Anthony,100,100,100,100,100,100,100,100,100
RI,TotStock,St. Paul,100,100,100,100,100,100,100,100,100
RI,TotStock,Shoreview,100,100,100,100,100,100,100,100,100
RI,TotStock,Spring Lake Park,100,100,100,100,100,100,100,100,100
RI,TotStock,Vadnais Heights,100,100,100,100,100,100,100,100,100
RI,TotStock,White Bear Twp.,100,100,100,100,100,100,100,100,100
RI,TotStock,White Bear Lake,100,100,100,100,100,100,100,100,100
RI,TotStock,Belle Plaine,100,100,100,100,100,100,100,100,100
RI,TotStock,Belle Plaine Twp.,100,100,100,100,100,100,100,100,100
RI,TotStock,Blakeley Twp.,100,100,100,100,100,100,100,100,100
RI,TotStock,Cedar Lake Twp.,100,100,100,100,100,100,100,100,100
RI,TotStock,Credit River Twp.,100,100,100,100,100,100,100,100,100
RI,TotStock,Elko New Market,100,100,100,100,100,100,100,100,100
RI,TotStock,Helena Twp.,100,100,100,100,100,100,100,100,100
RI,TotStock,Jackson Twp.,100,100,100,100,100,100,100,100,100
RI,TotStock,Jordan,100,100,100,100,100,100,100,100,100
RI,TotStock,Louisville Twp.,100,100,100,100,100,100,100,100,100
RI,TotStock,New Market Twp.,100,100,100,100,100,100,100,100,100
RI,TotStock,New Prague,100,100,100,100,100,100,100,100,100
RI,TotStock,Prior Lake,100,100,100,100,100,100,100,100,100
RI,TotStock,St. Lawrence Twp.,100,100,100,100,100,100,100,100,100
RI,TotStock,Sand Creek Twp.,100,100,100,100,100,100,100,100,100
RI,TotStock,Savage,100,100,100,100,100,100,100,100,100
RI,TotStock,Shakopee,100,100,100,100,100,100,100,100,100
RI,TotStock,Spring Lake Twp.,100,100,100,100,100,100,100,100,100
RI,TotStock,Afton,100,100,100,100,100,100,100,100,100
RI,TotStock,Bayport,100,100,100,100,100,100,100,100,100
RI,TotStock,Baytown Twp.,100,100,100,100,100,100,100,100,100
RI,TotStock,Birchwood Village,100,100,100,100,100,100,100,100,100
RI,TotStock,Cottage Grove,100,100,100,100,100,100,100,100,100
RI,TotStock,Dellwood,100,100,100,100,100,100,100,100,100
RI,TotStock,Denmark Twp.,100,100,100,100,100,100,100,100,100
RI,TotStock,Forest Lake,100,100,100,100,100,100,100,100,100
RI,TotStock,Grant,100,100,100,100,100,100,100,100,100
RI,TotStock,Grey Cloud Island Twp.,100,100,100,100,100,100,100,100,100
RI,TotStock,Hastings,100,100,100,100,100,100,100,100,100
RI,TotStock,Hugo,100,100,100,100,100,100,100,100,100
RI,TotStock,Lake Elmo,100,100,100,100,100,100,100,100,100
RI,TotStock,Lakeland,100,100,100,100,100,100,100,100,100
RI,TotStock,Lakeland Shores,100,100,100,100,100,100,100,100,100
RI,TotStock,Lake St. Croix Beach,100,100,100,100,100,100,100,100,100
RI,TotStock,Landfall,100,100,100,100,100,100,100,100,100
RI,TotStock,Mahtomedi,100,100,100,100,100,100,100,100,100
RI,TotStock,Marine on St. Croix,100,100,100,100,100,100,100,100,100
RI,TotStock,May Twp.,100,100,100,100,100,100,100,100,100
RI,TotStock,Newport,100,100,100,100,100,100,100,100,100
RI,TotStock,Oakdale,100,100,100,100,100,100,100,100,100
RI,TotStock,Oak Park Heights,100,100,100,100,100,100,100,100,100
RI,TotStock,Pine Springs,100,100,100,100,100,100,100,100,100
RI,TotStock,St. Marys Point,100,100,100,100,100,100,100,100,100
RI,TotStock,St. Paul Park,100,100,100,100,100,100,100,100,100
RI,TotStock,Scandia,100,100,100,100,100,100,100,100,100
RI,TotStock,Stillwater,100,100,100,100,100,100,100,100,100
RI,TotStock,Stillwater Twp.,100,100,100,100,100,100,100,100,100
RI,TotStock,West Lakeland Twp.,100,100,100,100,100,100,100,100,100
RI,TotStock,White Bear Lake,100,100,100,100,100,100,100,100,100
RI,TotStock,Willernie,100,100,100,100,100,100,100,100,100
RI,TotStock,Woodbury,100,100,100,100,100,100,100,100,100
RI,BCIStock,Andover,100,100,100,100,100,100,100,100,100
RI,BCIStock,Anoka,100,100,100,100,100,100,100,100,100
RI,BCIStock,Bethel,100,100,100,100,100,100,100,100,100
RI,BCIStock,Blaine,100,100,100,100,100,100,100,100,100
RI,BCIStock,Centerville,100,100,100,100,100,100,100,100,100
RI,BCIStock,Circle Pines,100,100,100,100,100,100,100,100,100
RI,BCIStock,Columbia Heights,100,100,100,100,100,100,100,100,100
RI,BCIStock,Columbus,100,100,100,100,100,100,100,100,100
RI,BCIStock,Coon Rapids,100,100,100,100,100,100,100,100,100
RI,BCIStock,East Bethel,100,100,100,100,100,100,100,100,100
RI,BCIStock,Fridley,100,100,100,100,100,100,100,100,100
RI,BCIStock,Ham Lake,100,100,100,100,100,100,100,100,100
RI,BCIStock,Hilltop,100,100,100,100,100,100,100,100,100
RI,BCIStock,Lexington,100,100,100,100,100,100,100,100,100
RI,BCIStock,Lino Lakes,100,100,100,100,100,100,100,100,100
RI,BCIStock,Linwood Twp.,100,100,100,100,100,100,100,100,100
RI,BCIStock,Nowthen,100,100,100,100,100,100,100,100,100
RI,BCIStock,Oak Grove,100,100,100,100,100,100,100,100,100
RI,BCIStock,Ramsey,100,100,100,100,100,100,100,100,100
RI,BCIStock,St. Francis,100,100,100,100,100,100,100,100,100
RI,BCIStock,Spring Lake Park,100,100,100,100,100,100,100,100,100
RI,BCIStock,Benton Twp.,100,100,100,100,100,100,100,100,100
RI,BCIStock,Camden Twp.,100,100,100,100,100,100,100,100,100
RI,BCIStock,Carver,100,100,100,100,100,100,100,100,100
RI,BCIStock,Chanhassen,100,100,100,100,100,100,100,100,100
RI,BCIStock,Chaska,100,100,100,100,100,100,100,100,100
RI,BCIStock,Cologne,100,100,100,100,100,100,100,100,100
RI,BCIStock,Dahlgren Twp.,100,100,100,100,100,100,100,100,100
RI,BCIStock,Hamburg,100,100,100,100,100,100,100,100,100
RI,BCIStock,Hancock Twp.,100,100,100,100,100,100,100,100,100
RI,BCIStock,Hollywood Twp.,100,100,100,100,100,100,100,100,100
RI,BCIStock,Laketown Twp.,100,100,100,100,100,100,100,100,100
RI,BCIStock,Mayer,100,100,100,100,100,100,100,100,100
RI,BCIStock,New Germany,100,100,100,100,100,100,100,100,100
RI,BCIStock,Norwood Young America,100,100,100,100,100,100,100,100,100
RI,BCIStock,San Francisco Twp.,100,100,100,100,100,100,100,100,100
RI,BCIStock,Victoria,100,100,100,100,100,100,100,100,100
RI,BCIStock,Waconia,100,100,100,100,100,100,100,100,100
RI,BCIStock,Waconia Twp.,100,100,100,100,100,100,100,100,100
RI,BCIStock,Watertown,100,100,100,100,100,100,100,100,100
RI,BCIStock,Watertown Twp.,100,100,100,100,100,100,100,100,100
RI,BCIStock,Young America Twp.,100,100,100,100,100,100,100,100,100
RI,BCIStock,Apple Valley,100,100,100,100,100,100,100,100,100
RI,BCIStock,Burnsville,100,100,100,100,100,100,100,100,100
RI,BCIStock,Castle Rock Twp.,100,100,100,100,100,100,100,100,100
RI,BCIStock,Coates,100,100,100,100,100,100,100,100,100
RI,BCIStock,Douglas Twp.,100,100,100,100,100,100,100,100,100
RI,BCIStock,Eagan,100,100,100,100,100,100,100,100,100
RI,BCIStock,Empire Twp.,100,100,100,100,100,100,100,100,100
RI,BCIStock,Eureka Twp.,100,100,100,100,100,100,100,100,100
RI,BCIStock,Farmington,100,100,100,100,100,100,100,100,100
RI,BCIStock,Greenvale Twp.,100,100,100,100,100,100,100,100,100
RI,BCIStock,Hampton,100,100,100,100,100,100,100,100,100
RI,BCIStock,Hampton Twp.,100,100,100,100,100,100,100,100,100
RI,BCIStock,Hastings,100,100,100,100,100,100,100,100,100
RI,BCIStock,Inver Grove Heights,100,100,100,100,100,100,100,100,100
RI,BCIStock,Lakeville,100,100,100,100,100,100,100,100,100
RI,BCIStock,Lilydale,100,100,100,100,100,100,100,100,100
RI,BCIStock,Marshan Twp.,100,100,100,100,100,100,100,100,100
RI,BCIStock,Mendota,100,100,100,100,100,100,100,100,100
RI,BCIStock,Mendota Heights,100,100,100,100,100,100,100,100,100
RI,BCIStock,Miesville,100,100,100,100,100,100,100,100,100
RI,BCIStock,New Trier,100,100,100,100,100,100,100,100,100
RI,BCIStock,Nininger Twp.,100,100,100,100,100,100,100,100,100
RI,BCIStock,Northfield,100,100,100,100,100,100,100,100,100
RI,BCIStock,Randolph,100,100,100,100,100,100,100,100,100
RI,BCIStock,Randolph Twp.,100,100,100,100,100,100,100,100,100
RI,BCIStock,Ravenna Twp.,100,100,100,100,100,100,100,100,100
RI,BCIStock,Rosemount,100,100,100,100,100,100,100,100,100
RI,BCIStock,Sciota Twp.,100,100,100,100,100,100,100,100,100
RI,BCIStock,South St. Paul,100,100,100,100,100,100,100,100,100
RI,BCIStock,Sunfish Lake,100,100,100,100,100,100,100,100,100
RI,BCIStock,Vermillion,100,100,100,100,100,100,100,100,100
RI,BCIStock,Vermillion Twp.,100,100,100,100,100,100,100,100,100
RI,BCIStock,Waterford Twp.,100,100,100,100,100,100,100,100,100
RI,BCIStock,West St. Paul,100,100,100,100,100,100,100,100,100
RI,BCIStock,Bloomington,100,100,100,100,100,100,100,100,100
RI,BCIStock,Brooklyn Center,100,100,100,100,100,100,100,100,100
RI,BCIStock,Brooklyn Park,100,100,100,100,100,100,100,100,100
RI,BCIStock,Champlin,100,100,100,100,100,100,100,100,100
RI,BCIStock,Chanhassen,100,100,100,100,100,100,100,100,100
RI,BCIStock,Corcoran,100,100,100,100,100,100,100,100,100
RI,BCIStock,Crystal,100,100,100,100,100,100,100,100,100
RI,BCIStock,Dayton,100,100,100,100,100,100,100,100,100
RI,BCIStock,Deephaven,100,100,100,100,100,100,100,100,100
RI,BCIStock,Eden Prairie,100,100,100,100,100,100,100,100,100
RI,BCIStock,Edina,100,100,100,100,100,100,100,100,100
RI,BCIStock,Excelsior,100,100,100,100,100,100,100,100,100
RI,BCIStock,Fort Snelling UT,100,100,100,100,100,100,100,100,100
RI,BCIStock,Golden Valley,100,100,100,100,100,100,100,100,100
RI,BCIStock,Greenfield,100,100,100,100,100,100,100,100,100
RI,BCIStock,Greenwood,100,100,100,100,100,100,100,100,100
RI,BCIStock,Hanover,100,100,100,100,100,100,100,100,100
RI,BCIStock,Hopkins,100,100,100,100,100,100,100,100,100
RI,BCIStock,Independence,100,100,100,100,100,100,100,100,100
RI,BCIStock,Long Lake,100,100,100,100,100,100,100,100,100
RI,BCIStock,Loretto,100,100,100,100,100,100,100,100,100
RI,BCIStock,Maple Grove,100,100,100,100,100,100,100,100,100
RI,BCIStock,Maple Plain,100,100,100,100,100,100,100,100,100
RI,BCIStock,Medicine Lake,100,100,100,100,100,100,100,100,100
RI,BCIStock,Medina,100,100,100,100,100,100,100,100,100
RI,BCIStock,Minneapolis,100,100,100,100,100,100,100,100,100
RI,BCIStock,Minnetonka,100,100,100,100,100,100,100,100,100
RI,BCIStock,Minnetonka Beach,100,100,100,100,100,100,100,100,100
RI,BCIStock,Minnetrista,100,100,100,100,100,100,100,100,100
RI,BCIStock,Mound,100,100,100,100,100,100,100,100,100
RI,BCIStock,New Hope,100,100,100,100,100,100,100,100,100
RI,BCIStock,Orono,100,100,100,100,100,100,100,100,100
RI,BCIStock,Osseo,100,100,100,100,100,100,100,100,100
RI,BCIStock,Plymouth,100,100,100,100,100,100,100,100,100
RI,BCIStock,Richfield,100,100,100,100,100,100,100,100,100
RI,BCIStock,Robbinsdale,100,100,100,100,100,100,100,100,100
RI,BCIStock,Rockford,100,100,100,100,100,100,100,100,100
RI,BCIStock,Rogers,100,100,100,100,100,100,100,100,100
RI,BCIStock,St. Anthony,100,100,100,100,100,100,100,100,100
RI,BCIStock,St. Bonifacius,100,100,100,100,100,100,100,100,100
RI,BCIStock,St. Louis Park,100,100,100,100,100,100,100,100,100
RI,BCIStock,Shorewood,100,100,100,100,100,100,100,100,100
RI,BCIStock,Spring Park,100,100,100,100,100,100,100,100,100
RI,BCIStock,Tonka Bay,100,100,100,100,100,100,100,100,100
RI,BCIStock,Wayzata,100,100,100,100,100,100,100,100,100
RI,BCIStock,Woodland,100,100,100,100,100,100,100,100,100
RI,BCIStock,Arden Hills,100,100,100,100,100,100,100,100,100
RI,BCIStock,Blaine,100,100,100,100,100,100,100,100,100
RI,BCIStock,Falcon Heights,100,100,100,100,100,100,100,100,100
RI,BCIStock,Gem Lake,100,100,100,100,100,100,100,100,100
RI,BCIStock,Lauderdale,100,100,100,100,100,100,100,100,100
RI,BCIStock,Little Canada,100,100,100,100,100,100,100,100,100
RI,BCIStock,Maplewood,100,100,100,100,100,100,100,100,100
RI,BCIStock,Mounds View,100,100,100,100,100,100,100,100,100
RI,BCIStock,New Brighton,100,100,100,100,100,100,100,100,100
RI,BCIStock,North Oaks,100,100,100,100,100,100,100,100,100
RI,BCIStock,North St. Paul,100,100,100,100,100,100,100,100,100
RI,BCIStock,Roseville,100,100,100,100,100,100,100,100,100
RI,BCIStock,St. Anthony,100,100,100,100,100,100,100,100,100
RI,BCIStock,St. Paul,100,100,100,100,100,100,100,100,100
RI,BCIStock,Shoreview,100,100,100,100,100,100,100,100,100
RI,BCIStock,Spring Lake Park,100,100,100,100,100,100,100,100,100
RI,BCIStock,Vadnais Heights,100,100,100,100,100,100,100,100,100
RI,BCIStock,White Bear Twp.,100,100,100,100,100,100,100,100,100
RI,BCIStock,White Bear Lake,100,100,100,100,100,100,100,100,100
RI,BCIStock,Belle Plaine,100,100,100,100,100,100,100,100,100
RI,BCIStock,Belle Plaine Twp.,100,100,100,100,100,100,100,100,100
RI,BCIStock,Blakeley Twp.,100,100,100,100,100,100,100,100,100
RI,BCIStock,Cedar Lake Twp.,100,100,100,100,100,100,100,100,100
RI,BCIStock,Credit River Twp.,100,100,100,100,100,100,100,100,100
RI,BCIStock,Elko New Market,100,100,100,100,100,100,100,100,100
RI,BCIStock,Helena Twp.,100,100,100,100,100,100,100,100,100
RI,BCIStock,Jackson Twp.,100,100,100,100,100,100,100,100,100
RI,BCIStock,Jordan,100,100,100,100,100,100,100,100,100
RI,BCIStock,Louisville Twp.,100,100,100,100,100,100,100,100,100
RI,BCIStock,New Market Twp.,100,100,100,100,100,100,100,100,100
RI,BCIStock,New Prague,100,100,100,100,100,100,100,100,100
RI,BCIStock,Prior Lake,100,100,100,100,100,100,100,100,100
RI,BCIStock,St. Lawrence Twp.,100,100,100,100,100,100,100,100,100
RI,BCIStock,Sand Creek Twp.,100,100,100,100,100,100,100,100,100
RI,BCIStock,Savage,100,100,100,100,100,100,100,100,100
RI,BCIStock,Shakopee,100,100,100,100,100,100,100,100,100
RI,BCIStock,Spring Lake Twp.,100,100,100,100,100,100,100,100,100
RI,BCIStock,Afton,100,100,100,100,100,100,100,100,100
RI,BCIStock,Bayport,100,100,100,100,100,100,100,100,100
RI,BCIStock,Baytown Twp.,100,100,100,100,100,100,100,100,100
RI,BCIStock,Birchwood Village,100,100,100,100,100,100,100,100,100
RI,BCIStock,Cottage Grove,100,100,100,100,100,100,100,100,100
RI,BCIStock,Dellwood,100,100,100,100,100,100,100,100,100
RI,BCIStock,Denmark Twp.,100,100,100,100,100,100,100,100,100
RI,BCIStock,Forest Lake,100,100,100,100,100,100,100,100,100
RI,BCIStock,Grant,100,100,100,100,100,100,100,100,100
RI,BCIStock,Grey Cloud Island Twp.,100,100,100,100,100,100,100,100,100
RI,BCIStock,Hastings,100,100,100,100,100,100,100,100,100
RI,BCIStock,Hugo,100,100,100,100,100,100,100,100,100
RI,BCIStock,Lake Elmo,100,100,100,100,100,100,100,100,100
RI,BCIStock,Lakeland,100,100,100,100,100,100,100,100,100
RI,BCIStock,Lakeland Shores,100,100,100,100,100,100,100,100,100
RI,BCIStock,Lake St. Croix Beach,100,100,100,100,100,100,100,100,100
RI,BCIStock,Landfall,100,100,100,100,100,100,100,100,100
RI,BCIStock,Mahtomedi,100,100,100,100,100,100,100,100,100
RI,BCIStock,Marine on St. Croix,100,100,100,100,100,100,100,100,100
RI,BCIStock,May Twp.,100,100,100,100,100,100,100,100,100
RI,BCIStock,Newport,100,100,100,100,100,100,100,100,100
RI,BCIStock,Oakdale,100,100,100,100,100,100,100,100,100
RI,BCIStock,Oak Park Heights,100,100,100,100,100,100,100,100,100
RI,BCIStock,Pine Springs,100,100,100,100,100,100,100,100,100
RI,BCIStock,St. Marys Point,100,100,100,100,100,100,100,100,100
RI,BCIStock,St. Paul Park,100,100,100,100,100,100,100,100,100
RI,BCIStock,Scandia,100,100,100,100,100,100,100,100,100
RI,BCIStock,Stillwater,100,100,100,100,100,100,100,100,100
RI,BCIStock,Stillwater Twp.,100,100,100,100,100,100,100,100,100
RI,BCIStock,West Lakeland Twp.,100,100,100,100,100,100,100,100,100
RI,BCIStock,White Bear Lake,100,100,100,100,100,100,100,100,100
RI,BCIStock,Willernie,100,100,100,100,100,100,100,100,100
RI,BCIStock,Woodbury,100,100,100,100,100,100,100,100,100
RI,EVStock,Andover,0,0,0,0,0,0,0,0,0
RI,EVStock,Anoka,0,0,0,0,0,0,0,0,0
RI,EVStock,Bethel,0,0,0,0,0,0,0,0,0
RI,EVStock,Blaine,0,0,0,0,0,0,0,0,0
RI,EVStock,Centerville,0,0,0,0,0,0,0,0,0
RI,EVStock,Circle Pines,0,0,0,0,0,0,0,0,0
RI,EVStock,Columbia Heights,0,0,0,0,0,0,0,0,0
RI,EVStock,Columbus,0,0,0,0,0,0,0,0,0
RI,EVStock,Coon Rapids,0,0,0,0,0,0,0,0,0
RI,EVStock,East Bethel,0,0,0,0,0,0,0,0,0
RI,EVStock,Fridley,0,0,0,0,0,0,0,0,0
RI,EVStock,Ham Lake,0,0,0,0,0,0,0,0,0
RI,EVStock,Hilltop,0,0,0,0,0,0,0,0,0
RI,EVStock,Lexington,0,0,0,0,0,0,0,0,0
RI,EVStock,Lino Lakes,0,0,0,0,0,0,0,0,0
RI,EVStock,Linwood Twp.,0,0,0,0,0,0,0,0,0
RI,EVStock,Nowthen,0,0,0,0,0,0,0,0,0
RI,EVStock,Oak Grove,0,0,0,0,0,0,0,0,0
RI,EVStock,Ramsey,0,0,0,0,0,0,0,0,0
RI,EVStock,St. Francis,0,0,0,0,0,0,0,0,0
RI,EVStock,Spring Lake Park,0,0,0,0,0,0,0,0,0
RI,EVStock,Benton Twp.,0,0,0,0,0,0,0,0,0
RI,EVStock,Camden Twp.,0,0,0,0,0,0,0,0,0
RI,EVStock,Carver,0,0,0,0,0,0,0,0,0
RI,EVStock,Chanhassen,0,0,0,0,0,0,0,0,0
RI,EVStock,Chaska,0,0,0,0,0,0,0,0,0
RI,EVStock,Cologne,0,0,0,0,0,0,0,0,0
RI,EVStock,Dahlgren Twp.,0,0,0,0,0,0,0,0,0
RI,EVStock,Hamburg,0,0,0,0,0,0,0,0,0
RI,EVStock,Hancock Twp.,0,0,0,0,0,0,0,0,0
RI,EVStock,Hollywood Twp.,0,0,0,0,0,0,0,0,0
RI,EVStock,Laketown Twp.,0,0,0,0,0,0,0,0,0
RI,EVStock,Mayer,0,0,0,0,0,0,0,0,0
RI,EVStock,New Germany,0,0,0,0,0,0,0,0,0
RI,EVStock,Norwood Young America,0,0,0,0,0,0,0,0,0
RI,EVStock,San Francisco Twp.,0,0,0,0,0,0,0,0,0
RI,EVStock,Victoria,0,0,0,0,0,0,0,0,0
RI,EVStock,Waconia,0,0,0,0,0,0,0,0,0
RI,EVStock,Waconia Twp.,0,0,0,0,0,0,0,0,0
RI,EVStock,Watertown,0,0,0,0,0,0,0,0,0
RI,EVStock,Watertown Twp.,0,0,0,0,0,0,0,0,0
RI,EVStock,Young America Twp.,0,0,0,0,0,0,0,0,0
RI,EVStock,Apple Valley,0,0,0,0,0,0,0,0,0
RI,EVStock,Burnsville,0,0,0,0,0,0,0,0,0
RI,EVStock,Castle Rock Twp.,0,0,0,0,0,0,0,0,0
RI,EVStock,Coates,0,0,0,0,0,0,0,0,0
RI,EVStock,Douglas Twp.,0,0,0,0,0,0,0,0,0
RI,EVStock,Eagan,0,0,0,0,0,0,0,0,0
RI,EVStock,Empire Twp.,0,0,0,0,0,0,0,0,0
RI,EVStock,Eureka Twp.,0,0,0,0,0,0,0,0,0
RI,EVStock,Farmington,0,0,0,0,0,0,0,0,0
RI,EVStock,Greenvale Twp.,0,0,0,0,0,0,0,0,0
RI,EVStock,Hampton,0,0,0,0,0,0,0,0,0
RI,EVStock,Hampton Twp.,0,0,0,0,0,0,0,0,0
RI,EVStock,Hastings,0,0,0,0,0,0,0,0,0
RI,EVStock,Inver Grove Heights,0,0,0,0,0,0,0,0,0
RI,EVStock,Lakeville,0,0,0,0,0,0,0,0,0
RI,EVStock,Lilydale,0,0,0,0,0,0,0,0,0
RI,EVStock,Marshan Twp.,0,0,0,0,0,0,0,0,0
RI,EVStock,Mendota,0,0,0,0,0,0,0,0,0
RI,EVStock,Mendota Heights,0,0,0,0,0,0,0,0,0
RI,EVStock,Miesville,0,0,0,0,0,0,0,0,0
RI,EVStock,New Trier,0,0,0,0,0,0,0,0,0
RI,EVStock,Nininger Twp.,0,0,0,0,0,0,0,0,0
RI,EVStock,Northfield,0,0,0,0,0,0,0,0,0
RI,EVStock,Randolph,0,0,0,0,0,0,0,0,0
RI,EVStock,Randolph Twp.,0,0,0,0,0,0,0,0,0
RI,EVStock,Ravenna Twp.,0,0,0,0,0,0,0,0,0
RI,EVStock,Rosemount,0,0,0,0,0,0,0,0,0
RI,EVStock,Sciota Twp.,0,0,0,0,0,0,0,0,0
RI,EVStock,South St. Paul,0,0,0,0,0,0,0,0,0
RI,EVStock,Sunfish Lake,0,0,0,0,0,0,0,0,0
RI,EVStock,Vermillion,0,0,0,0,0,0,0,0,0
RI,EVStock,Vermillion Twp.,0,0,0,0,0,0,0,0,0
RI,EVStock,Waterford Twp.,0,0,0,0,0,0,0,0,0
RI,EVStock,West St. Paul,0,0,0,0,0,0,0,0,0
RI,EVStock,Bloomington,0,0,0,0,0,0,0,0,0
RI,EVStock,Brooklyn Center,0,0,0,0,0,0,0,0,0
RI,EVStock,Brooklyn Park,0,0,0,0,0,0,0,0,0
RI,EVStock,Champlin,0,0,0,0,0,0,0,0,0
RI,EVStock,Chanhassen,0,0,0,0,0,0,0,0,0
RI,EVStock,Corcoran,0,0,0,0,0,0,0,0,0
RI,EVStock,Crystal,0,0,0,0,0,0,0,0,0
RI,EVStock,Dayton,0,0,0,0,0,0,0,0,0
RI,EVStock,Deephaven,0,0,0,0,0,0,0,0,0
RI,EVStock,Eden Prairie,0,0,0,0,0,0,0,0,0
RI,EVStock,Edina,0,0,0,0,0,0,0,0,0
RI,EVStock,Excelsior,0,0,0,0,0,0,0,0,0
RI,EVStock,Fort Snelling UT,0,0,0,0,0,0,0,0,0
RI,EVStock,Golden Valley,0,0,0,0,0,0,0,0,0
RI,EVStock,Greenfield,0,0,0,0,0,0,0,0,0
RI,EVStock,Greenwood,0,0,0,0,0,0,0,0,0
RI,EVStock,Hanover,0,0,0,0,0,0,0,0,0
RI,EVStock,Hopkins,0,0,0,0,0,0,0,0,0
RI,EVStock,Independence,0,0,0,0,0,0,0,0,0
RI,EVStock,Long Lake,0,0,0,0,0,0,0,0,0
RI,EVStock,Loretto,0,0,0,0,0,0,0,0,0
RI,EVStock,Maple Grove,0,0,0,0,0,0,0,0,0
RI,EVStock,Maple Plain,0,0,0,0,0,0,0,0,0
RI,EVStock,Medicine Lake,0,0,0,0,0,0,0,0,0
RI,EVStock,Medina,0,0,0,0,0,0,0,0,0
RI,EVStock,Minneapolis,0,0,0,0,0,0,0,0,0
RI,EVStock,Minnetonka,0,0,0,0,0,0,0,0,0
RI,EVStock,Minnetonka Beach,0,0,0,0,0,0,0,0,0
RI,EVStock,Minnetrista,0,0,0,0,0,0,0,0,0
RI,EVStock,Mound,0,0,0,0,0,0,0,0,0
RI,EVStock,New Hope,0,0,0,0,0,0,0,0,0
RI,EVStock,Orono,0,0,0,0,0,0,0,0,0
RI,EVStock,Osseo,0,0,0,0,0,0,0,0,0
RI,EVStock,Plymouth,0,0,0,0,0,0,0,0,0
RI,EVStock,Richfield,0,0,0,0,0,0,0,0,0
RI,EVStock,Robbinsdale,0,0,0,0,0,0,0,0,0
RI,EVStock,Rockford,0,0,0,0,0,0,0,0,0
RI,EVStock,Rogers,0,0,0,0,0,0,0,0,0
RI,EVStock,St. Anthony,0,0,0,0,0,0,0,0,0
RI,EVStock,St. Bonifacius,0,0,0,0,0,0,0,0,0
RI,EVStock,St. Louis Park,0,0,0,0,0,0,0,0,0
RI,EVStock,Shorewood,0,0,0,0,0,0,0,0,0
RI,EVStock,Spring Park,0,0,0,0,0,0,0,0,0
RI,EVStock,Tonka Bay,0,0,0,0,0,0,0,0,0
RI,EVStock,Wayzata,0,0,0,0,0,0,0,0,0
RI,EVStock,Woodland,0,0,0,0,0,0,0,0,0
RI,EVStock,Arden Hills,0,0,0,0,0,0,0,0,0
RI,EVStock,Blaine,0,0,0,0,0,0,0,0,0
RI,EVStock,Falcon Heights,0,0,0,0,0,0,0,0,0
RI,EVStock,Gem Lake,0,0,0,0,0,0,0,0,0
RI,EVStock,Lauderdale,0,0,0,0,0,0,0,0,0
RI,EVStock,Little Canada,0,0,0,0,0,0,0,0,0
RI,EVStock,Maplewood,0,0,0,0,0,0,0,0,0
RI,EVStock,Mounds View,0,0,0,0,0,0,0,0,0
RI,EVStock,New Brighton,0,0,0,0,0,0,0,0,0
RI,EVStock,North Oaks,0,0,0,0,0,0,0,0,0
RI,EVStock,North St. Paul,0,0,0,0,0,0,0,0,0
RI,EVStock,Roseville,0,0,0,0,0,0,0,0,0
RI,EVStock,St. Anthony,0,0,0,0,0,0,0,0,0
RI,EVStock,St. Paul,0,0,0,0,0,0,0,0,0
RI,EVStock,Shoreview,0,0,0,0,0,0,0,0,0
RI,EVStock,Spring Lake Park,0,0,0,0,0,0,0,0,0
RI,EVStock,Vadnais Heights,0,0,0,0,0,0,0,0,0
RI,EVStock,White Bear Twp.,0,0,0,0,0,0,0,0,0
RI,EVStock,White Bear Lake,0,0,0,0,0,0,0,0,0
RI,EVStock,Belle Plaine,0,0,0,0,0,0,0,0,0
RI,EVStock,Belle Plaine Twp.,0,0,0,0,0,0,0,0,0
RI,EVStock,Blakeley Twp.,0,0,0,0,0,0,0,0,0
RI,EVStock,Cedar Lake Twp.,0,0,0,0,0,0,0,0,0
RI,EVStock,Credit River Twp.,0,0,0,0,0,0,0,0,0
RI,EVStock,Elko New Market,0,0,0,0,0,0,0,0,0
RI,EVStock,Helena Twp.,0,0,0,0,0,0,0,0,0
RI,EVStock,Jackson Twp.,0,0,0,0,0,0,0,0,0
RI,EVStock,Jordan,0,0,0,0,0,0,0,0,0
RI,EVStock,Louisville Twp.,0,0,0,0,0,0,0,0,0
RI,EVStock,New Market Twp.,0,0,0,0,0,0,0,0,0
RI,EVStock,New Prague,0,0,0,0,0,0,0,0,0
RI,EVStock,Prior Lake,0,0,0,0,0,0,0,0,0
RI,EVStock,St. Lawrence Twp.,0,0,0,0,0,0,0,0,0
RI,EVStock,Sand Creek Twp.,0,0,0,0,0,0,0,0,0
RI,EVStock,Savage,0,0,0,0,0,0,0,0,0
RI,EVStock,Shakopee,0,0,0,0,0,0,0,0,0
RI,EVStock,Spring Lake Twp.,0,0,0,0,0,0,0,0,0
RI,EVStock,Afton,0,0,0,0,0,0,0,0,0
RI,EVStock,Bayport,0,0,0,0,0,0,0,0,0
RI,EVStock,Baytown Twp.,0,0,0,0,0,0,0,0,0
RI,EVStock,Birchwood Village,0,0,0,0,0,0,0,0,0
RI,EVStock,Cottage Grove,0,0,0,0,0,0,0,0,0
RI,EVStock,Dellwood,0,0,0,0,0,0,0,0,0
RI,EVStock,Denmark Twp.,0,0,0,0,0,0,0,0,0
RI,EVStock,Forest Lake,0,0,0,0,0,0,0,0,0
RI,EVStock,Grant,0,0,0,0,0,0,0,0,0
RI,EVStock,Grey Cloud Island Twp.,0,0,0,0,0,0,0,0,0
RI,EVStock,Hastings,0,0,0,0,0,0,0,0,0
RI,EVStock,Hugo,0,0,0,0,0,0,0,0,0
RI,EVStock,Lake Elmo,0,0,0,0,0,0,0,0,0
RI,EVStock,Lakeland,0,0,0,0,0,0,0,0,0
RI,EVStock,Lakeland Shores,0,0,0,0,0,0,0,0,0
RI,EVStock,Lake St. Croix Beach,0,0,0,0,0,0,0,0,0
RI,EVStock,Landfall,0,0,0,0,0,0,0,0,0
RI,EVStock,Mahtomedi,0,0,0,0,0,0,0,0,0
RI,EVStock,Marine on St. Croix,0,0,0,0,0,0,0,0,0
RI,EVStock,May Twp.,0,0,0,0,0,0,0,0,0
RI,EVStock,Newport,0,0,0,0,0,0,0,0,0
RI,EVStock,Oakdale,0,0,0,0,0,0,0,0,0
RI,EVStock,Oak Park Heights,0,0,0,0,0,0,0,0,0
RI,EVStock,Pine Springs,0,0,0,0,0,0,0,0,0
RI,EVStock,St. Marys Point,0,0,0,0,0,0,0,0,0
RI,EVStock,St. Paul Park,0,0,0,0,0,0,0,0,0
RI,EVStock,Scandia,0,0,0,0,0,0,0,0,0
RI,EVStock,Stillwater,0,0,0,0,0,0,0,0,0
RI,EVStock,Stillwater Twp.,0,0,0,0,0,0,0,0,0
RI,EVStock,West Lakeland Twp.,0,0,0,0,0,0,0,0,0
RI,EVStock,White Bear Lake,0,0,0,0,0,0,0,0,0
RI,EVStock,Willernie,0,0,0,0,0,0,0,0,0
RI,EVStock,Woodbury,0,0,0,0,0,0,0,0,0
RI,PMT,Andover,434.3327255,381.0808511,345.5796015,303.4687234,261.3578453,217.1651477,172.9724501,128.7797525,84.58705493
RI,PMT,Anoka,2537.091305,2370.457379,2259.368095,2127.596189,1995.824284,1857.53802,1719.251757,1580.965494,1442.679231
RI,PMT,Bethel,0,0,0,0,0,0,0,0,0
RI,PMT,Blaine,0,0,0,0,0,0,0,0,0
RI,PMT,Centerville,0,0,0,0,0,0,0,0,0
RI,PMT,Circle Pines,0,0,0,0,0,0,0,0,0
RI,PMT,Columbia Heights,0,0,0,0,0,0,0,0,0
RI,PMT,Columbus,0,0,0,0,0,0,0,0,0
RI,PMT,Coon Rapids,2073.944561,1917.16644,1812.647692,1688.669626,1564.691561,1434.584439,1304.477317,1174.370195,1044.263073
RI,PMT,East Bethel,0,0,0,0,0,0,0,0,0
RI,PMT,Fridley,5387.480395,5311.286157,5260.489998,5200.236602,5139.983206,5076.751086,5013.518966,4950.286846,4887.054726
RI,PMT,Ham Lake,0,0,0,0,0,0,0,0,0
RI,PMT,Hilltop,0,0,0,0,0,0,0,0,0
RI,PMT,Lexington,0,0,0,0,0,0,0,0,0
RI,PMT,Lino Lakes,0,0,0,0,0,0,0,0,0
RI,PMT,Linwood Twp.,0,0,0,0,0,0,0,0,0
RI,PMT,Nowthen,0,0,0,0,0,0,0,0,0
RI,PMT,Oak Grove,0,0,0,0,0,0,0,0,0
RI,PMT,Ramsey,745.1086601,656.4763068,597.3880713,527.2987782,457.2094852,383.6552145,310.1009438,236.546673,162.9924023
RI,PMT,St. Francis,0,0,0,0,0,0,0,0,0
RI,PMT,Spring Lake Park,0,0,0,0,0,0,0,0,0
RI,PMT,Benton Twp.,0,0,0,0,0,0,0,0,0
RI,PMT,Camden Twp.,0,0,0,0,0,0,0,0,0
RI,PMT,Carver,0,0,0,0,0,0,0,0,0
RI,PMT,Chanhassen,0,0,0,0,0,0,0,0,0
RI,PMT,Chaska,0,0,0,0,0,0,0,0,0
RI,PMT,Cologne,0,0,0,0,0,0,0,0,0
RI,PMT,Dahlgren Twp.,0,0,0,0,0,0,0,0,0
RI,PMT,Hamburg,0,0,0,0,0,0,0,0,0
RI,PMT,Hancock Twp.,0,0,0,0,0,0,0,0,0
RI,PMT,Hollywood Twp.,0,0,0,0,0,0,0,0,0
RI,PMT,Laketown Twp.,0,0,0,0,0,0,0,0,0
RI,PMT,Mayer,0,0,0,0,0,0,0,0,0
RI,PMT,New Germany,0,0,0,0,0,0,0,0,0
RI,PMT,Norwood Young America,0,0,0,0,0,0,0,0,0
RI,PMT,San Francisco Twp.,0,0,0,0,0,0,0,0,0
RI,PMT,Victoria,0,0,0,0,0,0,0,0,0
RI,PMT,Waconia,0,0,0,0,0,0,0,0,0
RI,PMT,Waconia Twp.,0,0,0,0,0,0,0,0,0
RI,PMT,Watertown,0,0,0,0,0,0,0,0,0
RI,PMT,Watertown Twp.,0,0,0,0,0,0,0,0,0
RI,PMT,Young America Twp.,0,0,0,0,0,0,0,0,0
RI,PMT,Apple Valley,0,0,0,0,0,0,0,0,0
RI,PMT,Burnsville,0,0,0,0,0,0,0,0,0
RI,PMT,Castle Rock Twp.,0,0,0,0,0,0,0,0,0
RI,PMT,Coates,0,0,0,0,0,0,0,0,0
RI,PMT,Douglas Twp.,0,0,0,0,0,0,0,0,0
RI,PMT,Eagan,0,0,0,0,0,0,0,0,0
RI,PMT,Empire Twp.,0,0,0,0,0,0,0,0,0
RI,PMT,Eureka Twp.,0,0,0,0,0,0,0,0,0
RI,PMT,Farmington,0,0,0,0,0,0,0,0,0
RI,PMT,Greenvale Twp.,0,0,0,0,0,0,0,0,0
RI,PMT,Hampton,0,0,0,0,0,0,0,0,0
RI,PMT,Hampton Twp.,0,0,0,0,0,0,0,0,0
RI,PMT,Hastings,0,0,0,0,0,0,0,0,0
RI,PMT,Inver Grove Heights,0,0,0,0,0,0,0,0,0
RI,PMT,Lakeville,0,0,0,0,0,0,0,0,0
RI,PMT,Lilydale,0,0,0,0,0,0,0,0,0
RI,PMT,Marshan Twp.,0,0,0,0,0,0,0,0,0
RI,PMT,Mendota,0,0,0,0,0,0,0,0,0
RI,PMT,Mendota Heights,0,0,0,0,0,0,0,0,0
RI,PMT,Miesville,0,0,0,0,0,0,0,0,0
RI,PMT,New Trier,0,0,0,0,0,0,0,0,0
RI,PMT,Nininger Twp.,0,0,0,0,0,0,0,0,0
RI,PMT,Northfield,0,0,0,0,0,0,0,0,0
RI,PMT,Randolph,0,0,0,0,0,0,0,0,0
RI,PMT,Randolph Twp.,0,0,0,0,0,0,0,0,0
RI,PMT,Ravenna Twp.,0,0,0,0,0,0,0,0,0
RI,PMT,Rosemount,0,0,0,0,0,0,0,0,0
RI,PMT,Sciota Twp.,0,0,0,0,0,0,0,0,0
RI,PMT,South St. Paul,0,0,0,0,0,0,0,0,0
RI,PMT,Sunfish Lake,0,0,0,0,0,0,0,0,0
RI,PMT,Vermillion,0,0,0,0,0,0,0,0,0
RI,PMT,Vermillion Twp.,0,0,0,0,0,0,0,0,0
RI,PMT,Waterford Twp.,0,0,0,0,0,0,0,0,0
RI,PMT,West St. Paul,0,0,0,0,0,0,0,0,0
RI,PMT,Bloomington,1147.130947,1285.424,1377.619368,1486.979686,1596.340003,1711.106725,1825.873447,1940.640169,2055.406891
RI,PMT,Brooklyn Center,0,0,0,0,0,0,0,0,0
RI,PMT,Brooklyn Park,0,0,0,0,0,0,0,0,0
RI,PMT,Champlin,0,0,0,0,0,0,0,0,0
RI,PMT,Chanhassen,0,0,0,0,0,0,0,0,0
RI,PMT,Corcoran,0,0,0,0,0,0,0,0,0
RI,PMT,Crystal,0,0,0,0,0,0,0,0,0
RI,PMT,Dayton,0,0,0,0,0,0,0,0,0
RI,PMT,Deephaven,0,0,0,0,0,0,0,0,0
RI,PMT,Eden Prairie,0,0,0,0,0,0,0,0,0
RI,PMT,Edina,0,0,0,0,0,0,0,0,0
RI,PMT,Excelsior,0,0,0,0,0,0,0,0,0
RI,PMT,Fort Snelling UT,0,0,0,0,0,0,0,0,0
RI,PMT,Golden Valley,0,0,0,0,0,0,0,0,0
RI,PMT,Greenfield,0,0,0,0,0,0,0,0,0
RI,PMT,Greenwood,0,0,0,0,0,0,0,0,0
RI,PMT,Hanover,0,0,0,0,0,0,0,0,0
RI,PMT,Hopkins,0,0,0,0,0,0,0,0,0
RI,PMT,Independence,0,0,0,0,0,0,0,0,0
RI,PMT,Long Lake,0,0,0,0,0,0,0,0,0
RI,PMT,Loretto,0,0,0,0,0,0,0,0,0
RI,PMT,Maple Grove,0,0,0,0,0,0,0,0,0
RI,PMT,Maple Plain,0,0,0,0,0,0,0,0,0
RI,PMT,Medicine Lake,0,0,0,0,0,0,0,0,0
RI,PMT,Medina,0,0,0,0,0,0,0,0,0
RI,PMT,Minneapolis,12394.80766,12706.94586,12915.038,13161.87277,13408.70753,13667.74497,13926.78241,14185.81985,14444.85729
RI,PMT,Minnetonka,0,0,0,0,0,0,0,0,0
RI,PMT,Minnetonka Beach,0,0,0,0,0,0,0,0,0
RI,PMT,Minnetrista,0,0,0,0,0,0,0,0,0
RI,PMT,Mound,0,0,0,0,0,0,0,0,0
RI,PMT,New Hope,0,0,0,0,0,0,0,0,0
RI,PMT,Orono,0,0,0,0,0,0,0,0,0
RI,PMT,Osseo,0,0,0,0,0,0,0,0,0
RI,PMT,Plymouth,0,0,0,0,0,0,0,0,0
RI,PMT,Richfield,0,0,0,0,0,0,0,0,0
RI,PMT,Robbinsdale,0,0,0,0,0,0,0,0,0
RI,PMT,Rockford,0,0,0,0,0,0,0,0,0
RI,PMT,Rogers,0,0,0,0,0,0,0,0,0
RI,PMT,St. Anthony,0,0,0,0,0,0,0,0,0
RI,PMT,St. Bonifacius,0,0,0,0,0,0,0,0,0
RI,PMT,St. Louis Park,0,0,0,0,0,0,0,0,0
RI,PMT,Shorewood,0,0,0,0,0,0,0,0,0
RI,PMT,Spring Park,0,0,0,0,0,0,0,0,0
RI,PMT,Tonka Bay,0,0,0,0,0,0,0,0,0
RI,PMT,Wayzata,0,0,0,0,0,0,0,0,0
RI,PMT,Woodland,0,0,0,0,0,0,0,0,0
RI,PMT,Arden Hills,0,0,0,0,0,0,0,0,0
RI,PMT,Blaine,0,0,0,0,0,0,0,0,0
RI,PMT,Falcon Heights,0,0,0,0,0,0,0,0,0
RI,PMT,Gem Lake,0,0,0,0,0,0,0,0,0
RI,PMT,Lauderdale,0,0,0,0,0,0,0,0,0
RI,PMT,Little Canada,0,0,0,0,0,0,0,0,0
RI,PMT,Maplewood,0,0,0,0,0,0,0,0,0
RI,PMT,Mounds View,0,0,0,0,0,0,0,0,0
RI,PMT,New Brighton,636.6575919,652.1934463,662.5506825,674.8362307,687.121779,700.0146832,712.9075874,725.8004916,738.6933958
RI,PMT,North Oaks,0,0,0,0,0,0,0,0,0
RI,PMT,North St. Paul,0,0,0,0,0,0,0,0,0
RI,PMT,Roseville,225.7279533,238.4826566,246.9857921,257.0720429,267.1582936,277.7431745,288.3280553,298.9129362,309.4978171
RI,PMT,St. Anthony,0,0,0,0,0,0,0,0,0
RI,PMT,St. Paul,459.1680437,494.4181555,517.9182301,545.7935524,573.6688748,602.9222588,632.1756429,661.4290269,690.682411
RI,PMT,Shoreview,0,0,0,0,0,0,0,0,0
RI,PMT,Spring Lake Park,0,0,0,0,0,0,0,0,0
RI,PMT,Vadnais Heights,0,0,0,0,0,0,0,0,0
RI,PMT,White Bear Twp.,0,0,0,0,0,0,0,0,0
RI,PMT,White Bear Lake,0,0,0,0,0,0,0,0,0
RI,PMT,Belle Plaine,0,0,0,0,0,0,0,0,0
RI,PMT,Belle Plaine Twp.,0,0,0,0,0,0,0,0,0
RI,PMT,Blakeley Twp.,0,0,0,0,0,0,0,0,0
RI,PMT,Cedar Lake Twp.,0,0,0,0,0,0,0,0,0
RI,PMT,Credit River Twp.,0,0,0,0,0,0,0,0,0
RI,PMT,Elko New Market,0,0,0,0,0,0,0,0,0
RI,PMT,Helena Twp.,0,0,0,0,0,0,0,0,0
RI,PMT,Jackson Twp.,0,0,0,0,0,0,0,0,0
RI,PMT,Jordan,0,0,0,0,0,0,0,0,0
RI,PMT,Louisville Twp.,0,0,0,0,0,0,0,0,0
RI,PMT,New Market Twp.,0,0,0,0,0,0,0,0,0
RI,PMT,New Prague,0,0,0,0,0,0,0,0,0
RI,PMT,Prior Lake,0,0,0,0,0,0,0,0,0
RI,PMT,St. Lawrence Twp.,0,0,0,0,0,0,0,0,0
RI,PMT,Sand Creek Twp.,0,0,0,0,0,0,0,0,0
RI,PMT,Savage,0,0,0,0,0,0,0,0,0
RI,PMT,Shakopee,0,0,0,0,0,0,0,0,0
RI,PMT,Spring Lake Twp.,0,0,0,0,0,0,0,0,0
RI,PMT,Afton,0,0,0,0,0,0,0,0,0
RI,PMT,Bayport,0,0,0,0,0,0,0,0,0
RI,PMT,Baytown Twp.,0,0,0,0,0,0,0,0,0
RI,PMT,Birchwood Village,0,0,0,0,0,0,0,0,0
RI,PMT,Cottage Grove,0,0,0,0,0,0,0,0,0
RI,PMT,Dellwood,0,0,0,0,0,0,0,0,0
RI,PMT,Denmark Twp.,0,0,0,0,0,0,0,0,0
RI,PMT,Forest Lake,0,0,0,0,0,0,0,0,0
RI,PMT,Grant,0,0,0,0,0,0,0,0,0
RI,PMT,Grey Cloud Island Twp.,0,0,0,0,0,0,0,0,0
RI,PMT,Hastings,0,0,0,0,0,0,0,0,0
RI,PMT,Hugo,0,0,0,0,0,0,0,0,0
RI,PMT,Lake Elmo,0,0,0,0,0,0,0,0,0
RI,PMT,Lakeland,0,0,0,0,0,0,0,0,0
RI,PMT,Lakeland Shores,0,0,0,0,0,0,0,0,0
RI,PMT,Lake St. Croix Beach,0,0,0,0,0,0,0,0,0
RI,PMT,Landfall,0,0,0,0,0,0,0,0,0
RI,PMT,Mahtomedi,0,0,0,0,0,0,0,0,0
RI,PMT,Marine on St. Croix,0,0,0,0,0,0,0,0,0
RI,PMT,May Twp.,0,0,0,0,0,0,0,0,0
RI,PMT,Newport,0,0,0,0,0,0,0,0,0
RI,PMT,Oakdale,0,0,0,0,0,0,0,0,0
RI,PMT,Oak Park Heights,0,0,0,0,0,0,0,0,0
RI,PMT,Pine Springs,0,0,0,0,0,0,0,0,0
RI,PMT,St. Marys Point,0,0,0,0,0,0,0,0,0
RI,PMT,St. Paul Park,0,0,0,0,0,0,0,0,0
RI,PMT,Scandia,0,0,0,0,0,0,0,0,0
RI,PMT,Stillwater,0,0,0,0,0,0,0,0,0
RI,PMT,Stillwater Twp.,0,0,0,0,0,0,0,0,0
RI,PMT,West Lakeland Twp.,0,0,0,0,0,0,0,0,0
RI,PMT,White Bear Lake,0,0,0,0,0,0,0,0,0
RI,PMT,Willernie,0,0,0,0,0,0,0,0,0
RI,PMT,Woodbury,0,0,0,0,0,0,0,0,0
RI,AVO,All,76.69975877,76.69975877,76.69975877,76.69975877,76.69975877,76.69975877,76.69975877,76.69975877,76.69975877
RI,BCIMPG,All,9.382990224,9.411139195,9.429905175,9.477054701,9.524439974,9.572062174,9.619922485,9.667782796,9.715643107
RI,EVElec,All,0.1,0.1,0.1,0.1,0.1,0.1,0.1,0.1,0.1
BS,TotStock,All,100,100,100,100,100,100,100,100,100
BS,CIStock,All,100,100,100,100,100,100,100,100,100
BS,BEVStock,All,0,0,0,0,0,0,0,0,0
BS,CIMPG,All,7.7,7.7231,7.7385,7.816078463,7.933906822,8.093779017,8.298157079,8.550234424,8.854019097
BS,BEVElec,All,0.526060606,0.526060606,0.526060606,0.526060606,0.526060606,0.526060606,0.526060606,0.526060606,0.526060606
BS,PMT,Andover,8379.068799,9634.673614,10471.74349,11464.65917,12457.57486,13499.57694,14541.57902,15583.5811,16625.58318
BS,PMT,Anoka,6276.258901,7164.167812,7756.107086,8458.253712,9160.400338,9897.258719,10634.1171,11370.97548,12107.83386
BS,PMT,Bethel,135.6871983,145.452151,151.9621194,159.6841149,167.4061104,175.5098552,183.6136,191.7173448,199.8210896
BS,PMT,Blaine,13878.1047,16393.79847,18070.92765,20060.30502,22049.68239,24137.40785,26225.13331,28312.85877,30400.58423
BS,PMT,Centerville,1331.569198,1620.971598,1813.906532,2042.762123,2271.617715,2511.787153,2751.956591,2992.126029,3232.295467
BS,PMT,Circle Pines,983.0097019,1186.467219,1322.105564,1482.997078,1643.888592,1812.734039,1981.579485,2150.424932,2319.270379
BS,PMT,Columbia Heights,1661.809483,1930.751279,2110.045809,2322.721425,2535.397041,2758.58662,2981.7762,3204.965779,3428.155358
BS,PMT,Columbus,1154.869503,1332.899075,1451.585457,1592.368888,1733.15232,1880.895608,2028.638897,2176.382185,2324.125474
BS,PMT,Coon Rapids,22569.234,25097.84472,26783.5852,28783.17712,30782.76903,32881.21402,34979.659,37078.10399,39176.54897
BS,PMT,East Bethel,3766.191903,4339.577687,4721.834877,5175.260773,5628.68667,6104.52841,6580.37015,7056.211891,7532.053631
BS,PMT,Fridley,3666.988382,4213.967728,4578.620625,5011.164659,5443.708693,5897.636242,6351.56379,6805.491339,7259.418888
BS,PMT,Ham Lake,3237.447701,3594.19889,3832.033016,4114.14714,4396.261263,4692.322155,4988.383047,5284.443939,5580.504831
BS,PMT,Hilltop,410.5975964,495.1420893,551.5050845,618.3617516,685.2184186,755.3802533,825.5420879,895.7039226,965.8657573
BS,PMT,Lexington,320.7441051,354.1143905,376.3612475,402.750028,429.1388085,456.8321611,484.5255137,512.2188662,539.9122188
BS,PMT,Lino Lakes,6400.873996,7484.298776,8206.581962,9063.339952,9920.097942,10819.21115,11718.32436,12617.43757,13516.55078
BS,PMT,Linwood Twp.,2154.483101,2350.992376,2481.998559,2637.395495,2792.792432,2955.871667,3118.950903,3282.030138,3445.109374
BS,PMT,Nowthen,815.0224966,940.4632734,1024.090458,1123.287365,1222.484273,1326.58514,1430.686007,1534.786875,1638.887742
BS,PMT,Oak Grove,779.7356,883.5135039,952.6987731,1034.764967,1116.831161,1202.954431,1289.0777,1375.200969,1461.324239
BS,PMT,Ramsey,5579.228297,6534.974052,7172.137888,7927.928993,8683.720098,9476.874961,10270.02982,11063.18469,11856.33955
BS,PMT,St. Francis,4817.174399,5481.766824,5924.82844,6450.379342,6975.930244,7527.462606,8078.994967,8630.527329,9182.059691
BS,PMT,Spring Lake Park,1143.3435,1357.679912,1500.570853,1670.065254,1839.559654,2017.433285,2195.306916,2373.180547,2551.054177
BS,PMT,Benton Twp.,678.3866864,875.2617336,1006.511765,1162.19795,1317.884134,1481.266917,1644.6497,1808.032483,1971.415266
BS,PMT,Camden Twp.,549.5589956,575.8753903,593.4196534,614.2303104,635.0409673,656.8804328,678.7198983,700.5593638,722.3988293
BS,PMT,Carver,2364.215508,3131.55296,3643.111261,4249.911572,4856.711882,5493.510349,6130.308816,6767.107282,7403.905749
BS,PMT,Chanhassen,8456.002301,10334.30295,11586.50338,13071.83869,14557.17401,16115.93928,17674.70455,19233.46982,20792.23509
BS,PMT,Chaska,6219.324201,7844.136829,8927.345247,10212.22559,11497.10593,12845.50641,14193.90689,15542.30738,16890.70786
BS,PMT,Cologne,655.8957,845.374292,971.6933534,1121.530519,1271.367684,1428.612292,1585.8569,1743.101508,1900.346116
BS,PMT,Dahlgren Twp.,2701.638298,3487.576684,4011.535608,4633.045291,5254.554974,5906.789995,6559.025016,7211.260037,7863.495058
BS,PMT,Hamburg,147.2233981,166.226816,178.8957613,193.9234129,208.9510645,224.7216324,240.4922003,256.2627682,272.0333361
BS,PMT,Hancock Twp.,90.90239796,100.8550843,107.4902086,115.3606614,123.2311142,131.4906556,139.7501969,148.0097383,156.2692797
BS,PMT,Hollywood Twp.,564.7297898,631.8707665,676.6314176,729.7256141,782.8198107,838.5388048,894.257799,949.9767931,1005.695787
BS,PMT,Laketown Twp.,2585.198501,3582.558215,4247.464691,5036.163565,5824.862439,6652.55192,7480.2414,8307.930881,9135.620361
BS,PMT,Mayer,430.8785864,528.6306355,593.7986683,671.0996962,748.4007241,829.5232536,910.645783,991.7683124,1072.890842
BS,PMT,New Germany,264.8158,295.6495942,316.205457,340.5884138,364.9713705,390.5597382,416.148106,441.7364737,467.3248414
BS,PMT,Norwood Young America,1867.959987,2470.457407,2872.122353,3348.569346,3825.016338,4325.01726,4825.018181,5325.019103,5825.020024
BS,PMT,San Francisco Twp.,110.2228983,154.0716632,183.3041731,217.9791966,252.6542201,289.0434595,325.432699,361.8219384,398.2111778
BS,PMT,Victoria,2631.4198,3469.307933,4027.900021,4690.490877,5353.081734,6048.428842,6743.77595,7439.123059,8134.470167
BS,PMT,Waconia,6249.905492,7971.238122,9118.793209,10480.00029,11841.20737,13269.70793,14698.20849,16126.70905,17555.20961
BS,PMT,Waconia Twp.,3304.747288,3839.470219,4195.952173,4618.803997,5041.65582,5485.412008,5929.168196,6372.924385,6816.680573
BS,PMT,Watertown,2411.371781,2902.364062,3229.69225,3617.962454,4006.232658,4413.697628,4821.162598,5228.627569,5636.092539
BS,PMT,Watertown Twp.,2549.274081,3167.636782,3579.878582,4068.87163,4557.864677,5071.031888,5584.199098,6097.366309,6610.53352
BS,PMT,Young America Twp.,2097.546686,2741.954199,3171.559208,3681.148148,4190.737089,4725.518384,5260.299679,5795.080974,6329.862269
BS,PMT,Apple Valley,10683.11276,12168.01454,13157.94906,14332.18975,15506.43044,16738.72162,17971.0128,19203.30398,20435.59516
BS,PMT,Burnsville,8143.950283,9039.944587,9637.274123,10345.81457,11054.35502,11797.92331,12541.4916,13285.0599,14028.62819
BS,PMT,Castle Rock Twp.,375.8836054,456.8320537,510.7976859,574.8106485,638.823611,706.0011581,773.1787051,840.3562521,907.5337992
BS,PMT,Coates,74.34269898,327.788102,496.751704,697.1729774,897.5942509,1107.923675,1318.253098,1528.582522,1738.911946
BS,PMT,Douglas Twp.,136.4216,142.3283016,146.2661027,150.9370443,155.6079858,160.5098429,165.4117,170.3135571,175.2154142
BS,PMT,Eagan,12415.63033,14073.82157,15179.2824,16490.55811,17801.83382,19177.93457,20554.03532,21930.13607,23306.23681
BS,PMT,Empire Twp.,2117.414617,2569.623489,2871.096071,3228.696867,3586.297664,3961.577035,4336.856406,4712.135777,5087.415148
BS,PMT,Eureka Twp.,1181.022304,1289.757501,1362.247632,1448.233988,1534.220344,1624.457575,1714.694806,1804.932036,1895.169267
BS,PMT,Farmington,7403.877572,8717.782494,9593.719109,10632.73775,11671.75639,12762.14059,13852.5248,14942.90901,16033.29322
BS,PMT,Greenvale Twp.,556.6462932,680.040694,762.3036278,859.8822883,957.4609488,1059.863568,1162.266188,1264.668808,1367.071427
BS,PMT,Hampton,259.3486,288.2759551,307.5608585,330.4362284,353.3115983,377.3178491,401.3241,425.3303509,449.3366017
BS,PMT,Hampton Twp.,514.4319,578.7714098,621.6644163,672.5432498,723.4220834,776.8161945,830.2103056,883.6044167,936.9985278
BS,PMT,Hastings,4644.974603,5132.59009,5457.667082,5843.266962,6228.866841,6633.529475,7038.19211,7442.854744,7847.517378
BS,PMT,Inver Grove Heights,4939.492803,5824.535822,6414.564501,7114.444817,7814.325133,8548.805166,9283.2852,10017.76523,10752.24527
BS,PMT,Lakeville,18321.46272,21254.70865,23210.20593,25529.77802,27849.35012,30283.59401,32717.83791,35152.08181,37586.3257
BS,PMT,Lilydale,106.3571002,120.0516569,129.1813613,140.0108356,150.8403099,162.2051568,173.5700037,184.9348507,196.2996976
BS,PMT,Marshan Twp.,406.3578,436.5715852,456.7141086,480.6067703,504.4994321,529.5732663,554.6471005,579.7209347,604.7947689
BS,PMT,Mendota,20.75359983,25.69807683,28.99439483,32.90442186,36.8144489,40.91777445,45.0211,49.12442555,53.2277511
BS,PMT,Mendota Heights,1690.803001,1890.15219,2023.05165,2180.694353,2338.337056,2503.773081,2669.209107,2834.645132,3000.081158
BS,PMT,Miesville,91.89009643,91.71483199,91.59798903,91.45939222,91.32079542,91.17534686,91.0298983,90.88444974,90.73900118
BS,PMT,New Trier,184.4584983,196.5888334,204.6757234,214.2682319,223.8607405,233.9274702,243.9942,254.0609298,264.1276595
BS,PMT,Nininger Twp.,519.2922002,549.2351212,569.1970686,592.8755347,616.5540007,641.4030501,666.2520995,691.1011489,715.9501982
BS,PMT,Northfield,4923.866414,5271.036588,5502.48337,5777.020953,6051.558536,6339.668328,6627.778121,6915.887914,7203.997707
BS,PMT,Randolph,538.781001,589.9946983,624.1371631,664.6362777,705.1353923,747.6366462,790.1379002,832.6391541,875.140408
BS,PMT,Randolph Twp.,736.6728993,797.7118182,838.4044308,886.6732007,934.9419706,985.5969854,1036.252,1086.907015,1137.56203
BS,PMT,Ravenna Twp.,378.233,393.0113575,402.8635959,414.5501257,426.2366554,438.5009277,450.7652,463.0294723,475.2937446
BS,PMT,Rosemount,3755.405405,4951.749231,5749.311781,6695.364659,7641.417538,8634.240072,9627.062607,10619.88514,11612.70768
BS,PMT,Sciota Twp.,164.1367,180.1727385,190.8634309,203.5445181,216.2256054,229.5336027,242.8416,256.1495973,269.4575946
BS,PMT,South St. Paul,2246.861102,2512.22105,2689.127682,2898.97082,3108.813958,3329.031032,3549.248105,3769.465179,3989.682252
BS,PMT,Sunfish Lake,35.14240017,121.5500377,179.1551294,247.4851467,315.8151639,387.5231862,459.2312085,530.9392308,602.6472531
BS,PMT,Vermillion,96.92380187,111.2709251,120.835674,132.1811894,143.5267048,155.4331041,167.3395034,179.2459027,191.152302
BS,PMT,Vermillion Twp.,247.0014983,269.8770219,285.1273709,303.2170325,321.3066941,340.2906474,359.2746007,378.258554,397.2425073
BS,PMT,Waterford Twp.,220.8538009,236.1880874,246.4109451,258.5370962,270.6632472,283.3888742,296.1145012,308.8401282,321.5657551
BS,PMT,West St. Paul,2015.419701,2374.777706,2614.349709,2898.525268,3182.700826,3480.925064,3779.149301,4077.373539,4375.597776
BS,PMT,Bloomington,12220.7067,13364.85001,14127.61222,15032.38562,15937.15902,16886.66136,17836.1637,18785.66604,19735.16838
BS,PMT,Brooklyn Center,6118.573681,7117.912578,7784.13851,8574.402496,9364.666482,10193.99845,11023.33041,11852.66238,12681.99435
BS,PMT,Brooklyn Park,19208.79129,22177.89931,24157.30466,26505.23603,28853.16739,31317.17255,33781.1777,36245.18286,38709.18801
BS,PMT,Champlin,3980.9903,4319.871073,4545.791588,4813.774022,5081.756457,5362.987036,5644.217616,5925.448196,6206.678776
BS,PMT,Chanhassen,8456.002301,10334.30295,11586.50338,13071.83869,14557.17401,16115.93928,17674.70455,19233.46982,20792.23509
BS,PMT,Corcoran,2094.8131,2715.126917,3128.669461,3619.205425,4109.741389,4624.527793,5139.314197,5654.100601,6168.887004
BS,PMT,Crystal,4586.9757,5132.601767,5496.352479,5927.826359,6359.300239,6812.104729,7264.909218,7717.713708,8170.518198
BS,PMT,Dayton,2149.587096,3146.134561,3810.499538,4598.556096,5386.612654,6213.628064,7040.643475,7867.658886,8694.674296
BS,PMT,Deephaven,696.3590981,745.4439861,778.1672448,816.9829251,855.7986055,896.5332019,937.2677983,978.0023947,1018.736991
BS,PMT,Eden Prairie,10774.07129,12393.83346,13473.6749,14754.5614,16035.4479,17379.6571,18723.8663,20068.0755,21412.2847
BS,PMT,Edina,6235.083198,6569.62807,6792.657985,7057.211646,7321.765307,7599.397607,7877.029907,8154.662207,8432.294507
BS,PMT,Excelsior,585.7638992,647.1592354,688.0894596,736.6400797,785.1906998,836.1414985,887.0922971,938.0430958,988.9938944
BS,PMT,Fort Snelling UT,140.2551002,171.1737547,191.7861911,216.2362542,240.6863174,266.345109,292.0039007,317.6626923,343.321484
BS,PMT,Golden Valley,3499.115095,3990.022859,4317.294702,4705.49807,5093.701439,5501.09627,5908.491101,6315.885932,6723.280763
BS,PMT,Greenfield,1753.006,2082.57903,2302.294383,2562.916378,2823.538372,3097.044636,3370.550901,3644.057165,3917.56343
BS,PMT,Greenwood,447.768099,483.1088993,506.6694328,534.6164703,562.5635079,591.8921525,621.2207971,650.5494417,679.8780863
BS,PMT,Hanover,3153.296004,3632.485272,3951.944784,4330.881322,4709.817859,5107.487737,5505.157616,5902.827494,6300.497373
BS,PMT,Hopkins,2415.140699,2761.822832,2992.944254,3267.0959,3541.247547,3828.952324,4116.657101,4404.361878,4692.066655
BS,PMT,Independence,810.6909005,877.0691616,921.3213356,973.8123867,1026.303438,1081.389469,1136.4755,1191.561532,1246.647563
BS,PMT,Long Lake,650.9504002,703.4287059,738.414243,779.9133933,821.4125436,864.9632715,908.5139995,952.0647275,995.6154554
BS,PMT,Loretto,337.458483,378.8462671,406.4381232,439.1670356,471.895948,506.2428672,540.5897864,574.9367056,609.2836248
BS,PMT,Maple Grove,14709.62908,17667.54267,19639.48506,21978.56402,24317.64298,26772.35809,29227.0732,31681.78831,34136.50342
BS,PMT,Maple Plain,314.6581003,339.9125143,356.7487903,376.719647,396.6905036,417.6486519,438.6068002,459.5649485,480.5230967
BS,PMT,Medicine Lake,56.8718,73.10734948,83.93104914,96.76990698,109.6087648,123.0823324,136.5559,150.0294676,163.5030352
BS,PMT,Medina,1293.29538,1465.963441,1581.075481,1717.619101,1854.16272,1997.456595,2140.750469,2284.044344,2427.338218
BS,PMT,Minneapolis,28570.38869,32557.12307,35214.94599,38367.60282,41520.25965,44828.77317,48137.2867,51445.80023,54754.31375
BS,PMT,Minnetonka,11118.09349,12354.31699,13178.46599,14156.05519,15133.64439,16159.5623,17185.4802,18211.39811,19237.31601
BS,PMT,Minnetonka Beach,140.9283,140.0045228,139.3886713,138.6581604,137.9276496,137.1610248,136.3944,135.6277752,134.8611504
BS,PMT,Minnetrista,4001.891782,4583.594693,4971.396633,5431.399603,5891.402572,6374.146534,6856.890496,7339.634457,7822.378419
BS,PMT,Mound,3719.098495,4032.615052,4241.62609,4489.550837,4737.475585,4997.656893,5257.838202,5518.019511,5778.20082
BS,PMT,New Hope,4353.754398,4873.932776,5220.718361,5632.068544,6043.418727,6475.104673,6906.790618,7338.476564,7770.162509
BS,PMT,Orono,3436.771,3700.063442,3875.591737,4083.79992,4292.008102,4510.509392,4729.010683,4947.511974,5166.013265
BS,PMT,Osseo,828.8842963,963.1942991,1052.734301,1158.944875,1265.15545,1376.616716,1488.077982,1599.539248,1711.000514
BS,PMT,Plymouth,14619.303,16755.94259,18180.36898,19869.99531,21559.62165,23332.7774,25105.93315,26879.0889,28652.24464
BS,PMT,Richfield,3063.377901,3433.197068,3679.743179,3972.191286,4264.639394,4571.545147,4878.4509,5185.356653,5492.262406
BS,PMT,Robbinsdale,3032.918994,3416.908289,3672.901152,3976.554809,4280.208466,4598.873734,4917.539001,5236.204268,5554.869536
BS,PMT,Rockford,2588.144595,3065.852769,3384.324885,3762.090192,4139.8555,4536.296247,4932.736994,5329.177741,5725.618488
BS,PMT,Rogers,7490.235684,10697.78635,12836.15346,15372.64212,17909.13078,20571.01486,23232.89894,25894.78302,28556.6671
BS,PMT,St. Anthony,884.2277998,961.3439759,1012.75476,1073.737212,1134.719664,1198.716883,1262.714101,1326.71132,1390.708538
BS,PMT,St. Bonifacius,1137.580493,1271.972244,1361.566745,1467.841965,1574.117184,1685.646292,1797.175399,1908.704507,2020.233614
BS,PMT,St. Louis Park,4807.237895,5358.999268,5726.840183,6163.165781,6599.491378,7057.387439,7515.283499,7973.17956,8431.07562
BS,PMT,Shorewood,2121.764892,2274.934571,2377.04769,2498.172247,2619.296804,2746.409349,2873.521895,3000.63444,3127.746986
BS,PMT,Spring Park,226.0490053,236.487306,243.4461731,251.7006433,259.9551134,268.6176567,277.2802,285.9427433,294.6052865
BS,PMT,Tonka Bay,172.0773999,175.3921912,177.602052,180.223345,182.8446381,185.5955191,188.3464,191.0972809,193.8481619
BS,PMT,Wayzata,2106.067099,2366.298288,2539.785748,2745.573131,2951.360514,3167.32133,3383.282145,3599.242961,3815.203777
BS,PMT,Woodland,22.0677,22.00431371,21.96205618,21.91193114,21.8618061,21.80920305,21.7566,21.70399695,21.6513939
BS,PMT,Arden Hills,1857.0324,2121.369856,2297.594826,2506.629391,2715.663955,2935.032482,3154.40101,3373.769537,3593.138064
BS,PMT,Blaine,13878.1047,16393.79847,18070.92765,20060.30502,22049.68239,24137.40785,26225.13331,28312.85877,30400.58423
BS,PMT,Falcon Heights,1009.313802,1210.412519,1344.478331,1503.504537,1662.530744,1829.418669,1996.306594,2163.194519,2330.082443
BS,PMT,Gem Lake,771.0962088,894.1064808,976.1133288,1073.388225,1170.663122,1272.74696,1374.830799,1476.914638,1578.998476
BS,PMT,Lauderdale,366.3279034,429.0394577,470.8471605,520.4386283,570.0300962,622.0731986,674.116301,726.1594034,778.2025058
BS,PMT,Little Canada,2765.255698,3144.095464,3396.655308,3696.236785,3995.818262,4310.210035,4624.601808,4938.993581,5253.385354
BS,PMT,Maplewood,7077.4213,8195.103779,8940.225431,9824.073956,10707.92248,11635.46549,12563.0085,13490.55151,14418.09451
BS,PMT,Mounds View,1625.431199,1779.496596,1882.20686,2004.039738,2125.872616,2253.728501,2381.584385,2509.440269,2637.296153
BS,PMT,New Brighton,3678.670796,3978.816309,4178.913317,4416.26442,4653.615522,4902.700461,5151.7854,5400.870339,5649.955278
BS,PMT,North Oaks,1194.946993,1252.472651,1290.82309,1336.31362,1381.80415,1429.543578,1477.283006,1525.022434,1572.761862
BS,PMT,North St. Paul,3057.985503,3466.305769,3738.519279,4061.413546,4384.307813,4723.164881,5062.021949,5400.879017,5739.736085
BS,PMT,Roseville,3868.550603,4278.811606,4552.318941,4876.747917,5201.176894,5541.644542,5882.11219,6222.579838,6563.047487
BS,PMT,St. Anthony,884.2277998,961.3439759,1012.75476,1073.737212,1134.719664,1198.716883,1262.714101,1326.71132,1390.708538
BS,PMT,St. Paul,33201.53211,38463.04894,41970.72682,46131.46476,50292.20269,54658.63344,59025.0642,63391.49495,67757.9257
BS,PMT,Shoreview,4228.182196,4649.110107,4929.728714,5262.592939,5595.457165,5944.777072,6294.09698,6643.416888,6992.736796
BS,PMT,Spring Lake Park,1143.3435,1357.679912,1500.570853,1670.065254,1839.559654,2017.433285,2195.306916,2373.180547,2551.054177
BS,PMT,Vadnais Heights,3379.005001,3859.334872,4179.554786,4559.393297,4939.231808,5337.848251,5736.464694,6135.081137,6533.69758
BS,PMT,White Bear Twp.,3308.575701,3585.03102,3769.334566,3987.951776,4206.568987,4435.993893,4665.4188,4894.843706,5124.268613
BS,PMT,White Bear Lake,7163.573898,8092.709878,8712.133864,9446.88231,10181.63076,10952.70268,11723.77461,12494.84653,13265.91846
BS,PMT,Belle Plaine,1573.162947,1995.3198,2276.757702,2610.593758,2944.429815,3294.769598,3645.109381,3995.449165,4345.788948
BS,PMT,Belle Plaine Twp.,444.6945,554.0209522,626.9052536,713.3591663,799.8130791,890.540981,981.268883,1071.996785,1162.724687
BS,PMT,Blakeley Twp.,393.8577,541.9336075,640.6508792,757.7473489,874.8438186,997.729142,1120.614465,1243.499789,1366.385112
BS,PMT,Cedar Lake Twp.,1036.559702,1148.305576,1222.802825,1311.169985,1399.537144,1492.272877,1585.008611,1677.744344,1770.480077
BS,PMT,Credit River Twp.,1009.3053,1074.780566,1118.430743,1170.207717,1221.984692,1276.321345,1330.657998,1384.994651,1439.331304
BS,PMT,Elko New Market,2603.3494,3307.450206,3776.850743,4333.64435,4890.437957,5474.757557,6059.077158,6643.396759,7227.71636
BS,PMT,Helena Twp.,3069.309197,3525.981782,3830.430172,4191.560815,4552.691457,4931.675177,5310.658897,5689.642618,6068.626338
BS,PMT,Jackson Twp.,1303.298195,1457.155771,1559.727489,1681.396026,1803.064563,1930.747982,2058.4314,2186.114818,2313.798236
BS,PMT,Jordan,2355.71041,2800.052459,3096.280491,3447.660307,3799.040123,4167.79097,4536.541816,4905.292663,5274.043509
BS,PMT,Louisville Twp.,588.271401,623.7192308,647.3511173,675.3827923,703.4144674,732.8319337,762.2494,791.6668663,821.0843326
BS,PMT,New Market Twp.,3288.634716,4004.832591,4482.297841,5048.65765,5615.017459,6209.376183,6803.734906,7398.09363,7992.452353
BS,PMT,New Prague,4058.687115,4649.271729,5042.994805,5510.021309,5977.047813,6467.162528,6957.277243,7447.391959,7937.506674
BS,PMT,Prior Lake,6055.406803,7534.063117,8519.833993,9689.135854,10858.43772,12085.54591,13312.6541,14539.76229,15766.87048
BS,PMT,St. Lawrence Twp.,133.2851,200.8548846,245.9014077,299.3346999,352.7679922,408.8428457,464.9176993,520.9925529,577.0674065
BS,PMT,Sand Creek Twp.,432.8302,504.6447878,552.5211796,609.311206,666.1012324,725.6987658,785.2962992,844.8938325,904.4913659
BS,PMT,Savage,6518.420499,7552.721608,8242.25568,9060.16732,9878.07896,10736.42539,11594.77181,12453.11824,13311.46467
BS,PMT,Shakopee,9993.521396,11951.22392,13256.35894,14804.48422,16352.60949,17977.26884,19601.9282,21226.58755,22851.24691
BS,PMT,Spring Lake Twp.,1339.571107,1719.771428,1973.238309,2273.895696,2574.553083,2890.073955,3205.594826,3521.115698,3836.63657
BS,PMT,Afton,1285.98541,1359.932966,1409.231336,1467.708085,1526.184834,1587.552475,1648.920117,1710.287759,1771.655401
BS,PMT,Bayport,1214.711197,1374.730062,1481.409305,1607.950107,1734.490909,1867.28746,2000.084012,2132.880563,2265.677115
BS,PMT,Baytown Twp.,2474.854895,2726.117463,2893.625841,3092.320957,3291.016073,3499.534004,3708.051935,3916.569865,4125.087796
BS,PMT,Birchwood Village,205.6065054,209.5229461,212.1339066,215.2309761,218.3280456,221.5782237,224.8284019,228.07858,231.3287582
BS,PMT,Cottage Grove,8064.364801,10215.08794,11648.90336,13349.66677,15050.43019,16835.2736,18620.11701,20404.96042,22189.80383
BS,PMT,Dellwood,466.1705998,476.7824346,483.8569912,492.2486898,500.6403885,509.4469443,518.2535002,527.060056,535.8666119
BS,PMT,Denmark Twp.,349.8702036,490.9680856,585.0333403,696.6116797,808.1900192,925.2844145,1042.37881,1159.473205,1276.567601
BS,PMT,Forest Lake,6115.0462,7174.884702,7881.443704,8719.549978,9557.656251,10437.19567,11316.73508,12196.2745,13075.81391
BS,PMT,Grant,1978.138697,2053.287819,2103.387234,2162.814167,2222.241099,2284.605898,2346.970697,2409.335496,2471.700295
BS,PMT,Grey Cloud Island Twp.,36.5466,154.118815,232.5002917,325.4748446,418.4493976,516.0202982,613.5911988,711.1620994,808.733
BS,PMT,Hastings,4644.974603,5132.59009,5457.667082,5843.266962,6228.866841,6633.529475,7038.19211,7442.854744,7847.517378
BS,PMT,Hugo,4763.918504,6076.314308,6951.244844,7989.070092,9026.895341,10116.02716,11205.15898,12294.2908,13383.42262
BS,PMT,Lake Elmo,3691.400397,4477.230721,5001.117604,5622.541834,6243.966064,6896.111407,7548.25675,8200.402093,8852.547437
BS,PMT,Lakeland,1351.316396,1452.594179,1520.112701,1600.201832,1680.290964,1764.339432,1848.387899,1932.436367,2016.484835
BS,PMT,Lakeland Shores,1054.384196,1152.037877,1217.140331,1294.363571,1371.586811,1452.627707,1533.668602,1614.709498,1695.750394
BS,PMT,Lake St. Croix Beach,492.6345026,527.6549079,551.0018447,578.6955182,606.3891916,635.4519467,664.5147017,693.5774567,722.6402118
BS,PMT,Landfall,168.432601,183.7606526,193.9793536,206.1005741,218.2217947,230.9422473,243.6627,256.3831527,269.1036053
BS,PMT,Mahtomedi,2272.000765,2381.539536,2454.565384,2541.187196,2627.809008,2718.71311,2809.617212,2900.521313,2991.425415
BS,PMT,Marine on St. Croix,1539.601595,1744.625764,1881.308544,2043.438946,2205.569347,2375.714929,2545.86051,2716.006091,2886.151672
BS,PMT,May Twp.,727.8176,825.0857667,889.9312112,966.8495912,1043.767971,1124.488936,1205.209901,1285.930866,1366.65183
BS,PMT,Newport,863.1444,1030.894657,1142.728162,1275.382848,1408.037533,1547.250217,1686.462902,1825.675587,1964.888271
BS,PMT,Oakdale,5766.124605,6366.391699,6766.569761,7241.253041,7715.936321,8214.086338,8712.236355,9210.386372,9708.536389
BS,PMT,Oak Park Heights,1955.159804,2160.471806,2297.346474,2459.70449,2622.062506,2792.446954,2962.831402,3133.21585,3303.600297
BS,PMT,Pine Springs,937.3528054,958.4988867,972.5962742,989.3183156,1006.040357,1023.58908,1041.137802,1058.686525,1076.235248
BS,PMT,St. Marys Point,281.6356019,316.4661945,339.6865895,367.2301616,394.7737337,423.6789668,452.5842,481.4894332,510.3946663
BS,PMT,St. Paul Park,1520.15021,1884.19291,2126.888043,2414.768197,2702.64835,3004.760325,3306.8723,3608.984275,3911.09625
BS,PMT,Scandia,2014.800901,2268.929,2438.347733,2639.308874,2840.270015,3051.165995,3262.061975,3472.957955,3683.853935
BS,PMT,Stillwater,5734.740912,6346.009544,6753.521966,7236.905118,7720.288269,8227.56825,8734.848231,9242.128211,9749.408192
BS,PMT,Stillwater Twp.,2324.569805,2579.175558,2748.912727,2950.25159,3151.590453,3362.882829,3574.175204,3785.46758,3996.759956
BS,PMT,West Lakeland Twp.,1176.350704,1200.401124,1216.434737,1235.45349,1254.472244,1274.43122,1294.390197,1314.349173,1334.30815
BS,PMT,White Bear Lake,7163.573898,8092.709878,8712.133864,9446.88231,10181.63076,10952.70268,11723.77461,12494.84653,13265.91846
BS,PMT,Willernie,1327.994103,1398.88145,1446.139681,1502.196457,1558.253233,1617.081267,1675.909301,1734.737335,1793.565369
BS,PMT,Woodbury,14551.44069,17214.66484,18990.14761,21096.19005,23202.23249,25412.39054,27622.5486,29832.70666,32042.86472
BS,AVO,All,49.5,49.5,49.5,49.5,49.5,49.5,49.5,49.5,49.5
WALK,PMT,Andover,2628.1184,2491.900224,2401.088107,2293.368575,2185.649043,2072.604221,1959.5594,1846.514578,1733.469757
WALK,PMT,Anoka,2764.6335,2714.62726,2681.289766,2641.745492,2602.201218,2560.702009,2519.2028,2477.703591,2436.204382
WALK,PMT,Bethel,55.0902,57.18056207,58.57413678,60.22716746,61.88019814,63.61494907,65.3497,67.08445093,68.81920186
WALK,PMT,Blaine,5660.0837,5474.396508,5350.605047,5203.766072,5056.927096,4902.828898,4748.730699,4594.632501,4440.534303
WALK,PMT,Centerville,222.3141,229.0150353,233.4823255,238.7813365,244.0803476,249.6413238,255.2023,260.7632763,266.3242525
WALK,PMT,Circle Pines,356.913302,364.0045998,368.7321316,374.3398361,379.9475406,385.8324711,391.7174015,397.602332,403.4872624
WALK,PMT,Columbia Heights,1791.618099,1831.082473,1857.392055,1888.599959,1919.807864,1952.558582,1985.309299,2018.060017,2050.810735
WALK,PMT,Columbus,82.29869796,72.11705908,65.32929983,57.27779443,49.22628904,40.77674444,32.32719983,23.87765522,15.42811062
WALK,PMT,Coon Rapids,8577.0304,8082.602447,7752.983811,7361.996723,6971.009635,6560.693468,6150.3773,5740.061132,5329.744964
WALK,PMT,East Bethel,374.0611997,374.9527643,375.5471407,376.2521781,376.9572156,377.6971078,378.437,379.1768921,379.9167843
WALK,PMT,Fridley,3168.947895,3066.194564,2997.692343,2916.436368,2835.180392,2749.907396,2664.6344,2579.361404,2494.088408
WALK,PMT,Ham Lake,431.8884,400.5021416,379.5779694,354.7581313,329.9382933,303.8914463,277.8445993,251.7977523,225.7509053
WALK,PMT,Hilltop,249.8489995,261.3080631,268.9474388,278.0091148,287.0707908,296.5804454,306.0901,315.5997546,325.1094092
WALK,PMT,Lexington,539.0189898,543.2700277,546.1040529,549.4657175,552.827382,556.3552359,559.8830898,563.4109437,566.9387976
WALK,PMT,Lino Lakes,962.6624017,949.125792,940.1013855,929.3968135,918.6922415,907.4584717,896.2247019,884.990932,873.7571622
WALK,PMT,Linwood Twp.,201.111701,170.3063104,149.7693834,125.4088878,101.0483923,75.4835962,49.9188001,24.35400401,12.177002
WALK,PMT,Nowthen,139.5513003,122.7754087,111.5914809,98.32532755,85.05917424,71.13718714,57.21520005,43.29321296,29.37122586
WALK,PMT,Oak Grove,335.7772017,307.6863375,288.9590947,266.7452107,244.5313267,221.2192634,197.9072,174.5951367,151.2830734
WALK,PMT,Ramsey,1199.0899,1156.557007,1128.201745,1094.567295,1060.932846,1025.635623,990.3383997,955.0411766,919.7439536
WALK,PMT,St. Francis,524.5928015,551.1145947,568.7957901,589.7688734,610.7419567,632.7518783,654.7618,676.7717217,698.7816433
WALK,PMT,Spring Lake Park,726.4762844,697.9846699,678.9902603,656.4594683,633.9286763,610.2840382,586.6394,562.9947618,539.3501237
WALK,PMT,Benton Twp.,54.8743,68.32189168,77.2869528,87.92113049,98.55530818,109.7152037,120.8750992,132.0349946,143.1948901
WALK,PMT,Camden Twp.,87.5619,75.85552604,68.05127673,58.79403099,49.53678525,39.82189257,30.1069999,20.39210722,10.67721455
WALK,PMT,Carver,306.8432,396.7440099,456.6778832,527.770255,598.8626268,673.4695651,748.0765034,822.6834417,897.29038
WALK,PMT,Chanhassen,2283.831,2233.125768,2199.32228,2159.225253,2119.128226,2077.048937,2034.969649,1992.89036,1950.811072
WALK,PMT,Chaska,2104.5167,2225.066686,2305.433344,2400.76268,2496.092016,2596.134111,2696.176207,2796.218302,2896.260398
WALK,PMT,Cologne,47.8465,58.83518856,66.16098094,74.85069056,83.54040018,92.65969966,101.7789992,110.8982986,120.0175981
WALK,PMT,Dahlgren Twp.,319.2345,421.1911744,489.1622907,569.7882807,650.4142706,735.026137,819.6380034,904.2498698,988.8617362
WALK,PMT,Hamburg,61.3292,50.63319658,43.50252764,35.04426958,26.58601151,17.70960576,8.8332,8.8332,8.8332
WALK,PMT,Hancock Twp.,0,0.187041511,0.311735851,0.459645804,0.607555757,0.762777879,0.918,1.073222121,1.228444243
WALK,PMT,Hollywood Twp.,94.0321,83.82275087,77.01651811,68.94309981,60.86968151,52.39714071,43.9245999,35.45205909,26.97951828
WALK,PMT,Laketown Twp.,836.8437,943.828674,1015.15199,1099.754292,1184.356595,1273.141349,1361.926103,1450.710858,1539.495612
WALK,PMT,Mayer,87.43440034,83.32364352,80.58313897,77.33240683,74.08167469,70.67023735,67.2588,63.84736265,60.43592531
WALK,PMT,New Germany,47.41129949,40.79661119,36.38681899,31.15601095,25.92520291,20.43580141,14.9463999,9.45699839,3.967596882
WALK,PMT,Norwood Young America,488.6667,641.913966,744.07881,865.2647216,986.4506332,1113.627567,1240.8045,1367.981433,1495.158367
WALK,PMT,San Francisco Twp.,9.231,11.71830572,13.37650953,15.343438,17.31036647,19.37453323,21.4387,23.50286677,25.56703353
WALK,PMT,Victoria,569.7464998,592.6310282,607.8873804,625.9841628,644.0809452,663.0723713,682.0637975,701.0552236,720.0466497
WALK,PMT,Waconia,1896.610151,1983.715718,2041.786096,2110.668026,2179.549957,2251.837177,2324.124398,2396.411618,2468.698838
WALK,PMT,Waconia Twp.,1311.7455,1280.183632,1259.142386,1234.183677,1209.224969,1183.032386,1156.839803,1130.647221,1104.454638
WALK,PMT,Watertown,445.2962997,444.6416486,444.2052145,443.687525,443.1698356,442.6265534,442.0832711,441.5399888,440.9967066
WALK,PMT,Watertown Twp.,460.6353998,463.1815862,464.8790438,466.8925344,468.9060249,471.0190557,473.1320864,475.2451171,477.3581479
WALK,PMT,Young America Twp.,560.405,702.3916743,797.0494572,909.3306418,1021.611826,1139.443813,1257.2758,1375.107787,1492.939774
WALK,PMT,Apple Valley,4502.3599,4397.622889,4327.798215,4244.973571,4162.148928,4075.229714,3988.3105,3901.391286,3814.472072
WALK,PMT,Burnsville,5735.4804,5357.264801,5105.121068,4806.033173,4506.945279,4193.071489,3879.1977,3565.323911,3251.450121
WALK,PMT,Castle Rock Twp.,73.7477,82.34260381,88.07253969,94.86927598,101.6660123,108.7987562,115.9315002,123.0642441,130.1969881
WALK,PMT,Coates,9.0372,27.04375549,39.04812581,53.28747179,67.52681777,82.47010889,97.4134,112.3566911,127.2999822
WALK,PMT,Douglas Twp.,12.61739966,11.14288915,10.15988215,8.993858742,7.827835332,6.604167666,5.3805,4.156832334,2.933164668
WALK,PMT,Eagan,5519.152,5176.97549,4948.857816,4678.269156,4407.680496,4123.714848,3839.749199,3555.783551,3271.817902
WALK,PMT,Empire Twp.,608.9026,598.8099787,592.0815645,584.100453,576.1193415,567.7436708,559.3680002,550.9923295,542.6166588
WALK,PMT,Eureka Twp.,11.92039983,13.61208642,14.73987748,16.07764087,17.41540426,18.81930215,20.22320003,21.62709792,23.03099581
WALK,PMT,Farmington,1984.671783,2000.078811,2010.350163,2022.533838,2034.717512,2047.503506,2060.2895,2073.075494,2085.861487
WALK,PMT,Greenvale Twp.,109.1536,93.01330315,82.25310525,69.48957192,56.72603859,43.33151932,29.93700005,16.54248078,3.147961508
WALK,PMT,Hampton,45.9748,39.42973263,35.06635438,29.89060164,24.71484891,19.28322445,13.8516,8.419975546,2.988351092
WALK,PMT,Hampton Twp.,82.4908,70.64968689,62.75561149,53.39181582,44.02802015,34.20131008,24.3746,14.54788992,4.721179848
WALK,PMT,Hastings,2755.2886,2720.419906,2697.17411,2669.600408,2642.026706,2613.089853,2584.153,2555.216147,2526.279294
WALK,PMT,Inver Grove Heights,3107.3178,3084.769946,3069.738043,3051.907498,3034.076953,3015.364926,2996.652899,2977.940872,2959.228845
WALK,PMT,Lakeville,4993.318183,4951.861821,4924.224246,4891.441104,4858.657961,4824.254131,4789.8503,4755.446469,4721.042639
WALK,PMT,Lilydale,128.632199,125.6094009,123.5942022,121.2038134,118.8134247,116.3048632,113.7963017,111.2877402,108.7791787
WALK,PMT,Marshan Twp.,441.5937,383.1061661,344.1144768,297.8633083,251.6121398,203.0744699,154.5368,105.9991301,57.4614602
WALK,PMT,Mendota,21.69879983,20.0327449,18.92204161,17.6045474,16.28705319,14.90442652,13.52179985,12.13917318,10.75654651
WALK,PMT,Mendota Heights,798.804515,753.5085997,723.3113229,687.491912,651.6725012,614.0822997,576.4920983,538.9018969,501.3116954
WALK,PMT,Miesville,9.99599915,9.055596174,8.428660856,7.685002616,6.941344377,6.160922189,5.3805,4.600077811,3.819655623
WALK,PMT,New Trier,33.8895,27.96409423,24.01382371,19.32809117,14.64235863,9.724979315,4.8076,4.8076,4.8076
WALK,PMT,Nininger Twp.,446.7821001,437.2821232,430.9488053,423.4363492,415.9238931,408.0400465,400.1562,392.2723535,384.3885069
WALK,PMT,Northfield,3930.06187,3754.844466,3638.032863,3499.473257,3360.91365,3215.504125,3070.0946,2924.685075,2779.27555
WALK,PMT,Randolph,52.1577,52.83624503,53.28860839,53.82519283,54.36177727,54.92488864,55.488,56.05111136,56.61422273
WALK,PMT,Randolph Twp.,54.0804,57.56664593,59.89080989,62.64768707,65.40456425,68.29773213,71.1909,74.08406787,76.97723575
WALK,PMT,Ravenna Twp.,46.3131,40.14073015,36.02581692,31.14478847,26.26376001,21.14143,16.0191,10.89677,5.77443999
WALK,PMT,Rosemount,1325.3251,1363.326393,1388.660588,1418.711508,1448.762428,1480.298964,1511.8355,1543.372036,1574.908572
WALK,PMT,Sciota Twp.,25.80770051,21.25427875,18.21866424,14.61787851,11.01709279,7.238296396,3.4595,3.4595,3.4595
WALK,PMT,South St. Paul,2050.5638,2053.535335,2055.516358,2057.866208,2060.216059,2062.682078,2065.148097,2067.614116,2070.080135
WALK,PMT,Sunfish Lake,17.40289983,36.56911192,49.34658665,64.50297373,79.65936082,95.56502846,111.4706961,127.3763637,143.2820314
WALK,PMT,Vermillion,39.5063,32.52376332,27.86873886,22.34704118,16.8253435,11.03067175,5.236,5.236,5.236
WALK,PMT,Vermillion Twp.,44.18810009,37.561635,33.14399161,27.90387064,22.66374967,17.16457484,11.6654,6.166225164,0.667050328
WALK,PMT,Waterford Twp.,49.47850153,42.44712609,37.75954246,32.19922374,26.63890502,20.80370293,14.96850085,9.133298765,3.29809668
WALK,PMT,West St. Paul,2080.3359,2214.381622,2303.745437,2409.747021,2515.748606,2626.99055,2738.232494,2849.474439,2960.716383
WALK,PMT,Bloomington,11182.8193,10610.79129,10229.43928,9777.087091,9324.734903,8850.019951,8375.305,7900.590048,7425.875097
WALK,PMT,Brooklyn Center,3057.630202,2931.628995,2847.628191,2747.988103,2648.348016,2543.782059,2439.216102,2334.650145,2230.084188
WALK,PMT,Brooklyn Park,7557.576103,7228.858268,7009.713044,6749.767327,6489.821609,6217.025054,5944.228498,5671.431943,5398.635388
WALK,PMT,Champlin,1305.736003,1200.537623,1130.405369,1047.21588,964.0263913,876.7242956,789.4221998,702.1201041,614.8180084
WALK,PMT,Chanhassen,2283.831,2233.125768,2199.32228,2159.225253,2119.128226,2077.048937,2034.969649,1992.89036,1950.811072
WALK,PMT,Corcoran,167.1286985,178.5964215,186.2415702,195.3100939,204.3786177,213.8954586,223.4122995,232.9291404,242.4459813
WALK,PMT,Crystal,3751.8813,3538.911333,3396.931355,3228.517522,3060.103688,2883.364044,2706.6244,2529.884756,2353.145112
WALK,PMT,Dayton,414.5518,496.1968047,550.6268078,615.190598,679.7543881,747.5099938,815.2655995,883.0212052,950.7768109
WALK,PMT,Deephaven,367.1149956,349.2341743,337.3136267,323.1737097,309.0337927,294.1948459,279.3558992,264.5169524,249.6780056
WALK,PMT,Eden Prairie,5110.2289,5174.288885,5216.995542,5267.653332,5318.311121,5371.473261,5424.6354,5477.797539,5530.959679
WALK,PMT,Edina,7890.8356,7438.718861,7137.307702,6779.779763,6422.251824,6047.048912,5671.846,5296.643088,4921.440176
WALK,PMT,Excelsior,290.5487,278.7238665,270.8406441,261.489722,252.1388,242.3256,232.5124,222.6992,212.886
WALK,PMT,Fort Snelling UT,323.1530004,308.0566721,297.9924533,286.0544766,274.1164998,261.5883498,249.0601998,236.5320498,224.0038999
WALK,PMT,Golden Valley,3745.470617,4012.813894,4191.042745,4402.454273,4613.865801,4835.728801,5057.5918,5279.4548,5501.317799
WALK,PMT,Greenfield,252.6846053,244.7720556,239.4970224,233.2398827,226.982743,220.4162715,213.8498,207.2833285,200.716857
WALK,PMT,Greenwood,114.8315973,108.3035026,103.9514394,98.78910837,93.62677737,88.20923818,82.79169898,77.37415978,71.95662059
WALK,PMT,Hanover,186.8061993,170.9159841,160.3225073,147.7567353,135.1909632,122.0039819,108.8170005,95.63001916,82.4430378
WALK,PMT,Hopkins,3432.5329,3325.052613,3253.399089,3168.405099,3083.41111,2994.215305,2905.0195,2815.823695,2726.62789
WALK,PMT,Independence,435.4329005,381.0041663,344.7183435,301.6768202,258.6352969,213.4659461,168.2965954,123.1272447,77.95789395
WALK,PMT,Long Lake,320.8036,290.0186446,269.495341,245.1510053,220.8066696,195.2588322,169.7109949,144.1631576,118.6153202
WALK,PMT,Loretto,71.8505,65.67258825,61.55398042,56.6685695,51.78315858,46.65622946,41.52930034,36.40237122,31.2754421
WALK,PMT,Maple Grove,4974.016399,4767.54855,4629.903317,4466.631272,4303.359226,4132.015563,3960.6719,3789.328237,3617.984574
WALK,PMT,Maple Plain,290.2767007,258.4342689,237.205981,212.0254069,186.8448329,160.4194163,133.9939998,107.5685833,81.14316681
WALK,PMT,Medicine Lake,57.02140026,50.1192221,45.51776999,40.05961877,34.60146755,28.87348378,23.14550002,17.41751625,11.68953248
WALK,PMT,Medina,443.1202998,414.571877,395.5395952,372.9638799,350.3881646,326.6963823,303.0046,279.3128177,255.6210354
WALK,PMT,Minneapolis,98173.47682,105340.1226,110117.8865,115785.1752,121452.464,127399.9243,133347.3846,139294.8449,145242.3053
WALK,PMT,Minnetonka,6638.178696,6324.590442,6115.531606,5867.550162,5619.568717,5359.327909,5099.0871,4838.846291,4578.605482
WALK,PMT,Minnetonka Beach,73.30569898,62.43650905,55.19038243,46.59517076,37.99995909,28.9798292,19.95969932,10.93956944,1.919439552
WALK,PMT,Minnetrista,1072.754402,980.6832187,919.3024298,846.4937553,773.6850807,697.2769914,620.8689021,544.4608129,468.0527236
WALK,PMT,Mound,1065.1095,990.5862739,940.9041231,881.9721413,823.0401595,761.1947798,699.3494,637.5040202,575.6586405
WALK,PMT,New Hope,3488.607401,3317.989521,3204.244267,3069.321903,2934.399539,2792.80707,2651.2146,2509.62213,2368.029661
WALK,PMT,Orono,1051.869901,951.7445017,884.9942355,805.8163935,726.6385515,643.5464246,560.4542977,477.3621708,394.2700439
WALK,PMT,Osseo,295.4310998,298.3233158,300.2514598,302.538586,304.8257121,307.2259061,309.6261,312.0262939,314.4264879
WALK,PMT,Plymouth,7983.908899,7343.744782,6916.968704,6410.735385,5904.502066,5373.242283,4841.9825,4310.722717,3779.462934
WALK,PMT,Richfield,3965.2908,3828.354247,3737.063211,3628.775595,3520.487979,3406.84699,3293.206,3179.56501,3065.924021
WALK,PMT,Robbinsdale,1955.351899,1954.85139,1954.517718,1954.121922,1953.726126,1953.310763,1952.8954,1952.480037,1952.064674
WALK,PMT,Rockford,648.7829008,616.7672824,595.4235368,570.1060091,544.7884814,518.2193407,491.6502,465.0810593,438.5119186
WALK,PMT,Rogers,809.1183997,818.7569259,825.1826101,832.8046292,840.4266484,848.4254744,856.4243003,864.4231263,872.4219523
WALK,PMT,St. Anthony,1108.3014,1103.395029,1100.124115,1096.244221,1092.364328,1088.292625,1084.220923,1080.149221,1076.077519
WALK,PMT,St. Bonifacius,266.9186999,244.122843,228.925605,210.8989428,192.8722806,173.9544412,155.0366017,136.1187622,117.2009228
WALK,PMT,St. Louis Park,7749.6812,7653.214887,7588.904012,7512.619728,7436.335443,7356.279922,7276.2244,7196.168878,7116.113357
WALK,PMT,Shorewood,688.7533114,626.203164,584.5030657,535.0392363,485.5754068,433.6662528,381.7570988,329.8479448,277.9387908
WALK,PMT,Spring Park,307.5249007,277.3128465,257.1714771,233.2801841,209.3888912,184.3164935,159.2440958,134.171698,109.0993003
WALK,PMT,Tonka Bay,67.43730017,57.69936492,51.20740808,43.50677765,35.80614721,27.72482364,19.64350007,11.5621765,3.480852922
WALK,PMT,Wayzata,1238.0182,1142.394956,1078.646126,1003.028528,927.4109311,848.0550553,768.6991796,689.3433039,609.9874281
WALK,PMT,Woodland,13.78189966,11.1269494,9.35698256,7.257483001,5.157983442,2.954691721,0.7514,0.7514,0.7514
WALK,PMT,Arden Hills,818.5330005,778.0880448,751.124741,719.1414048,687.1580686,653.5935844,620.0291002,586.464616,552.9001317
WALK,PMT,Blaine,5660.0837,5474.396508,5350.605047,5203.766072,5056.927096,4902.828898,4748.730699,4594.632501,4440.534303
WALK,PMT,Falcon Heights,1173.9299,1213.61907,1240.078516,1271.464186,1302.849857,1335.787128,1368.7244,1401.661672,1434.598944
WALK,PMT,Gem Lake,770.2513002,760.4534424,753.9215372,746.1735208,738.4255044,730.2944523,722.1634001,714.032348,705.9012959
WALK,PMT,Lauderdale,581.1314,635.7163474,672.1063124,715.2713671,758.4364218,803.7354109,849.0344,894.3333891,939.6323782
WALK,PMT,Little Canada,1674.9794,1574.137355,1506.909325,1427.16477,1347.420214,1263.733357,1180.0465,1096.359643,1012.672787
WALK,PMT,Maplewood,6752.498552,6378.022754,6128.372222,5832.241712,5536.111202,5225.341002,4914.570801,4603.8006,4293.030399
WALK,PMT,Mounds View,871.9011002,809.272675,767.5203915,717.9946609,668.4689304,616.4948151,564.5206999,512.5465846,460.5724694
WALK,PMT,New Brighton,2020.902204,1948.066508,1899.509377,1841.911872,1784.314367,1723.869436,1663.424505,1602.979574,1542.534643
WALK,PMT,North Oaks,498.8955998,454.1476503,424.315684,388.9295973,353.5435105,316.4080553,279.2726,242.1371447,205.0016895
WALK,PMT,North St. Paul,1987.568601,1845.084881,1750.095734,1637.421492,1524.747251,1406.502775,1288.2583,1170.013825,1051.769349
WALK,PMT,Roseville,4468.810405,4125.793247,3897.115141,3625.861708,3354.608274,3069.944988,2785.281702,2500.618415,2215.955129
WALK,PMT,St. Anthony,1108.3014,1103.395029,1100.124115,1096.244221,1092.364328,1088.292625,1084.220923,1080.149221,1076.077519
WALK,PMT,St. Paul,59784.65135,63083.70199,65283.06909,67891.91471,70500.76034,73238.57847,75976.3966,78714.21473,81452.03287
WALK,PMT,Shoreview,1544.569,1424.182146,1343.924243,1248.723911,1153.523579,1053.616864,953.7101492,853.8034343,753.8967194
WALK,PMT,Spring Lake Park,726.4762844,697.9846699,678.9902603,656.4594683,633.9286763,610.2840382,586.6394,562.9947618,539.3501237
WALK,PMT,Vadnais Heights,2679.3156,2453.668722,2303.23747,2124.798902,1946.360334,1759.100367,1571.8404,1384.580432,1197.320465
WALK,PMT,White Bear Twp.,1713.649304,1596.224989,1517.942113,1425.084517,1332.226922,1234.778761,1137.3306,1039.882439,942.4342783
WALK,PMT,White Bear Lake,4438.1169,4137.485426,3937.064444,3699.329051,3461.593657,3212.105429,2962.617201,2713.128972,2463.640744
WALK,PMT,Belle Plaine,726.2043,810.8402371,867.2641952,934.1931751,1001.122155,1071.359878,1141.5976,1211.835322,1282.073045
WALK,PMT,Belle Plaine Twp.,191.1037998,215.5414659,231.8332433,251.1582264,270.4832096,290.7635546,311.0438997,331.3242447,351.6045897
WALK,PMT,Blakeley Twp.,44.66409983,57.47436509,66.01454193,76.14473031,86.2749187,96.90590935,107.5369,118.1678907,128.7988813
WALK,PMT,Cedar Lake Twp.,56.7562,49.24682952,44.24058253,38.30227165,32.36396077,26.13207988,19.90019898,13.66831808,7.436437186
WALK,PMT,Credit River Twp.,135.5222998,125.4296785,118.7012643,110.7201528,102.7390413,94.36337066,85.9877,77.61202934,69.23635868
WALK,PMT,Elko New Market,335.5596034,448.5825632,523.931203,613.3082651,702.6853272,796.4808891,890.276451,984.0720129,1077.867575
WALK,PMT,Helena Twp.,303.1661,335.2953255,356.7148092,382.1221759,407.5295426,434.1929637,460.8563847,487.5198057,514.1832268
WALK,PMT,Jackson Twp.,456.7474947,445.3286116,437.7160228,428.686121,419.6562192,410.1799096,400.7036,391.2272904,381.7509808
WALK,PMT,Jordan,604.3721014,600.1369964,597.313593,593.964528,590.615463,587.1008315,583.5862,580.0715685,576.556937
WALK,PMT,Louisville Twp.,186.7245998,169.3744215,157.807636,144.0873444,130.3670528,115.9684764,101.5699,87.17132358,72.77274716
WALK,PMT,New Market Twp.,410.0383034,515.4694458,585.756874,669.1304272,752.5039805,839.9992404,927.4945003,1014.98976,1102.48502
WALK,PMT,New Prague,809.1694005,879.5170969,926.4155612,982.0455894,1037.675618,1096.055806,1154.435995,1212.816184,1271.196372
WALK,PMT,Prior Lake,2601.355283,2546.423272,2509.801931,2466.362423,2422.922914,2377.335904,2331.748893,2286.161882,2240.574872
WALK,PMT,St. Lawrence Twp.,163.2051014,179.0790369,189.6616606,202.2145589,214.7674573,227.9409285,241.1143997,254.2878709,267.461342
WALK,PMT,Sand Creek Twp.,240.6401,237.1521222,234.8268037,232.068557,229.3103102,226.4157051,223.5211,220.6264949,217.7318898
WALK,PMT,Savage,1561.8461,1535.988304,1518.749773,1498.30177,1477.853767,1456.394883,1434.936,1413.477117,1392.018233
WALK,PMT,Shakopee,3697.193991,3683.816714,3674.89853,3664.319956,3653.741382,3642.639839,3631.538297,3620.436754,3609.335211
WALK,PMT,Spring Lake Twp.,569.0052985,584.6953107,595.1553188,607.562773,619.9702271,632.9910639,646.0119007,659.0327374,672.0535742
WALK,PMT,Afton,237.1908043,203.8842524,181.6798844,155.3415036,129.0031227,101.3626614,73.7222,46.08173864,18.44127728
WALK,PMT,Bayport,165.7670002,169.2210334,171.5237222,174.2551259,176.9865297,179.8529649,182.7194,185.5858351,188.4522703
WALK,PMT,Baytown Twp.,658.2485097,639.8547071,627.592172,613.0465961,598.5010202,583.2363602,567.9717002,552.7070402,537.4423802
WALK,PMT,Birchwood Village,133.1167978,131.0153517,129.6143876,127.9525918,126.290796,124.5468466,122.8028973,121.0589479,119.3149985
WALK,PMT,Cottage Grove,2704.383809,2782.812044,2835.097534,2897.117545,2959.137557,3024.223628,3089.309699,3154.39577,3219.481841
WALK,PMT,Dellwood,99.37179983,90.25491172,84.17698632,76.96747175,69.75795719,62.19202859,54.6261,47.06017141,39.49424281
WALK,PMT,Denmark Twp.,107.3532997,114.0043559,118.4383933,123.6979606,128.9575279,134.4771104,139.9966929,145.5162754,151.0358579
WALK,PMT,Forest Lake,1655.3954,1610.55774,1580.665966,1545.208937,1509.751909,1472.542004,1435.3321,1398.122195,1360.912291
WALK,PMT,Grant,277.8208007,246.02028,224.8199329,199.6725016,174.5250703,148.1344351,121.7437998,95.35316453,68.96252927
WALK,PMT,Grey Cloud Island Twp.,13.1631,36.05386366,51.31437277,69.41608599,87.51779921,106.5143999,125.5110007,144.5076014,163.5042021
WALK,PMT,Hastings,2755.2886,2720.419906,2697.17411,2669.600408,2642.026706,2613.089853,2584.153,2555.216147,2526.279294
WALK,PMT,Hugo,672.3839488,807.8882597,898.224467,1005.379484,1112.534502,1224.986901,1337.4393,1449.891699,1562.344098
WALK,PMT,Lake Elmo,433.4013997,449.748135,460.6459586,473.5727407,486.4995229,500.0653614,513.6312,527.1970386,540.7628771
WALK,PMT,Lakeland,58.26580017,57.9783104,57.78665056,57.55930746,57.33196436,57.09338218,56.8548,56.61621782,56.37763564
WALK,PMT,Lakeland Shores,14.46020051,18.06767715,20.47266158,23.32540641,26.17815124,29.17192613,32.16570102,35.15947591,38.1532508
WALK,PMT,Lake St. Croix Beach,136.702106,119.7364007,108.4259305,95.00967504,81.59341963,67.5139099,53.43440017,39.35489044,25.27538071
WALK,PMT,Landfall,218.2188003,196.4128778,181.8755961,164.631761,147.3879258,129.2916136,111.1953015,93.09898942,75.0026773
WALK,PMT,Mahtomedi,951.459402,862.9593254,803.9592744,733.9745841,663.9898938,590.545397,517.1009001,443.6564033,370.2119065
WALK,PMT,Marine on St. Croix,30.2447,29.28801755,28.65022925,27.89369742,27.13716559,26.34323338,25.54930117,24.75536897,23.96143676
WALK,PMT,May Twp.,77.8107,67.96677461,61.40415768,53.61971165,45.83526562,37.66598288,29.49670015,21.32741742,13.15813469
WALK,PMT,Newport,389.8355002,373.7790256,363.0747092,350.3774614,337.6802135,324.3552567,311.0302999,297.7053431,284.3803863
WALK,PMT,Oakdale,2432.5045,2273.227916,2167.043527,2041.089711,1915.135895,1782.955348,1650.774801,1518.594254,1386.413706
WALK,PMT,Oak Park Heights,986.0934998,988.0906917,989.422153,991.0015059,992.5808588,994.2382896,995.8957204,997.5531512,999.210582
WALK,PMT,Pine Springs,291.8900033,258.8944948,236.8974891,210.8050772,184.7126654,157.3303328,129.9480003,102.5656678,75.18333533
WALK,PMT,St. Marys Point,97.1975034,85.16623094,77.14538264,67.63121146,58.11704029,48.13252065,38.14800102,28.16348139,18.17896175
WALK,PMT,St. Paul Park,626.0097119,616.3784572,609.9576207,602.3413518,594.7250829,586.7322914,578.7395,570.7467085,562.753917
WALK,PMT,Scandia,325.0349,297.2266767,278.6878611,256.6974857,234.7071104,211.6296052,188.5521001,165.4745949,142.3970898
WALK,PMT,Stillwater,2412.2541,2340.70137,2292.99955,2236.416598,2179.833645,2120.453422,2061.0732,2001.692977,1942.312755
WALK,PMT,Stillwater Twp.,532.9448998,524.9267074,519.5812458,513.2405653,506.8998847,500.2457424,493.5916001,486.9374577,480.2833154
WALK,PMT,West Lakeland Twp.,139.5360007,126.6602708,118.0764509,107.894494,97.71253707,87.02721862,76.34190017,65.65658172,54.97126327
WALK,PMT,White Bear Lake,4438.1169,4137.485426,3937.064444,3699.329051,3461.593657,3212.105429,2962.617201,2713.128972,2463.640744
WALK,PMT,Willernie,313.6806026,282.8000487,262.2130128,237.7930791,213.3731454,187.7459728,162.1188002,136.4916275,110.8644549
WALK,PMT,Woodbury,5943.2833,5755.501244,5630.313206,5481.817639,5333.322072,5177.485386,5021.6487,4865.812014,4709.975328
WALK,AVO,All,1,1,1,1,1,1,1,1,1
BIKE,PMT,Andover,2201.064805,2056.362217,1959.893825,1845.464932,1731.036039,1610.950169,1490.864298,1370.778427,1250.692557
BIKE,PMT,Anoka,2026.405099,1883.365104,1788.005107,1674.890971,1561.776834,1443.070717,1324.364599,1205.658482,1086.952365
BIKE,PMT,Bethel,28.94419966,27.62243969,26.74126637,25.69603606,24.65080575,23.55390279,22.45699983,21.36009687,20.26319391
BIKE,PMT,Blaine,5388.216299,5051.405109,4826.864316,4560.518481,4294.172646,4014.659573,3735.1465,3455.633427,3176.120354
BIKE,PMT,Centerville,363.3019009,334.4891952,315.2807247,292.496018,269.7113113,245.8002057,221.8891002,197.9779946,174.066889
BIKE,PMT,Circle Pines,336.8533014,319.4400827,307.8312703,294.0611272,280.2909841,265.8400917,251.3891994,236.938307,222.4874146
BIKE,PMT,Columbia Heights,2016.597803,1900.222999,1822.639797,1730.612141,1638.584486,1542.007294,1445.430102,1348.85291,1252.275718
BIKE,PMT,Columbus,247.9432969,211.4483815,187.1184379,158.2587414,129.3990449,99.11262252,68.82620017,38.53977782,8.253355464
BIKE,PMT,Coon Rapids,6677.419789,6193.375759,5870.679739,5487.904121,5105.128503,4703.429752,4301.731002,3900.032251,3498.3335
BIKE,PMT,East Bethel,455.1580012,410.2857035,380.3708383,344.8864186,309.4019989,272.1633495,234.9247,197.6860505,160.4474011
BIKE,PMT,Fridley,3846.612109,3511.704238,3288.432324,3023.591607,2758.750891,2480.817346,2202.8838,1924.950254,1647.016708
BIKE,PMT,Ham Lake,779.6472026,668.3911012,594.220367,506.2405131,418.2606593,325.9313789,233.6020985,141.2728181,48.94353765
BIKE,PMT,Hilltop,296.8046995,280.5584126,269.7275546,256.8802058,244.0328569,230.5503785,217.0679002,203.5854218,190.1029434
BIKE,PMT,Lexington,446.4982022,410.6489253,386.7494073,358.4002731,330.0511389,300.3005194,270.5498998,240.7992803,211.0486607
BIKE,PMT,Lino Lakes,1467.047301,1324.732611,1229.856151,1117.315576,1004.775001,886.6708009,768.5666005,650.4624001,532.3581997
BIKE,PMT,Linwood Twp.,225.2534024,187.3158414,162.0241341,132.0236125,102.0230909,70.53944494,39.05579898,7.572153019,3.786076509
BIKE,PMT,Nowthen,170.5796995,145.3969849,128.6085085,108.6943508,88.78019306,67.8815467,46.98290034,26.08425398,5.185607622
BIKE,PMT,Oak Grove,321.1911993,287.8555531,265.6317889,239.2704006,212.9090124,185.2444062,157.5798,129.9151938,102.2505876
BIKE,PMT,Ramsey,1223.522307,1135.879849,1077.451544,1008.145048,938.8385509,866.1057753,793.3729997,720.640224,647.9074484
BIKE,PMT,St. Francis,359.7709992,369.1670643,375.4311077,382.8613917,390.2916758,398.089288,405.8869002,413.6845124,421.4821245
BIKE,PMT,Spring Lake Park,647.5929009,609.2999611,583.7713345,553.4897841,523.2082336,491.4296657,459.6510977,427.8725298,396.0939618
BIKE,PMT,Benton Twp.,146.2731014,130.5370217,120.0463019,107.6024182,95.15853452,82.09946726,69.0404,55.98133274,42.92226548
BIKE,PMT,Camden Twp.,122.3694,106.8120492,96.44048193,84.1379346,71.83538727,58.92464358,46.0138999,33.10315621,20.19241253
BIKE,PMT,Carver,233.316498,298.4682535,341.9027571,393.4239039,444.9450506,499.0132287,553.0814068,607.1495849,661.217763
BIKE,PMT,Chanhassen,3131.536005,2926.242013,2789.379352,2627.035578,2464.691804,2294.322302,2123.952801,1953.583299,1783.213797
BIKE,PMT,Chaska,2195.330701,2202.767334,2207.72509,2213.605881,2219.486672,2225.65819,2231.829708,2238.001226,2244.172744
BIKE,PMT,Cologne,103.3362,94.87638176,89.23650293,82.54659052,75.85667812,68.83603906,61.8154,54.79476094,47.77412188
BIKE,PMT,Dahlgren Twp.,270.864398,349.1610152,401.35876,463.2746896,525.1906191,590.167463,655.1443068,720.1211506,785.0979945
BIKE,PMT,Hamburg,33.75689966,29.8744029,27.28607172,24.21584461,21.14561751,17.92360875,14.7016,11.47959125,8.257582491
BIKE,PMT,Hancock Twp.,3.5309,2.811482931,2.331871552,1.762966046,1.194060541,0.597030271,0,0,0
BIKE,PMT,Hollywood Twp.,136.136,117.5174032,105.1050053,90.38166514,75.65832497,60.20711263,44.75590029,29.30468795,13.85347561
BIKE,PMT,Laketown Twp.,764.3522985,837.3341644,885.9887417,943.7018363,1001.414931,1061.981166,1122.547401,1183.113636,1243.67987
BIKE,PMT,Mayer,137.3463993,124.9119492,116.6223158,106.789317,96.95631829,86.63720933,76.31810037,65.99899141,55.67988245
BIKE,PMT,New Germany,61.0249,52.71956419,47.18267365,40.61492391,34.04717417,27.15473709,20.2623,13.36986291,6.477425829
BIKE,PMT,Norwood Young America,266.9799005,313.6921322,344.83362,381.7730352,418.7124504,457.4780254,496.2436003,535.0091753,573.7747503
BIKE,PMT,San Francisco Twp.,30.09340003,30.18969191,30.25388649,30.33003283,30.40617917,30.48608992,30.56600068,30.64591144,30.72582219
BIKE,PMT,Victoria,596.6557995,603.7148827,608.4209382,614.0031678,619.5853975,625.4435937,631.30179,637.1599862,643.0181824
BIKE,PMT,Waconia,1137.580498,1275.575568,1367.572282,1476.696959,1585.821636,1700.341068,1814.8605,1929.379932,2043.899364
BIKE,PMT,Waconia Twp.,725.1485986,787.9581773,829.8312297,879.500214,929.1691983,981.2936492,1033.4181,1085.542551,1137.667002
BIKE,PMT,Watertown,287.2575,278.9209906,273.3633176,266.7709161,260.1785147,253.2602072,246.3418997,239.4235922,232.5052847
BIKE,PMT,Watertown Twp.,327.4641998,319.9880814,315.0040025,309.0919869,303.1799713,296.9756857,290.7714,284.5671143,278.3628287
BIKE,PMT,Young America Twp.,345.176502,380.6804441,404.3497388,432.4257868,460.5018347,489.9658675,519.4299003,548.8939332,578.357966
BIKE,PMT,Apple Valley,3646.899492,3738.076687,3798.861483,3870.963204,3943.064924,4018.73111,4094.397295,4170.063481,4245.729666
BIKE,PMT,Burnsville,4707.0688,4442.768061,4266.567569,4057.56204,3848.556511,3629.218456,3409.8804,3190.542344,2971.204288
BIKE,PMT,Castle Rock Twp.,125.0333,117.9586281,113.2421801,107.6476231,102.0530661,96.18193316,90.31080017,84.43966718,78.56853419
BIKE,PMT,Coates,75.61429966,82.85003523,87.67385895,93.39578296,99.11770698,105.1225036,111.1273002,117.1320968,123.1368934
BIKE,PMT,Douglas Twp.,12.7959,12.35358146,12.05870244,11.70892279,11.35914314,10.99207157,10.625,10.25792843,9.890856856
BIKE,PMT,Eagan,8030.307,7352.498699,6900.626499,6364.624658,5828.622816,5266.122856,4703.622895,4141.122935,3578.622974
BIKE,PMT,Empire Twp.,462.0345048,453.3263376,447.5208928,440.6345894,433.748286,426.521547,419.294808,412.068069,404.84133
BIKE,PMT,Eureka Twp.,88.32350017,76.45329162,68.53981925,59.15301528,49.76621131,39.91535549,30.06449966,20.21364383,10.36278801
BIKE,PMT,Farmington,1403.280299,1397.405464,1393.488908,1388.843166,1384.197425,1379.322014,1374.446602,1369.571191,1364.69578
BIKE,PMT,Greenvale Twp.,114.6292998,94.96846609,81.86124361,66.31371627,50.76618893,34.45004439,18.13389985,1.817755308,0.908877654
BIKE,PMT,Hampton,41.34739966,36.71361954,33.6244328,29.96010076,26.29576872,22.45028449,18.60480026,14.75931602,10.91383179
BIKE,PMT,Hampton Twp.,66.87120051,58.88383519,53.55892497,47.24262208,40.9263192,34.29775965,27.6692001,21.04064055,14.41208101
BIKE,PMT,Hastings,1209.731897,1273.949136,1316.760629,1367.542773,1418.324916,1471.617557,1524.910198,1578.20284,1631.495481
BIKE,PMT,Inver Grove Heights,4247.174598,3883.546852,3641.128354,3353.57634,3066.024327,2764.256714,2462.489101,2160.721488,1858.953875
BIKE,PMT,Lakeville,4235.1505,4223.393555,4215.555592,4206.258355,4196.961119,4187.204258,4177.447398,4167.690537,4157.933677
BIKE,PMT,Lilydale,207.6703007,196.471017,189.0048278,180.1485823,171.2923368,161.9982685,152.7042002,143.4101318,134.1160635
BIKE,PMT,Marshan Twp.,142.8986,132.9341362,126.2911603,118.411394,110.5316278,102.2623125,93.99299728,85.72368203,77.45436678
BIKE,PMT,Mendota,45.34749976,43.78085401,42.73642351,41.49754076,40.25865801,38.95852909,37.65840017,36.35827125,35.05814233
BIKE,PMT,Mendota Heights,1961.4668,1787.425022,1671.39717,1533.767234,1396.137297,1251.703402,1107.269506,962.8356111,818.4017157
BIKE,PMT,Miesville,10.8052,10.76848445,10.74400741,10.71497323,10.68593906,10.65546953,10.625,10.59453047,10.56406094
BIKE,PMT,New Trier,13.5218,11.54331647,10.22432745,8.659768829,7.095210212,5.453305106,3.8114,2.169494894,0.527589788
BIKE,PMT,Nininger Twp.,201.8885998,199.8508865,198.492411,196.8810142,195.2696175,193.5785587,191.8875,190.1964413,188.5053825
BIKE,PMT,Northfield,1770.878155,1692.956653,1641.008985,1579.389691,1517.770397,1453.104854,1388.43931,1323.773767,1259.108223
BIKE,PMT,Randolph,63.22129949,52.41722776,45.21451328,36.67079622,28.12707916,19.1609896,10.19490005,1.228810499,0.614405249
BIKE,PMT,Randolph Twp.,70.36129949,60.08267585,53.23026009,45.10206042,36.97386076,28.44383038,19.9138,11.38376962,2.853739241
BIKE,PMT,Ravenna Twp.,66.92560075,56.69443001,49.87364951,41.78297498,33.69230044,25.20165031,16.71100017,8.220350034,4.110175017
BIKE,PMT,Rosemount,1509.016896,1509.061577,1509.091365,1509.126699,1509.162033,1509.199113,1509.236194,1509.273274,1509.310355
BIKE,PMT,Sciota Twp.,27.9344,26.52189022,25.58021704,24.46322298,23.34622893,22.17401446,21.0018,19.82958554,18.65737107
BIKE,PMT,South St. Paul,2279.813901,2128.487621,2027.603434,1907.936612,1788.269791,1662.687046,1537.104301,1411.521557,1285.938812
BIKE,PMT,Sunfish Lake,46.5902,62.83683339,73.66792231,86.51554517,99.36316803,112.8459339,126.3286998,139.8114657,153.2942316
BIKE,PMT,Vermillion,30.81420017,26.0397924,22.85685388,19.08131534,15.3057768,11.3435884,7.3814,3.419211599,1.7096058
BIKE,PMT,Vermillion Twp.,44.4414,37.42734336,32.7513056,27.20468235,21.6580591,15.83722955,10.0164,4.195570449,2.097785224
BIKE,PMT,Waterford Twp.,72.73619932,66.7096527,62.69195496,57.92624158,53.16052821,48.15921407,43.15789993,38.1565858,33.15527166
BIKE,PMT,West St. Paul,2138.724098,2007.582714,1920.155125,1816.450253,1712.745381,1603.913691,1495.082001,1386.250311,1277.41862
BIKE,PMT,Bloomington,11705.6016,10868.7287,10310.81343,9649.025405,8987.23738,8292.732793,7598.228205,6903.723618,6209.219031
BIKE,PMT,Brooklyn Center,3508.300207,3255.082716,3086.271055,2886.030011,2685.788968,2475.648684,2265.5084,2055.368116,1845.227832
BIKE,PMT,Brooklyn Park,7218.715093,6886.744124,6665.430144,6402.911891,6140.393638,5864.89737,5589.401101,5313.904833,5038.408565
BIKE,PMT,Champlin,1475.103596,1332.457082,1237.359406,1124.556429,1011.753452,893.3738769,774.994302,656.6147272,538.2351523
BIKE,PMT,Chanhassen,3131.536005,2926.242013,2789.379352,2627.035578,2464.691804,2294.322302,2123.952801,1953.583299,1783.213797
BIKE,PMT,Corcoran,329.8493007,301.1550545,282.025557,259.3345266,236.6434961,212.8306978,189.0178995,165.2051012,141.3923029
BIKE,PMT,Crystal,3742.675792,3430.065004,3221.657812,2974.449335,2727.240858,2467.811229,2208.3816,1948.951972,1689.522343
BIKE,PMT,Dayton,505.6785988,506.9487471,507.7955126,508.799929,509.8043455,510.8584169,511.9124883,512.9665597,514.0206311
BIKE,PMT,Deephaven,614.6860007,536.5182364,484.4063935,422.592359,360.7783246,295.9084132,231.0385019,166.1685905,101.2986792
BIKE,PMT,Eden Prairie,7849.002001,7563.668791,7373.446651,7147.808922,6922.171192,6685.378696,6448.5862,6211.793704,5975.001208
BIKE,PMT,Edina,8115.607902,7615.912998,7282.783062,6887.630939,6492.478816,6077.791708,5663.1046,5248.417492,4833.730384
BIKE,PMT,Excelsior,422.5231012,385.6073412,360.9968346,331.8043398,302.611845,271.9761719,241.3404988,210.7048257,180.0691526
BIKE,PMT,Fort Snelling UT,1502.079199,1301.296719,1167.441732,1008.665601,849.8894708,683.2639853,516.6384997,350.0130141,183.3875285
BIKE,PMT,Golden Valley,4918.572599,4507.337939,4233.181499,3907.982567,3582.783635,3241.507968,2900.2323,2558.956633,2217.680965
BIKE,PMT,Greenfield,192.9925024,194.4919514,195.491584,196.6773284,197.8630728,199.1074364,200.3518,201.5961636,202.8405272
BIKE,PMT,Greenwood,177.7673003,150.1911468,131.8070445,110.000187,88.1933295,65.30841467,42.42349983,19.53858499,9.769292496
BIKE,PMT,Hanover,282.8919,253.5052543,233.9141572,210.6755863,187.4370155,163.0496083,138.662201,114.2747938,89.88738656
BIKE,PMT,Hopkins,4177.250201,3957.112388,3810.353846,3636.271774,3462.189702,3279.501601,3096.8135,2914.125399,2731.437298
BIKE,PMT,Independence,452.3309003,392.4921646,352.5996742,305.2799933,257.9603123,208.3013063,158.6423003,108.9832943,59.32428833
BIKE,PMT,Long Lake,292.9269998,261.978211,241.3456851,216.8717922,192.3978992,166.7140997,141.0303002,115.3465007,89.6627012
BIKE,PMT,Loretto,129.5009007,107.4383154,92.72992516,75.28312442,57.83632369,39.5270121,21.21770051,2.908388921,1.454194461
BIKE,PMT,Maple Grove,6140.032792,5825.475733,5615.771027,5367.023464,5118.275902,4857.2311,4596.186299,4335.141498,4074.096696
BIKE,PMT,Maple Plain,249.0942,218.5652154,198.212559,174.0706416,149.9287243,124.5933121,99.2579,73.92248786,48.58707572
BIKE,PMT,Medicine Lake,49.67229932,49.53340375,49.4408067,49.33096992,49.22113314,49.1058664,48.99059966,48.87533292,48.76006618
BIKE,PMT,Medina,827.4171988,715.7444115,641.2958867,552.9865232,464.6771597,372.0020798,279.3269998,186.6519199,93.97683995
BIKE,PMT,Minneapolis,66212.0165,67246.55106,67936.24076,68754.33701,69572.43326,70430.97342,71289.51358,72148.05374,73006.5939
BIKE,PMT,Minnetonka,8700.015201,8093.22968,7688.705999,7208.868033,6729.030066,6225.470533,5721.910999,5218.351466,4714.791932
BIKE,PMT,Minnetonka Beach,56.71539949,53.82075899,51.89099865,49.60195521,47.31291177,44.91070577,42.50849976,40.10629376,37.70408775
BIKE,PMT,Minnetrista,931.6050983,862.1139818,815.7865708,760.8339148,705.8812587,648.2119291,590.5425995,532.8732699,475.2039403
BIKE,PMT,Mound,750.3409002,711.3164211,685.3001017,654.4400597,623.5800176,591.1943594,558.8087012,526.423043,494.0373848
BIKE,PMT,New Hope,3388.785102,3151.10522,2992.651965,2804.697856,2616.743748,2419.497823,2222.251899,2025.005975,1827.760051
BIKE,PMT,Orono,1163.7027,1025.335625,933.0909085,823.6720551,714.2532017,599.42505,484.5968984,369.7687467,254.940595
BIKE,PMT,Osseo,413.0388007,402.5232576,395.5128955,387.1973431,378.8817906,370.1551454,361.4285002,352.7018549,343.9752097
BIKE,PMT,Plymouth,10109.3577,9265.212694,8702.449357,8034.910646,7367.371936,6666.832368,5966.2928,5265.753232,4565.213664
BIKE,PMT,Richfield,3567.875002,3375.42522,3247.125366,3094.938624,2942.751881,2783.041541,2623.3312,2463.62086,2303.910519
BIKE,PMT,Robbinsdale,2174.107903,1992.968934,1872.209621,1728.967319,1585.725017,1435.4013,1285.077584,1134.753867,984.4301497
BIKE,PMT,Rockford,428.2028002,443.5540569,453.788228,465.9277988,478.0673696,490.8070798,503.54679,516.2865001,529.0262103
BIKE,PMT,Rogers,1044.010797,990.0901939,954.1431252,911.5034252,868.8637252,824.1160625,779.3683998,734.6207371,689.8730745
BIKE,PMT,St. Anthony,1211.5373,1125.551893,1068.228289,1000.232166,932.2360434,860.8784224,789.5208014,718.1631803,646.8055593
BIKE,PMT,St. Bonifacius,246.8263988,225.1198853,210.6488763,193.4836525,176.3184286,158.3046141,140.2907997,122.2769852,104.2631707
BIKE,PMT,St. Louis Park,8597.202595,8168.721669,7883.067718,7544.230668,7205.393618,6849.805609,6494.2176,6138.629592,5783.041583
BIKE,PMT,Shorewood,883.8385015,776.6841518,705.2479187,620.5116758,535.7754329,446.8501166,357.9248003,268.9994841,180.0741678
BIKE,PMT,Spring Park,305.7960017,263.1037764,234.6422928,200.8818456,167.1213983,131.6919486,96.26249896,60.8330493,25.40359964
BIKE,PMT,Tonka Bay,134.2319993,113.2681099,99.2921836,82.71421704,66.13625048,48.73872529,31.3412001,13.94367491,6.971837457
BIKE,PMT,Wayzata,1441.477589,1289.837843,1188.744679,1068.829973,948.9152675,823.0723839,697.2295003,571.3866168,445.5437332
BIKE,PMT,Woodland,29.1397,23.35561448,19.49955746,14.92557911,10.35160076,5.551500379,0.7514,0.7514,0.7514
BIKE,PMT,Arden Hills,1572.4014,1425.730375,1327.949691,1211.964184,1095.978677,974.259238,852.5397992,730.8203605,609.1009217
BIKE,PMT,Blaine,5388.216299,5051.405109,4826.864316,4560.518481,4294.172646,4014.659573,3735.1465,3455.633427,3176.120354
BIKE,PMT,Falcon Heights,1186.186901,1142.130658,1112.75983,1077.920736,1043.081642,1006.520221,969.9588003,933.3973793,896.8359582
BIKE,PMT,Gem Lake,648.3833981,626.8445286,612.4852822,595.452629,578.4199758,560.5452858,542.6705958,524.7959057,506.9212157
BIKE,PMT,Lauderdale,554.8170988,510.3715334,480.7411565,445.5941911,410.4472257,373.5627131,336.6782005,299.7936879,262.9091754
BIKE,PMT,Little Canada,1985.639103,1809.317495,1691.769756,1552.33696,1412.904164,1266.578282,1120.2524,973.9265175,827.6006353
BIKE,PMT,Maplewood,6490.756408,6098.818195,5837.526053,5527.586497,5217.646941,4892.385021,4567.123101,4241.861181,3916.599261
BIKE,PMT,Mounds View,1075.960599,979.0152524,914.3850213,837.7219229,761.0588246,680.6057619,600.1526992,519.6996364,439.2465737
BIKE,PMT,New Brighton,2745.426891,2485.719409,2312.581088,2107.207846,1901.834603,1686.308401,1470.7822,1255.255998,1039.729797
BIKE,PMT,North Oaks,576.3883998,511.0631134,467.5129224,415.8545496,364.1961769,309.9839888,255.7718007,201.5596126,147.3474245
BIKE,PMT,North St. Paul,1548.754399,1458.160151,1397.763985,1326.123252,1254.482518,1179.300109,1104.1177,1028.935291,953.7528817
BIKE,PMT,Roseville,6041.541607,5481.942849,5108.87701,4666.353711,4223.830413,3759.430258,3295.030104,2830.629949,2366.229795
BIKE,PMT,St. Anthony,1211.5373,1125.551893,1068.228289,1000.232166,932.2360434,860.8784224,789.5208014,718.1631803,646.8055593
BIKE,PMT,St. Paul,42691.9028,42154.14252,41795.63567,41370.38196,40945.12824,40498.85142,40052.5746,39606.29777,39160.02095
BIKE,PMT,Shoreview,2661.785201,2391.10981,2210.65955,1996.61303,1782.56651,1557.938254,1333.309998,1108.681741,884.0534851
BIKE,PMT,Spring Lake Park,647.5929009,609.2999611,583.7713345,553.4897841,523.2082336,491.4296657,459.6510977,427.8725298,396.0939618
BIKE,PMT,Vadnais Heights,2941.824498,2679.366466,2504.394445,2296.846103,2089.297762,1871.488932,1653.680102,1435.871272,1218.062443
BIKE,PMT,White Bear Twp.,1724.206297,1558.965861,1448.80557,1318.135618,1187.465666,1050.335834,913.206001,776.0761683,638.9463356
BIKE,PMT,White Bear Lake,3829.8467,3521.965983,3316.712172,3073.244172,2829.776172,2574.271937,2318.767702,2063.263467,1807.759232
BIKE,PMT,Belle Plaine,271.8520997,350.6810906,403.2337512,465.5706749,527.9075986,593.326249,658.7448995,724.16355,789.5822004
BIKE,PMT,Belle Plaine Twp.,87.50749983,104.1545406,115.2525678,128.4168275,141.5810872,155.3961434,169.2111997,183.0262559,196.8413121
BIKE,PMT,Blakeley Twp.,26.13579983,36.00743514,42.58852534,50.39488402,58.20124269,66.39352134,74.5858,82.77807866,90.97035731
BIKE,PMT,Cedar Lake Twp.,124.7935993,107.4808294,95.93898277,82.24827324,68.5575637,54.19003177,39.82249983,25.45496789,11.08743596
BIKE,PMT,Credit River Twp.,321.325499,280.064142,252.5565706,219.9276351,187.2986996,153.0566998,118.8147,84.5727002,50.3307004
BIKE,PMT,Elko New Market,192.9364022,242.2692928,275.1578865,314.1696841,353.1814816,394.1218905,435.0622995,476.0027084,516.9431174
BIKE,PMT,Helena Twp.,289.1104988,272.5192244,261.4583748,248.3382144,235.2180539,221.4492771,207.6805003,193.9117235,180.1429467
BIKE,PMT,Jackson Twp.,371.1116997,355.0403312,344.3260856,331.6170599,318.9080342,305.5707173,292.2334003,278.8960834,265.5587665
BIKE,PMT,Jordan,502.3584997,461.6218979,434.4641633,402.2501973,370.0362313,336.2297156,302.4232,268.6166844,234.8101687
BIKE,PMT,Louisville Twp.,163.4668997,147.544818,136.9300968,124.3391252,111.7481535,98.53472675,85.3213,72.10787325,58.8944465
BIKE,PMT,New Market Twp.,364.6210998,388.943772,405.1588868,424.3929343,443.6269819,463.8118957,483.9968095,504.1817234,524.3666372
BIKE,PMT,New Prague,463.8806995,467.237402,469.4752037,472.1296397,474.7840757,477.569738,480.3554003,483.1410627,485.926725
BIKE,PMT,Prior Lake,1979.427299,1941.854122,1916.805338,1887.092967,1857.380596,1826.199346,1795.018095,1763.836845,1732.655595
BIKE,PMT,St. Lawrence Twp.,89.55600017,97.09966111,102.1287684,108.0941957,114.059623,120.3199609,126.5802988,132.8406367,139.1009746
BIKE,PMT,Sand Creek Twp.,284.6054993,250.2937735,227.4192896,200.2860305,173.1527714,144.6781357,116.2035,87.7288643,59.25422859
BIKE,PMT,Savage,1347.484595,1336.880382,1329.810906,1321.425234,1313.039562,1304.23933,1295.439099,1286.638868,1277.838636
BIKE,PMT,Shakopee,3185.725196,3133.27564,3098.309269,3056.832854,3015.356438,2971.829569,2928.3027,2884.775831,2841.248962
BIKE,PMT,Spring Lake Twp.,486.313899,482.3444626,479.6981717,476.5591939,473.4202161,470.1260579,466.8318997,463.5377414,460.2435832
BIKE,PMT,Afton,244.1812012,210.026382,187.2565026,160.2473232,133.2381438,104.8937219,76.5493,48.20487809,19.86045619
BIKE,PMT,Bayport,208.9266,186.409573,171.3982217,153.5920546,135.7858874,117.0994435,98.41299961,79.72655572,61.04011183
BIKE,PMT,Baytown Twp.,492.4661997,464.4789011,445.8207021,423.6887165,401.5567309,378.3306148,355.1044986,331.8783825,308.6522663
BIKE,PMT,Birchwood Village,162.7155002,142.2832933,128.661822,112.5043029,96.34678386,79.39049167,62.43419949,45.47790731,28.52161512
BIKE,PMT,Cottage Grove,2076.060394,2125.450785,2158.377712,2197.434979,2236.492247,2277.480374,2318.468501,2359.456628,2400.444755
BIKE,PMT,Dellwood,165.6888,139.5410896,122.1092826,101.432019,80.75475534,59.05527767,37.3558,15.65632233,7.828161165
BIKE,PMT,Denmark Twp.,93.0529,87.81608408,84.32487347,80.18366868,76.0424639,71.69653195,67.3506,63.00466805,58.6587361
BIKE,PMT,Forest Lake,1302.2816,1233.284757,1187.286862,1132.725072,1078.163281,1020.904139,963.644998,906.3858566,849.1267152
BIKE,PMT,Grant,450.1243022,386.499361,344.0827335,293.7689713,243.4552091,190.6541045,137.8529999,85.0518954,32.25079085
BIKE,PMT,Grey Cloud Island Twp.,11.781,27.7952171,38.47136183,51.13519295,63.79902408,77.08891221,90.37880034,103.6686885,116.9585766
BIKE,PMT,Hastings,1209.731897,1273.949136,1316.760629,1367.542773,1418.324916,1471.617557,1524.910198,1578.20284,1631.495481
BIKE,PMT,Hugo,856.805098,836.4975863,822.9592452,806.9003335,790.8414219,773.9886119,757.1358019,740.2829919,723.4301819
BIKE,PMT,Lake Elmo,781.3063984,741.4831828,714.9343724,683.4427,651.9510277,618.9025135,585.8539994,552.8054852,519.756971
BIKE,PMT,Lakeland,93.98620051,83.49421081,76.49955101,68.20262429,59.90569757,51.19859883,42.4915001,33.78440137,25.07730264
BIKE,PMT,Lakeland Shores,30.85160017,28.79033343,27.41615561,25.78613314,24.15611066,22.44550538,20.7349001,19.02429482,17.31368954
BIKE,PMT,Lake St. Croix Beach,110.9403003,98.38184834,90.00954703,80.07848926,70.14743149,59.7254158,49.3034001,38.88138441,28.45936871
BIKE,PMT,Landfall,173.8522008,159.1985374,149.4294285,137.8415053,126.253582,114.092791,101.9320001,89.77120907,77.61041808
BIKE,PMT,Mahtomedi,944.2649973,846.4921655,781.3102777,703.9928152,626.6753527,545.5355762,464.3957997,383.2560232,302.1162467
BIKE,PMT,Marine on St. Croix,58.9951,49.08709554,42.48175924,34.64664033,26.81152141,18.58906071,10.3666,2.144139293,1.072069647
BIKE,PMT,May Twp.,124.3312002,107.0111563,95.46446031,81.76799861,68.0715369,53.69796842,39.32439995,24.95083147,10.577263
BIKE,PMT,Newport,550.5823964,483.4732887,438.7338835,385.6648885,332.5958935,276.9033467,221.2108,165.5182533,109.8257065
BIKE,PMT,Oakdale,2451.037905,2290.625563,2183.684001,2056.832041,1929.980081,1796.85699,1663.733898,1530.610806,1397.487715
BIKE,PMT,Oak Park Heights,810.4291003,758.4651587,723.8225309,682.730133,641.6377351,598.5138679,555.3900007,512.2661335,469.1422663
BIKE,PMT,Pine Springs,299.5077014,266.5987866,244.6595101,218.6355753,192.6116406,165.3011706,137.9907005,110.6802304,83.36976038
BIKE,PMT,St. Marys Point,76.58840068,67.15700567,60.86940899,53.41118653,45.95296406,38.12603228,30.29910051,22.47216874,14.64523696
BIKE,PMT,St. Paul Park,589.735099,544.4440366,514.249995,478.4344218,442.6188486,405.0326745,367.4465003,329.8603262,292.2741521
BIKE,PMT,Scandia,323.6170998,282.8583301,255.6858169,223.4543207,191.2228245,157.3979121,123.5729997,89.74808725,55.92317484
BIKE,PMT,Stillwater,1783.852499,1675.650717,1603.516195,1517.951657,1432.387119,1342.592559,1252.797999,1163.003439,1073.208879
BIKE,PMT,Stillwater Twp.,464.4569993,437.0329039,418.7501736,397.0635615,375.3769495,352.6182246,329.8594998,307.1007749,284.3420501
BIKE,PMT,West Lakeland Twp.,271.8265995,232.0193168,205.4811283,174.0020554,142.5229826,109.4876909,76.45239908,43.41710731,10.38181554
BIKE,PMT,White Bear Lake,3829.8467,3521.965983,3316.712172,3073.244172,2829.776172,2574.271937,2318.767702,2063.263467,1807.759232
BIKE,PMT,Willernie,297.3878009,266.1497902,245.3244497,220.6218439,195.9192381,169.995419,144.0715998,118.1477807,92.22396157
BIKE,PMT,Woodbury,6031.980798,5868.223185,5759.051443,5629.554088,5500.056733,5364.157466,5228.2582,5092.358934,4956.459667
BIKE,AVO,All,1,1,1,1,1,1,1,1,1
DRS,SAV,All,0,0,0,0.1,0.1,0.1,0.1,0.1,0.1
DRS,SAVSales,All,0,0,0,0.2,0.2,0.2,0.2,0.2,0.2
DRS,VMT,All,0,0,0,69700,69700,69700,69700,69700,69700
DRS,POP,Andover,32.301,33.45324,34.2214,36.1418,38.0622,39.9826,41.903,43.8234,45.7438
DRS,POP,Anoka,17.9205,18.31404,18.5764,19.2323,19.8882,20.5441,21.2,21.8559,22.5118
DRS,POP,Bethel,0.473,0.48224,0.4884,0.5038,0.5192,0.5346,0.55,0.5654,0.5808
DRS,POP,Blaine,61.7445,64.81164,66.8564,71.9683,77.0802,82.1921,87.304,92.4159,97.5278
DRS,POP,Centerville,3.816,3.84528,3.8648,3.9136,3.9624,4.0112,4.06,4.1088,4.1576
DRS,POP,Circle Pines,4.9595,5.00036,5.0276,5.0957,5.1638,5.2319,5.3,5.3681,5.4362
DRS,POP,Columbia Heights,19.9985,20.3708,20.619,21.2395,21.86,22.4805,23.101,23.7215,24.342
DRS,POP,Columbus,4.067,4.23884,4.3534,4.6398,4.9262,5.2126,5.499,5.7854,6.0718
DRS,POP,Coon Rapids,63.139,64.21432,64.9312,66.7234,68.5156,70.3078,72.1,73.8922,75.6844
DRS,POP,East Bethel,12.0135,12.77952,13.2902,14.5669,15.8436,17.1203,18.397,19.6737,20.9504
DRS,POP,Fridley,28.2545,28.7642,29.104,29.9535,30.803,31.6525,32.502,33.3515,34.201
DRS,POP,Ham Lake,15.7485,16.10292,16.3392,16.9299,17.5206,18.1113,18.702,19.2927,19.8834
DRS,POP,Hilltop,0.792,0.82776,0.8516,0.9112,0.9708,1.0304,1.09,1.1496,1.2092
DRS,POP,Lexington,2.075,2.1176,2.146,2.217,2.288,2.359,2.43,2.501,2.572
DRS,POP,Lino Lakes,21.508,22.65904,23.4264,25.3448,27.2632,29.1816,31.1,33.0184,34.9368
DRS,POP,Linwood Twp.,5.1115,5.07652,5.0532,4.9949,4.9366,4.8783,4.82,4.7617,4.7034
DRS,POP,Nowthen,4.517,4.63496,4.7136,4.9102,5.1068,5.3034,5.5,5.6966,5.8932
DRS,POP,Oak Grove,8.3145,8.56476,8.7316,9.1487,9.5658,9.9829,10.4,10.8171,11.2342
DRS,POP,Ramsey,25.033,26.19316,26.9666,28.9002,30.8338,32.7674,34.701,36.6346,38.5682
DRS,POP,St. Francis,7.708,8.29516,8.6866,9.6652,10.6438,11.6224,12.601,13.5796,14.5582
DRS,POP,Spring Lake Park,6.556,6.6574,6.725,6.894,7.063,7.232,7.401,7.57,7.739
DRS,POP,Benton Twp.,0.763,0.75676,0.7526,0.7422,0.7318,0.7214,0.711,0.7006,0.6902
DRS,POP,Camden Twp.,0.911,0.90236,0.8966,0.8822,0.8678,0.8534,0.839,0.8246,0.8102
DRS,POP,Carver,5.012,6.27056,7.1096,9.2072,11.3048,13.4024,15.5,17.5976,19.6952
DRS,POP,Chanhassen,24.8265,26.2992,27.281,29.7355,32.19,34.6445,37.099,39.5535,42.008
DRS,POP,Chaska,25.436,26.77544,27.6684,29.9008,32.1332,34.3656,36.598,38.8304,41.0628
DRS,POP,Cologne,1.8095,2.06156,2.2296,2.6497,3.0698,3.4899,3.91,4.3301,4.7502
DRS,POP,Dahlgren Twp.,1.2345,1.17156,1.1296,1.0247,0.9198,0.8149,0.71,0.6051,0.5002
DRS,POP,Hamburg,0.5115,0.52212,0.5292,0.5469,0.5646,0.5823,0.6,0.6177,0.6354
DRS,POP,Hancock Twp.,0.3525,0.3594,0.364,0.3755,0.387,0.3985,0.41,0.4215,0.433
DRS,POP,Hollywood Twp.,1.035,1.05108,1.0618,1.0886,1.1154,1.1422,1.169,1.1958,1.2226
DRS,POP,Laketown Twp.,1.836,1.61616,1.4696,1.1032,0.7368,0.3704,0.004,0,0
DRS,POP,Mayer,1.9095,2.03436,2.1176,2.3257,2.5338,2.7419,2.95,3.1581,3.3662
DRS,POP,New Germany,0.4065,0.44172,0.4652,0.5239,0.5826,0.6413,0.7,0.7587,0.8174
DRS,POP,Norwood Young America,4.064,4.68032,5.0912,6.1184,7.1456,8.1728,9.2,10.2272,11.2544
DRS,POP,San Francisco Twp.,0.851,0.86756,0.8786,0.9062,0.9338,0.9614,0.989,1.0166,1.0442
DRS,POP,Victoria,8.6715,9.47892,10.0172,11.3629,12.7086,14.0543,15.4,16.7457,18.0914
DRS,POP,Waconia,12.447,13.83348,14.7578,17.0686,19.3794,21.6902,24.001,26.3118,28.6226
DRS,POP,Waconia Twp.,1.274,1.29872,1.3152,1.3564,1.3976,1.4388,1.48,1.5212,1.5624
DRS,POP,Watertown,4.5525,4.87032,5.0822,5.6119,6.1416,6.6713,7.201,7.7307,8.2604
DRS,POP,Watertown Twp.,1.182,1.17228,1.1658,1.1496,1.1334,1.1172,1.101,1.0848,1.0686
DRS,POP,Young America Twp.,0.693,0.69012,0.6882,0.6834,0.6786,0.6738,0.669,0.6642,0.6594
DRS,POP,Apple Valley,52.292,53.6486,54.553,56.814,59.075,61.336,63.597,65.858,68.119
DRS,POP,Burnsville,61.9015,62.69356,63.2216,64.5417,65.8618,67.1819,68.502,69.8221,71.1422
DRS,POP,Castle Rock Twp.,1.3305,1.32432,1.3202,1.3099,1.2996,1.2893,1.279,1.2687,1.2584
DRS,POP,Coates,0.1655,0.16604,0.1664,0.1673,0.1682,0.1691,0.17,0.1709,0.1718
DRS,POP,Douglas Twp.,0.723,0.72624,0.7284,0.7338,0.7392,0.7446,0.75,0.7554,0.7608
DRS,POP,Eagan,65.806,66.58552,67.1052,68.4044,69.7036,71.0028,72.302,73.6012,74.9004
DRS,POP,Empire Twp.,2.807,3.04976,3.2116,3.6162,4.0208,4.4254,4.83,5.2346,5.6392
DRS,POP,Eureka Twp.,1.438,1.46584,1.4844,1.5308,1.5772,1.6236,1.67,1.7164,1.7628
DRS,POP,Farmington,22.6925,23.86952,24.6542,26.6159,28.5776,30.5393,32.501,34.4627,36.4244
DRS,POP,Greenvale Twp.,0.8065,0.80932,0.8112,0.8159,0.8206,0.8253,0.83,0.8347,0.8394
DRS,POP,Hampton,0.695,0.7004,0.704,0.713,0.722,0.731,0.74,0.749,0.758
DRS,POP,Hampton Twp.,0.9205,0.93976,0.9526,0.9847,1.0168,1.0489,1.081,1.1131,1.1452
DRS,POP,Hastings,22.7355,23.46336,23.9486,25.1617,26.3748,27.5879,28.801,30.0141,31.2272
DRS,POP,Inver Grove Heights,35.5925,36.92552,37.8142,40.0359,42.2576,44.4793,46.701,48.9227,51.1444
DRS,POP,Lakeville,60.127,62.93104,64.8004,69.4738,74.1472,78.8206,83.494,88.1674,92.8408
DRS,POP,Lilydale,0.7915,0.80932,0.8212,0.8509,0.8806,0.9103,0.94,0.9697,0.9994
DRS,POP,Marshan Twp.,1.123,1.13944,1.1504,1.1778,1.2052,1.2326,1.26,1.2874,1.3148
DRS,POP,Mendota,0.209,0.21752,0.2232,0.2374,0.2516,0.2658,0.28,0.2942,0.3084
DRS,POP,Mendota Heights,11.536,11.5918,11.629,11.722,11.815,11.908,12.001,12.094,12.187
DRS,POP,Miesville,0.1325,0.1334,0.134,0.1355,0.137,0.1385,0.14,0.1415,0.143
DRS,POP,New Trier,0.121,0.12088,0.1208,0.1206,0.1204,0.1202,0.12,0.1198,0.1196
DRS,POP,Nininger Twp.,0.94,0.9424,0.944,0.948,0.952,0.956,0.96,0.964,0.968
DRS,POP,Northfield,20.7435,21.09576,21.3306,21.9177,22.5048,23.0919,23.679,24.2661,24.8532
DRS,POP,Randolph,0.438,0.43584,0.4344,0.4308,0.4272,0.4236,0.42,0.4164,0.4128
DRS,POP,Randolph Twp.,0.6735,0.67428,0.6748,0.6761,0.6774,0.6787,0.68,0.6813,0.6826
DRS,POP,Ravenna Twp.,2.348,2.36636,2.3786,2.4092,2.4398,2.4704,2.501,2.5316,2.5622
DRS,POP,Rosemount,23.887,25.58068,26.7098,29.5326,32.3554,35.1782,38.001,40.8238,43.6466
DRS,POP,Sciota Twp.,0.432,0.43776,0.4416,0.4512,0.4608,0.4704,0.48,0.4896,0.4992
DRS,POP,South St. Paul,20.8285,20.94496,21.0226,21.2167,21.4108,21.6049,21.799,21.9931,22.1872
DRS,POP,Sunfish Lake,0.5305,0.52564,0.5224,0.5143,0.5062,0.4981,0.49,0.4819,0.4738
DRS,POP,Vermillion,0.4145,0.41516,0.4156,0.4167,0.4178,0.4189,0.42,0.4211,0.4222
DRS,POP,Vermillion Twp.,1.2015,1.2096,1.215,1.2285,1.242,1.2555,1.269,1.2825,1.296
DRS,POP,Waterford Twp.,0.499,0.50032,0.5012,0.5034,0.5056,0.5078,0.51,0.5122,0.5144
DRS,POP,West St. Paul,20.1695,20.52116,20.7556,21.3417,21.9278,22.5139,23.1,23.6861,24.2722
DRS,POP,Bloomington,84.4975,85.55416,86.2586,88.0197,89.7808,91.5419,93.303,95.0641,96.8252
DRS,POP,Brooklyn Center,30.783,31.33452,31.7022,32.6214,33.5406,34.4598,35.379,36.2982,37.2174
DRS,POP,Brooklyn Park,81.2395,83.23852,84.5712,87.9029,91.2346,94.5663,97.898,101.2297,104.5614
DRS,POP,Champlin,23.146,23.2486,23.317,23.488,23.659,23.83,24.001,24.172,24.343
DRS,POP,Chanhassen,24.8265,26.2992,27.281,29.7355,32.19,34.6445,37.099,39.5535,42.008
DRS,POP,Corcoran,6.0395,6.67088,7.0918,8.1441,9.1964,10.2487,11.301,12.3533,13.4056
DRS,POP,Crystal,22.425,22.58952,22.6992,22.9734,23.2476,23.5218,23.796,24.0702,24.3444
DRS,POP,Dayton,5.317,5.935,6.347,7.377,8.407,9.437,10.467,11.497,12.527
DRS,POP,Deephaven,3.6005,3.58472,3.5742,3.5479,3.5216,3.4953,3.469,3.4427,3.4164
DRS,POP,Eden Prairie,64.348,66.51376,67.9576,71.5672,75.1768,78.7864,82.396,86.0056,89.6152
DRS,POP,Edina,49.919,50.54096,50.9556,51.9922,53.0288,54.0654,55.102,56.1386,57.1752
DRS,POP,Excelsior,2.2345,2.25664,2.2714,2.3083,2.3452,2.3821,2.419,2.4559,2.4928
DRS,POP,Fort Snelling UT,0.1495,0.19036,0.2176,0.2857,0.3538,0.4219,0.49,0.5581,0.6262
DRS,POP,Golden Valley,20.8335,21.08148,21.2468,21.6601,22.0734,22.4867,22.9,23.3133,23.7266
DRS,POP,Greenfield,2.9035,3.02068,3.0988,3.2941,3.4894,3.6847,3.88,4.0753,4.2706
DRS,POP,Greenwood,0.684,0.67992,0.6772,0.6704,0.6636,0.6568,0.65,0.6432,0.6364
DRS,POP,Hanover,3.06,3.10512,3.1352,3.2104,3.2856,3.3608,3.436,3.5112,3.5864
DRS,POP,Hopkins,18.2455,18.46804,18.6164,18.9873,19.3582,19.7291,20.1,20.4709,20.8418
DRS,POP,Independence,3.667,3.742,3.792,3.917,4.042,4.167,4.292,4.417,4.542
DRS,POP,Long Lake,1.789,1.81312,1.8292,1.8694,1.9096,1.9498,1.99,2.0302,2.0704
DRS,POP,Loretto,0.65,0.656,0.66,0.67,0.68,0.69,0.7,0.71,0.72
DRS,POP,Maple Grove,66.234,69.05004,70.9274,75.6208,80.3142,85.0076,89.701,94.3944,99.0878
DRS,POP,Maple Plain,1.819,1.87912,1.9192,2.0194,2.1196,2.2198,2.32,2.4202,2.5204
DRS,POP,Medicine Lake,0.3805,0.38284,0.3844,0.3883,0.3922,0.3961,0.4,0.4039,0.4078
DRS,POP,Medina,5.7475,6.12568,6.3778,7.0081,7.6384,8.2687,8.899,9.5293,10.1596
DRS,POP,Minneapolis,403.005,409.89072,414.4812,425.9574,437.4336,448.9098,460.386,471.8622,483.3384
DRS,POP,Minnetonka,51.4675,52.67116,53.4736,55.4797,57.4858,59.4919,61.498,63.5041,65.5102
DRS,POP,Minnetonka Beach,0.5295,0.52716,0.5256,0.5217,0.5178,0.5139,0.51,0.5061,0.5022
DRS,POP,Minnetrista,7.192,7.76908,8.1538,9.1156,10.0774,11.0392,12.001,12.9628,13.9246
DRS,POP,Mound,9.026,9.07088,9.1008,9.1756,9.2504,9.3252,9.4,9.4748,9.5496
DRS,POP,New Hope,20.72,21.00548,21.1958,21.6716,22.1474,22.6232,23.099,23.5748,24.0506
DRS,POP,Orono,7.768,7.97584,8.1144,8.4608,8.8072,9.1536,9.5,9.8464,10.1928
DRS,POP,Osseo,2.58,2.65068,2.6978,2.8156,2.9334,3.0512,3.169,3.2868,3.4046
DRS,POP,Plymouth,73.4385,74.658,75.471,77.5035,79.536,81.5685,83.601,85.6335,87.666
DRS,POP,Richfield,36.163,36.34756,36.4706,36.7782,37.0858,37.3934,37.701,38.0086,38.3162
DRS,POP,Robbinsdale,14.3515,14.46532,14.5412,14.7309,14.9206,15.1103,15.3,15.4897,15.6794
DRS,POP,Rockford,4.522,4.59736,4.6476,4.7732,4.8988,5.0244,5.15,5.2756,5.4012
DRS,POP,Rogers,12.698,13.91024,14.7184,16.7388,18.7592,20.7796,22.8,24.8204,26.8408
DRS,POP,St. Anthony,8.4135,8.45976,8.4906,8.5677,8.6448,8.7219,8.799,8.8761,8.9532
DRS,POP,St. Bonifacius,2.2215,2.21544,2.2114,2.2013,2.1912,2.1811,2.171,2.1609,2.1508
DRS,POP,St. Louis Park,46.725,47.33448,47.7408,48.7566,49.7724,50.7882,51.804,52.8198,53.8356
DRS,POP,Shorewood,7.3525,7.3822,7.402,7.4515,7.501,7.5505,7.6,7.6495,7.699
DRS,POP,Spring Park,1.6995,1.72956,1.7496,1.7997,1.8498,1.8999,1.95,2.0001,2.0502
DRS,POP,Tonka Bay,1.4975,1.505,1.51,1.5225,1.535,1.5475,1.56,1.5725,1.585
DRS,POP,Wayzata,3.9145,4.00288,4.0618,4.2091,4.3564,4.5037,4.651,4.7983,4.9456
DRS,POP,Woodland,0.4435,0.44308,0.4428,0.4421,0.4414,0.4407,0.44,0.4393,0.4386
DRS,POP,Arden Hills,9.7775,10.22432,10.5222,11.2669,12.0116,12.7563,13.501,14.2457,14.9904
DRS,POP,Blaine,61.7445,64.81164,66.8564,71.9683,77.0802,82.1921,87.304,92.4159,97.5278
DRS,POP,Falcon Heights,5.31,5.3088,5.308,5.306,5.304,5.302,5.3,5.298,5.296
DRS,POP,Gem Lake,0.4365,0.4476,0.455,0.4735,0.492,0.5105,0.529,0.5475,0.566
DRS,POP,Lauderdale,2.4345,2.44488,2.4518,2.4691,2.4864,2.5037,2.521,2.5383,2.5556
DRS,POP,Little Canada,9.8355,9.89124,9.9284,10.0213,10.1142,10.2071,10.3,10.3929,10.4858
DRS,POP,Maplewood,40.11,41.1294,41.809,43.508,45.207,46.906,48.605,50.304,52.003
DRS,POP,Mounds View,12.2285,12.24908,12.2628,12.2971,12.3314,12.3657,12.4,12.4343,12.4686
DRS,POP,New Brighton,21.879,22.14552,22.3232,22.7674,23.2116,23.6558,24.1,24.5442,24.9884
DRS,POP,North Oaks,4.6295,4.69772,4.7432,4.8569,4.9706,5.0843,5.198,5.3117,5.4254
DRS,POP,North St. Paul,11.731,11.76328,11.7848,11.8386,11.8924,11.9462,12,12.0538,12.1076
DRS,POP,Roseville,33.729,33.82164,33.8834,34.0378,34.1922,34.3466,34.501,34.6554,34.8098
DRS,POP,St. Anthony,8.4135,8.45976,8.4906,8.5677,8.6448,8.7219,8.799,8.8761,8.9532
DRS,POP,St. Paul,300.0325,305.32048,308.8458,317.6591,326.4724,335.2857,344.099,352.9123,361.7256
DRS,POP,Shoreview,25.671,25.75848,25.8168,25.9626,26.1084,26.2542,26.4,26.5458,26.6916
DRS,POP,Spring Lake Park,6.556,6.6574,6.725,6.894,7.063,7.232,7.401,7.57,7.739
DRS,POP,Vadnais Heights,12.801,12.95688,13.0608,13.3206,13.5804,13.8402,14.1,14.3598,14.6196
DRS,POP,White Bear Twp.,11.125,11.17,11.2,11.275,11.35,11.425,11.5,11.575,11.65
DRS,POP,White Bear Lake,24.0485,24.25904,24.3994,24.7503,25.1012,25.4521,25.803,26.1539,26.5048
DRS,POP,Belle Plaine,7.2305,7.87472,8.3042,9.3779,10.4516,11.5253,12.599,13.6727,14.7464
DRS,POP,Belle Plaine Twp.,0.869,0.86072,0.8552,0.8414,0.8276,0.8138,0.8,0.7862,0.7724
DRS,POP,Blakeley Twp.,0.409,0.40672,0.4052,0.4014,0.3976,0.3938,0.39,0.3862,0.3824
DRS,POP,Cedar Lake Twp.,2.9245,3.00676,3.0616,3.1987,3.3358,3.4729,3.61,3.7471,3.8842
DRS,POP,Credit River Twp.,5.149,5.20312,5.2392,5.3294,5.4196,5.5098,5.6,5.6902,5.7804
DRS,POP,Elko New Market,5.105,5.9204,6.464,7.823,9.182,10.541,11.9,13.259,14.618
DRS,POP,Helena Twp.,1.6845,1.68528,1.6858,1.6871,1.6884,1.6897,1.691,1.6923,1.6936
DRS,POP,Jackson Twp.,1.4765,1.46972,1.4652,1.4539,1.4426,1.4313,1.42,1.4087,1.3974
DRS,POP,Jordan,6.1845,6.63048,6.9278,7.6711,8.4144,9.1577,9.901,10.6443,11.3876
DRS,POP,Louisville Twp.,1.2675,1.26888,1.2698,1.2721,1.2744,1.2767,1.279,1.2813,1.2836
DRS,POP,New Market Twp.,3.43,3.4192,3.412,3.394,3.376,3.358,3.34,3.322,3.304
DRS,POP,New Prague,7.668,8.00724,8.2334,8.7988,9.3642,9.9296,10.495,11.0604,11.6258
DRS,POP,Prior Lake,24.82,26.35384,27.3764,29.9328,32.4892,35.0456,37.602,40.1584,42.7148
DRS,POP,St. Lawrence Twp.,0.5165,0.55052,0.5732,0.6299,0.6866,0.7433,0.8,0.8567,0.9134
DRS,POP,Sand Creek Twp.,1.48,1.46548,1.4558,1.4316,1.4074,1.3832,1.359,1.3348,1.3106
DRS,POP,Savage,30.155,31.4684,32.344,34.533,36.722,38.911,41.1,43.289,45.478
DRS,POP,Shakopee,39.9105,41.49348,42.5488,45.1871,47.8254,50.4637,53.102,55.7403,58.3786
DRS,POP,Spring Lake Twp.,3.7105,3.76696,3.8046,3.8987,3.9928,4.0869,4.181,4.2751,4.3692
DRS,POP,Afton,2.977,2.9968,3.01,3.043,3.076,3.109,3.142,3.175,3.208
DRS,POP,Bayport,3.72,3.83028,3.9038,4.0876,4.2714,4.4552,4.639,4.8228,5.0066
DRS,POP,Baytown Twp.,1.714,1.72432,1.7312,1.7484,1.7656,1.7828,1.8,1.8172,1.8344
DRS,POP,Birchwood Village,0.86,0.8528,0.848,0.836,0.824,0.812,0.8,0.788,0.776
DRS,POP,Cottage Grove,36.4935,37.75404,38.5944,40.6953,42.7962,44.8971,46.998,49.0989,51.1998
DRS,POP,Dellwood,1.0865,1.09772,1.1052,1.1239,1.1426,1.1613,1.18,1.1987,1.2174
DRS,POP,Denmark Twp.,1.828,1.89784,1.9444,2.0608,2.1772,2.2936,2.41,2.5264,2.6428
DRS,POP,Forest Lake,19.9375,21.01324,21.7304,23.5233,25.3162,27.1091,28.902,30.6949,32.4878
DRS,POP,Grant,4.0885,4.10944,4.1234,4.1583,4.1932,4.2281,4.263,4.2979,4.3328
DRS,POP,Grey Cloud Island Twp.,0.2945,0.29156,0.2896,0.2847,0.2798,0.2749,0.27,0.2651,0.2602
DRS,POP,Hastings,22.7355,23.46336,23.9486,25.1617,26.3748,27.5879,28.801,30.0141,31.2272
DRS,POP,Hugo,15.116,16.78208,17.8928,20.6696,23.4464,26.2232,29,31.7768,34.5536
DRS,POP,Lake Elmo,9.2825,10.3526,11.066,12.8495,14.633,16.4165,18.2,19.9835,21.767
DRS,POP,Lakeland,1.768,1.75624,1.7484,1.7288,1.7092,1.6896,1.67,1.6504,1.6308
DRS,POP,Lakeland Shores,0.3105,0.31284,0.3144,0.3183,0.3222,0.3261,0.33,0.3339,0.3378
DRS,POP,Lake St. Croix Beach,1.0555,1.05964,1.0624,1.0693,1.0762,1.0831,1.09,1.0969,1.1038
DRS,POP,Landfall,0.673,0.66784,0.6644,0.6558,0.6472,0.6386,0.63,0.6214,0.6128
DRS,POP,Mahtomedi,7.738,7.73332,7.7302,7.7224,7.7146,7.7068,7.699,7.6912,7.6834
DRS,POP,Marine on St. Croix,0.715,0.742,0.76,0.805,0.85,0.895,0.94,0.985,1.03
DRS,POP,May Twp.,2.8885,3.01576,3.1006,3.3127,3.5248,3.7369,3.949,4.1611,4.3732
DRS,POP,Newport,3.517,3.62896,3.7036,3.8902,4.0768,4.2634,4.45,4.6366,4.8232
DRS,POP,Oakdale,27.9395,28.21088,28.3918,28.8441,29.2964,29.7487,30.201,30.6533,31.1056
DRS,POP,Oak Park Heights,4.652,4.778,4.862,5.072,5.282,5.492,5.702,5.912,6.122
DRS,POP,Pine Springs,0.409,0.40552,0.4032,0.3974,0.3916,0.3858,0.38,0.3742,0.3684
DRS,POP,St. Marys Point,0.374,0.37472,0.3752,0.3764,0.3776,0.3788,0.38,0.3812,0.3824
DRS,POP,St. Paul Park,5.6395,5.91076,6.0916,6.5437,6.9958,7.4479,7.9,8.3521,8.8042
DRS,POP,Scandia,4.0975,4.19956,4.2676,4.4377,4.6078,4.7779,4.948,5.1181,5.2882
DRS,POP,Stillwater,19.412,19.81856,20.0896,20.7672,21.4448,22.1224,22.8,23.4776,24.1552
DRS,POP,Stillwater Twp.,2.398,2.43184,2.4544,2.5108,2.5672,2.6236,2.68,2.7364,2.7928
DRS,POP,West Lakeland Twp.,4.123,4.10572,4.0942,4.0654,4.0366,4.0078,3.979,3.9502,3.9214
DRS,POP,White Bear Lake,24.0485,24.25904,24.3994,24.7503,25.1012,25.4521,25.803,26.1539,26.5048
DRS,POP,Willernie,0.514,0.51352,0.5132,0.5124,0.5116,0.5108,0.51,0.5092,0.5084
DRS,POP,Woodbury,67.2315,69.70032,71.3462,75.4609,79.5756,83.6903,87.805,91.9197,96.0344
DRS,DRSShare,All,0,0,0,0.013105041,0.080050948,0.331763632,0.734760404,0.939009002,1
AV,AVShare,All,0,0,0,0.013105041,0.080050948,0.331763632,0.734760404,0.939009002,1
PLDV,PARK,Andover,1,1,1,1,1,1,1,1,1
PLDV,PARK,Anoka,1,1,1,1,1,1,1,1,1
PLDV,PARK,Bethel,1,1,1,1,1,1,1,1,1
PLDV,PARK,Blaine,1,1,1,1,1,1,1,1,1
PLDV,PARK,Centerville,1,1,1,1,1,1,1,1,1
PLDV,PARK,Circle Pines,1,1,1,1,1,1,1,1,1
PLDV,PARK,Columbia Heights,1,1,1,1,1,1,1,1,1
PLDV,PARK,Columbus,1,1,1,1,1,1,1,1,1
PLDV,PARK,Coon Rapids,1.0695091,1.0695091,1.0695091,1.0695091,1.0695091,1.0695091,1.0695091,1.0695091,1.0695091
PLDV,PARK,East Bethel,1,1,1,1,1,1,1,1,1
PLDV,PARK,Fridley,1,1,1,1,1,1,1,1,1
PLDV,PARK,Ham Lake,1,1,1,1,1,1,1,1,1
PLDV,PARK,Hilltop,1,1,1,1,1,1,1,1,1
PLDV,PARK,Lexington,1,1,1,1,1,1,1,1,1
PLDV,PARK,Lino Lakes,1,1,1,1,1,1,1,1,1
PLDV,PARK,Linwood Twp.,1,1,1,1,1,1,1,1,1
PLDV,PARK,Nowthen,1,1,1,1,1,1,1,1,1
PLDV,PARK,Oak Grove,1,1,1,1,1,1,1,1,1
PLDV,PARK,Ramsey,1,1,1,1,1,1,1,1,1
PLDV,PARK,St. Francis,1,1,1,1,1,1,1,1,1
PLDV,PARK,Spring Lake Park,1,1,1,1,1,1,1,1,1
PLDV,PARK,Benton Twp.,1,1,1,1,1,1,1,1,1
PLDV,PARK,Camden Twp.,1,1,1,1,1,1,1,1,1
PLDV,PARK,Carver,1,1,1,1,1,1,1,1,1
PLDV,PARK,Chanhassen,1,1,1,1,1,1,1,1,1
PLDV,PARK,Chaska,1,1,1,1,1,1,1,1,1
PLDV,PARK,Cologne,1,1,1,1,1,1,1,1,1
PLDV,PARK,Dahlgren Twp.,1,1,1,1,1,1,1,1,1
PLDV,PARK,Hamburg,1,1,1,1,1,1,1,1,1
PLDV,PARK,Hancock Twp.,1,1,1,1,1,1,1,1,1
PLDV,PARK,Hollywood Twp.,1,1,1,1,1,1,1,1,1
PLDV,PARK,Laketown Twp.,1,1,1,1,1,1,1,1,1
PLDV,PARK,Mayer,1,1,1,1,1,1,1,1,1
PLDV,PARK,New Germany,1,1,1,1,1,1,1,1,1
PLDV,PARK,Norwood Young America,1,1,1,1,1,1,1,1,1
PLDV,PARK,San Francisco Twp.,1,1,1,1,1,1,1,1,1
PLDV,PARK,Victoria,1,1,1,1,1,1,1,1,1
PLDV,PARK,Waconia,1,1,1,1,1,1,1,1,1
PLDV,PARK,Waconia Twp.,1,1,1,1,1,1,1,1,1
PLDV,PARK,Watertown,1,1,1,1,1,1,1,1,1
PLDV,PARK,Watertown Twp.,1,1,1,1,1,1,1,1,1
PLDV,PARK,Young America Twp.,1,1,1,1,1,1,1,1,1
PLDV,PARK,Apple Valley,1,1,1,1,1,1,1,1,1
PLDV,PARK,Burnsville,1,1,1,1,1,1,1,1,1
PLDV,PARK,Castle Rock Twp.,1,1,1,1,1,1,1,1,1
PLDV,PARK,Coates,1,1,1,1,1,1,1,1,1
PLDV,PARK,Douglas Twp.,1,1,1,1,1,1,1,1,1
PLDV,PARK,Eagan,1,1,1,1,1,1,1,1,1
PLDV,PARK,Empire Twp.,1,1,1,1,1,1,1,1,1
PLDV,PARK,Eureka Twp.,1,1,1,1,1,1,1,1,1
PLDV,PARK,Farmington,1,1,1,1,1,1,1,1,1
PLDV,PARK,Greenvale Twp.,1,1,1,1,1,1,1,1,1
PLDV,PARK,Hampton,1,1,1,1,1,1,1,1,1
PLDV,PARK,Hampton Twp.,1,1,1,1,1,1,1,1,1
PLDV,PARK,Hastings,1,1,1,1,1,1,1,1,1
PLDV,PARK,Inver Grove Heights,1,1,1,1,1,1,1,1,1
PLDV,PARK,Lakeville,1,1,1,1,1,1,1,1,1
PLDV,PARK,Lilydale,1,1,1,1,1,1,1,1,1
PLDV,PARK,Marshan Twp.,1,1,1,1,1,1,1,1,1
PLDV,PARK,Mendota,1,1,1,1,1,1,1,1,1
PLDV,PARK,Mendota Heights,1,1,1,1,1,1,1,1,1
PLDV,PARK,Miesville,1,1,1,1,1,1,1,1,1
PLDV,PARK,New Trier,1,1,1,1,1,1,1,1,1
PLDV,PARK,Nininger Twp.,1,1,1,1,1,1,1,1,1
PLDV,PARK,Northfield,1,1,1,1,1,1,1,1,1
PLDV,PARK,Randolph,1,1,1,1,1,1,1,1,1
PLDV,PARK,Randolph Twp.,1,1,1,1,1,1,1,1,1
PLDV,PARK,Ravenna Twp.,1,1,1,1,1,1,1,1,1
PLDV,PARK,Rosemount,1,1,1,1,1,1,1,1,1
PLDV,PARK,Sciota Twp.,1,1,1,1,1,1,1,1,1
PLDV,PARK,South St. Paul,1,1,1,1,1,1,1,1,1
PLDV,PARK,Sunfish Lake,1,1,1,1,1,1,1,1,1
PLDV,PARK,Vermillion,1,1,1,1,1,1,1,1,1
PLDV,PARK,Vermillion Twp.,1,1,1,1,1,1,1,1,1
PLDV,PARK,Waterford Twp.,1,1,1,1,1,1,1,1,1
PLDV,PARK,West St. Paul,23.904899,23.904899,23.904899,23.904899,23.904899,23.904899,23.904899,23.904899,23.904899
PLDV,PARK,Bloomington,1.7438529,1.7438529,1.7438529,1.7438529,1.7438529,1.7438529,1.7438529,1.7438529,1.7438529
PLDV,PARK,Brooklyn Center,1,1,1,1,1,1,1,1,1
PLDV,PARK,Brooklyn Park,1,1,1,1,1,1,1,1,1
PLDV,PARK,Champlin,1,1,1,1,1,1,1,1,1
PLDV,PARK,Chanhassen,1,1,1,1,1,1,1,1,1
PLDV,PARK,Corcoran,1,1,1,1,1,1,1,1,1
PLDV,PARK,Crystal,1,1,1,1,1,1,1,1,1
PLDV,PARK,Dayton,1,1,1,1,1,1,1,1,1
PLDV,PARK,Deephaven,1,1,1,1,1,1,1,1,1
PLDV,PARK,Eden Prairie,1,1,1,1,1,1,1,1,1
PLDV,PARK,Edina,6.8104059,6.8104059,6.8104059,6.8104059,6.8104059,6.8104059,6.8104059,6.8104059,6.8104059
PLDV,PARK,Excelsior,3.4277197,3.4277197,3.4277197,3.4277197,3.4277197,3.4277197,3.4277197,3.4277197,3.4277197
PLDV,PARK,Fort Snelling UT,1,1,1,1,1,1,1,1,1
PLDV,PARK,Golden Valley,1,1,1,1,1,1,1,1,1
PLDV,PARK,Greenfield,1,1,1,1,1,1,1,1,1
PLDV,PARK,Greenwood,1,1,1,1,1,1,1,1,1
PLDV,PARK,Hanover,1,1,1,1,1,1,1,1,1
PLDV,PARK,Hopkins,1,1,1,1,1,1,1,1,1
PLDV,PARK,Independence,1,1,1,1,1,1,1,1,1
PLDV,PARK,Long Lake,1,1,1,1,1,1,1,1,1
PLDV,PARK,Loretto,1,1,1,1,1,1,1,1,1
PLDV,PARK,Maple Grove,1,1,1,1,1,1,1,1,1
PLDV,PARK,Maple Plain,1,1,1,1,1,1,1,1,1
PLDV,PARK,Medicine Lake,1,1,1,1,1,1,1,1,1
PLDV,PARK,Medina,1,1,1,1,1,1,1,1,1
PLDV,PARK,Minneapolis,91.1177196,91.1177196,91.1177196,91.1177196,91.1177196,91.1177196,91.1177196,91.1177196,91.1177196
PLDV,PARK,Minnetonka,1,1,1,1,1,1,1,1,1
PLDV,PARK,Minnetonka Beach,1,1,1,1,1,1,1,1,1
PLDV,PARK,Minnetrista,1,1,1,1,1,1,1,1,1
PLDV,PARK,Mound,1,1,1,1,1,1,1,1,1
PLDV,PARK,New Hope,1,1,1,1,1,1,1,1,1
PLDV,PARK,Orono,1,1,1,1,1,1,1,1,1
PLDV,PARK,Osseo,1,1,1,1,1,1,1,1,1
PLDV,PARK,Plymouth,1,1,1,1,1,1,1,1,1
PLDV,PARK,Richfield,1,1,1,1,1,1,1,1,1
PLDV,PARK,Robbinsdale,1.9600887,1.9600887,1.9600887,1.9600887,1.9600887,1.9600887,1.9600887,1.9600887,1.9600887
PLDV,PARK,Rockford,1,1,1,1,1,1,1,1,1
PLDV,PARK,Rogers,1,1,1,1,1,1,1,1,1
PLDV,PARK,St. Anthony,1,1,1,1,1,1,1,1,1
PLDV,PARK,St. Bonifacius,1,1,1,1,1,1,1,1,1
PLDV,PARK,St. Louis Park,38.9268037,38.9268037,38.9268037,38.9268037,38.9268037,38.9268037,38.9268037,38.9268037,38.9268037
PLDV,PARK,Shorewood,1,1,1,1,1,1,1,1,1
PLDV,PARK,Spring Park,1,1,1,1,1,1,1,1,1
PLDV,PARK,Tonka Bay,1,1,1,1,1,1,1,1,1
PLDV,PARK,Wayzata,1,1,1,1,1,1,1,1,1
PLDV,PARK,Woodland,1,1,1,1,1,1,1,1,1
PLDV,PARK,Arden Hills,1,1,1,1,1,1,1,1,1
PLDV,PARK,Blaine,1,1,1,1,1,1,1,1,1
PLDV,PARK,Falcon Heights,55.4156307,55.4156307,55.4156307,55.4156307,55.4156307,55.4156307,55.4156307,55.4156307,55.4156307
PLDV,PARK,Gem Lake,1,1,1,1,1,1,1,1,1
PLDV,PARK,Lauderdale,1,1,1,1,1,1,1,1,1
PLDV,PARK,Little Canada,1,1,1,1,1,1,1,1,1
PLDV,PARK,Maplewood,1,1,1,1,1,1,1,1,1
PLDV,PARK,Mounds View,1,1,1,1,1,1,1,1,1
PLDV,PARK,New Brighton,1,1,1,1,1,1,1,1,1
PLDV,PARK,North Oaks,1,1,1,1,1,1,1,1,1
PLDV,PARK,North St. Paul,1,1,1,1,1,1,1,1,1
PLDV,PARK,Roseville,1,1,1,1,1,1,1,1,1
PLDV,PARK,St. Anthony,1,1,1,1,1,1,1,1,1
PLDV,PARK,St. Paul,22.2014852,22.2014852,22.2014852,22.2014852,22.2014852,22.2014852,22.2014852,22.2014852,22.2014852
PLDV,PARK,Shoreview,1,1,1,1,1,1,1,1,1
PLDV,PARK,Spring Lake Park,1,1,1,1,1,1,1,1,1
PLDV,PARK,Vadnais Heights,1,1,1,1,1,1,1,1,1
PLDV,PARK,White Bear Twp.,1,1,1,1,1,1,1,1,1
PLDV,PARK,White Bear Lake,1,1,1,1,1,1,1,1,1
PLDV,PARK,Belle Plaine,1,1,1,1,1,1,1,1,1
PLDV,PARK,Belle Plaine Twp.,1,1,1,1,1,1,1,1,1
PLDV,PARK,Blakeley Twp.,1,1,1,1,1,1,1,1,1
PLDV,PARK,Cedar Lake Twp.,1,1,1,1,1,1,1,1,1
PLDV,PARK,Credit River Twp.,1,1,1,1,1,1,1,1,1
PLDV,PARK,Elko New Market,1,1,1,1,1,1,1,1,1
PLDV,PARK,Helena Twp.,1,1,1,1,1,1,1,1,1
PLDV,PARK,Jackson Twp.,1,1,1,1,1,1,1,1,1
PLDV,PARK,Jordan,1,1,1,1,1,1,1,1,1
PLDV,PARK,Louisville Twp.,1,1,1,1,1,1,1,1,1
PLDV,PARK,New Market Twp.,1,1,1,1,1,1,1,1,1
PLDV,PARK,New Prague,1,1,1,1,1,1,1,1,1
PLDV,PARK,Prior Lake,1.1037439,1.1037439,1.1037439,1.1037439,1.1037439,1.1037439,1.1037439,1.1037439,1.1037439
PLDV,PARK,St. Lawrence Twp.,1,1,1,1,1,1,1,1,1
PLDV,PARK,Sand Creek Twp.,1,1,1,1,1,1,1,1,1
PLDV,PARK,Savage,1,1,1,1,1,1,1,1,1
PLDV,PARK,Shakopee,1,1,1,1,1,1,1,1,1
PLDV,PARK,Spring Lake Twp.,1,1,1,1,1,1,1,1,1
PLDV,PARK,Afton,1,1,1,1,1,1,1,1,1
PLDV,PARK,Bayport,1,1,1,1,1,1,1,1,1
PLDV,PARK,Baytown Twp.,1,1,1,1,1,1,1,1,1
PLDV,PARK,Birchwood Village,1,1,1,1,1,1,1,1,1
PLDV,PARK,Cottage Grove,1,1,1,1,1,1,1,1,1
PLDV,PARK,Dellwood,1,1,1,1,1,1,1,1,1
PLDV,PARK,Denmark Twp.,1,1,1,1,1,1,1,1,1
PLDV,PARK,Forest Lake,1,1,1,1,1,1,1,1,1
PLDV,PARK,Grant,1,1,1,1,1,1,1,1,1
PLDV,PARK,Grey Cloud Island Twp.,1,1,1,1,1,1,1,1,1
PLDV,PARK,Hastings,1,1,1,1,1,1,1,1,1
PLDV,PARK,Hugo,1,1,1,1,1,1,1,1,1
PLDV,PARK,Lake Elmo,1,1,1,1,1,1,1,1,1
PLDV,PARK,Lakeland,1,1,1,1,1,1,1,1,1
PLDV,PARK,Lakeland Shores,1,1,1,1,1,1,1,1,1
PLDV,PARK,Lake St. Croix Beach,1,1,1,1,1,1,1,1,1
PLDV,PARK,Landfall,1,1,1,1,1,1,1,1,1
PLDV,PARK,Mahtomedi,1,1,1,1,1,1,1,1,1
PLDV,PARK,Marine on St. Croix,1,1,1,1,1,1,1,1,1
PLDV,PARK,May Twp.,1,1,1,1,1,1,1,1,1
PLDV,PARK,Newport,1,1,1,1,1,1,1,1,1
PLDV,PARK,Oakdale,1,1,1,1,1,1,1,1,1
PLDV,PARK,Oak Park Heights,1,1,1,1,1,1,1,1,1
PLDV,PARK,Pine Springs,1,1,1,1,1,1,1,1,1
PLDV,PARK,St. Marys Point,1,1,1,1,1,1,1,1,1
PLDV,PARK,St. Paul Park,1,1,1,1,1,1,1,1,1
PLDV,PARK,Scandia,1,1,1,1,1,1,1,1,1
PLDV,PARK,Stillwater,2.5477963,2.5477963,2.5477963,2.5477963,2.5477963,2.5477963,2.5477963,2.5477963,2.5477963
PLDV,PARK,Stillwater Twp.,1,1,1,1,1,1,1,1,1
PLDV,PARK,West Lakeland Twp.,1,1,1,1,1,1,1,1,1
PLDV,PARK,White Bear Lake,1,1,1,1,1,1,1,1,1
PLDV,PARK,Willernie,1,1,1,1,1,1,1,1,1
PLDV,PARK,Woodbury,1,1,1,1,1,1,1,1,1
