Scenario,model.vintage_acs,model.geometry_building_type_acs,model.geometry_floor_area,model.heating_fuel,Gas_mmBtu,Elec_mmBtu,Gas_Heat_mmBtu,Elec_Heat_mmBtu,Elec_Cool_mmBtu,Elec_Other_mmBtu,Gas_Heat_Savings_mmBtu,Elec_Heat_Savings_mmBtu,Elec_Cool_Savings_mmBtu,n,Gas_Savings_mmBtu,Elec_Savings_mmBtu,Elec_Other_Savings_mmBtu,Gas_Savings_pct,Elec_Savings_pct,Gas_Heat_Savings_pct,Elec_Heat_Savings_pct,Elec_Cool_Savings_pct,Elec_Other_Savings_pct
Baseline,1940-59,2 Unit,1000-1499,Natural Gas,145.7899097,24.47462298,129.5793264,2.909331311,7.234208333,14.33108333,129.5793264,2.909331311,7.234208333,24,NA,NA,NA,NA,NA,NA,NA,NA,NA
Baseline,1940-59,2 Unit,500-749,Natural Gas,86.89713158,16.70335758,74.83913158,1.606266674,4.684863636,10.41222727,74.83913158,1.606266674,4.684863636,22,NA,NA,NA,NA,NA,NA,NA,NA,NA
Baseline,1940-59,2 Unit,750-999,Natural Gas,108.8398591,21.09237072,93.20033586,2.099603281,5.842965116,13.14980233,93.20033586,2.099603281,5.842965116,86,NA,NA,NA,NA,NA,NA,NA,NA,NA
Baseline,1940-59,3 or 4 Unit,0-499,Natural Gas,40.54602028,12.01053597,25.09877028,0.525535975,1.81875,9.66625,25.09877028,0.525535975,1.81875,4,NA,NA,NA,NA,NA,NA,NA,NA,NA
Baseline,1940-59,3 or 4 Unit,2000-2499,Natural Gas,85.48564828,28.40162034,80.94064828,1.790620342,3.754,22.857,80.94064828,1.790620342,3.754,1,NA,NA,NA,NA,NA,NA,NA,NA,NA
Baseline,1940-59,3 or 4 Unit,500-749,Natural Gas,62.90199305,18.51429142,50.52149305,1.043603919,4.2494375,13.22125,50.52149305,1.043603919,4.2494375,16,NA,NA,NA,NA,NA,NA,NA,NA,NA
Baseline,1940-59,3 or 4 Unit,750-999,Natural Gas,78.77785037,15.45235034,65.10885037,1.553350344,4.4495,9.4495,65.10885037,1.553350344,4.4495,2,NA,NA,NA,NA,NA,NA,NA,NA,NA
Baseline,1940-59,Single-Family Detached,1000-1499,Electricity,12.73066667,98.25960464,0,73.10860464,3.728666667,21.42233333,0,73.10860464,3.728666667,6,NA,NA,NA,NA,NA,NA,NA,NA,NA
Baseline,1940-59,Single-Family Detached,1000-1499,Natural Gas,89.97914736,24.82798226,70.35076576,1.632028927,4.421743308,18.77421002,70.35076576,1.632028927,4.421743308,1457,NA,NA,NA,NA,NA,NA,NA,NA,NA
Baseline,1940-59,Single-Family Detached,1500-1999,Electricity,2.656,114.7704825,0,89.88948254,0,24.881,0,89.88948254,0,1,NA,NA,NA,NA,NA,NA,NA,NA,NA
Baseline,1940-59,Single-Family Detached,1500-1999,Natural Gas,115.4030601,27.77970168,94.52380463,2.151995641,5.051912088,20.57579396,94.52380463,2.151995641,5.051912088,364,NA,NA,NA,NA,NA,NA,NA,NA,NA
Baseline,1940-59,Single-Family Detached,2000-2499,Natural Gas,141.9423626,30.18560473,121.2633434,2.803104732,5.643038462,21.73946154,121.2633434,2.803104732,5.643038462,104,NA,NA,NA,NA,NA,NA,NA,NA,NA
Baseline,1940-59,Single-Family Detached,2500-2999,Natural Gas,165.3090651,32.75337144,142.3612873,3.32173255,6.790111111,22.64152778,142.3612873,3.32173255,6.790111111,36,NA,NA,NA,NA,NA,NA,NA,NA,NA
Baseline,1940-59,Single-Family Detached,3000-3999,Natural Gas,185.2381951,36.69433702,159.5039451,3.765637025,6.5967,26.332,159.5039451,3.765637025,6.5967,20,NA,NA,NA,NA,NA,NA,NA,NA,NA
Baseline,1940-59,Single-Family Detached,4000+,Natural Gas,252.2533058,48.70099491,227.7873058,6.141494911,9.17625,33.38325,227.7873058,6.141494911,9.17625,4,NA,NA,NA,NA,NA,NA,NA,NA,NA
Baseline,1940-59,Single-Family Detached,500-749,Electricity,18.283,74.83136678,0,44.86536678,4.561,25.405,0,44.86536678,4.561,1,NA,NA,NA,NA,NA,NA,NA,NA,NA
Baseline,1940-59,Single-Family Detached,500-749,Natural Gas,60.5041883,18.3160284,42.2331883,1.00423673,3.478875,13.83291667,42.2331883,1.00423673,3.478875,48,NA,NA,NA,NA,NA,NA,NA,NA,NA
Baseline,1940-59,Single-Family Detached,750-999,Electricity,15.5816,84.73470361,0,66.05750361,4.209,14.4682,0,66.05750361,4.209,5,NA,NA,NA,NA,NA,NA,NA,NA,NA
Baseline,1940-59,Single-Family Detached,750-999,Natural Gas,71.3785128,22.00014526,53.39446682,1.25880043,3.953868966,16.78747586,53.39446682,1.25880043,3.953868966,435,NA,NA,NA,NA,NA,NA,NA,NA,NA
Baseline,1960-79,2 Unit,1000-1499,Natural Gas,140.7264844,24.42836937,118.6400344,2.588419371,6.7313,15.10865,118.6400344,2.588419371,6.7313,20,NA,NA,NA,NA,NA,NA,NA,NA,NA
Baseline,1960-79,2 Unit,1500-1999,Natural Gas,100.1654091,21.75214135,79.72840912,1.869141348,4.286666667,15.59633333,79.72840912,1.869141348,4.286666667,3,NA,NA,NA,NA,NA,NA,NA,NA,NA
Baseline,1960-79,2 Unit,500-749,Natural Gas,76.60312519,15.83350095,62.40832519,1.458100949,4.7296,9.6458,62.40832519,1.458100949,4.7296,5,NA,NA,NA,NA,NA,NA,NA,NA,NA
Baseline,1960-79,2 Unit,750-999,Electricity,17.708,99.94209683,0,85.44109683,0,14.501,0,85.44109683,0,1,NA,NA,NA,NA,NA,NA,NA,NA,NA
Baseline,1960-79,2 Unit,750-999,Natural Gas,105.9389486,20.55153599,92.03780969,2.068952653,5.322166667,13.16041667,92.03780969,2.068952653,5.322166667,36,NA,NA,NA,NA,NA,NA,NA,NA,NA
Baseline,1960-79,3 or 4 Unit,1000-1499,Natural Gas,140.8205971,32.34148255,140.8205971,3.591482554,6.808,21.942,140.8205971,3.591482554,6.808,1,NA,NA,NA,NA,NA,NA,NA,NA,NA
Baseline,1960-79,3 or 4 Unit,500-749,Natural Gas,51.31240306,15.31065339,40.55200306,0.861853394,3.6178,10.831,40.55200306,0.861853394,3.6178,5,NA,NA,NA,NA,NA,NA,NA,NA,NA
Baseline,1960-79,3 or 4 Unit,750-999,Natural Gas,84.77392356,24.04670524,69.84159023,1.403705238,6.459666667,16.18333333,69.84159023,1.403705238,6.459666667,3,NA,NA,NA,NA,NA,NA,NA,NA,NA
Baseline,1960-79,Single-Family Detached,1000-1499,Electricity,21.50833333,100.2929872,0,74.46532055,3.777222222,22.05044444,0,74.46532055,3.777222222,9,NA,NA,NA,NA,NA,NA,NA,NA,NA
Baseline,1960-79,Single-Family Detached,1000-1499,Natural Gas,102.6101817,25.92787336,82.87626559,1.891903112,4.827811542,19.2081587,82.87626559,1.891903112,4.827811542,1109,NA,NA,NA,NA,NA,NA,NA,NA,NA
Baseline,1960-79,Single-Family Detached,1500-1999,Electricity,15.119,86.66957452,0,64.83957452,3.388,18.442,0,64.83957452,3.388,1,NA,NA,NA,NA,NA,NA,NA,NA,NA
Baseline,1960-79,Single-Family Detached,1500-1999,Natural Gas,134.2556731,29.17225195,113.8048501,2.60876317,5.602588529,20.96090025,113.8048501,2.60876317,5.602588529,401,NA,NA,NA,NA,NA,NA,NA,NA,NA
Baseline,1960-79,Single-Family Detached,2000-2499,Electricity,22.952,111.5265489,0,79.22854895,4.409,27.889,0,79.22854895,4.409,1,NA,NA,NA,NA,NA,NA,NA,NA,NA
Baseline,1960-79,Single-Family Detached,2000-2499,Natural Gas,155.6069094,31.20360144,135.0643342,3.083373457,6.153388601,21.96683938,135.0643342,3.083373457,6.153388601,193,NA,NA,NA,NA,NA,NA,NA,NA,NA
Baseline,1960-79,Single-Family Detached,2500-2999,Electricity,17.039,138.2970066,0,114.6620066,4.036,19.599,0,114.6620066,4.036,1,NA,NA,NA,NA,NA,NA,NA,NA,NA
Baseline,1960-79,Single-Family Detached,2500-2999,Natural Gas,170.8229266,34.18169359,148.6542766,3.578893588,6.4339,24.1689,148.6542766,3.578893588,6.4339,60,NA,NA,NA,NA,NA,NA,NA,NA,NA
Baseline,1960-79,Single-Family Detached,3000-3999,Natural Gas,197.9421363,36.69450614,177.6020673,3.519230278,6.906758621,26.26851724,177.6020673,3.519230278,6.906758621,29,NA,NA,NA,NA,NA,NA,NA,NA,NA
Baseline,1960-79,Single-Family Detached,4000+,Natural Gas,265.4561107,44.19597136,242.354944,5.635304691,7.842833333,30.71783333,242.354944,5.635304691,7.842833333,6,NA,NA,NA,NA,NA,NA,NA,NA,NA
Baseline,1960-79,Single-Family Detached,750-999,Electricity,7.7925,81.75294561,0,48.21744561,1.8525,31.683,0,48.21744561,1.8525,2,NA,NA,NA,NA,NA,NA,NA,NA,NA
Baseline,1960-79,Single-Family Detached,750-999,Natural Gas,85.95071909,23.08775161,66.63105502,1.453618797,4.4071875,17.22694531,66.63105502,1.453618797,4.4071875,128,NA,NA,NA,NA,NA,NA,NA,NA,NA
Baseline,1980-99,2 Unit,1000-1499,Natural Gas,102.7361636,21.41281886,87.39441355,2.065443864,5.549,13.798375,87.39441355,2.065443864,5.549,8,NA,NA,NA,NA,NA,NA,NA,NA,NA
Baseline,1980-99,2 Unit,1500-1999,Electricity,10.075,65.38575593,0,57.65575593,0,7.73,0,57.65575593,0,1,NA,NA,NA,NA,NA,NA,NA,NA,NA
Baseline,1980-99,2 Unit,500-749,Electricity,9.297,86.34297442,0,71.92097442,3.522,10.9,0,71.92097442,3.522,1,NA,NA,NA,NA,NA,NA,NA,NA,NA
Baseline,1980-99,2 Unit,500-749,Natural Gas,75.52659571,18.67584187,63.81551879,1.487303411,4.533230769,12.65530769,63.81551879,1.487303411,4.533230769,13,NA,NA,NA,NA,NA,NA,NA,NA,NA
Baseline,1980-99,2 Unit,750-999,Natural Gas,109.8114708,21.24639572,93.32947076,2.185145724,4.4895,14.57175,93.32947076,2.185145724,4.4895,4,NA,NA,NA,NA,NA,NA,NA,NA,NA
Baseline,1980-99,3 or 4 Unit,1000-1499,Natural Gas,102.0478491,22.6083903,89.44344909,1.991190304,5.452,15.1652,89.44344909,1.991190304,5.452,5,NA,NA,NA,NA,NA,NA,NA,NA,NA
Baseline,1980-99,3 or 4 Unit,2000-2499,Natural Gas,87.54265084,25.77753632,66.79065084,1.476536316,3.677,20.624,66.79065084,1.476536316,3.677,1,NA,NA,NA,NA,NA,NA,NA,NA,NA
Baseline,1980-99,3 or 4 Unit,500-749,Electricity,22.099,82.76288238,0,56.15788238,6.524,20.081,0,56.15788238,6.524,1,NA,NA,NA,NA,NA,NA,NA,NA,NA
Baseline,1980-99,Single-Family Detached,1000-1499,Electricity,22.129,85.44208438,0,58.21308438,0,27.229,0,58.21308438,0,1,NA,NA,NA,NA,NA,NA,NA,NA,NA
Baseline,1980-99,Single-Family Detached,1000-1499,Natural Gas,95.6168788,26.04943797,73.99353846,1.783935872,4.624481092,19.64102101,73.99353846,1.783935872,4.624481092,476,NA,NA,NA,NA,NA,NA,NA,NA,NA
Baseline,1980-99,Single-Family Detached,1500-1999,Natural Gas,113.1133835,28.55461787,91.1726823,2.160583384,5.376547893,21.01748659,91.1726823,2.160583384,5.376547893,261,NA,NA,NA,NA,NA,NA,NA,NA,NA
Baseline,1980-99,Single-Family Detached,2000-2499,Electricity,16.376,151.2878096,0,120.203143,5.080666667,26.004,0,120.203143,5.080666667,3,NA,NA,NA,NA,NA,NA,NA,NA,NA
Baseline,1980-99,Single-Family Detached,2000-2499,Natural Gas,131.2794401,31.43063577,108.7124677,2.609036322,5.780328729,23.04127072,108.7124677,2.609036322,5.780328729,362,NA,NA,NA,NA,NA,NA,NA,NA,NA
Baseline,1980-99,Single-Family Detached,2500-2999,Electricity,28.898,132.0720305,0,93.76603049,7.499,30.807,0,93.76603049,7.499,1,NA,NA,NA,NA,NA,NA,NA,NA,NA
Baseline,1980-99,Single-Family Detached,2500-2999,Natural Gas,150.3387379,35.4011865,125.7278941,3.065519834,6.196786458,26.13888021,125.7278941,3.065519834,6.196786458,192,NA,NA,NA,NA,NA,NA,NA,NA,NA
Baseline,1980-99,Single-Family Detached,3000-3999,Natural Gas,175.0136543,36.34077065,152.9353297,3.621077666,6.887412281,25.8322807,152.9353297,3.621077666,6.887412281,114,NA,NA,NA,NA,NA,NA,NA,NA,NA
Baseline,1980-99,Single-Family Detached,4000+,Natural Gas,245.602993,49.20152301,219.8763144,5.231523015,8.615821429,35.35417857,219.8763144,5.231523015,8.615821429,28,NA,NA,NA,NA,NA,NA,NA,NA,NA
Baseline,1980-99,Single-Family Detached,750-999,Electricity,0,54.0908164,0,36.0838164,0.2,17.807,0,36.0838164,0.2,1,NA,NA,NA,NA,NA,NA,NA,NA,NA
Baseline,1980-99,Single-Family Detached,750-999,Natural Gas,74.51870714,24.61259644,54.44171521,1.280564183,4.458733871,18.87329839,54.44171521,1.280564183,4.458733871,124,NA,NA,NA,NA,NA,NA,NA,NA,NA
Baseline,2000-09,2 Unit,1500-1999,Electricity,10.042,80.31782233,0,61.37782233,2.783,16.157,0,61.37782233,2.783,1,NA,NA,NA,NA,NA,NA,NA,NA,NA
Baseline,2000-09,2 Unit,500-749,Natural Gas,54.61183869,16.75980107,43.56043869,0.945267739,3.4892,12.32533333,43.56043869,0.945267739,3.4892,15,NA,NA,NA,NA,NA,NA,NA,NA,NA
Baseline,2000-09,2 Unit,750-999,Natural Gas,103.676387,21.45375991,82.50338701,1.82475991,5.525,14.104,82.50338701,1.82475991,5.525,1,NA,NA,NA,NA,NA,NA,NA,NA,NA
Baseline,2000-09,3 or 4 Unit,500-749,Natural Gas,40.09823042,15.5346085,19.36823042,0.375108503,3.1485,12.011,19.36823042,0.375108503,3.1485,2,NA,NA,NA,NA,NA,NA,NA,NA,NA
Baseline,2000-09,3 or 4 Unit,750-999,Natural Gas,28.30348938,23.68314467,22.61148938,0.500144671,2.422,20.761,22.61148938,0.500144671,2.422,1,NA,NA,NA,NA,NA,NA,NA,NA,NA
Baseline,2000-09,Single-Family Detached,1000-1499,Natural Gas,82.2228141,25.06921911,59.3724641,1.36041911,4.3554,19.3534,59.3724641,1.36041911,4.3554,20,NA,NA,NA,NA,NA,NA,NA,NA,NA
Baseline,2000-09,Single-Family Detached,1500-1999,Electricity,13.862,152.2135294,0,130.9585294,5.114,16.141,0,130.9585294,5.114,1,NA,NA,NA,NA,NA,NA,NA,NA,NA
Baseline,2000-09,Single-Family Detached,1500-1999,Natural Gas,91.26164692,26.48310581,71.50254302,1.634742178,4.376246753,20.47211688,71.50254302,1.634742178,4.376246753,77,NA,NA,NA,NA,NA,NA,NA,NA,NA
Baseline,2000-09,Single-Family Detached,2000-2499,Electricity,23.577,130.2959134,0,102.4699134,3.96,23.866,0,102.4699134,3.96,1,NA,NA,NA,NA,NA,NA,NA,NA,NA
Baseline,2000-09,Single-Family Detached,2000-2499,Natural Gas,113.3610129,29.59910066,91.04229129,2.06786355,5.022659794,22.50857732,91.04229129,2.06786355,5.022659794,97,NA,NA,NA,NA,NA,NA,NA,NA,NA
Baseline,2000-09,Single-Family Detached,2500-2999,Natural Gas,129.0135448,32.7326164,106.0941066,2.385099544,5.569067416,24.77844944,106.0941066,2.385099544,5.569067416,89,NA,NA,NA,NA,NA,NA,NA,NA,NA
Baseline,2000-09,Single-Family Detached,3000-3999,Natural Gas,149.1528777,36.08373703,127.4037468,2.948821139,5.804476636,27.33043925,127.4037468,2.948821139,5.804476636,107,NA,NA,NA,NA,NA,NA,NA,NA,NA
Baseline,2000-09,Single-Family Detached,4000+,Natural Gas,200.8451326,44.05676499,178.7250956,4.134839067,7.070740741,32.85118519,178.7250956,4.134839067,7.070740741,27,NA,NA,NA,NA,NA,NA,NA,NA,NA
Baseline,2000-09,Single-Family Detached,750-999,Natural Gas,57.52464206,18.61842873,38.56064206,0.850928732,3.6785,14.089,38.56064206,0.850928732,3.6785,2,NA,NA,NA,NA,NA,NA,NA,NA,NA
Baseline,2010s,2 Unit,1500-1999,Natural Gas,150.0932306,28.19317642,126.2562306,2.061176418,8.648,17.484,126.2562306,2.061176418,8.648,2,NA,NA,NA,NA,NA,NA,NA,NA,NA
Baseline,2010s,2 Unit,500-749,Natural Gas,65.81930593,17.60504103,49.60637736,1.022541025,3.9295,12.653,49.60637736,1.022541025,3.9295,14,NA,NA,NA,NA,NA,NA,NA,NA,NA
Baseline,2010s,3 or 4 Unit,2000-2499,Natural Gas,168.3398388,27.25594731,159.8858388,3.215947306,8.47,15.57,159.8858388,3.215947306,8.47,1,NA,NA,NA,NA,NA,NA,NA,NA,NA
Baseline,2010s,3 or 4 Unit,500-749,Natural Gas,69.73960455,20.62849175,52.64093788,1.086491752,4.830666667,14.71133333,52.64093788,1.086491752,4.830666667,3,NA,NA,NA,NA,NA,NA,NA,NA,NA
Baseline,2010s,3 or 4 Unit,750-999,Natural Gas,83.89539888,19.47513624,61.17639888,1.403136245,4.235,13.837,61.17639888,1.403136245,4.235,1,NA,NA,NA,NA,NA,NA,NA,NA,NA
Baseline,2010s,Single-Family Detached,1000-1499,Natural Gas,63.06003078,23.65663562,40.47014842,0.903694447,3.519647059,19.23329412,40.47014842,0.903694447,3.519647059,17,NA,NA,NA,NA,NA,NA,NA,NA,NA
Baseline,2010s,Single-Family Detached,1500-1999,Electricity,20.16,69.02566775,0,48.26566775,3.124,17.636,0,48.26566775,3.124,1,NA,NA,NA,NA,NA,NA,NA,NA,NA
Baseline,2010s,Single-Family Detached,1500-1999,Natural Gas,71.40050164,26.24157811,50.58551174,1.120588214,3.880848485,21.24014141,50.58551174,1.120588214,3.880848485,99,NA,NA,NA,NA,NA,NA,NA,NA,NA
Baseline,2010s,Single-Family Detached,2000-2499,Natural Gas,82.81434249,29.5495364,60.98764757,1.362544877,4.019245763,24.16774576,60.98764757,1.362544877,4.019245763,118,NA,NA,NA,NA,NA,NA,NA,NA,NA
Baseline,2010s,Single-Family Detached,2500-2999,Electricity,21.048,75.05057631,0,52.29157631,2.488,20.271,0,52.29157631,2.488,1,NA,NA,NA,NA,NA,NA,NA,NA,NA
Baseline,2010s,Single-Family Detached,2500-2999,Natural Gas,92.29029295,30.94001804,70.27419211,1.577413002,4.478689076,24.88391597,70.27419211,1.577413002,4.478689076,119,NA,NA,NA,NA,NA,NA,NA,NA,NA
Baseline,2010s,Single-Family Detached,3000-3999,Electricity,0,165.4412086,0,114.3812086,7.448,43.612,0,114.3812086,7.448,1,NA,NA,NA,NA,NA,NA,NA,NA,NA
Baseline,2010s,Single-Family Detached,3000-3999,Natural Gas,102.6729724,34.36543999,80.56746988,1.788536442,4.680527919,27.89637563,80.56746988,1.788536442,4.680527919,197,NA,NA,NA,NA,NA,NA,NA,NA,NA
Baseline,2010s,Single-Family Detached,4000+,Natural Gas,142.7993686,47.13574077,113.8933391,2.546711362,5.836441176,38.75258824,113.8933391,2.546711362,5.836441176,34,NA,NA,NA,NA,NA,NA,NA,NA,NA
Baseline,2010s,Single-Family Detached,500-749,Natural Gas,48.23507138,28.62658091,30.43457138,0.69858091,3.38,24.548,30.43457138,0.69858091,3.38,2,NA,NA,NA,NA,NA,NA,NA,NA,NA
Baseline,<1940,2 Unit,0-499,Natural Gas,49.96176853,13.22487705,36.0894352,0.647015938,2.452166667,10.12569444,36.0894352,0.647015938,2.452166667,36,NA,NA,NA,NA,NA,NA,NA,NA,NA
Baseline,<1940,2 Unit,1000-1499,Electricity,12.997,179.0721328,0,165.6571328,3.714,9.701,0,165.6571328,3.714,1,NA,NA,NA,NA,NA,NA,NA,NA,NA
Baseline,<1940,2 Unit,1000-1499,Natural Gas,115.8014279,19.13763439,99.9631435,1.341203275,4.319951111,13.47648,99.9631435,1.341203275,4.319951111,225,NA,NA,NA,NA,NA,NA,NA,NA,NA
Baseline,<1940,2 Unit,1500-1999,Electricity,16.339,189.1381377,0,173.1311377,1.705,14.302,0,173.1311377,1.705,1,NA,NA,NA,NA,NA,NA,NA,NA,NA
Baseline,<1940,2 Unit,1500-1999,Natural Gas,160.20257,22.9796779,143.4768882,1.593632448,5.239575758,16.1464697,143.4768882,1.593632448,5.239575758,66,NA,NA,NA,NA,NA,NA,NA,NA,NA
Baseline,<1940,2 Unit,2000-2499,Electricity,0,147.6397816,0,127.2287816,0,20.411,0,127.2287816,0,1,NA,NA,NA,NA,NA,NA,NA,NA,NA
Baseline,<1940,2 Unit,2000-2499,Natural Gas,174.6431975,25.187383,157.7877253,1.849771885,6.081166667,17.25644444,157.7877253,1.849771885,6.081166667,36,NA,NA,NA,NA,NA,NA,NA,NA,NA
Baseline,<1940,2 Unit,2500-2999,Natural Gas,251.4487092,28.28363867,235.9152476,3.901561745,7.434846154,16.94723077,235.9152476,3.901561745,7.434846154,13,NA,NA,NA,NA,NA,NA,NA,NA,NA
Baseline,<1940,2 Unit,3000-3999,Natural Gas,240.0932366,32.80004046,216.5440366,3.828240458,9.1076,19.8642,216.5440366,3.828240458,9.1076,5,NA,NA,NA,NA,NA,NA,NA,NA,NA
Baseline,<1940,2 Unit,4000+,Natural Gas,432.7901431,45.13660562,418.4751431,8.195772291,10.4585,26.48233333,418.4751431,8.195772291,10.4585,6,NA,NA,NA,NA,NA,NA,NA,NA,NA
Baseline,<1940,2 Unit,500-749,Electricity,10.699,104.3549447,0,91.61694468,4.609,8.129,0,91.61694468,4.609,1,NA,NA,NA,NA,NA,NA,NA,NA,NA
Baseline,<1940,2 Unit,500-749,Natural Gas,70.98339047,15.94751899,56.74833278,0.949211296,3.037269231,11.96103846,56.74833278,0.949211296,3.037269231,52,NA,NA,NA,NA,NA,NA,NA,NA,NA
Baseline,<1940,2 Unit,750-999,Natural Gas,95.49065803,17.70548565,81.17354038,1.111473883,3.678658824,12.91535294,81.17354038,1.111473883,3.678658824,85,NA,NA,NA,NA,NA,NA,NA,NA,NA
Baseline,<1940,3 or 4 Unit,0-499,Natural Gas,48.67000432,12.25019352,35.38250432,0.51209352,1.8171,9.921,35.38250432,0.51209352,1.8171,10,NA,NA,NA,NA,NA,NA,NA,NA,NA
Baseline,<1940,3 or 4 Unit,1000-1499,Electricity,17.018,145.2567471,0,132.4427471,0,12.814,0,132.4427471,0,1,NA,NA,NA,NA,NA,NA,NA,NA,NA
Baseline,<1940,3 or 4 Unit,1000-1499,Natural Gas,116.2407501,17.92311273,99.16853584,1.079684159,4.490809524,12.35261905,99.16853584,1.079684159,4.490809524,42,NA,NA,NA,NA,NA,NA,NA,NA,NA
Baseline,<1940,3 or 4 Unit,1500-1999,Natural Gas,136.6190946,17.70060769,121.6660946,1.331941021,4.049083333,12.31958333,121.6660946,1.331941021,4.049083333,12,NA,NA,NA,NA,NA,NA,NA,NA,NA
Baseline,<1940,3 or 4 Unit,2000-2499,Natural Gas,97.96794993,25.53075702,86.63228326,0.446090355,3.086333333,21.99833333,86.63228326,0.446090355,3.086333333,3,NA,NA,NA,NA,NA,NA,NA,NA,NA
Baseline,<1940,3 or 4 Unit,2500-2999,Natural Gas,144.8187055,26.29855655,127.9807055,3.157056551,2.7285,20.413,127.9807055,3.157056551,2.7285,2,NA,NA,NA,NA,NA,NA,NA,NA,NA
Baseline,<1940,3 or 4 Unit,500-749,Electricity,12.472,95.80145733,0,75.87945733,4.617,15.305,0,75.87945733,4.617,1,NA,NA,NA,NA,NA,NA,NA,NA,NA
Baseline,<1940,3 or 4 Unit,500-749,Natural Gas,70.76416804,15.19133209,56.50694965,0.839941285,3.022850575,11.32854023,56.50694965,0.839941285,3.022850575,87,NA,NA,NA,NA,NA,NA,NA,NA,NA
Baseline,<1940,3 or 4 Unit,750-999,Natural Gas,80.97852351,17.07937324,66.90087646,0.967932061,3.355764706,12.75567647,66.90087646,0.967932061,3.355764706,34,NA,NA,NA,NA,NA,NA,NA,NA,NA
Baseline,<1940,Single-Family Detached,0-499,Natural Gas,48.57518573,25.00987942,23.65018573,0.361879421,1.557,23.091,23.65018573,0.361879421,1.557,1,NA,NA,NA,NA,NA,NA,NA,NA,NA
Baseline,<1940,Single-Family Detached,1000-1499,Electricity,10.10833333,120.5986541,0,90.11082074,4.404333333,26.0835,0,90.11082074,4.404333333,6,NA,NA,NA,NA,NA,NA,NA,NA,NA
Baseline,<1940,Single-Family Detached,1000-1499,Natural Gas,101.6209542,23.77289347,81.73624647,1.37857539,3.673841549,18.72047653,81.73624647,1.37857539,3.673841549,852,NA,NA,NA,NA,NA,NA,NA,NA,NA
Baseline,<1940,Single-Family Detached,1500-1999,Electricity,14.28833333,154.5091912,0,116.7435245,4.652666667,33.113,0,116.7435245,4.652666667,6,NA,NA,NA,NA,NA,NA,NA,NA,NA
Baseline,<1940,Single-Family Detached,1500-1999,Natural Gas,127.087273,27.13380391,106.5795031,1.760655371,4.435956067,20.93719247,106.5795031,1.760655371,4.435956067,478,NA,NA,NA,NA,NA,NA,NA,NA,NA
Baseline,<1940,Single-Family Detached,2000-2499,Electricity,22.6105,155.9801325,0,125.8286325,5.529,24.6225,0,125.8286325,5.529,2,NA,NA,NA,NA,NA,NA,NA,NA,NA
Baseline,<1940,Single-Family Detached,2000-2499,Natural Gas,149.288615,28.6744357,128.8808964,2.119106359,4.673994012,21.88133533,128.8808964,2.119106359,4.673994012,167,NA,NA,NA,NA,NA,NA,NA,NA,NA
Baseline,<1940,Single-Family Detached,2500-2999,Natural Gas,182.8857192,31.46379713,161.5613038,2.866489435,5.135215385,23.46209231,161.5613038,2.866489435,5.135215385,65,NA,NA,NA,NA,NA,NA,NA,NA,NA
Baseline,<1940,Single-Family Detached,3000-3999,Electricity,22.586,230.2985636,0,204.6675636,6.078,19.553,0,204.6675636,6.078,1,NA,NA,NA,NA,NA,NA,NA,NA,NA
Baseline,<1940,Single-Family Detached,3000-3999,Natural Gas,200.124548,34.12953027,178.8028458,3.044977075,6.023021277,25.06153191,178.8028458,3.044977075,6.023021277,47,NA,NA,NA,NA,NA,NA,NA,NA,NA
Baseline,<1940,Single-Family Detached,4000+,Natural Gas,321.0112857,45.2576293,296.0545357,2.876429302,6.46785,35.91335,296.0545357,2.876429302,6.46785,20,NA,NA,NA,NA,NA,NA,NA,NA,NA
Baseline,<1940,Single-Family Detached,500-749,Electricity,16.182,77.71536811,0,57.02886811,1.714,18.9725,0,57.02886811,1.714,2,NA,NA,NA,NA,NA,NA,NA,NA,NA
Baseline,<1940,Single-Family Detached,500-749,Natural Gas,65.65626769,19.84050611,46.77761551,0.846636548,2.990144928,16.00372464,46.77761551,0.846636548,2.990144928,69,NA,NA,NA,NA,NA,NA,NA,NA,NA
Baseline,<1940,Single-Family Detached,750-999,Natural Gas,82.44995732,21.38389405,63.9494993,1.102691758,3.425847328,16.85535496,63.9494993,1.102691758,3.425847328,262,NA,NA,NA,NA,NA,NA,NA,NA,NA
Baseline,1940-59,Single-Family Attached,1000-1499,Natural Gas,94.62633574,23.27469865,76.79086072,1.76402162,4.662682414,16.84799462,76.79086072,1.76402162,4.662682414,NA,NA,NA,NA,NA,NA,NA,NA,NA,NA
Baseline,1940-59,Single-Family Attached,500-749,Natural Gas,61.62466679,16.92678595,45.56826679,1.052347916,3.487220455,12.38721758,45.56826679,1.052347916,3.487220455,NA,NA,NA,NA,NA,NA,NA,NA,NA,NA
Baseline,1940-59,Single-Family Attached,750-999,Natural Gas,73.83884437,20.51673713,57.35585524,1.334616917,4.056674135,15.12544607,57.35585524,1.334616917,4.056674135,NA,NA,NA,NA,NA,NA,NA,NA,NA,NA
Baseline,1960-79,Single-Family Attached,1000-1499,Natural Gas,103.3145053,24.10229024,84.34116804,1.903761852,4.880770772,17.31775761,84.34116804,1.903761852,4.880770772,NA,NA,NA,NA,NA,NA,NA,NA,NA,NA
Baseline,1960-79,Single-Family Attached,1500-1999,Natural Gas,120.0640852,26.08629692,100.8427997,2.319105452,5.029567282,18.73762419,100.8427997,2.319105452,5.029567282,NA,NA,NA,NA,NA,NA,NA,NA,NA,NA
Baseline,1960-79,Single-Family Attached,750-999,Electricity,9.10974,80.12181609,0,52.02465609,1.4079,26.68926,0,52.02465609,1.4079,NA,NA,NA,NA,NA,NA,NA,NA,NA,NA
Baseline,1960-79,Single-Family Attached,750-999,Natural Gas,84.39155725,21.2459677,67.20640756,1.477161764,4.3074525,15.46135344,67.20640756,1.477161764,4.3074525,NA,NA,NA,NA,NA,NA,NA,NA,NA,NA
Baseline,1980-99,Single-Family Attached,1000-1499,Natural Gas,91.16133732,23.65188025,71.96608367,1.727571158,4.51342563,17.41088347,71.96608367,1.727571158,4.51342563,NA,NA,NA,NA,NA,NA,NA,NA,NA,NA
Baseline,1980-99,Single-Family Attached,750-999,Natural Gas,76.40028217,22.52992453,58.17500829,1.366555009,4.196747742,16.96662177,58.17500829,1.366555009,4.196747742,NA,NA,NA,NA,NA,NA,NA,NA,NA,NA
Baseline,2000-09,Single-Family Attached,1500-1999,Electricity,12.34268,130.1394903,0,110.5764903,4.38758,15.17542,0,110.5764903,4.38758,NA,NA,NA,NA,NA,NA,NA,NA,NA,NA
Baseline,2000-09,Single-Family Attached,750-999,Natural Gas,62.38047762,18.01168262,44.15669762,0.97516262,3.79016,13.24636,44.15669762,0.97516262,3.79016,NA,NA,NA,NA,NA,NA,NA,NA,NA,NA
Baseline,2010s,Single-Family Attached,1500-1999,Natural Gas,81.28116276,25.01837112,61.17111043,1.222658798,4.506084848,19.28962747,61.17111043,1.222658798,4.506084848,NA,NA,NA,NA,NA,NA,NA,NA,NA,NA
Baseline,2010s,Single-Family Attached,500-749,Natural Gas,48.50612932,24.92510888,32.05942217,0.714978876,3.27611,20.93402,32.05942217,0.714978876,3.27611,NA,NA,NA,NA,NA,NA,NA,NA,NA,NA
Baseline,<1940,Single-Family Attached,0-499,Natural Gas,45.91025949,21.38798623,24.47023949,0.391491229,1.62471,19.371785,24.47023949,0.391491229,1.62471,NA,NA,NA,NA,NA,NA,NA,NA,NA,NA
Baseline,<1940,Single-Family Attached,1000-1499,Electricity,10.02179333,123.887961,0,98.30250767,4.015813333,21.56964,0,98.30250767,4.015813333,NA,NA,NA,NA,NA,NA,NA,NA,NA,NA
Baseline,<1940,Single-Family Attached,1000-1499,Natural Gas,98.07618224,21.51217322,80.11291315,1.289133886,3.569710777,16.65332856,80.11291315,1.289133886,3.569710777,NA,NA,NA,NA,NA,NA,NA,NA,NA,NA
Baseline,<1940,Single-Family Attached,1500-1999,Electricity,13.80015333,151.4718501,0,119.8886834,3.842926667,27.74024,0,119.8886834,3.842926667,NA,NA,NA,NA,NA,NA,NA,NA,NA,NA
Baseline,<1940,Single-Family Attached,1500-1999,Natural Gas,125.4227901,24.75803299,106.8262623,1.624951923,4.314450247,18.81863082,106.8262623,1.624951923,4.314450247,NA,NA,NA,NA,NA,NA,NA,NA,NA,NA
Baseline,<1940,Single-Family Attached,2000-2499,Electricity,17.18398,145.1200614,0,118.5309414,4.20204,22.38708,0,118.5309414,4.20204,NA,NA,NA,NA,NA,NA,NA,NA,NA,NA
Baseline,<1940,Single-Family Attached,2000-2499,Natural Gas,144.895123,26.32630007,126.3512718,1.943479772,4.646845449,19.73597485,126.3512718,1.943479772,4.646845449,NA,NA,NA,NA,NA,NA,NA,NA,NA,NA
Baseline,<1940,Single-Family Attached,2500-2999,Natural Gas,184.2539142,29.00354078,165.2513354,2.880813085,5.241036,20.88169169,165.2513354,2.880813085,5.241036,NA,NA,NA,NA,NA,NA,NA,NA,NA,NA
Baseline,<1940,Single-Family Attached,3000-3999,Natural Gas,195.311439,31.84245029,174.8680894,3.00326586,6.21686417,22.62232026,174.8680894,3.00326586,6.21686417,NA,NA,NA,NA,NA,NA,NA,NA,NA,NA
Baseline,<1940,Single-Family Attached,4000+,Natural Gas,321.8708029,42.52038728,300.3269729,3.661325282,6.798096,32.060966,300.3269729,3.661325282,6.798096,NA,NA,NA,NA,NA,NA,NA,NA,NA,NA
Baseline,<1940,Single-Family Attached,500-749,Electricity,14.22414,77.84756981,0,59.83298981,2.13226,15.88232,0,59.83298981,2.13226,NA,NA,NA,NA,NA,NA,NA,NA,NA,NA
Baseline,<1940,Single-Family Attached,500-749,Natural Gas,62.67577373,17.94933806,45.76568769,0.81430181,2.819218606,14.31581765,45.76568769,0.81430181,2.819218606,NA,NA,NA,NA,NA,NA,NA,NA,NA,NA
Baseline,<1940,Single-Family Attached,750-999,Natural Gas,79.85028601,19.43874689,63.21285674,1.038111035,3.265802558,15.1348333,63.21285674,1.038111035,3.265802558,NA,NA,NA,NA,NA,NA,NA,NA,NA,NA
Dual Fuel 80%,1940-59,2 Unit,1000-1499,Natural Gas,5.879164075,75.99126043,5.879164075,56.00421876,2.955666667,17.031375,-123.7001623,53.09488745,-4.278541667,24,-139.9107456,51.51663745,2.700291667,-0.959673724,2.104900145,-0.954628842,18.24985943,-0.591431912,0.18842202
Dual Fuel 80%,1940-59,2 Unit,500-749,Natural Gas,1.805866762,45.84572278,1.805866762,31.54899551,1.790818182,12.50590909,-73.03326482,29.94272883,-2.894045455,22,-85.09126482,29.1423652,2.093681818,-0.979218339,1.744701031,-0.97587002,18.64119409,-0.617743798,0.201079151
Dual Fuel 80%,1940-59,2 Unit,750-999,Natural Gas,2.364441975,58.13512243,2.364441975,40.29626197,2.1715,15.66736047,-90.83589389,38.19665869,-3.671465116,86,-106.4754171,37.04275171,2.51755814,-0.978275955,1.756215657,-0.974630542,18.19232187,-0.628356501,0.191452166
Dual Fuel 80%,1940-59,3 or 4 Unit,0-499,Natural Gas,0.879947365,25.20744937,0.879947365,11.93369937,0.79825,12.4755,-24.21882291,11.40816339,-1.0205,4,-39.66607291,13.19691339,2.80925,-0.978297565,1.098778058,-0.964940618,21.70767357,-0.561099656,0.290624596
Dual Fuel 80%,1940-59,3 or 4 Unit,2000-2499,Natural Gas,2.28308361,61.10840054,2.28308361,38.91740054,1.519,20.672,-78.65756467,37.1267802,-2.235,1,-83.20256467,32.7067802,-2.185,-0.973292785,1.151581487,-0.971793114,20.73403241,-0.595364944,-0.095594347
Dual Fuel 80%,1940-59,3 or 4 Unit,500-749,Natural Gas,1.181941335,37.68931845,1.181941335,21.72119345,1.3460625,14.6220625,-49.33955171,20.67758953,-2.903375,16,-61.72005171,19.17502703,1.4008125,-0.981209795,1.035687869,-0.976605178,19.81363729,-0.683237487,0.105951593
Dual Fuel 80%,1940-59,3 or 4 Unit,750-999,Natural Gas,1.667291152,44.18791464,1.667291152,30.67141464,1.6445,11.872,-63.44155921,29.11806429,-2.805,2,-77.11055921,28.73556429,2.4225,-0.978835534,1.859624177,-0.97439225,18.74532967,-0.630407911,0.256362771
Dual Fuel 80%,1940-59,Single-Family Detached,1000-1499,Electricity,0.498666667,91.4416105,0.498666667,65.17044384,3.457333333,22.81383333,0.498666667,-7.938160801,-0.271333333,6,-12.232,-6.817994134,1.3915,-0.960829493,-0.069387559,Inf,-0.10858039,-0.072769533,0.064955576
Dual Fuel 80%,1940-59,Single-Family Detached,1000-1499,Natural Gas,2.255551745,51.337656,2.255551745,27.16815223,1.679806452,22.48969732,-68.09521401,25.5361233,-2.741936857,1457,-87.72359562,26.50967375,3.715487303,-0.974932506,1.067733716,-0.967938491,15.64685704,-0.620103128,0.197903789
Dual Fuel 80%,1940-59,Single-Family Detached,1500-1999,Electricity,2.656,110.7857328,2.656,88.99673284,0,21.789,2.656,-0.892749703,0,1,0,-3.984749703,-3.092,0,-0.03471929,Inf,-0.009931637,NA,-0.124271532
Dual Fuel 80%,1940-59,Single-Family Detached,1500-1999,Natural Gas,3.028438522,61.76006187,3.028438522,35.2545344,1.960631868,24.5448956,-91.49536611,33.10253876,-3.09128022,364,-112.3746216,33.98036019,3.969101648,-0.973757728,1.223208247,-0.967961102,15.38225177,-0.611903011,0.192901506
Dual Fuel 80%,1940-59,Single-Family Detached,2000-2499,Natural Gas,4.042019961,72.58922933,4.042019961,44.67157549,2.259009615,25.65864423,-117.2213235,41.86847076,-3.384028846,104,-137.9003427,42.4036246,3.919182692,-0.971523512,1.404763131,-0.966667421,14.93646323,-0.599682045,0.180279658
Dual Fuel 80%,1940-59,Single-Family Detached,2500-2999,Natural Gas,8.052952522,82.13758258,8.052952522,52.6970548,2.655694444,26.78483333,-134.3083348,49.37532225,-4.134416667,36,-157.2561126,49.38421114,4.143305556,-0.951285475,1.507759628,-0.943432989,14.86432803,-0.608887925,0.182995847
Dual Fuel 80%,1940-59,Single-Family Detached,3000-3999,Natural Gas,9.319873907,90.80393957,9.319873907,56.61338957,2.60195,31.5886,-150.1840712,52.84775254,-3.99475,20,-175.9183212,54.10960254,5.2566,-0.949687083,1.474603629,-0.941569634,14.03421312,-0.605567935,0.199627829
Dual Fuel 80%,1940-59,Single-Family Detached,4000+,Natural Gas,26.61392698,112.3095569,26.61392698,69.99955685,3.5565,38.7535,-201.1733789,63.85806194,-5.61975,4,-225.6393789,63.60856194,5.37025,-0.89449523,1.306103953,-0.883163257,10.39780426,-0.612423376,0.160866602
Dual Fuel 80%,1940-59,Single-Family Detached,500-749,Electricity,0,77.18714686,0,43.51514686,4.181,29.491,0,-1.350219914,-0.38,1,-18.283,2.355780086,4.086,-1,0.031481185,NA,-0.030094926,-0.083315062,0.160834481
Dual Fuel 80%,1940-59,Single-Family Detached,500-749,Natural Gas,1.62728057,35.53908939,1.62728057,16.53194356,1.211979167,17.79516667,-40.60590773,15.52770683,-2.266895833,48,-58.87690773,17.22306099,3.96225,-0.973104662,0.940327271,-0.961469152,15.46219767,-0.651617501,0.286436338
Dual Fuel 80%,1940-59,Single-Family Detached,750-999,Electricity,0,72.23441485,0,50.79421485,3.4298,18.0104,0,-15.26328876,-0.7792,5,-15.5816,-12.50028876,3.5422,-1,-0.147522659,NA,-0.231060635,-0.185127109,0.244826585
Dual Fuel 80%,1940-59,Single-Family Detached,750-999,Natural Gas,1.705289496,42.48649233,1.705289496,20.823559,1.422204598,20.24072874,-51.68917733,19.56475857,-2.531664368,435,-69.6732233,20.48634707,3.453252874,-0.976109204,0.931191446,-0.96806243,15.54238313,-0.640300523,0.205704115
Dual Fuel 80%,1960-79,2 Unit,1000-1499,Natural Gas,5.542888924,70.25507305,5.542888924,48.93352305,2.6853,18.63625,-113.0971455,46.34510368,-4.046,20,-135.1835955,45.82670368,3.5276,-0.960612326,1.875962451,-0.953279776,17.90478938,-0.601072601,0.233482144
Dual Fuel 80%,1960-79,2 Unit,1500-1999,Natural Gas,4.331755518,54.79346629,4.331755518,34.77513296,1.459333333,18.559,-75.3966536,32.90599161,-2.827333333,3,-95.8336536,33.04132494,2.962666667,-0.956753978,1.518991828,-0.945668607,17.60487062,-0.659564541,0.189959178
Dual Fuel 80%,1960-79,2 Unit,500-749,Natural Gas,1.676423487,40.43988138,1.676423487,26.83148138,1.4032,12.2052,-60.7319017,25.37338043,-3.3264,5,-74.9267017,24.60638043,2.5594,-0.978115469,1.554070733,-0.973137823,17.40166237,-0.703315291,0.265338282
Dual Fuel 80%,1960-79,2 Unit,750-999,Electricity,0,104.9263361,0,87.55433609,0,17.372,0,2.113239259,0,1,-17.708,4.984239259,2.871,-1,0.04987127,NA,0.024733288,NA,0.197986346
Dual Fuel 80%,1960-79,2 Unit,750-999,Natural Gas,2.70332668,55.7628561,2.70332668,38.32524499,2.088611111,15.349,-89.33448301,36.25629234,-3.233555556,36,-103.2356219,35.21132012,2.188583333,-0.974482221,1.713318174,-0.970628085,17.52398359,-0.607563753,0.166300459
Dual Fuel 80%,1960-79,3 or 4 Unit,1000-1499,Natural Gas,4.890493116,74.95257767,4.890493116,56.09557767,3.01,15.847,-135.9301039,52.50409512,-3.798,1,-135.9301039,42.61109512,-6.095,-0.965271464,1.317536852,-0.965271464,14.61905894,-0.55787309,-0.277777778
Dual Fuel 80%,1960-79,3 or 4 Unit,500-749,Natural Gas,0.802621244,31.69491032,0.802621244,17.83451032,1.1234,12.737,-39.74938181,16.97265693,-2.4944,5,-50.50978181,16.38425693,1.906,-0.984358144,1.07012134,-0.980207605,19.69320658,-0.689479794,0.175976364
Dual Fuel 80%,1960-79,3 or 4 Unit,750-999,Natural Gas,1.541970488,49.25368067,1.541970488,28.81834733,1.879333333,18.556,-68.29961974,27.4146421,-4.580333333,3,-83.23195307,25.20697543,2.372666667,-0.981810792,1.048250693,-0.977921887,19.53019862,-0.709066515,0.14661174
Dual Fuel 80%,1960-79,Single-Family Detached,1000-1499,Electricity,0,86.72297122,0,55.57352678,3.112555556,28.03688889,0,-18.89179378,-0.664666667,9,-21.50833333,-13.570016,5.986444444,-1,-0.135303737,NA,-0.25369922,-0.175967054,0.271488607
Dual Fuel 80%,1960-79,Single-Family Detached,1000-1499,Natural Gas,2.430753897,53.16353642,2.430753897,28.49402785,1.717535618,22.95197295,-80.44551169,26.60212474,-3.110275924,1109,-100.1794278,27.23566306,3.743814247,-0.976310792,1.050439528,-0.970670084,14.06103968,-0.64424137,0.194907503
Dual Fuel 80%,1960-79,Single-Family Detached,1500-1999,Electricity,0,90.03977474,0,65.05977474,3.177,21.803,0,0.220200214,-0.211,1,-15.119,3.370200214,3.361,-1,0.038885621,NA,0.003396077,-0.06227863,0.182247045
Dual Fuel 80%,1960-79,Single-Family Detached,1500-1999,Natural Gas,2.88899474,63.79500998,2.88899474,36.93096509,2.004411471,24.85963342,-110.9158554,34.32220192,-3.598177057,401,-131.3666783,34.62275803,3.898733167,-0.978481395,1.186838715,-0.974614485,13.15650356,-0.642234753,0.186000273
Dual Fuel 80%,1960-79,Single-Family Detached,2000-2499,Electricity,2.844,113.1015154,2.844,75.83251542,4.105,33.164,2.844,-3.396033527,-0.304,1,-20.108,1.574966473,5.275,-0.87608923,0.014121897,Inf,-0.04286376,-0.068949875,0.189142673
Dual Fuel 80%,1960-79,Single-Family Detached,2000-2499,Natural Gas,3.920199633,72.15070759,3.920199633,44.09792521,2.230937824,25.82184456,-131.1441346,41.01455175,-3.922450777,193,-151.6867097,40.94710615,3.855005181,-0.974807034,1.312255774,-0.970975316,13.30184368,-0.637445647,0.175492028
Dual Fuel 80%,1960-79,Single-Family Detached,2500-2999,Electricity,0,139.4026355,0,110.8776355,3.843,24.682,0,-3.784371113,-0.193,1,-17.039,1.105628887,5.083,-1,0.007994597,NA,-0.033004578,-0.047819623,0.259349967
Dual Fuel 80%,1960-79,Single-Family Detached,2500-2999,Natural Gas,5.852513052,81.68996376,5.852513052,50.70548043,2.491,28.49348333,-142.8017635,47.12658684,-3.9429,60,-164.9704135,47.50827017,4.324583333,-0.9657393,1.389874672,-0.960630039,13.16792067,-0.61283203,0.17893174
Dual Fuel 80%,1960-79,Single-Family Detached,3000-3999,Natural Gas,8.579611522,88.27487277,8.579611522,55.6722176,2.701586207,29.90106897,-169.0224558,52.15298732,-4.205172414,29,-189.3625248,51.58036663,3.632551724,-0.956655962,1.405670005,-0.951691939,14.81943016,-0.608848904,0.138285374
Dual Fuel 80%,1960-79,Single-Family Detached,4000+,Natural Gas,34.79063801,113.1767333,34.79063801,74.26323328,3.31,35.6035,-207.564306,68.62792859,-4.532833333,6,-230.6654727,68.98076192,4.885666667,-0.86894015,1.560792982,-0.856447583,12.17821082,-0.577958646,0.159049846
Dual Fuel 80%,1960-79,Single-Family Detached,750-999,Electricity,0,63.85051474,0,30.78151474,1.494,31.575,0,-17.43593087,-0.3585,2,-7.7925,-17.90243087,-0.108,-1,-0.21898209,NA,-0.361610422,-0.193522267,-0.003408768
Dual Fuel 80%,1960-79,Single-Family Detached,750-999,Natural Gas,1.945007261,45.54227661,1.945007261,22.70812036,1.5259375,21.30821875,-64.68604776,21.25450156,-2.88125,128,-84.00571182,22.454525,4.081273438,-0.977370669,0.97257305,-0.970809298,14.62178502,-0.653761611,0.236912196
Dual Fuel 80%,1980-99,2 Unit,1000-1499,Natural Gas,3.005520709,56.76616964,3.005520709,38.52916964,1.90375,16.33325,-84.38889284,36.46372578,-3.64525,8,-99.73064284,35.35335078,2.534875,-0.970745251,1.651036746,-0.965609693,17.65418388,-0.656920166,0.183708227
Dual Fuel 80%,1980-99,2 Unit,1500-1999,Electricity,0,71.49778797,0,61.91978797,0,9.578,0,4.264032043,0,1,-10.075,6.112032043,1.848,-1,0.093476507,NA,0.073956745,NA,0.239068564
Dual Fuel 80%,1980-99,2 Unit,500-749,Electricity,0,88.09983556,0,72.62083556,3.179,12.3,0,0.699861144,-0.343,1,-9.297,1.756861144,1.4,-1,0.020347471,NA,0.009730974,-0.097387848,0.128440367
Dual Fuel 80%,1980-99,2 Unit,500-749,Natural Gas,1.841287389,42.5300929,1.841287389,27.16301597,1.550538462,13.81653846,-61.9742314,25.67571256,-2.982692308,13,-73.68530832,23.85425102,1.161230769,-0.975620675,1.277278486,-0.971146714,17.26326477,-0.657961719,0.091758399
Dual Fuel 80%,1980-99,2 Unit,750-999,Natural Gas,2.445886675,63.63191613,2.445886675,43.60241613,2.2835,17.746,-90.88358409,41.41727041,-2.206,4,-107.3655841,42.38552041,3.17425,-0.977726492,1.994951095,-0.973792987,18.9540084,-0.491368749,0.217835881
Dual Fuel 80%,1980-99,3 or 4 Unit,1000-1499,Natural Gas,2.498333586,55.40861901,2.498333586,36.85741901,1.9658,16.5854,-86.9451155,34.8662287,-3.4862,5,-99.5495155,32.8002287,1.4202,-0.975518018,1.450798941,-0.972068009,17.51024432,-0.63943507,0.093648617
Dual Fuel 80%,1980-99,3 or 4 Unit,2000-2499,Natural Gas,2.055201994,60.23720519,2.055201994,34.12420519,1.254,24.859,-64.73544884,32.64766888,-2.423,1,-85.48744884,34.45966888,4.235,-0.976523421,1.336810022,-0.969229196,22.11098266,-0.65896111,0.205343289
Dual Fuel 80%,1980-99,3 or 4 Unit,500-749,Electricity,0,92.54766152,0,63.41766152,5.507,23.623,0,7.259779135,-1.017,1,-22.099,9.784779135,3.542,-1,0.11822666,NA,0.129274446,-0.15588596,0.176385638
Dual Fuel 80%,1980-99,Single-Family Detached,1000-1499,Electricity,0,92.53895139,0,57.77695139,0,34.762,0,-0.436132981,0,1,-22.129,7.096867019,7.533,-1,0.083060556,NA,-0.00749201,NA,0.276653568
Dual Fuel 80%,1980-99,Single-Family Detached,1000-1499,Natural Gas,2.772490011,53.75744231,2.772490011,28.12466921,1.727510504,23.90526261,-71.22104845,26.34073333,-2.896970588,476,-92.84438879,27.70800434,4.264241597,-0.971004178,1.063669948,-0.962530647,14.76551582,-0.626442304,0.217108958
Dual Fuel 80%,1980-99,Single-Family Detached,1500-1999,Natural Gas,2.692696479,61.79256147,2.692696479,34.44705956,2.014950192,25.33055172,-88.47998582,32.28647617,-3.361597701,261,-110.420687,33.23794361,4.313065134,-0.976194714,1.164012902,-0.970465973,14.94340668,-0.625233471,0.205213174
Dual Fuel 80%,1980-99,Single-Family Detached,2000-2499,Electricity,0,130.1446716,0,96.23033831,4.302,29.61233333,0,-23.97280465,-0.778666667,3,-16.376,-21.14313798,3.608333333,-1,-0.139754406,NA,-0.199435756,-0.153260727,0.138760703
Dual Fuel 80%,1980-99,Single-Family Detached,2000-2499,Natural Gas,3.230628915,69.93585456,3.230628915,40.17301754,2.247345304,27.51549171,-105.4818388,37.56398122,-3.532983425,362,-128.0488112,38.50521879,4.474220994,-0.975391204,1.225085584,-0.970282811,14.39764594,-0.611208046,0.19418291
Dual Fuel 80%,1980-99,Single-Family Detached,2500-2999,Electricity,0,135.2449754,0,92.07697536,6.672,36.496,0,-1.689055127,-0.827,1,-28.898,3.172944873,5.689,-1,0.024024351,NA,-0.018013508,-0.110281371,0.184665823
Dual Fuel 80%,1980-99,Single-Family Detached,2500-2999,Natural Gas,5.023973028,80.24630276,5.023973028,46.89371942,2.478588542,30.87399479,-120.7039211,43.82819959,-3.718197917,192,-145.3147648,44.84511625,4.735114583,-0.966582312,1.266768735,-0.960040904,14.29715088,-0.60002034,0.181152159
Dual Fuel 80%,1980-99,Single-Family Detached,3000-3999,Natural Gas,8.203765057,86.26772648,8.203765057,54.03102473,2.634561404,29.60214035,-144.7315647,50.40994706,-4.252850877,114,-166.8098892,49.92695583,3.769859649,-0.953125,1.373855175,-0.946357947,13.92125541,-0.617481676,0.145935997
Dual Fuel 80%,1980-99,Single-Family Detached,4000+,Natural Gas,22.37418527,111.9060001,22.37418527,67.96764292,3.368535714,40.56982143,-197.5021292,62.73611991,-5.247285714,28,-223.2288077,62.70447705,5.215642857,-0.908901007,1.27444179,-0.898241949,11.99194187,-0.60902907,0.1475255
Dual Fuel 80%,1980-99,Single-Family Detached,750-999,Electricity,0,51.69579337,0,36.32279337,0.193,15.18,0,0.238976976,-0.007,1,0,-2.395023024,-2.627,NA,-0.044277812,NA,0.00662283,-0.035,-0.147526254
Dual Fuel 80%,1980-99,Single-Family Detached,750-999,Natural Gas,2.172525767,45.21220032,2.172525767,21.29249065,1.494774194,22.42493548,-52.26918944,20.01192646,-2.963959677,124,-72.34618138,20.59960388,3.551637097,-0.970845901,0.836953709,-0.960094465,15.62742948,-0.664753664,0.188183169
Dual Fuel 80%,2000-09,2 Unit,1500-1999,Electricity,0,84.70193478,0,64.62193478,2.404,17.676,0,3.244112449,-0.379,1,-10.042,4.384112449,1.519,-1,0.054584553,NA,0.052854799,-0.136183974,0.094014978
Dual Fuel 80%,2000-09,2 Unit,500-749,Natural Gas,1.362680857,36.33557931,1.362680857,21.50257931,1.254133333,13.57886667,-42.19775783,20.55731157,-2.235066667,15,-53.24915783,19.57577824,1.253533333,-0.975047885,1.168019725,-0.968717467,21.7476073,-0.640567083,0.101703808
Dual Fuel 80%,2000-09,2 Unit,750-999,Natural Gas,2.231874258,60.37065333,2.231874258,40.59365333,2.235,17.542,-80.27151275,38.76889342,-3.29,1,-101.4445127,38.91689342,3.438,-0.978472685,1.813989417,-0.972948089,21.24602432,-0.595475113,0.243760635
Dual Fuel 80%,2000-09,3 or 4 Unit,500-749,Natural Gas,0.978098623,27.91558245,0.978098623,11.87758245,0.7475,15.2905,-18.39013179,11.50247395,-2.401,2,-39.12013179,12.38097395,3.2795,-0.975607437,0.796992982,-0.949499846,30.66439135,-0.762585358,0.273041379
Dual Fuel 80%,2000-09,3 or 4 Unit,750-999,Natural Gas,1.319494303,28.57079474,1.319494303,11.36079474,0.597,16.613,-21.29199507,10.86065007,-1.825,1,-26.98399507,4.88765007,-4.148,-0.953380508,0.206376735,-0.941644963,21.71501706,-0.753509496,-0.199797698
Dual Fuel 80%,2000-09,Single-Family Detached,1000-1499,Natural Gas,1.826066161,50.83676604,1.826066161,25.16316604,1.6447,24.0289,-57.54639794,23.80274693,-2.7107,20,-80.39674794,25.76754693,4.6755,-0.977791247,1.027855986,-0.969243888,17.49662787,-0.62237682,0.241585458
Dual Fuel 80%,2000-09,Single-Family Detached,1500-1999,Electricity,0,98.9724975,0,76.5374975,3.38,19.055,0,-54.42103186,-1.734,1,-13.862,-53.24103186,2.914,-1,-0.349778578,NA,-0.415559278,-0.339069222,0.180534044
Dual Fuel 80%,2000-09,Single-Family Detached,1500-1999,Natural Gas,2.713194228,55.95169106,2.713194228,30.26879496,1.791532468,23.89136364,-68.7893488,28.63405278,-2.584714286,77,-88.54845269,29.46858525,3.419246753,-0.970270159,1.11273147,-0.962054577,17.51594421,-0.590623525,0.167019697
Dual Fuel 80%,2000-09,Single-Family Detached,2000-2499,Electricity,0,133.3221629,0,100.8431629,3.666,28.813,0,-1.626750415,-0.294,1,-23.577,3.026249585,4.947,-1,0.023225975,NA,-0.015875396,-0.074242424,0.207282326
Dual Fuel 80%,2000-09,Single-Family Detached,2000-2499,Natural Gas,3.421028549,65.28291523,3.421028549,36.7085441,2.007824742,26.56654639,-87.62126274,34.64068055,-3.014835052,97,-109.9399844,35.68381457,4.057969072,-0.969821824,1.205570905,-0.962423743,16.75191796,-0.600246717,0.180285454
Dual Fuel 80%,2000-09,Single-Family Detached,2500-2999,Natural Gas,3.415582379,72.33487159,3.415582379,41.07510755,2.242235955,29.01752809,-102.6785242,38.690008,-3.326831461,89,-125.5979624,39.60225519,4.239078652,-0.973525397,1.209871362,-0.967806106,16.22154853,-0.597376762,0.171079254
Dual Fuel 80%,2000-09,Single-Family Detached,3000-3999,Natural Gas,5.46717391,83.10148804,5.46717391,49.40234786,2.47382243,31.22531776,-121.9365729,46.45352672,-3.330654206,107,-143.6857038,47.01775102,3.894878505,-0.963345166,1.303017783,-0.957087809,15.75325343,-0.573807841,0.142510644
Dual Fuel 80%,2000-09,Single-Family Detached,4000+,Natural Gas,14.10122063,102.432284,14.10122063,63.28091358,2.944703704,36.20666667,-164.623875,59.14607451,-4.126037037,27,-186.743912,58.37551896,3.355481481,-0.929790578,1.325006931,-0.92110106,14.30432323,-0.583536745,0.10214187
Dual Fuel 80%,2000-09,Single-Family Detached,750-999,Natural Gas,2.219886156,38.90072163,2.219886156,19.90422163,1.409,17.5875,-36.3407559,19.0532929,-2.2695,2,-55.3047559,20.2822929,3.4985,-0.961409822,1.089366519,-0.942431297,22.39117352,-0.616963436,0.248314288
Dual Fuel 80%,2010s,2 Unit,1500-1999,Natural Gas,8.809449412,83.3264289,8.809449412,58.5664289,3.7665,20.9935,-117.4467812,56.50525249,-4.8815,2,-141.2837812,55.13325249,3.5095,-0.941306817,1.955553063,-0.930225626,27.41407867,-0.564465772,0.200726378
Dual Fuel 80%,2010s,2 Unit,500-749,Natural Gas,1.520422116,40.87298853,1.520422116,23.96798853,1.421928571,15.48307143,-48.08595524,22.94544751,-2.507571429,14,-64.29888381,23.26794751,2.830071429,-0.976900059,1.321663919,-0.969350269,22.43963513,-0.638140076,0.223668018
Dual Fuel 80%,2010s,3 or 4 Unit,2000-2499,Natural Gas,11.98469535,86.73721023,11.98469535,65.69221023,4.22,16.825,-147.9011435,62.47626293,-4.25,1,-156.3551435,59.48126293,1.255,-0.928806541,2.182322348,-0.925042171,19.42701699,-0.501770956,0.080603725
Dual Fuel 80%,2010s,3 or 4 Unit,500-749,Natural Gas,1.68731114,45.2480137,1.68731114,26.11534704,1.628666667,17.504,-50.95362674,25.02885529,-3.202,3,-68.05229341,24.61952195,2.792666667,-0.975805553,1.19347174,-0.967946788,23.03639696,-0.662848468,0.189830969
Dual Fuel 80%,2010s,3 or 4 Unit,750-999,Natural Gas,1.872555305,51.40344825,1.872555305,30.56344825,1.513,19.327,-59.30384357,29.16031201,-2.722,1,-82.02284357,31.92831201,5.49,-0.977679881,1.639439725,-0.969390887,20.78223844,-0.642739079,0.396762304
Dual Fuel 80%,2010s,Single-Family Detached,1000-1499,Natural Gas,3.826161045,44.39089063,3.826161045,19.95994946,1.338941176,23.092,-36.64398738,19.05625501,-2.180705882,17,-59.23386973,20.73425501,3.858705882,-0.9393251,0.87646677,-0.905457203,21.08705556,-0.61958084,0.200626365
Dual Fuel 80%,2010s,Single-Family Detached,1500-1999,Electricity,0,74.03577622,0,49.80877622,2.783,21.444,0,1.543108474,-0.341,1,-20.16,5.010108474,3.808,-1,0.072583267,NA,0.031971141,-0.10915493,0.215921978
Dual Fuel 80%,2010s,Single-Family Detached,1500-1999,Natural Gas,2.556432812,51.21002231,2.556432812,24.81657787,1.552090909,24.84135354,-48.02907893,23.69598965,-2.328757576,99,-68.84406883,24.9684442,3.601212121,-0.96419587,0.951484095,-0.949463142,21.14602791,-0.600064028,0.169547464
Dual Fuel 80%,2010s,Single-Family Detached,2000-2499,Natural Gas,2.699984095,59.11398106,2.699984095,29.70425225,1.677016949,27.73271186,-58.28766348,28.34170737,-2.342228814,118,-80.11435839,29.56444466,3.564966102,-0.967397144,1.000504517,-0.955729001,20.800568,-0.58275332,0.147509252
Dual Fuel 80%,2010s,Single-Family Detached,2500-2999,Electricity,0,82.15517434,0,55.05517434,2.263,24.837,0,2.76359803,-0.225,1,-21.048,7.10459803,4.566,-1,0.094664137,NA,0.052849775,-0.090434084,0.225247891
Dual Fuel 80%,2010s,Single-Family Detached,2500-2999,Natural Gas,2.601486767,64.1992836,2.601486767,33.62158612,1.892134454,28.68556303,-67.67270534,32.04417312,-2.586554622,119,-89.68880618,33.25926556,3.801647059,-0.971811913,1.074959475,-0.962980908,20.3143838,-0.577524936,0.152775273
Dual Fuel 80%,2010s,Single-Family Detached,3000-3999,Electricity,0,160.747507,0,117.548507,7.171,36.028,0,3.167298421,-0.277,1,0,-4.693701579,-7.584,NA,-0.028370813,NA,0.027690723,-0.037191192,-0.173897093
Dual Fuel 80%,2010s,Single-Family Detached,3000-3999,Natural Gas,3.246116563,71.35021163,3.246116563,37.91448575,2.041329949,31.39439594,-77.32135331,36.1259493,-2.63919797,197,-99.42685585,36.98477164,3.498020305,-0.968383923,1.076219936,-0.95970934,20.19860958,-0.563867584,0.125393361
Dual Fuel 80%,2010s,Single-Family Detached,4000+,Natural Gas,9.405649887,99.33462298,9.405649887,52.5986818,2.811,43.92494118,-104.4876893,50.05197044,-3.025441176,34,-133.3937187,52.1988822,5.172352941,-0.934133813,1.107416185,-0.917417033,19.65357016,-0.518370885,0.133471161
Dual Fuel 80%,2010s,Single-Family Detached,500-749,Natural Gas,0.86373107,38.19663378,0.86373107,12.04913378,1.1815,24.966,-29.57084031,11.35055287,-2.1985,2,-47.37134031,9.570052871,0.418,-0.982093298,0.334306528,-0.971620068,16.24801466,-0.650443787,0.017027864
Dual Fuel 80%,<1940,2 Unit,0-499,Natural Gas,1.517602286,26.34086961,1.517602286,12.95717517,0.869638889,12.51405556,-34.57183292,12.31015923,-1.582527778,36,-48.44416625,13.11599256,2.388361111,-0.969624728,0.991766692,-0.957948849,19.02605254,-0.64535898,0.235871339
Dual Fuel 80%,<1940,2 Unit,1000-1499,Electricity,0,166.4240374,0,151.2630374,3.332,11.829,0,-14.39409536,-0.382,1,-12.997,-12.64809536,2.128,-1,-0.070631288,NA,-0.086890888,-0.102854066,0.219358829
Dual Fuel 80%,<1940,2 Unit,1000-1499,Natural Gas,3.9398381,53.38225445,3.9398381,35.56857445,1.943257778,15.87042222,-96.0233054,34.22737118,-2.376693333,225,-111.8615898,34.24462006,2.393942222,-0.965977638,1.789386262,-0.960587093,25.5198983,-0.55016672,0.177638539
Dual Fuel 80%,<1940,2 Unit,1500-1999,Electricity,0,193.5243697,0,174.9123697,1.594,17.018,0,1.78123196,-0.111,1,-16.339,4.38623196,2.716,-1,0.023190627,NA,0.01028834,-0.065102639,0.18990351
Dual Fuel 80%,<1940,2 Unit,1500-1999,Natural Gas,9.549672822,69.69129564,9.549672822,48.35865928,2.827530303,18.50510606,-133.9272154,46.76502683,-2.412045455,66,-150.6528972,46.71161774,2.358636364,-0.940390015,2.032735965,-0.933441038,29.34492636,-0.460351289,0.146077527
Dual Fuel 80%,<1940,2 Unit,2000-2499,Electricity,0,99.72955031,0,83.03255031,0,16.697,0,-44.19623124,0,1,0,-47.91023124,-3.714,NA,-0.3245076,NA,-0.347376047,NA,-0.181960707
Dual Fuel 80%,<1940,2 Unit,2000-2499,Natural Gas,10.36054798,73.47561219,10.36054798,51.19213997,2.640944444,19.64252778,-147.4271773,49.34236808,-3.440222222,36,-164.2826495,48.28822919,2.386083333,-0.940675915,1.917159445,-0.934338695,26.67483947,-0.56571747,0.138272014
Dual Fuel 80%,<1940,2 Unit,2500-2999,Natural Gas,25.57874306,92.83151548,25.57874306,68.89128472,4.56,19.38023077,-210.3365046,64.98972297,-2.874846154,13,-225.8699661,64.54787682,2.433,-0.89827451,2.282163111,-0.891576558,16.65736113,-0.386671909,0.143563278
Dual Fuel 80%,<1940,2 Unit,3000-3999,Natural Gas,20.43236123,84.08218936,20.43236123,56.15958936,3.6588,24.2638,-196.1116753,52.3313489,-5.4488,5,-219.6608753,51.2821489,4.3996,-0.914898222,1.563478221,-0.90564339,13.66981763,-0.598269577,0.221483876
Dual Fuel 80%,<1940,2 Unit,4000+,Natural Gas,45.88784684,111.9793824,45.88784684,75.39638244,6.815166667,29.76783333,-372.5872963,67.20061015,-3.643333333,6,-386.9022963,66.84277681,3.2855,-0.893972061,1.480899503,-0.890345107,8.199423771,-0.348360982,0.124063841
Dual Fuel 80%,<1940,2 Unit,500-749,Electricity,1.776,99.77020899,1.776,85.98220899,4.318,9.47,1.776,-5.634735698,-0.291,1,-8.923,-4.584735698,1.341,-0.834003178,-0.043934053,Inf,-0.061503205,-0.06313734,0.16496494
Dual Fuel 80%,<1940,2 Unit,500-749,Natural Gas,2.44539374,36.43947028,2.44539374,21.22783566,1.244942308,13.96669231,-54.30293904,20.27862437,-1.792326923,52,-68.53799673,20.49195129,2.005653846,-0.965549775,1.284961711,-0.956908095,21.3636568,-0.59011131,0.16768225
Dual Fuel 80%,<1940,2 Unit,750-999,Natural Gas,3.17459727,45.22440081,3.17459727,28.75324786,1.636129412,14.83502353,-77.99894311,27.64177398,-2.042529412,85,-92.31606076,27.51891516,1.919670588,-0.966754892,1.554259268,-0.960891231,24.86947684,-0.555237523,0.148634776
Dual Fuel 80%,<1940,3 or 4 Unit,0-499,Natural Gas,1.478328643,25.25218168,1.478328643,12.04128168,0.9058,12.3051,-33.90417568,11.52918816,-0.9113,10,-47.19167568,13.00198816,2.3841,-0.969625467,1.061370022,-0.958218654,22.51383333,-0.5015134,0.240308437
Dual Fuel 80%,<1940,3 or 4 Unit,1000-1499,Electricity,2.35,130.6384516,2.35,115.4924516,0,15.146,2.35,-16.95029551,0,1,-14.668,-14.61829551,2.332,-0.861910918,-0.100637635,Inf,-0.127982059,NA,0.18198845
Dual Fuel 80%,<1940,3 or 4 Unit,1000-1499,Natural Gas,3.843132902,51.46213299,3.843132902,34.12518061,2.025119048,15.31183333,-95.32540294,33.04549645,-2.465690476,42,-112.3976172,33.53902026,2.959214286,-0.966938162,1.87127207,-0.961246449,30.60663266,-0.549052562,0.239561689
Dual Fuel 80%,<1940,3 or 4 Unit,1500-1999,Natural Gas,7.562043837,61.46587021,7.562043837,44.00803688,2.315166667,15.14266667,-114.1040507,42.67609585,-1.733916667,12,-129.0570507,43.76526252,2.823083333,-0.944648705,2.472528813,-0.937845923,32.04052972,-0.428224495,0.229154125
Dual Fuel 80%,<1940,3 or 4 Unit,2000-2499,Natural Gas,4.058625642,52.47747691,4.058625642,28.94381025,1.490333333,22.04333333,-82.57365762,28.49771989,-1.596,3,-93.90932428,26.94671989,0.045,-0.958571904,1.055461061,-0.953151118,63.88329082,-0.517118479,0.00204561
Dual Fuel 80%,<1940,3 or 4 Unit,2500-2999,Natural Gas,3.040555275,70.45732405,3.040555275,43.97432405,1.657,24.826,-124.9401503,40.8172675,-1.0715,2,-141.7781503,44.1587675,4.413,-0.979004402,1.679132747,-0.976242081,12.9288997,-0.392706615,0.216185764
Dual Fuel 80%,<1940,3 or 4 Unit,500-749,Electricity,0,85.35477367,0,63.95877367,4.116,17.28,0,-11.92068366,-0.501,1,-12.472,-10.44668366,1.975,-1,-0.109045143,NA,-0.157100276,-0.108512021,0.129042796
Dual Fuel 80%,<1940,3 or 4 Unit,500-749,Natural Gas,2.301934072,35.13297446,2.301934072,20.02525033,1.259333333,13.8483908,-54.20501558,19.18530904,-1.763517241,87,-68.46223397,19.94164237,2.519850575,-0.967470344,1.312698732,-0.959262815,22.84125019,-0.58339544,0.222433829
Dual Fuel 80%,<1940,3 or 4 Unit,750-999,Natural Gas,2.497896556,42.71160761,2.497896556,26.24587231,1.4665,14.99923529,-64.4029799,25.27794025,-1.889264706,34,-78.48062696,25.63223437,2.243558824,-0.969153592,1.50077137,-0.962662723,26.11540756,-0.562990815,0.175887091
Dual Fuel 80%,<1940,Single-Family Detached,0-499,Natural Gas,1.14111506,37.99389431,1.14111506,3.728894315,1.263,33.002,-22.50907067,3.367014894,-0.294,1,-47.43407067,12.98401489,9.911,-0.976508272,0.519155438,-0.951750271,9.304245283,-0.188824663,0.429214846
Dual Fuel 80%,<1940,Single-Family Detached,1000-1499,Electricity,0,101.1980748,0,73.56607485,3.945333333,23.68666667,0,-16.54474589,-0.459,6,-10.10833333,-19.40057923,-2.396833333,-1,-0.160868953,NA,-0.18360443,-0.104215545,-0.091890787
Dual Fuel 80%,<1940,Single-Family Detached,1000-1499,Natural Gas,3.001115442,52.00601496,3.001115442,27.23718046,1.656744131,23.11209038,-78.73513103,25.85860506,-2.017097418,852,-98.61983878,28.2331215,4.39161385,-0.970467553,1.187618223,-0.963282931,18.75748345,-0.549043118,0.234588785
Dual Fuel 80%,<1940,Single-Family Detached,1500-1999,Electricity,0,135.5955892,0,98.34642253,4.344666667,32.9045,0,-18.39710195,-0.308,6,-14.28833333,-18.91360195,-0.2085,-1,-0.122410853,NA,-0.157585631,-0.066198596,-0.006296621
Dual Fuel 80%,<1940,Single-Family Detached,1500-1999,Natural Gas,3.928794065,62.22271276,3.928794065,34.86791569,1.9608159,25.39398117,-102.6507091,33.10726031,-2.475140167,478,-123.1584789,35.08890885,4.456788703,-0.969085858,1.293180601,-0.963137433,18.80394133,-0.5579722,0.212864677
Dual Fuel 80%,<1940,Single-Family Detached,2000-2499,Electricity,0,144.3013696,0,111.3568696,4.195,28.7495,0,-14.47176288,-1.334,2,-22.6105,-11.67876288,4.127,-1,-0.0748734,NA,-0.115011684,-0.241273286,0.167610925
Dual Fuel 80%,<1940,Single-Family Detached,2000-2499,Natural Gas,5.698640875,70.44850841,5.698640875,41.98953236,2.153502994,26.30547305,-123.1822556,39.870426,-2.520491018,167,-143.5899741,41.77407271,4.424137725,-0.961828028,1.456840272,-0.955783665,18.81473567,-0.539258504,0.202187739
Dual Fuel 80%,<1940,Single-Family Detached,2500-2999,Natural Gas,9.618418709,83.55898047,9.618418709,53.26350355,2.587984615,27.70749231,-151.9428851,50.39701411,-2.547230769,65,-173.2673004,52.09518334,4.2454,-0.947407492,1.655718257,-0.940465826,17.58144073,-0.496031924,0.180947204
Dual Fuel 80%,<1940,Single-Family Detached,3000-3999,Electricity,0,169.4586296,0,140.7796296,4.86,23.819,0,-63.88793407,-1.218,1,-22.586,-60.83993407,4.266,-1,-0.264178522,NA,-0.312154662,-0.200394867,0.218176239
Dual Fuel 80%,<1940,Single-Family Detached,3000-3999,Natural Gas,12.94152296,88.10594963,12.94152296,55.45273687,2.65506383,29.99814894,-165.8613229,52.40775979,-3.367957447,47,-187.183025,53.97641937,4.936617021,-0.935332656,1.581516621,-0.92762127,17.21121654,-0.559180732,0.196979859
Dual Fuel 80%,<1940,Single-Family Detached,4000+,Natural Gas,39.64452706,114.3838349,39.64452706,68.65983486,3.97625,41.74775,-256.4100086,65.78340556,-2.4916,20,-281.3667586,69.12620556,5.8344,-0.876501142,1.527393428,-0.866090459,22.86981485,-0.385228476,0.162457693
Dual Fuel 80%,<1940,Single-Family Detached,500-749,Electricity,0,68.9114492,0,43.5279492,1.438,23.9455,0,-13.50091891,-0.276,2,-16.182,-8.80391891,4.973,-1,-0.113284143,NA,-0.236738328,-0.161026838,0.262116221
Dual Fuel 80%,<1940,Single-Family Detached,500-749,Natural Gas,1.612430402,37.48822636,1.612430402,15.502951,1.235188406,20.75008696,-45.16518511,14.65631445,-1.754956522,69,-64.04383729,17.64772025,4.746362319,-0.975441333,0.889479338,-0.965529872,17.31122345,-0.586913532,0.296578604
Dual Fuel 80%,<1940,Single-Family Detached,750-999,Natural Gas,2.389641148,43.47672466,2.389641148,21.09953,1.426419847,20.95077481,-61.55985816,19.99683824,-1.999427481,262,-80.06031617,22.09283061,4.095419847,-0.971017072,1.033152828,-0.962632371,18.13456761,-0.58363006,0.242974405
Dual Fuel 80% No Wx,1940-59,2 Unit,1000-1499,Natural Gas,6.809900152,78.0226388,6.809900152,57.98484714,3.000458333,17.03733333,-122.7694262,55.07551583,-4.23375,24,-138.9800096,53.54801583,2.70625,-0.953289633,2.187899519,-0.947446091,18.93064418,-0.585240265,0.188837783
Dual Fuel 80% No Wx,1940-59,2 Unit,500-749,Natural Gas,1.928303668,46.89626321,1.928303668,32.58012685,1.805045455,12.51109091,-72.91082791,30.97386017,-2.879818182,22,-84.96882791,30.19290563,2.098863636,-0.977809352,1.807594999,-0.974234019,19.28313689,-0.614706938,0.201576817
Dual Fuel 80% No Wx,1940-59,2 Unit,750-999,Natural Gas,2.480705068,59.51072358,2.480705068,41.64900265,2.188965116,15.67275581,-90.7196308,39.54939937,-3.654,86,-106.3591541,38.41835286,2.522953488,-0.977207752,1.821433606,-0.973383089,18.83660582,-0.625367417,0.191862465
Dual Fuel 80% No Wx,1940-59,3 or 4 Unit,0-499,Natural Gas,0.930303228,26.35409,0.930303228,13.06884,0.801,12.48425,-24.16846705,12.54330403,-1.01775,4,-39.61571705,14.34355403,2.818,-0.977055622,1.194247622,-0.96293431,23.86764109,-0.559587629,0.291529807
Dual Fuel 80% No Wx,1940-59,3 or 4 Unit,2000-2499,Natural Gas,2.334292962,62.03753863,2.334292962,39.81953863,1.547,20.671,-78.60635532,38.02891828,-2.207,1,-83.15135532,33.63591828,-2.186,-0.972693744,1.184295751,-0.971160437,21.23784557,-0.587906233,-0.095638098
Dual Fuel 80% No Wx,1940-59,3 or 4 Unit,500-749,Natural Gas,1.419948978,39.29145632,1.419948978,23.29289382,1.3720625,14.6265,-49.10154407,22.2492899,-2.877375,16,-61.48204407,20.7771649,1.40525,-0.97742601,1.122223067,-0.97189416,21.31966878,-0.67711903,0.106287227
Dual Fuel 80% No Wx,1940-59,3 or 4 Unit,750-999,Natural Gas,1.720634227,44.95081652,1.720634227,31.41181652,1.664,11.875,-63.38821614,29.85846617,-2.7855,2,-77.05721614,29.49846617,2.4255,-0.978158401,1.908995429,-0.973572959,19.22197802,-0.626025396,0.256680248
Dual Fuel 80% No Wx,1940-59,Single-Family Detached,1000-1499,Electricity,0.498666667,101.0180131,0.498666667,74.61501308,3.561166667,22.84183333,0.498666667,1.506408438,-0.1675,6,-12.232,2.758408438,1.4195,-0.960829493,0.02807266,Inf,0.020605077,-0.044922224,0.066262623
Dual Fuel 80% No Wx,1940-59,Single-Family Detached,1000-1499,Natural Gas,2.669516835,56.69871401,2.669516835,32.38957949,1.803609472,22.50552505,-67.68124892,30.75755056,-2.618133837,1457,-87.30963053,31.87073175,3.731315031,-0.970331828,1.283661774,-0.962054189,18.84620429,-0.592104438,0.198746846
Dual Fuel 80% No Wx,1940-59,Single-Family Detached,1500-1999,Electricity,2.656,112.1864504,2.656,90.29745038,0,21.889,2.656,0.407967838,0,1,0,-2.584032162,-2.992,0,-0.02251478,Inf,0.004538549,NA,-0.120252401
Dual Fuel 80% No Wx,1940-59,Single-Family Detached,1500-1999,Natural Gas,4.638033605,69.08314204,4.638033605,42.35607336,2.166936813,24.56013187,-89.88577102,40.20407772,-2.884975275,364,-110.7650265,41.30344035,3.984337912,-0.959810133,1.486820875,-0.950932639,18.68223009,-0.571066009,0.193642001
Dual Fuel 80% No Wx,1940-59,Single-Family Detached,2000-2499,Natural Gas,7.3016087,80.5800444,7.3016087,52.4145444,2.498836538,25.66666346,-113.9617347,49.61143967,-3.144201923,104,-134.6407539,50.39443967,3.927201923,-0.948559341,1.66948584,-0.939787173,17.69874636,-0.557182437,0.180648537
Dual Fuel 80% No Wx,1940-59,Single-Family Detached,2500-2999,Natural Gas,12.11602307,88.81277022,12.11602307,59.13743689,2.872916667,26.80241667,-130.2452643,55.81570434,-3.917194444,36,-153.193042,56.05939878,4.160888889,-0.926706844,1.711561171,-0.914892431,16.80319035,-0.576896958,0.183772444
Dual Fuel 80% No Wx,1940-59,Single-Family Detached,3000-3999,Natural Gas,16.13904657,98.13543314,16.13904657,63.53608314,2.9876,31.61175,-143.3648985,59.77044612,-3.6091,20,-169.0991485,61.44109612,5.27975,-0.912874089,1.674402676,-0.898817258,15.87259891,-0.547106887,0.200506988
Dual Fuel 80% No Wx,1940-59,Single-Family Detached,4000+,Natural Gas,36.77108858,118.1503865,36.77108858,75.43713655,3.969,38.74425,-191.0162173,69.29564164,-5.20725,4,-215.4822173,69.44939164,5.361,-0.854229508,1.426036404,-0.838572705,11.28318799,-0.567470372,0.160589517
Dual Fuel 80% No Wx,1940-59,Single-Family Detached,500-749,Electricity,0,80.44768935,0,46.55868935,4.282,29.607,0,1.693322573,-0.279,1,-18.283,5.616322573,4.202,-1,0.075053053,NA,0.03774231,-0.061170796,0.165400512
Dual Fuel 80% No Wx,1940-59,Single-Family Detached,500-749,Natural Gas,1.845756024,38.88156349,1.845756024,19.80489683,1.268020833,17.80864583,-40.38743228,18.8006601,-2.210854167,48,-58.65843228,20.5655351,3.975729167,-0.969493748,1.122816292,-0.956296077,18.72134282,-0.635508366,0.287410765
Dual Fuel 80% No Wx,1940-59,Single-Family Detached,750-999,Electricity,0,89.66669583,0,67.62109583,3.9994,18.0462,0,1.563592214,-0.2096,5,-15.5816,4.931992214,3.578,-1,0.058205104,NA,0.023670168,-0.049798052,0.247300977
Dual Fuel 80% No Wx,1940-59,Single-Family Detached,750-999,Natural Gas,1.93958117,46.42373611,1.93958117,24.65823496,1.503501149,20.262,-51.45488565,23.39943453,-2.450367816,435,-69.43893163,24.42359085,3.474524138,-0.97282682,1.110155891,-0.963674491,18.58867695,-0.619739257,0.206971207
Dual Fuel 80% No Wx,1960-79,2 Unit,1000-1499,Natural Gas,5.746787494,71.38901098,5.746787494,50.03926098,2.7064,18.64335,-112.8932469,47.45084161,-4.0249,20,-134.9796969,46.96064161,3.5347,-0.959163426,1.922381347,-0.951561144,18.33197593,-0.597937991,0.233952074
Dual Fuel 80% No Wx,1960-79,2 Unit,1500-1999,Natural Gas,4.542616188,58.68550017,4.542616188,38.53816684,1.582,18.56533333,-75.18579293,36.66902549,-2.704666667,3,-95.62279293,36.93335883,2.969,-0.954648853,1.697918298,-0.94302387,19.61811263,-0.630948678,0.190365257
Dual Fuel 80% No Wx,1960-79,2 Unit,500-749,Natural Gas,1.731388191,41.15943415,1.731388191,27.53663415,1.4096,12.2132,-60.676937,26.0785332,-3.32,5,-74.871737,25.3259332,2.5674,-0.977397943,1.59951569,-0.972257096,17.88527277,-0.701962111,0.266167658
Dual Fuel 80% No Wx,1960-79,2 Unit,750-999,Electricity,0,106.5850098,0,89.19900978,0,17.386,0,3.757912948,0,1,-17.708,6.642912948,2.885,-1,0.066467616,NA,0.043982499,NA,0.198951796
Dual Fuel 80% No Wx,1960-79,2 Unit,750-999,Natural Gas,2.825608647,56.6459988,2.825608647,39.18366546,2.107888889,15.35444444,-89.21220105,37.11471281,-3.214277778,36,-103.1133399,36.09446281,2.194027778,-0.973327953,1.756290276,-0.96929948,17.9388894,-0.603941586,0.166714158
Dual Fuel 80% No Wx,1960-79,3 or 4 Unit,1000-1499,Natural Gas,5.433312247,76.21586956,5.433312247,57.32886956,3.035,15.852,-135.3872848,53.73738701,-3.773,1,-135.3872848,43.87438701,-6.09,-0.961416779,1.356597891,-0.961416779,14.96245247,-0.55420094,-0.277549904
Dual Fuel 80% No Wx,1960-79,3 or 4 Unit,500-749,Natural Gas,1.116022478,32.20477359,1.116022478,18.32697359,1.1384,12.7394,-39.43598058,17.4651202,-2.4794,5,-50.19638058,16.8941202,1.9084,-0.978250434,1.103422549,-0.972479227,20.26460685,-0.685333628,0.17619795
Dual Fuel 80% No Wx,1960-79,3 or 4 Unit,750-999,Natural Gas,1.730591601,51.39726179,1.730591601,30.92959512,1.909,18.55866667,-68.11099863,29.52588988,-4.550666667,3,-83.04333196,27.35055655,2.375333333,-0.979585803,1.137393097,-0.975221188,21.03425213,-0.704473915,0.146776519
Dual Fuel 80% No Wx,1960-79,Single-Family Detached,1000-1499,Electricity,0,107.3915915,0,75.68125817,3.578555556,28.13177778,0,1.215937614,-0.198666667,9,-21.50833333,7.09860428,6.081333333,-1,0.07077867,NA,0.016328911,-0.05259597,0.275791871
Dual Fuel 80% No Wx,1960-79,Single-Family Detached,1000-1499,Natural Gas,2.944225402,61.20764223,2.944225402,36.32824909,1.908306583,22.97108656,-79.93204019,34.43634597,-2.919504959,1109,-99.66595633,35.27976888,3.762927863,-0.971306693,1.360688877,-0.964474444,18.20196063,-0.604726372,0.195902581
Dual Fuel 80% No Wx,1960-79,Single-Family Detached,1500-1999,Electricity,0,91.65954123,0,66.48254123,3.218,21.959,0,1.64296671,-0.17,1,-15.119,4.98996671,3.517,-1,0.057574607,NA,0.02533895,-0.050177096,0.190705997
Dual Fuel 80% No Wx,1960-79,Single-Family Detached,1500-1999,Natural Gas,5.943672661,75.28490401,5.943672661,48.09663219,2.319331671,24.86894015,-107.8611775,45.48786902,-3.283256858,401,-128.3120004,46.11265206,3.9080399,-0.955728704,1.580702516,-0.947773116,17.43656517,-0.586024985,0.186444277
Dual Fuel 80% No Wx,1960-79,Single-Family Detached,2000-2499,Electricity,2.844,118.6043695,2.844,81.2393695,4.179,33.186,2.844,2.010820555,-0.23,1,-20.108,7.077820555,5.297,-0.87608923,0.0634631,Inf,0.02538,-0.052166024,0.189931514
Dual Fuel 80% No Wx,1960-79,Single-Family Detached,2000-2499,Natural Gas,9.356838152,83.442909,9.356838152,55.02499708,2.587911917,25.83,-125.7074961,51.94162362,-3.565476684,193,-146.2500712,52.23930756,3.863160622,-0.939868749,1.674143533,-0.930723102,16.84571277,-0.579433043,0.175863289
Dual Fuel 80% No Wx,1960-79,Single-Family Detached,2500-2999,Electricity,0,144.367054,0,115.652054,3.907,24.808,0,0.990047472,-0.129,1,-17.039,6.070047472,5.209,-1,0.043891387,NA,0.008634486,-0.031962339,0.265778866
Dual Fuel 80% No Wx,1960-79,Single-Family Detached,2500-2999,Natural Gas,11.80652728,90.77839168,11.80652728,59.47114168,2.8153,28.49195,-136.8477493,55.89224809,-3.6186,60,-159.0163993,56.59669809,4.32305,-0.93088441,1.655760501,-0.920577278,15.61718635,-0.562427144,0.178868298
Dual Fuel 80% No Wx,1960-79,Single-Family Detached,3000-3999,Natural Gas,18.29440819,98.46174276,18.29440819,65.32270827,3.216517241,29.92251724,-159.3076591,61.80347799,-3.690241379,29,-179.6477281,61.76723661,3.654,-0.907576989,1.683282952,-0.896992144,17.56164647,-0.534294245,0.139101875
Dual Fuel 80% No Wx,1960-79,Single-Family Detached,4000+,Natural Gas,44.45782568,117.603743,44.45782568,78.33224304,3.6685,35.603,-197.8971183,72.69693835,-4.174333333,6,-220.998285,73.40777168,4.885166667,-0.832522877,1.660960704,-0.816559031,12.90026757,-0.532248125,0.159033569
Dual Fuel 80% No Wx,1960-79,Single-Family Detached,750-999,Electricity,0,82.1133612,0,48.7043612,1.798,31.611,0,0.486915589,-0.0545,2,-7.7925,0.360415589,-0.072,-1,0.004408595,NA,0.010098328,-0.029419703,-0.002272512
Dual Fuel 80% No Wx,1960-79,Single-Family Detached,750-999,Natural Gas,2.183082928,52.09158642,2.183082928,29.07952392,1.673710938,21.33835156,-64.44797209,27.62590512,-2.733476563,128,-83.76763616,29.00383481,4.11140625,-0.97460076,1.256243367,-0.967236255,19.00491736,-0.620231511,0.238661363
Dual Fuel 80% No Wx,1980-99,2 Unit,1000-1499,Natural Gas,3.113700466,57.32591639,3.113700466,39.06804139,1.918,16.339875,-84.28071309,37.00259752,-3.631,8,-99.62246309,35.91309752,2.5415,-0.969692265,1.677177477,-0.964371859,17.91508264,-0.654352136,0.184188356
Dual Fuel 80% No Wx,1980-99,2 Unit,1500-1999,Electricity,0,71.49778797,0,61.91978797,0,9.578,0,4.264032043,0,1,-10.075,6.112032043,1.848,-1,0.093476507,NA,0.073956745,NA,0.239068564
Dual Fuel 80% No Wx,1980-99,2 Unit,500-749,Electricity,0,89.33028091,0,73.81828091,3.209,12.303,0,1.897306492,-0.313,1,-9.297,2.987306492,1.403,-1,0.034598142,NA,0.026380434,-0.08886996,0.128715596
Dual Fuel 80% No Wx,1980-99,2 Unit,500-749,Natural Gas,1.885603174,43.29012778,1.885603174,27.90443548,1.562,13.82369231,-61.92991562,26.41713207,-2.971230769,13,-73.64099254,24.61428591,1.168384615,-0.975033918,1.317974637,-0.970452279,17.76176393,-0.655433381,0.092323683
Dual Fuel 80% No Wx,1980-99,2 Unit,750-999,Natural Gas,2.501576845,64.07683108,2.501576845,44.03108108,2.29625,17.7495,-90.82789392,41.84593536,-2.19325,4,-107.3098939,42.83043536,3.17775,-0.977219349,2.015891821,-0.973196282,19.15018065,-0.488528789,0.218076072
Dual Fuel 80% No Wx,1980-99,3 or 4 Unit,1000-1499,Natural Gas,2.566612722,56.04680752,2.566612722,37.48080752,1.9742,16.5918,-86.87683637,35.48961722,-3.4778,5,-99.48123637,33.43841722,1.4266,-0.974848929,1.479026891,-0.971304632,17.82331762,-0.637894351,0.094070635
Dual Fuel 80% No Wx,1980-99,3 or 4 Unit,2000-2499,Natural Gas,2.1021439,61.3421109,2.1021439,35.2141109,1.267,24.861,-64.68850694,33.73757459,-2.41,1,-85.44050694,35.56457459,4.237,-0.975987203,1.379673145,-0.968526375,22.84913295,-0.655425619,0.205440264
Dual Fuel 80% No Wx,1980-99,3 or 4 Unit,500-749,Electricity,0,92.68324536,0,63.54824536,5.51,23.625,0,7.390362983,-1.014,1,-22.099,9.920362983,3.544,-1,0.11986488,NA,0.131599745,-0.155426119,0.176485235
Dual Fuel 80% No Wx,1980-99,Single-Family Detached,1000-1499,Electricity,0,93.86126886,0,59.00426886,0,34.857,0,0.791184488,0,1,-22.129,8.419184488,7.628,-1,0.09853674,NA,0.01359118,NA,0.280142495
Dual Fuel 80% No Wx,1980-99,Single-Family Detached,1000-1499,Natural Gas,3.104162318,58.67649511,3.104162318,32.9207388,1.83537395,23.92038235,-70.88937614,31.13680293,-2.789107143,476,-92.51271648,32.62705713,4.279361345,-0.967535415,1.252505224,-0.958048197,17.45399228,-0.603117861,0.217878762
Dual Fuel 80% No Wx,1980-99,Single-Family Detached,1500-1999,Natural Gas,3.633966972,67.86299198,3.633966972,40.36149773,2.158544061,25.34295019,-87.53871533,38.20091434,-3.218003831,261,-109.4794165,39.30837411,4.325463602,-0.967873236,1.376603052,-0.960141932,17.68083316,-0.598526024,0.205803086
Dual Fuel 80% No Wx,1980-99,Single-Family Detached,2000-2499,Electricity,0,156.9824351,0,122.4597684,4.899333333,29.62333333,0,2.256625445,-0.181333333,3,-16.376,5.694625445,3.619333333,-1,0.037641007,NA,0.018773431,-0.035690854,0.139183715
Dual Fuel 80% No Wx,1980-99,Single-Family Detached,2000-2499,Natural Gas,5.666027339,77.13718195,5.666027339,47.17262394,2.443900552,27.52065746,-103.0464404,44.56358761,-3.336428177,362,-125.6134128,45.70654618,4.47938674,-0.956839949,1.454203679,-0.947880612,17.08047804,-0.577203881,0.194407105
Dual Fuel 80% No Wx,1980-99,Single-Family Detached,2500-2999,Electricity,0,142.0776259,0,98.63262591,6.938,36.507,0,4.866595418,-0.561,1,-28.898,10.00559542,5.7,-1,0.075758625,NA,0.051901476,-0.074809975,0.185022884
Dual Fuel 80% No Wx,1980-99,Single-Family Detached,2500-2999,Natural Gas,8.939000639,86.93279194,8.939000639,53.37078673,2.684458333,30.87754688,-116.7888935,50.30526689,-3.512328125,192,-141.3997372,51.53160544,4.738666667,-0.940540936,1.45564628,-0.928902009,16.41002819,-0.566798315,0.181288052
Dual Fuel 80% No Wx,1980-99,Single-Family Detached,3000-3999,Natural Gas,14.81168936,93.65670901,14.81168936,61.08521778,2.950192982,29.62129825,-138.1236404,57.46414012,-3.937219298,114,-160.2019649,57.31593836,3.789017544,-0.915368378,1.577180047,-0.903150636,15.86934759,-0.571654366,0.146677624
Dual Fuel 80% No Wx,1980-99,Single-Family Detached,4000+,Natural Gas,32.9005724,117.9344365,32.9005724,73.53879368,3.809535714,40.58610714,-186.9757421,68.30727066,-4.806285714,28,-212.7024206,68.73291352,5.231928571,-0.866041647,1.396967193,-0.850367819,13.05686135,-0.557844165,0.147986144
Dual Fuel 80% No Wx,1980-99,Single-Family Detached,750-999,Electricity,0,51.69579337,0,36.32279337,0.193,15.18,0,0.238976976,-0.007,1,0,-2.395023024,-2.627,NA,-0.044277812,NA,0.00662283,-0.035,-0.147526254
Dual Fuel 80% No Wx,1980-99,Single-Family Detached,750-999,Natural Gas,2.285677396,48.54526854,2.285677396,24.52755886,1.564572581,22.4531371,-52.15603781,23.24699468,-2.89416129,124,-72.23302975,23.9326721,3.57983871,-0.969327468,0.972374945,-0.958016066,18.15371302,-0.649099357,0.189677429
Dual Fuel 80% No Wx,2000-09,2 Unit,1500-1999,Electricity,0,84.70193478,0,64.62193478,2.404,17.676,0,3.244112449,-0.379,1,-10.042,4.384112449,1.519,-1,0.054584553,NA,0.052854799,-0.136183974,0.094014978
Dual Fuel 80% No Wx,2000-09,2 Unit,500-749,Natural Gas,1.392382281,36.51926088,1.392382281,21.68152754,1.257466667,13.58026667,-42.16805641,20.7362598,-2.231733333,15,-53.21945641,19.7594598,1.254933333,-0.974504021,1.178979376,-0.968035623,21.93691687,-0.639611754,0.101817395
Dual Fuel 80% No Wx,2000-09,2 Unit,750-999,Natural Gas,2.289911524,60.76089556,2.289911524,40.97089556,2.246,17.544,-80.21347548,39.14613565,-3.279,1,-101.3864755,39.30713565,3.44,-0.977912892,1.832179339,-0.972244636,21.45275959,-0.593484163,0.243902439
Dual Fuel 80% No Wx,2000-09,3 or 4 Unit,500-749,Natural Gas,1.037416123,28.29144908,1.037416123,12.24244908,0.755,15.294,-18.33081429,11.86734058,-2.3935,2,-39.06081429,12.75684058,3.283,-0.974128132,0.821188418,-0.946437227,31.6370876,-0.760203271,0.273332778
Dual Fuel 80% No Wx,2000-09,3 or 4 Unit,750-999,Natural Gas,1.415085094,29.14724412,1.415085094,11.92324412,0.61,16.614,-21.19640428,11.42309945,-1.812,1,-26.88840428,5.464099453,-4.147,-0.950003158,0.230716804,-0.937417431,22.83959044,-0.748142031,-0.19974953
Dual Fuel 80% No Wx,2000-09,Single-Family Detached,1000-1499,Natural Gas,1.961088153,54.7410238,1.961088153,28.9656738,1.7291,24.04625,-57.41137595,27.60525468,-2.6263,20,-80.26172595,29.67180468,4.69285,-0.9761491,1.183595091,-0.966969736,20.2917281,-0.602998576,0.242481941
Dual Fuel 80% No Wx,2000-09,Single-Family Detached,1500-1999,Electricity,0,158.0355161,0,134.0985161,4.883,19.054,0,3.139986767,-0.231,1,-13.862,5.821986767,2.913,-1,0.038248813,NA,0.023976955,-0.045170121,0.18047209
Dual Fuel 80% No Wx,2000-09,Single-Family Detached,1500-1999,Natural Gas,3.11427873,60.24788737,3.11427873,34.45848477,1.888701299,23.9007013,-68.38826429,32.82374259,-2.487545455,77,-88.14736819,33.76478155,3.428584416,-0.965875274,1.274955505,-0.956445203,20.07884977,-0.568419834,0.167475813
Dual Fuel 80% No Wx,2000-09,Single-Family Detached,2000-2499,Electricity,0,137.5463623,0,105.0013623,3.719,28.826,0,2.531448967,-0.241,1,-23.577,7.250448967,4.96,-1,0.05564602,NA,0.024704315,-0.060858586,0.207827034
Dual Fuel 80% No Wx,2000-09,Single-Family Detached,2000-2499,Natural Gas,5.100825767,71.40868591,5.100825767,42.66881993,2.164175258,26.57569072,-85.94146552,40.60095638,-2.858484536,97,-108.2601872,41.80958525,4.067113402,-0.955003703,1.412528905,-0.943973008,19.63425313,-0.569117689,0.180691713
Dual Fuel 80% No Wx,2000-09,Single-Family Detached,2500-2999,Natural Gas,6.907249707,80.50036945,6.907249707,48.99977395,2.478898876,29.02169663,-99.18685689,46.6146744,-3.090168539,89,-122.1062951,47.76775306,4.243247191,-0.94646105,1.459331954,-0.934895067,19.54412114,-0.554880792,0.171247487
Dual Fuel 80% No Wx,2000-09,Single-Family Detached,3000-3999,Natural Gas,10.45198294,89.58261178,10.45198294,55.63756505,2.717074766,31.22797196,-116.9517639,52.68874392,-3.087401869,107,-138.7008947,53.49887476,3.89753271,-0.929924363,1.482631212,-0.91796173,17.86773135,-0.531900129,0.14260776
Dual Fuel 80% No Wx,2000-09,Single-Family Detached,4000+,Natural Gas,24.18109156,108.0759981,24.18109156,68.45966477,3.395074074,36.22125926,-154.544004,64.3248257,-3.675666667,27,-176.6640411,64.01923311,3.370074074,-0.879603298,1.453107897,-0.864702316,15.55679064,-0.51984181,0.102586073
Dual Fuel 80% No Wx,2000-09,Single-Family Detached,750-999,Natural Gas,2.25779317,39.3038115,2.25779317,20.2503115,1.413,17.6405,-36.30284889,19.39938277,-2.2655,2,-55.26684889,20.68538277,3.5515,-0.960750852,1.111016567,-0.941448248,22.79789368,-0.615876036,0.252076088
Dual Fuel 80% No Wx,2010s,2 Unit,1500-1999,Natural Gas,8.824812217,83.34819288,8.824812217,58.58819288,3.7665,20.9935,-117.4314184,56.52701646,-4.8815,2,-141.2684184,55.15501646,3.5095,-0.941204462,1.956325021,-0.930103947,27.42463768,-0.564465772,0.200726378
Dual Fuel 80% No Wx,2010s,2 Unit,500-749,Natural Gas,1.554439757,41.14784726,1.554439757,24.2322044,1.428214286,15.48742857,-48.0519376,23.20966338,-2.501285714,14,-64.26486617,23.54280623,2.834428571,-0.976383225,1.33727642,-0.968664518,22.69802659,-0.636540454,0.224012374
Dual Fuel 80% No Wx,2010s,3 or 4 Unit,2000-2499,Natural Gas,11.98469535,86.73721023,11.98469535,65.69221023,4.22,16.825,-147.9011435,62.47626293,-4.25,1,-156.3551435,59.48126293,1.255,-0.928806541,2.182322348,-0.925042171,19.42701699,-0.501770956,0.080603725
Dual Fuel 80% No Wx,2010s,3 or 4 Unit,500-749,Natural Gas,1.696984018,45.37056808,1.696984018,26.23056808,1.630666667,17.50933333,-50.94395387,25.14407633,-3.2,3,-68.04262053,24.74207633,2.798,-0.975666853,1.199412765,-0.967763036,23.14244567,-0.662434447,0.190193502
Dual Fuel 80% No Wx,2010s,3 or 4 Unit,750-999,Natural Gas,1.872555305,51.40344825,1.872555305,30.56344825,1.513,19.327,-59.30384357,29.16031201,-2.722,1,-82.02284357,31.92831201,5.49,-0.977679881,1.639439725,-0.969390887,20.78223844,-0.642739079,0.396762304
Dual Fuel 80% No Wx,2010s,Single-Family Detached,1000-1499,Natural Gas,3.876909932,44.82319405,3.876909932,20.37589993,1.349294118,23.098,-36.59323849,19.47220548,-2.170352941,17,-59.18312084,21.16655842,3.864705882,-0.938520329,0.894740857,-0.904203219,21.54733333,-0.616639369,0.200938324
Dual Fuel 80% No Wx,2010s,Single-Family Detached,1500-1999,Electricity,0,75.98213387,0,51.69413387,2.816,21.472,0,3.428466116,-0.308,1,-20.16,6.956466116,3.836,-1,0.100780859,NA,0.071033227,-0.098591549,0.217509639
Dual Fuel 80% No Wx,2010s,Single-Family Detached,1500-1999,Natural Gas,2.618954531,51.75761391,2.618954531,25.33400785,1.566444444,24.85716162,-47.96655721,24.21341964,-2.31440404,99,-68.78154711,25.5160358,3.617020202,-0.963320222,0.972351422,-0.948227181,21.60777646,-0.596365473,0.170291719
Dual Fuel 80% No Wx,2010s,Single-Family Detached,2000-2499,Natural Gas,2.770401704,60.01623977,2.770401704,30.57453638,1.699449153,27.74225424,-58.21724587,29.2119915,-2.31979661,118,-80.04394078,30.46670337,3.574508475,-0.966546837,1.031038286,-0.95457438,21.43928761,-0.577172123,0.147904091
Dual Fuel 80% No Wx,2010s,Single-Family Detached,2500-2999,Electricity,0,82.15517434,0,55.05517434,2.263,24.837,0,2.76359803,-0.225,1,-21.048,7.10459803,4.566,-1,0.094664137,NA,0.052849775,-0.090434084,0.225247891
Dual Fuel 80% No Wx,2010s,Single-Family Detached,2500-2999,Natural Gas,2.784368906,65.51734409,2.784368906,34.89827687,1.925336134,28.69373109,-67.4898232,33.32086386,-2.553352941,119,-89.50592404,34.57732605,3.809815126,-0.969830317,1.117559983,-0.9603785,21.12374111,-0.570111677,0.15310352
Dual Fuel 80% No Wx,2010s,Single-Family Detached,3000-3999,Electricity,0,160.747507,0,117.548507,7.171,36.028,0,3.167298421,-0.277,1,0,-4.693701579,-7.584,NA,-0.028370813,NA,0.027690723,-0.037191192,-0.173897093
Dual Fuel 80% No Wx,2010s,Single-Family Detached,3000-3999,Natural Gas,3.576595257,72.96677955,3.576595257,39.47325163,2.086543147,31.40698477,-76.99087462,37.68471519,-2.593984772,197,-99.09637716,38.60133955,3.510609137,-0.965165173,1.123260449,-0.955607452,21.0701411,-0.554207734,0.125844632
Dual Fuel 80% No Wx,2010s,Single-Family Detached,4000+,Natural Gas,10.38492402,101.0679498,10.38492402,54.27039102,2.868441176,43.92911765,-103.5084151,51.72367965,-2.968,34,-132.4144445,53.93220907,5.176529412,-0.927276121,1.144189275,-0.908818864,20.30998896,-0.508529069,0.133578934
Dual Fuel 80% No Wx,2010s,Single-Family Detached,500-749,Natural Gas,1.122765043,42.39109476,1.122765043,16.17959476,1.2475,24.964,-29.31180634,15.48101385,-2.1325,2,-47.11230634,13.76451385,0.416,-0.976723056,0.480829824,-0.963108893,22.16065974,-0.63091716,0.016946391
Dual Fuel 80% No Wx,<1940,2 Unit,0-499,Natural Gas,1.799964963,29.27148959,1.799964963,15.83893403,0.910944444,12.52161111,-34.28947024,15.1919181,-1.541222222,36,-48.16180357,16.04661254,2.395916667,-0.963973154,1.213365726,-0.950124879,23.47997508,-0.628514466,0.236617516
Dual Fuel 80% No Wx,<1940,2 Unit,1000-1499,Electricity,0,179.1690473,0,163.8750473,3.458,11.836,0,-1.78208545,-0.256,1,-12.997,0.09691455,2.135,-1,0.000541204,NA,-0.010757674,-0.068928379,0.220080404
Dual Fuel 80% No Wx,<1940,2 Unit,1000-1499,Natural Gas,4.745024256,58.28030534,4.745024256,40.37742089,2.02348,15.87940444,-95.21811924,39.03621762,-2.296471111,225,-111.0564037,39.14267095,2.402924444,-0.959024475,2.04532442,-0.952532262,29.10537004,-0.531596551,0.17830505
Dual Fuel 80% No Wx,<1940,2 Unit,1500-1999,Electricity,0,195.526439,0,176.898439,1.603,17.025,0,3.767301329,-0.102,1,-16.339,6.388301329,2.723,-1,0.03377585,NA,0.021759814,-0.059824047,0.190392952
Dual Fuel 80% No Wx,<1940,2 Unit,1500-1999,Natural Gas,11.39353722,73.56974086,11.39353722,52.14948329,2.90530303,18.51495455,-132.083351,50.55585084,-2.334272727,66,-148.8090328,50.59006296,2.368484848,-0.928880434,2.201513145,-0.920589738,31.72365805,-0.445507964,0.146687474
Dual Fuel 80% No Wx,<1940,2 Unit,2000-2499,Electricity,0,146.7341494,0,130.0461494,0,16.688,0,2.817367849,0,1,0,-0.905632151,-3.723,NA,-0.006134066,NA,0.022144108,NA,-0.182401646
Dual Fuel 80% No Wx,<1940,2 Unit,2000-2499,Natural Gas,13.05346829,80.4642776,13.05346829,58.0177776,2.795361111,19.65113889,-144.734257,56.16800571,-3.285805556,36,-161.5897292,55.2768946,2.394694444,-0.92525636,2.194626358,-0.917271966,30.36482832,-0.540324865,0.138771023
Dual Fuel 80% No Wx,<1940,2 Unit,2500-2999,Natural Gas,28.08071382,96.06576253,28.08071382,72.02437792,4.653,19.38838462,-207.8345338,68.12281617,-2.781846154,13,-223.3679953,67.78212386,2.441153846,-0.888324287,2.396513569,-0.880971179,17.46039679,-0.374163244,0.144044409
Dual Fuel 80% No Wx,<1940,2 Unit,3000-3999,Natural Gas,24.96783214,91.82248504,24.96783214,63.69248504,3.8412,24.2888,-191.5762044,59.86424458,-5.2664,5,-215.1254044,59.02244458,4.4246,-0.896007766,1.799462554,-0.884698593,15.63753511,-0.578242347,0.222742421
Dual Fuel 80% No Wx,<1940,2 Unit,4000+,Natural Gas,55.15076513,118.1723455,55.15076513,81.27834551,7.079,29.815,-363.324378,73.08257322,-3.3795,6,-377.639378,73.03573988,3.332666667,-0.872569267,1.618104394,-0.868210177,8.917106359,-0.323134293,0.125844903
Dual Fuel 80% No Wx,<1940,2 Unit,500-749,Electricity,1.776,104.9450094,1.776,91.16800937,4.305,9.472,1.776,-0.448935319,-0.304,1,-8.923,0.590064681,1.343,-0.834003178,0.005654401,Inf,-0.004900134,-0.065957908,0.165210973
Dual Fuel 80% No Wx,<1940,2 Unit,500-749,Natural Gas,2.732828276,39.33516016,2.732828276,24.07458324,1.28625,13.97432692,-54.0155045,23.12537194,-1.751019231,52,-68.25056219,23.38764117,2.013288462,-0.961500454,1.46653791,-0.951843021,24.36272306,-0.576511036,0.168320541
Dual Fuel 80% No Wx,<1940,2 Unit,750-999,Natural Gas,3.574672843,48.85687694,3.574672843,32.32502988,1.689129412,14.84271765,-77.59886754,31.213556,-1.989529412,85,-91.91598519,31.15139129,1.927364706,-0.962565209,1.759420324,-0.955962586,28.08303145,-0.540830098,0.14923051
Dual Fuel 80% No Wx,<1940,3 or 4 Unit,0-499,Natural Gas,1.762540547,27.31377505,1.762540547,14.07847505,0.9204,12.3149,-33.61996378,13.56638153,-0.8967,10,-46.90746378,15.06358153,2.3939,-0.963785897,1.229660699,-0.9501861,26.492,-0.49347862,0.24129624
Dual Fuel 80% No Wx,<1940,3 or 4 Unit,1000-1499,Electricity,2.35,151.2935018,2.35,136.1375018,0,15.156,2.35,3.694754747,0,1,-14.668,6.036754747,2.342,-0.861910918,0.041559204,Inf,0.027896996,NA,0.182768847
Dual Fuel 80% No Wx,<1940,3 or 4 Unit,1000-1499,Natural Gas,4.706254337,56.45489667,4.706254337,39.03351572,2.100095238,15.32128571,-94.4622815,37.95383156,-2.390714286,42,-111.5344958,38.53178394,2.968666667,-0.95951287,2.149837727,-0.952542868,35.15271687,-0.532357089,0.240326902
Dual Fuel 80% No Wx,<1940,3 or 4 Unit,1500-1999,Natural Gas,8.551877936,64.17247025,8.551877936,46.64880358,2.373333333,15.15033333,-113.1142166,45.31686256,-1.67575,12,-128.0672166,46.47186256,2.83075,-0.937403494,2.62543882,-0.929710262,34.02317509,-0.413859104,0.22977644
Dual Fuel 80% No Wx,<1940,3 or 4 Unit,2000-2499,Natural Gas,4.831317865,56.73534296,4.831317865,33.10200963,1.583333333,22.05,-81.8009654,32.65591927,-1.503,3,-93.13663206,31.20458594,0.051666667,-0.95068471,1.222235044,-0.9442319,73.20471939,-0.486985636,0.002348663
Dual Fuel 80% No Wx,<1940,3 or 4 Unit,2500-2999,Natural Gas,7.691217926,80.30146246,7.691217926,53.60296246,1.8675,24.831,-120.2894876,50.44590591,-0.861,2,-137.1274876,54.00290591,4.418,-0.946890715,2.053455132,-0.939903301,15.97877805,-0.315557999,0.216430706
Dual Fuel 80% No Wx,<1940,3 or 4 Unit,500-749,Electricity,0,101.2108726,0,79.68687265,4.237,17.287,0,3.807415321,-0.38,1,-12.472,5.409415321,1.982,-1,0.056464854,NA,0.050177155,-0.082304527,0.129500163
Dual Fuel 80% No Wx,<1940,3 or 4 Unit,500-749,Natural Gas,2.629132678,38.34479651,2.629132678,23.1872218,1.30154023,13.85603448,-53.87781698,22.34728051,-1.721310345,87,-68.13503537,23.15346442,2.527494253,-0.962846554,1.524123381,-0.953472401,26.60576508,-0.569432826,0.223108556
Dual Fuel 80% No Wx,<1940,3 or 4 Unit,750-999,Natural Gas,2.750885105,45.60224197,2.750885105,29.09030079,1.505352941,15.00658824,-64.14999135,28.12236873,-1.850411765,34,-78.22763841,28.52286873,2.250911765,-0.966029448,1.670018468,-0.95888118,29.05407298,-0.551412845,0.176463535
Dual Fuel 80% No Wx,<1940,Single-Family Detached,0-499,Natural Gas,1.907548362,41.64116532,1.907548362,7.403165321,1.186,33.052,-21.74263737,7.0412859,-0.371,1,-46.66763737,16.6312859,9.961,-0.960729983,0.664988648,-0.919343197,19.45754717,-0.238278741,0.431380191
Dual Fuel 80% No Wx,<1940,Single-Family Detached,1000-1499,Electricity,0,120.5278445,0,92.67484455,4.159833333,23.69316667,0,2.564023805,-0.2445,6,-10.10833333,-0.070809528,-2.390333333,-1,-0.00058715,NA,0.028454117,-0.055513509,-0.091641587
Dual Fuel 80% No Wx,<1940,Single-Family Detached,1000-1499,Natural Gas,3.897673619,59.41815562,3.897673619,34.47220139,1.803670188,23.14228404,-77.83857285,33.093626,-1.870171362,852,-97.7232806,35.64526215,4.421807512,-0.961644981,1.499407811,-0.952314013,24.00567008,-0.509050632,0.236201654
Dual Fuel 80% No Wx,<1940,Single-Family Detached,1500-1999,Electricity,0,156.6364118,0,119.2170784,4.486333333,32.933,0,2.47355395,-0.166333333,6,-14.28833333,2.127220616,-0.18,-1,0.013767599,NA,0.021187933,-0.035750107,-0.005435932
Dual Fuel 80% No Wx,<1940,Single-Family Detached,1500-1999,Natural Gas,6.051082452,71.4618085,6.051082452,43.87526038,2.163403766,25.42314435,-100.5284207,42.11460501,-2.272552301,478,-121.0361906,44.32800459,4.485951883,-0.952386401,1.63368191,-0.943224708,23.91984581,-0.512302707,0.214257565
Dual Fuel 80% No Wx,<1940,Single-Family Detached,2000-2499,Electricity,0,165.3445186,0,131.8120186,4.768,28.7645,0,5.983386037,-0.761,2,-22.6105,9.364386037,4.142,-1,0.060035762,NA,0.047551864,-0.137637909,0.168220124
Dual Fuel 80% No Wx,<1940,Single-Family Detached,2000-2499,Natural Gas,9.7483858,79.60594985,9.7483858,50.85787799,2.408820359,26.3392515,-119.1325106,48.73877163,-2.265173653,167,-139.5402292,50.93151415,4.457916168,-0.934701077,1.776199353,-0.924361282,22.99968165,-0.484633409,0.20373145
Dual Fuel 80% No Wx,<1940,Single-Family Detached,2500-2999,Natural Gas,16.40063556,92.21395763,16.40063556,61.62448071,2.869738462,27.71973846,-145.1606682,58.75799127,-2.265476923,65,-166.4850836,60.7501605,4.257646154,-0.910323039,1.930795583,-0.898486611,20.498241,-0.441164928,0.181469159
Dual Fuel 80% No Wx,<1940,Single-Family Detached,3000-3999,Electricity,0,238.6059958,0,209.0049958,5.781,23.82,0,4.337432114,-0.297,1,-22.586,8.307432114,4.267,-1,0.036072444,NA,0.021192572,-0.048864758,0.218227382
Dual Fuel 80% No Wx,<1940,Single-Family Detached,3000-3999,Natural Gas,21.2232737,96.21865219,21.2232737,63.19263092,2.978234043,30.04778723,-157.5795721,60.14765384,-3.044787234,47,-178.9012743,62.08912193,4.986255319,-0.893949673,1.819219938,-0.88130349,19.7530728,-0.505524901,0.198960516
Dual Fuel 80% No Wx,<1940,Single-Family Detached,4000+,Natural Gas,51.58565178,120.8252926,51.58565178,74.6014426,4.34415,41.8797,-244.4688839,71.7250133,-2.1237,20,-269.4256339,75.5676633,5.96635,-0.839302685,1.669722088,-0.825756252,24.9354341,-0.328347132,0.166131814
Dual Fuel 80% No Wx,<1940,Single-Family Detached,500-749,Electricity,0,83.63106209,0,58.01806209,1.6595,23.9535,0,0.989193983,-0.0545,2,-16.182,5.915693983,4.981,-1,0.076120002,NA,0.017345496,-0.031796966,0.262537884
Dual Fuel 80% No Wx,<1940,Single-Family Detached,500-749,Natural Gas,2.064559152,42.21128184,2.064559152,20.12278908,1.30415942,20.78433333,-44.71305636,19.27615254,-1.685985507,69,-63.59170854,22.37077573,4.780608696,-0.968555033,1.127530497,-0.955864378,22.76791924,-0.563847421,0.298718505
Dual Fuel 80% No Wx,<1940,Single-Family Detached,750-999,Natural Gas,2.988279586,49.71894328,2.988279586,27.19195091,1.539083969,20.9879084,-60.96121972,26.08925915,-1.886763359,262,-79.46167773,28.33504923,4.132553435,-0.963756445,1.325064984,-0.953271259,23.65961199,-0.550743562,0.245177479
Only Wx,1940-59,2 Unit,1000-1499,Natural Gas,139.5049519,24.24586421,123.2970769,2.763989212,7.150458333,14.33141667,-6.282249505,-0.145342098,-0.08375,24,-6.284957838,-0.228758765,0.000333333,-0.04310969,-0.009346774,-0.048481881,-0.049957218,-0.011576941,2.32594651485034e-05
Only Wx,1940-59,2 Unit,500-749,Natural Gas,84.01690427,16.61683216,71.96163154,1.550013977,4.653590909,10.41322727,-2.877500043,-0.056252697,-0.031272727,22,-2.880227316,-0.086525425,0.001,-0.033145252,-0.005180122,-0.038449137,-0.035020771,-0.006675269,9.60409308986676e-05
Only Wx,1940-59,2 Unit,750-999,Natural Gas,105.4273389,20.97450585,89.78993196,2.020308179,5.803418605,13.15077907,-3.410403903,-0.079295101,-0.039546512,86,-3.412520182,-0.117864869,0.000976744,-0.031353589,-0.005588033,-0.036592185,-0.037766707,-0.006768227,7.42782409850848e-05
Only Wx,1940-59,3 or 4 Unit,0-499,Natural Gas,37.94823116,11.95774232,22.52998116,0.468992315,1.8135,9.67525,-2.56878912,-0.05654366,-0.00525,4,-2.59778912,-0.052793659,0.009,-0.064070138,-0.004395612,-0.10234721,-0.107592367,-0.002886598,0.000931075
Only Wx,1940-59,3 or 4 Unit,2000-2499,Natural Gas,83.6342837,28.30565286,79.0902837,1.74965286,3.699,22.857,-1.850364586,-0.040967482,-0.055,1,-1.851364586,-0.095967482,0,-0.021657022,-0.003378944,-0.022860758,-0.022878932,-0.014651039,0
Only Wx,1940-59,3 or 4 Unit,500-749,Natural Gas,58.84814101,18.3811938,46.47195351,0.951693801,4.206375,13.223125,-4.049539539,-0.091910118,-0.0430625,16,-4.053852039,-0.133097618,0.001875,-0.064447116,-0.007188912,-0.080154787,-0.088069924,-0.010133694,0.000141817
Only Wx,1940-59,3 or 4 Unit,750-999,Natural Gas,76.82371359,15.36277472,63.15521359,1.504274715,4.409,9.4495,-1.953636779,-0.049075629,-0.0405,2,-1.954136779,-0.089575629,1.77635683940025e-15,-0.024805663,-0.005796893,-0.030005702,-0.031593407,-0.009102146,1.87984214974364e-16
Only Wx,1940-59,Single-Family Detached,1000-1499,Electricity,12.73533333,88.13508638,0,63.07925305,3.6335,21.42233333,0,-10.02935159,-0.095166667,6,0.004666667,-10.12451826,3.5527136788005e-15,0.000366569,-0.103038459,NA,-0.137184284,-0.025522975,1.65841583338284e-16
Only Wx,1940-59,Single-Family Detached,1000-1499,Natural Gas,76.38742465,24.28009716,56.73562369,1.316322276,4.188938229,18.77483665,-13.61514207,-0.315706651,-0.232805079,1457,-13.59172271,-0.5478851,0.00062663,-0.15105414,-0.022067242,-0.193532251,-0.193444274,-0.052650066,3.33771733182426e-05
Only Wx,1940-59,Single-Family Detached,1500-1999,Electricity,2.656,113.4714464,0,88.59644641,0,24.875,0,-1.293036138,0,1,0,-1.299036138,-0.006,0,-0.011318556,NA,-0.014384732,NA,-0.000241148
Only Wx,1940-59,Single-Family Detached,1500-1999,Natural Gas,95.16755163,26.92656702,74.25991702,1.701036802,4.650876374,20.57465385,-20.26388761,-0.450958839,-0.401035714,364,-20.23550849,-0.853134663,-0.00114011,-0.175346377,-0.030710721,-0.214378671,-0.209553788,-0.079382956,-5.54E-05
Only Wx,1940-59,Single-Family Detached,2000-2499,Natural Gas,117.142704,29.18040308,96.43273288,2.248566537,5.194201923,21.73763462,-24.83061054,-0.554538194,-0.448836538,104,-24.79965861,-1.005201656,-0.001826923,-0.1747164,-0.033300696,-0.204766006,-0.197829995,-0.079538097,-8.40E-05
Only Wx,1940-59,Single-Family Detached,2500-2999,Natural Gas,141.5442502,31.78095851,118.5735002,2.780430733,6.358361111,22.64216667,-23.78778716,-0.541301817,-0.43175,36,-23.76481494,-0.972412928,0.000638889,-0.143759902,-0.029688941,-0.167094493,-0.162957676,-0.063585116,2.82175697311832e-05
Only Wx,1940-59,Single-Family Detached,3000-3999,Natural Gas,151.869879,35.24305973,126.104779,2.962759734,5.9495,26.3308,-33.39916612,-0.80287729,-0.6472,20,-33.36831612,-1.45127729,-0.0012,-0.180137342,-0.039550443,-0.209393981,-0.213211546,-0.098109661,-4.56E-05
Only Wx,1940-59,Single-Family Detached,4000+,Natural Gas,208.6264786,46.75787519,184.1057286,4.993125192,8.38175,33.383,-43.68157726,-1.148369719,-0.7945,4,-43.62682726,-1.943119719,-0.00025,-0.172948486,-0.039898974,-0.191764757,-0.186985373,-0.08658221,-7.49E-06
Only Wx,1940-59,Single-Family Detached,500-749,Electricity,18.246,71.38711695,0,41.45311695,4.527,25.407,0,-3.412249822,-0.034,1,-0.037,-3.444249822,0.002,-0.002023738,-0.04602682,NA,-0.07605532,-0.007454506,7.87246604994384e-05
Only Wx,1940-59,Single-Family Detached,500-749,Natural Gas,51.97369502,18.00274394,33.67607002,0.79884811,3.367875,13.83602083,-8.557118281,-0.20538862,-0.111,48,-8.530493281,-0.313284453,0.003104167,-0.140990128,-0.017104388,-0.202615967,-0.204522115,-0.031906866,0.000224404
Only Wx,1940-59,Single-Family Detached,750-999,Electricity,15.6132,65.68944658,0,47.53644658,3.682,14.471,0,-18.52105704,-0.527,5,0.0316,-19.04525704,0.0028,0.002028033,-0.224763364,NA,-0.280377792,-0.125207888,0.000193528
Only Wx,1940-59,Single-Family Detached,750-999,Natural Gas,61.42284803,21.61806179,43.42039975,1.028358346,3.799645977,16.79005747,-9.974067072,-0.230442084,-0.154222989,435,-9.955664773,-0.382083463,0.002581609,-0.139477055,-0.017367315,-0.186799638,-0.183064828,-0.039005589,0.000153782
Only Wx,1960-79,2 Unit,1000-1499,Natural Gas,137.5521236,24.32390629,115.4672736,2.531406293,6.68345,15.10905,-3.172760752,-0.057013079,-0.04785,20,-3.174360752,-0.104463079,0.0004,-0.022556953,-0.004276302,-0.02674275,-0.022026214,-0.007108582,2.64749001399243e-05
Only Wx,1960-79,2 Unit,1500-1999,Natural Gas,90.56521609,21.30802639,70.12921609,1.629026386,4.082333333,15.59666667,-9.599193032,-0.240114962,-0.204333333,3,-9.600193032,-0.444114962,0.000333333,-0.095843397,-0.020417069,-0.120398653,-0.128462709,-0.047667185,2.13725448289389e-05
Only Wx,1960-79,2 Unit,500-749,Natural Gas,74.55807204,15.76661765,60.36507204,1.410817648,4.7094,9.6464,-2.043253145,-0.047283302,-0.0202,5,-2.045053145,-0.066883302,0.0006,-0.026696733,-0.004224164,-0.032740073,-0.032428003,-0.004270974,6.2203238715335e-05
Only Wx,1960-79,2 Unit,750-999,Electricity,17.702,98.18164164,0,83.67864164,0,14.503,0,-1.762455198,0,1,-0.006,-1.760455198,0.002,-0.00033883,-0.017614751,NA,-0.020627722,NA,0.000137922
Only Wx,1960-79,2 Unit,750-999,Natural Gas,103.5267061,20.4738121,89.62684495,2.019284323,5.293861111,13.16066667,-2.410964742,-0.04966833,-0.028305556,36,-2.41224252,-0.077723885,0.00025,-0.02277012,-0.003781902,-0.026195373,-0.024006509,-0.005318427,1.89963590311414e-05
Only Wx,1960-79,3 or 4 Unit,1000-1499,Natural Gas,136.996112,32.19618478,136.996112,3.494184785,6.76,21.942,-3.824485105,-0.097297769,-0.048,1,-3.824485105,-0.145297769,-3.55E-15,-0.027158563,-0.004492613,-0.027158563,-0.027091255,-0.007050529,-1.62E-16
Only Wx,1960-79,3 or 4 Unit,500-749,Natural Gas,49.8998975,15.26281569,39.1416975,0.830615689,3.6006,10.8316,-1.410305554,-0.031237705,-0.0172,5,-1.412505554,-0.047837705,0.0006,-0.027527566,-0.003124472,-0.034777704,-0.036244801,-0.004754271,5.53965469486084e-05
Only Wx,1960-79,3 or 4 Unit,750-999,Natural Gas,78.95632025,23.84605782,64.03132025,1.265724484,6.394666667,16.18566667,-5.810269977,-0.137980754,-0.065,3,-5.817603311,-0.200647421,0.002333333,-0.068624915,-0.008344071,-0.08319212,-0.098297527,-0.010062439,0.000144181
Only Wx,1960-79,Single-Family Detached,1000-1499,Electricity,21.49344444,80.31504516,0,54.8183785,3.442444444,22.05422222,0,-19.64694206,-0.334777778,9,-0.014888889,-19.97794206,0.003777778,-0.000692238,-0.199195802,NA,-0.26384016,-0.088630681,0.000171324
Only Wx,1960-79,Single-Family Detached,1000-1499,Natural Gas,81.688553,25.06902482,61.91967022,1.425794882,4.437029757,19.20620018,-20.95659537,-0.46610823,-0.390781785,1109,-20.92162873,-0.858848537,-0.001958521,-0.203894276,-0.033124527,-0.252866067,-0.246370032,-0.080943877,-0.000101963
Only Wx,1960-79,Single-Family Detached,1500-1999,Electricity,15.077,85.15650332,0,63.35450332,3.359,18.443,0,-1.485071208,-0.029,1,-0.042,-1.513071208,0.001,-0.002777962,-0.017457928,NA,-0.022903778,-0.008559622,5.42240537909056e-05
Only Wx,1960-79,Single-Family Detached,1500-1999,Natural Gas,101.2697945,27.75909235,80.76926084,1.861030008,4.94078803,20.95727431,-33.0355893,-0.747733162,-0.661800499,401,-32.98587857,-1.413159596,-0.003625935,-0.245694486,-0.04844191,-0.290282789,-0.286623627,-0.118124059,-0.000172986
Only Wx,1960-79,Single-Family Detached,2000-2499,Electricity,22.948,106.0625228,0,73.82852278,4.344,27.89,0,-5.400026168,-0.065,1,-0.004,-5.464026168,0.001,-0.000174277,-0.048993053,NA,-0.06815758,-0.014742572,3.58564308510443e-05
Only Wx,1960-79,Single-Family Detached,2000-2499,Natural Gas,118.4990002,29.62210516,97.90905722,2.26490827,5.39642487,21.96077202,-37.15527701,-0.818465187,-0.756963731,193,-37.10790913,-1.581496275,-0.006067358,-0.238472117,-0.050683133,-0.275093179,-0.265444715,-0.123015753,-0.000276205
Only Wx,1960-79,Single-Family Detached,2500-2999,Electricity,17,133.6782091,0,110.0762091,3.991,19.611,0,-4.585797472,-0.045,1,-0.039,-4.618797472,0.012,-0.002288867,-0.033397668,NA,-0.039994045,-0.011149653,0.000612276
Only Wx,1960-79,Single-Family Detached,2500-2999,Natural Gas,136.5385457,32.69761875,114.329729,2.743185413,5.792,24.16243333,-34.32454756,-0.835708175,-0.6419,60,-34.28438089,-1.484074842,-0.006466667,-0.200701285,-0.043417241,-0.230901851,-0.233510205,-0.099768414,-0.000267561
Only Wx,1960-79,Single-Family Detached,3000-3999,Natural Gas,149.4305511,34.92894088,129.0812063,2.709975363,5.948206897,26.27075862,-48.52086102,-0.809254915,-0.958551724,29,-48.51158516,-1.76556526,0.002241379,-0.245079628,-0.048115248,-0.273199866,-0.229952248,-0.138784599,8.53256881516673e-05
Only Wx,1960-79,Single-Family Detached,4000+,Natural Gas,228.5576562,42.67838759,205.4301562,4.787220923,7.1745,30.71666667,-36.92478776,-0.848083768,-0.668333333,6,-36.89845442,-1.517583768,-0.001166667,-0.139000207,-0.034337604,-0.152358302,-0.15049475,-0.085215802,-3.80E-05
Only Wx,1960-79,Single-Family Detached,750-999,Electricity,7.787,64.86122243,0,31.51722243,1.652,31.692,0,-16.70022318,-0.2005,2,-0.0055,-16.89172318,0.009,-0.000705807,-0.206619138,NA,-0.3463523,-0.108232119,0.000284064
Only Wx,1960-79,Single-Family Detached,750-999,Natural Gas,68.86085931,22.4209239,49.51196869,1.097127027,4.098875,17.22492188,-17.11908634,-0.35649177,-0.3083125,128,-17.08985977,-0.666827708,-0.002023438,-0.198833238,-0.028882315,-0.256923537,-0.245244332,-0.069956747,-0.000117458
Only Wx,1980-99,2 Unit,1000-1499,Natural Gas,101.2547531,21.34131069,85.91350311,2.02981069,5.513375,13.798125,-1.480910448,-0.035633174,-0.035625,8,-1.481410448,-0.071508174,-0.00025,-0.014419562,-0.003339503,-0.016945139,-0.017252066,-0.006420076,-1.81E-05
Only Wx,1980-99,2 Unit,1500-1999,Electricity,10.075,65.38575593,0,57.65575593,0,7.73,0,0,0,1,0,0,0,0,0,NA,0,NA,0
Only Wx,1980-99,2 Unit,500-749,Electricity,9.296,85.00357547,0,70.61257547,3.491,10.9,0,-1.308398944,-0.031,1,-0.001,-1.339398944,8.88178419700125e-15,-0.000107562,-0.015512541,NA,-0.018192175,-0.008801817,8.14842586880849e-16
Only Wx,1980-99,2 Unit,500-749,Natural Gas,73.46699837,18.60062859,61.75769068,1.437013201,4.507923077,12.65569231,-2.057828114,-0.05029021,-0.025307692,13,-2.059597345,-0.075213287,0.000384615,-0.027269829,-0.004027304,-0.032246515,-0.033813013,-0.005582705,3.03916264990177e-05
Only Wx,1980-99,2 Unit,750-999,Natural Gas,108.6207801,21.19348058,92.13928008,2.156980581,4.46375,14.57275,-1.190190689,-0.028165144,-0.02575,4,-1.190690689,-0.052915144,0.001,-0.010843045,-0.002490547,-0.012752571,-0.012889366,-0.005735605,6.86259371730384e-05
Only Wx,1980-99,3 or 4 Unit,1000-1499,Natural Gas,100.422235,22.55235399,87.81823495,1.952953987,5.4338,15.1656,-1.625214135,-0.038236316,-0.0182,5,-1.625614135,-0.056036316,0.0004,-0.015929921,-0.002478563,-0.018170298,-0.019202743,-0.003338225,2.63761770368388e-05
Only Wx,1980-99,3 or 4 Unit,2000-2499,Natural Gas,85.57862568,25.71300837,64.82762568,1.433008367,3.655,20.625,-1.96302516,-0.043527949,-0.022,1,-1.96402516,-0.064527949,0.001,-0.022435066,-0.002503263,-0.029390718,-0.029479769,-0.005983138,4.84871993794231e-05
Only Wx,1980-99,3 or 4 Unit,500-749,Electricity,22.098,82.62959156,0,56.02559156,6.521,20.083,0,-0.132290826,-0.003,1,-0.001,-0.133290826,0.002,-4.53E-05,-0.001610515,NA,-0.002355695,-0.000459841,9.95966336335511e-05
Only Wx,1980-99,Single-Family Detached,1000-1499,Electricity,22.088,84.23695762,0,57.00795762,0,27.229,0,-1.20512675,0,1,-0.041,-1.20512675,-7.11E-15,-0.001852772,-0.014104604,NA,-0.020701991,NA,-2.61E-16
Only Wx,1980-99,Single-Family Detached,1000-1499,Natural Gas,82.7752446,25.53876175,61.13609124,1.483887799,4.416760504,19.63811345,-12.85744722,-0.300048073,-0.207720588,476,-12.8416342,-0.510676224,-0.002907563,-0.134303005,-0.019604117,-0.17376446,-0.168194428,-0.044917599,-0.000148035
Only Wx,1980-99,Single-Family Detached,1500-1999,Natural Gas,96.77951901,27.88334737,74.8210784,1.788282239,5.078823755,21.01624138,-16.3516039,-0.372301145,-0.297724138,261,-16.33386444,-0.671270494,-0.001245211,-0.14440258,-0.023508299,-0.179347624,-0.172315102,-0.055374591,-5.92E-05
Only Wx,1980-99,Single-Family Detached,2000-2499,Electricity,16.42866667,121.9911995,0,91.35719947,4.618666667,26.01533333,0,-28.84594349,-0.462,3,0.052666667,-29.29661015,0.011333333,0.003216089,-0.193648188,NA,-0.239976616,-0.090932948,0.00043583
Only Wx,1980-99,Single-Family Detached,2000-2499,Natural Gas,109.7848367,30.52846607,87.1928339,2.104966072,5.385353591,23.03814641,-21.51963385,-0.50407025,-0.394975138,362,-21.49460346,-0.902169697,-0.003124309,-0.163731681,-0.028703514,-0.197950008,-0.193201699,-0.068330913,-0.000135596
Only Wx,1980-99,Single-Family Detached,2500-2999,Electricity,28.9,124.6200745,0,86.41407452,7.399,30.807,0,-7.351955969,-0.1,1,0.002,-7.451955969,3.5527136788005e-14,6.92089417952416e-05,-0.056423422,NA,-0.078407457,-0.013335111,1.1532163725129e-15
Only Wx,1980-99,Single-Family Detached,2500-2999,Natural Gas,127.0319174,34.43626143,102.3944018,2.50920935,5.791635417,26.13541667,-23.33349234,-0.556310484,-0.405151042,192,-23.30682047,-0.964925067,-0.003463542,-0.155028709,-0.027256857,-0.185587236,-0.181473458,-0.06538083,-0.000132505
Only Wx,1980-99,Single-Family Detached,3000-3999,Natural Gas,142.628755,34.89924431,120.5250357,2.865253085,6.204736842,25.82925439,-32.41029407,-0.755824581,-0.682675439,114,-32.38489933,-1.441526335,-0.003026316,-0.18504213,-0.039666917,-0.211921563,-0.208729182,-0.099119293,-0.000117152
Only Wx,1980-99,Single-Family Detached,4000+,Natural Gas,194.3362187,46.97810125,168.5653972,4.024994104,7.606392857,35.34671429,-51.31091721,-1.206528911,-1.009428571,28,-51.26677436,-2.223421768,-0.007464286,-0.208738394,-0.0451901,-0.23336264,-0.230626704,-0.117159876,-0.000211129
Only Wx,1980-99,Single-Family Detached,750-999,Electricity,0,54.0908164,0,36.0838164,0.2,17.807,0,0,0,1,0,0,0,NA,0,NA,0,0,0
Only Wx,1980-99,Single-Family Detached,750-999,Natural Gas,65.91680307,24.28248126,45.83186758,1.096747388,4.309935484,18.87579839,-8.609847624,-0.183816795,-0.148798387,124,-8.601904076,-0.330115182,0.0025,-0.115432814,-0.013412448,-0.158147986,-0.143543602,-0.033372341,0.000132462
Only Wx,2000-09,2 Unit,1500-1999,Electricity,10.042,80.31782233,0,61.37782233,2.783,16.157,0,0,0,1,0,0,0,0,0,NA,0,0,0
Only Wx,2000-09,2 Unit,500-749,Natural Gas,54.20833489,16.74457362,43.15753489,0.936106955,3.482933333,12.32553333,-0.402903802,-0.009160784,-0.006266667,15,-0.403503802,-0.015227451,0.0002,-0.007388577,-0.00090857,-0.009249305,-0.009691206,-0.001796018,1.62267416702348e-05
Only Wx,2000-09,2 Unit,750-999,Natural Gas,102.9302909,21.41854361,81.75829094,1.808543615,5.507,14.103,-0.745096072,-0.016216295,-0.018,1,-0.746096072,-0.035216295,-0.001,-0.007196393,-0.001641498,-0.009031097,-0.00888681,-0.003257919,-7.09E-05
Only Wx,2000-09,3 or 4 Unit,500-749,Natural Gas,39.2549703,15.50731895,18.5279703,0.359318953,3.1365,12.0115,-0.840260117,-0.01578955,-0.012,2,-0.843260117,-0.02728955,0.0005,-0.021029859,-0.001756694,-0.043383422,-0.042093288,-0.003811339,4.16285072019305e-05
Only Wx,2000-09,3 or 4 Unit,750-999,Natural Gas,26.9824346,23.63127255,21.2894346,0.470272549,2.398,20.763,-1.322054771,-0.029872122,-0.024,1,-1.321054771,-0.051872122,0.002,-0.046674626,-0.002190255,-0.058468275,-0.059726962,-0.009909166,9.6334473291385e-05
Only Wx,2000-09,Single-Family Detached,1000-1499,Natural Gas,72.53317632,24.68167483,49.66692632,1.147174834,4.17935,19.35515,-9.705537787,-0.213244277,-0.17605,20,-9.689637787,-0.387544277,0.00175,-0.117846098,-0.015458969,-0.163468671,-0.156748957,-0.040421086,9.04233881383993e-05
Only Wx,2000-09,Single-Family Detached,1500-1999,Electricity,13.971,89.38656271,0,69.44756271,3.847,16.092,0,-61.51096664,-1.267,1,0.109,-62.82696664,-0.049,0.007863223,-0.412755469,NA,-0.469698056,-0.247751271,-0.003035747
Only Wx,2000-09,Single-Family Detached,1500-1999,Natural Gas,80.79099972,26.06682133,61.02173998,1.408223927,4.185493506,20.4731039,-10.48080304,-0.226518251,-0.190753247,77,-10.47064719,-0.416284484,0.000987013,-0.114732174,-0.01571887,-0.146579445,-0.138565123,-0.043588321,4.82125513765703e-05
Only Wx,2000-09,Single-Family Detached,2000-2499,Electricity,23.555,125.5858879,0,97.8038879,3.91,23.872,0,-4.666025456,-0.05,1,-0.022,-4.710025456,0.006,-0.000933113,-0.036148681,NA,-0.045535566,-0.012626263,0.000251404
Only Wx,2000-09,Single-Family Detached,2000-2499,Natural Gas,96.73883285,28.92211578,74.39736893,1.706538457,4.711865979,22.50371134,-16.64492236,-0.361325093,-0.310793814,97,-16.62218009,-0.676984887,-0.004865979,-0.146630483,-0.022871806,-0.182826268,-0.174733528,-0.061878333,-0.000216183
Only Wx,2000-09,Single-Family Detached,2500-2999,Natural Gas,105.4103111,31.74999709,82.46187291,1.880716196,5.093370787,24.77591011,-23.63223369,-0.504383348,-0.475696629,89,-23.60323369,-0.982619303,-0.002539326,-0.182951594,-0.030019577,-0.222747846,-0.211472661,-0.085417646,-0.000102481
Only Wx,2000-09,Single-Family Detached,3000-3999,Natural Gas,124.1439402,35.02949096,102.3678935,2.377238624,5.324841121,27.32741121,-25.03585337,-0.571582515,-0.479635514,107,-25.00893748,-1.054246066,-0.003028037,-0.167673181,-0.029216654,-0.196507983,-0.193834244,-0.082632,-0.000110794
Only Wx,2000-09,Single-Family Detached,4000+,Natural Gas,156.7794575,42.07025563,134.6214205,3.100663042,6.120814815,32.84877778,-44.10367508,-1.034176025,-0.949925926,27,-44.06567508,-1.986509358,-0.002407407,-0.21940126,-0.045089769,-0.246768228,-0.250112763,-0.134346027,-7.33E-05
Only Wx,2000-09,Single-Family Detached,750-999,Natural Gas,56.75910298,18.61471244,37.83560298,0.834712438,3.69,14.09,-0.725039075,-0.016216295,0.0115,2,-0.765539075,-0.003716295,0.001,-0.01330802,-0.000199603,-0.018802568,-0.019057172,0.003126274,7.09773582228137e-05
Only Wx,2010s,2 Unit,1500-1999,Natural Gas,150.0231712,28.19039618,126.1866712,2.059896184,8.646,17.4845,-0.06955937,-0.001280234,-0.002,2,-0.07005937,-0.002780234,0.0005,-0.000466772,-9.86E-05,-0.000550938,-0.000621118,-0.000231267,2.85975749257829e-05
Only Wx,2010s,2 Unit,500-749,Natural Gas,65.1791558,17.57811859,48.96687009,1.009190015,3.916142857,12.65278571,-0.639507265,-0.01335101,-0.013357143,14,-0.640150122,-0.026922438,-0.000214286,-0.009725872,-0.001529246,-0.012891634,-0.013056698,-0.003399197,-1.69E-05
Only Wx,2010s,3 or 4 Unit,2000-2499,Natural Gas,168.3398388,27.25594731,159.8858388,3.215947306,8.47,15.57,0,0,0,1,0,0,0,0,0,0,0,0,0
Only Wx,2010s,3 or 4 Unit,500-749,Natural Gas,69.43566472,20.617615,52.33766472,1.079948334,4.826,14.71166667,-0.303273162,-0.006543417,-0.004666667,3,-0.303939829,-0.010876751,0.000333333,-0.00435821,-0.000527268,-0.005761166,-0.006022519,-0.00096605,2.26582680020216e-05
Only Wx,2010s,3 or 4 Unit,750-999,Natural Gas,83.89539888,19.47513624,61.17639888,1.403136245,4.235,13.837,0,0,0,1,0,0,0,0,0,0,0,0,0
Only Wx,2010s,Single-Family Detached,1000-1499,Natural Gas,62.08090262,23.62650783,39.51072615,0.882507833,3.506764706,19.23723529,-0.959422271,-0.021186614,-0.012882353,17,-0.979128154,-0.030127791,0.003941176,-0.015526922,-0.001273545,-0.023706913,-0.023444444,-0.003660126,0.000204914
Only Wx,2010s,Single-Family Detached,1500-1999,Electricity,20.107,66.95444018,0,46.21644018,3.1,17.638,0,-2.049227569,-0.024,1,-0.053,-2.071227569,0.002,-0.002628968,-0.030006629,NA,-0.042457251,-0.007682458,0.000113404
Only Wx,2010s,Single-Family Detached,1500-1999,Natural Gas,70.22192502,26.19970515,49.42884421,1.094957675,3.860717172,21.2440303,-1.15666753,-0.025630539,-0.020131313,99,-1.178576621,-0.041872964,0.003888889,-0.016506559,-0.001595672,-0.022865589,-0.022872398,-0.005187348,0.000183091
Only Wx,2010s,Single-Family Detached,2000-2499,Natural Gas,80.80500537,29.47310067,58.99257317,1.317837956,3.985550847,24.16971186,-1.995074403,-0.044706922,-0.033694915,118,-2.009337115,-0.076435735,0.001966102,-0.024263154,-0.002586698,-0.032712762,-0.032811339,-0.008383393,8.13522996401486e-05
Only Wx,2010s,Single-Family Detached,2500-2999,Electricity,21.048,75.05057631,0,52.29157631,2.488,20.271,0,0,0,1,0,0,0,0,0,NA,0,0,0
Only Wx,2010s,Single-Family Detached,2500-2999,Natural Gas,89.28549219,30.82199533,67.28032413,1.510087765,4.426084034,24.88582353,-2.993867981,-0.067325236,-0.052605042,119,-3.004800754,-0.118022715,0.001907563,-0.032558145,-0.003814565,-0.042602667,-0.042680792,-0.011745634,7.66584740034477e-05
Only Wx,2010s,Single-Family Detached,3000-3999,Electricity,0,165.4412086,0,114.3812086,7.448,43.612,0,0,0,1,0,0,0,NA,0,NA,0,0,0
Only Wx,2010s,Single-Family Detached,3000-3999,Natural Gas,98.78480563,34.2171266,76.68929294,1.703867713,4.61486802,27.89839086,-3.878176941,-0.084668728,-0.065659898,197,-3.888166789,-0.148313398,0.002015228,-0.037869429,-0.004315772,-0.048135767,-0.047339672,-0.01402831,7.22397938999928e-05
Only Wx,2010s,Single-Family Detached,4000+,Natural Gas,137.9501797,46.93396098,109.049562,2.438343337,5.741411765,38.75420588,-4.843777134,-0.108368026,-0.095029412,34,-4.849188898,-0.20177979,0.001617647,-0.033958056,-0.004280824,-0.042529064,-0.042552143,-0.016282082,4.17429424068449e-05
Only Wx,2010s,Single-Family Detached,500-749,Natural Gas,38.70485862,28.33480744,20.87335862,0.478807441,3.3065,24.5495,-9.561212763,-0.219773469,-0.0735,2,-9.530212763,-0.291773469,0.0015,-0.197578494,-0.010192397,-0.314156314,-0.314599878,-0.021745562,6.11047743197025e-05
Only Wx,<1940,2 Unit,0-499,Natural Gas,42.02054153,13.03305043,28.1639582,0.507328205,2.394805556,10.13091667,-7.925477003,-0.139687732,-0.057361111,36,-7.941227003,-0.191826621,0.005222222,-0.158946075,-0.014504983,-0.219606568,-0.21589535,-0.023392012,0.00051574
Only Wx,<1940,2 Unit,1000-1499,Electricity,12.989,165.7123059,0,152.3683059,3.642,9.702,0,-13.28882684,-0.072,1,-0.008,-13.35982684,0.001,-0.000615527,-0.07460584,NA,-0.080218863,-0.019386107,0.000103082
Only Wx,<1940,2 Unit,1000-1499,Natural Gas,102.2139413,18.81741129,86.38349685,1.143997957,4.193608889,13.47980444,-13.57964665,-0.197205318,-0.126342222,225,-13.58748665,-0.320223096,0.003324444,-0.117334362,-0.016732637,-0.135846535,-0.147036114,-0.029246216,0.000246685
Only Wx,<1940,2 Unit,1500-1999,Electricity,16.338,186.9341356,0,170.9291356,1.702,14.303,0,-2.202002136,-0.003,1,-0.001,-2.204002136,0.001,-6.12E-05,-0.01165287,NA,-0.012718695,-0.001759531,6.99202908677502e-05
Only Wx,<1940,2 Unit,1500-1999,Natural Gas,146.6061802,22.6871522,129.8872711,1.430758259,5.107666667,16.14872727,-13.58961713,-0.162874189,-0.131909091,66,-13.59638986,-0.292525704,0.002257576,-0.084869986,-0.012729757,-0.094716419,-0.102203108,-0.025175529,0.000139819
Only Wx,<1940,2 Unit,2000-2499,Electricity,0,103.8645181,0,83.44051815,0,20.424,0,-43.78826341,0,1,0,-43.77526341,0.013,NA,-0.296500462,NA,-0.344169479,NA,0.000636911
Only Wx,<1940,2 Unit,2000-2499,Natural Gas,151.5338308,24.66589382,134.6840808,1.5561716,5.851333333,17.25838889,-23.10364444,-0.293600285,-0.229833333,36,-23.10936666,-0.521489174,0.001944444,-0.132323314,-0.020704381,-0.146422318,-0.158722428,-0.037794283,0.000112679
Only Wx,<1940,2 Unit,2500-2999,Natural Gas,238.0552985,27.8647955,222.5240677,3.659564731,7.259076923,16.94615385,-13.39117989,-0.241997015,-0.175769231,13,-13.39341066,-0.418843169,-0.001076923,-0.053264981,-0.014808673,-0.056762672,-0.062025679,-0.023641273,-6.35E-05
Only Wx,<1940,2 Unit,3000-3999,Natural Gas,207.6325032,32.16778851,184.0983032,3.499988511,8.799,19.8688,-32.44573333,-0.328251946,-0.3086,5,-32.46073333,-0.632251946,0.0046,-0.135200532,-0.01927595,-0.149834342,-0.085744861,-0.033883789,0.000231572
Only Wx,<1940,2 Unit,4000+,Natural Gas,391.3724937,44.30382187,377.0629937,7.761488537,10.0585,26.48383333,-41.41214947,-0.434283755,-0.4,6,-41.41764947,-0.832783755,0.0015,-0.095699151,-0.018450296,-0.09895964,-0.052988753,-0.038246402,5.6641534608114e-05
Only Wx,<1940,2 Unit,500-749,Electricity,10.694,98.13067593,0,85.47267593,4.527,8.131,0,-6.144268751,-0.082,1,-0.005,-6.224268751,0.002,-0.000467333,-0.059645173,NA,-0.067064764,-0.017791278,0.000246033
Only Wx,<1940,2 Unit,500-749,Natural Gas,63.03689802,15.75187423,48.81191725,0.820662692,2.966480769,11.96473077,-7.936415525,-0.128548604,-0.070788462,52,-7.946492448,-0.195644758,0.003692308,-0.111948618,-0.012268037,-0.13985284,-0.135426753,-0.023306614,0.000308695
Only Wx,<1940,2 Unit,750-999,Natural Gas,85.42199689,17.47351393,71.11206748,0.96313746,3.593023529,12.91735294,-10.06147291,-0.148336423,-0.085635294,85,-10.06866114,-0.231971717,0.002,-0.105441321,-0.013101686,-0.123950155,-0.133459207,-0.023278944,0.000154854
Only Wx,<1940,3 or 4 Unit,0-499,Natural Gas,42.49754255,12.15683948,29.23994255,0.427939485,1.7999,9.929,-6.142561772,-0.084154035,-0.0172,10,-6.172461772,-0.093354035,0.008,-0.126822709,-0.007620617,-0.173604494,-0.164333333,-0.009465632,0.00080637
Only Wx,<1940,3 or 4 Unit,1000-1499,Electricity,16.977,125.9205609,0,113.0975609,0,12.823,0,-19.34518621,0,1,-0.041,-19.33618621,0.009,-0.002409214,-0.133117302,NA,-0.146064519,NA,0.000702357
Only Wx,<1940,3 or 4 Unit,1000-1499,Natural Gas,102.2182532,17.64795329,85.15349129,0.934977097,4.357,12.35597619,-14.01504455,-0.144707062,-0.133809524,42,-14.02249693,-0.275159443,0.003357143,-0.120633228,-0.015352213,-0.141325516,-0.134027216,-0.029796304,0.000271776
Only Wx,<1940,3 or 4 Unit,1500-1999,Natural Gas,127.8280029,17.5182851,112.8775029,1.226535105,3.971583333,12.32016667,-8.788591665,-0.105405916,-0.0775,12,-8.791091665,-0.182322583,0.000583333,-0.06434746,-0.010300357,-0.07223534,-0.079137075,-0.019140135,4.73500862447857e-05
Only Wx,<1940,3 or 4 Unit,2000-2499,Natural Gas,85.27105389,25.32107014,73.93805389,0.38407014,2.938,21.999,-12.69422937,-0.062020215,-0.148333333,3,-12.69689603,-0.209686882,0.000666667,-0.129602549,-0.008213109,-0.14653001,-0.139030612,-0.048061346,3.03053261609483e-05
Only Wx,<1940,3 or 4 Unit,2500-2999,Natural Gas,112.0413668,25.3700383,95.20586677,2.327038304,2.629,20.414,-32.77483877,-0.830018247,-0.0995,2,-32.77733877,-0.928518247,0.001,-0.226333599,-0.035306814,-0.256092031,-0.262908894,-0.036466923,4.89883897515147e-05
Only Wx,<1940,3 or 4 Unit,500-749,Electricity,12.447,79.8679908,0,60.0369908,4.517,15.314,0,-15.84246653,-0.1,1,-0.025,-15.93346653,0.009,-0.00200449,-0.16631758,NA,-0.208784658,-0.021659086,0.000588043
Only Wx,<1940,3 or 4 Unit,500-749,Natural Gas,62.02167297,14.99755911,47.77730515,0.701754517,2.962942529,11.33286207,-8.729644501,-0.138186769,-0.059908046,87,-8.742495076,-0.193772976,0.004321839,-0.123544095,-0.012755496,-0.15448798,-0.164519558,-0.019818395,0.0003815
Only Wx,<1940,3 or 4 Unit,750-999,Natural Gas,73.30732477,16.93768628,59.23953065,0.876156869,3.302264706,12.75926471,-7.661345804,-0.091775192,-0.0535,34,-7.671198745,-0.141686956,0.003588235,-0.094731275,-0.008295794,-0.114517869,-0.094815737,-0.015942715,0.000281305
Only Wx,<1940,Single-Family Detached,0-499,Natural Gas,36.5473183,24.92496529,11.6723183,0.174965286,1.615,23.135,-11.97786743,-0.186914135,0.058,1,-12.02786743,-0.084914135,0.044,-0.247613411,-0.003395224,-0.506459762,-0.516509434,0.037251124,0.001905504
Only Wx,<1940,Single-Family Detached,1000-1499,Electricity,10.12983333,99.31179723,0,69.06463056,4.161333333,26.08583333,0,-21.04619018,-0.243,6,0.0215,-21.28685685,0.002333333,0.002126958,-0.176509904,NA,-0.233558967,-0.055172936,8.94562974038236e-05
Only Wx,<1940,Single-Family Detached,1000-1499,Natural Gas,82.12535165,23.2310682,62.23122137,1.054259512,3.452487089,18.7243216,-19.5050251,-0.324315879,-0.22135446,852,-19.49560256,-0.541825268,0.00384507,-0.191846285,-0.022791726,-0.238633727,-0.235254365,-0.060251499,0.000205394
Only Wx,<1940,Single-Family Detached,1500-1999,Electricity,14.27166667,131.8616174,0,94.22961737,4.508,33.124,0,-22.51390711,-0.144666667,6,-0.016666667,-22.64757378,0.011,-0.001166453,-0.146577518,NA,-0.192849301,-0.03109328,0.000332196
Only Wx,<1940,Single-Family Detached,1500-1999,Natural Gas,101.5233358,26.39816323,81.00534205,1.345029343,4.116370293,20.9367636,-25.57416108,-0.415626028,-0.319585774,478,-25.56393723,-0.735640673,-0.00042887,-0.201152614,-0.027111594,-0.23995384,-0.23606325,-0.072044396,-2.05E-05
Only Wx,<1940,Single-Family Detached,2000-2499,Electricity,22.629,132.1016669,0,102.5441669,4.9355,24.622,0,-23.28446561,-0.5935,2,0.0185,-23.87846561,-0.0005,0.000818204,-0.153086584,NA,-0.185049024,-0.1073431,-2.03E-05
Only Wx,<1940,Single-Family Detached,2000-2499,Natural Gas,120.101687,27.86255539,99.69221997,1.674106289,4.304461078,21.88398802,-29.18867647,-0.44500007,-0.369532934,167,-29.18692797,-0.811880309,0.002652695,-0.195506723,-0.028313733,-0.226477913,-0.209994212,-0.079061491,0.000121231
Only Wx,<1940,Single-Family Detached,2500-2999,Natural Gas,149.288215,30.40331061,127.9397381,2.232110609,4.707030769,23.46416923,-33.62156571,-0.634378826,-0.428184615,65,-33.59750417,-1.060486519,0.002076923,-0.183707642,-0.033704976,-0.208104075,-0.221308622,-0.083382017,8.85225004523352e-05
Only Wx,<1940,Single-Family Detached,3000-3999,Electricity,22.696,155.6849108,0,131.0029108,5.128,19.554,0,-73.66465285,-0.95,1,0.11,-74.61365285,0.001,0.004870274,-0.323986618,NA,-0.359923437,-0.156301415,5.11430471020821e-05
Only Wx,<1940,Single-Family Detached,3000-3999,Natural Gas,162.276104,32.83501568,140.9308061,2.293271002,5.484765957,25.05697872,-37.87203971,-0.751706073,-0.538255319,47,-37.84844396,-1.294514584,-0.004553191,-0.189124444,-0.037929458,-0.211808931,-0.246867564,-0.089366332,-0.00018168
Only Wx,<1940,Single-Family Detached,4000+,Natural Gas,270.8186799,44.29562102,245.8538799,2.371121021,6.0133,35.9112,-50.20065579,-0.505308281,-0.45455,20,-50.19260579,-0.962008281,-0.00215,-0.156357761,-0.021256268,-0.169565569,-0.175672067,-0.070278377,-5.99E-05
Only Wx,<1940,Single-Family Detached,500-749,Electricity,16.1815,63.51357654,0,42.94757654,1.5825,18.9835,0,-14.08129157,-0.1315,2,-0.0005,-14.20179157,0.011,-3.09E-05,-0.182741096,NA,-0.246915151,-0.07672112,0.000579787
Only Wx,<1940,Single-Family Detached,500-749,Natural Gas,53.30152689,19.52544971,34.4287153,0.626696092,2.889115942,16.00963768,-12.34890022,-0.219940456,-0.101028986,69,-12.3547408,-0.315056398,0.005913043,-0.18817306,-0.015879454,-0.263991657,-0.259781434,-0.033787321,0.000369479
Only Wx,<1940,Single-Family Detached,750-999,Natural Gas,66.09622027,20.93600526,47.59272409,0.824646477,3.25210687,16.85925191,-16.35677521,-0.278045281,-0.173740458,262,-16.35373705,-0.447888793,0.003896947,-0.198347429,-0.020945146,-0.255776439,-0.25215141,-0.050714594,0.000231199
Dual Fuel 80%,1940-59,Single-Family Attached,1000-1499,Natural Gas,2.772468859,52.69504544,2.772468859,30.72855507,1.808672903,20.15781747,-74.01839186,28.96453345,-2.854009511,NA,-91.85386688,29.42034679,3.30982285,-0.970700875,1.264048452,-0.963895849,16.4196023,-0.612096055,0.196452036
Dual Fuel 80%,1940-59,Single-Family Attached,500-749,Natural Gas,1.56178925,35.26193804,1.56178925,18.24309629,1.243451439,15.7753903,-44.00647754,17.19074838,-2.243769015,NA,-60.06287754,18.33515209,3.388172727,-0.974656427,1.0832034,-0.965726385,16.33561307,-0.643426203,0.273521693
Dual Fuel 80%,1940-59,Single-Family Attached,750-999,Natural Gas,1.721619573,42.75405621,1.721619573,23.07923199,1.471745494,18.20307872,-55.63423567,21.74461507,-2.58492864,NA,-72.1172248,22.23731908,3.077632649,-0.976684094,1.083862358,-0.969983543,16.29277645,-0.637203915,0.203473844
Dual Fuel 80%,1960-79,Single-Family Attached,1000-1499,Natural Gas,2.845092968,53.05020083,2.845092968,30.46349532,1.788681069,20.79802444,-81.49607507,28.55973346,-3.092089702,NA,-100.4694123,28.94791059,3.480266828,-0.972461825,1.20104398,-0.966266854,15.00173639,-0.633524877,0.200965212
Dual Fuel 80%,1960-79,Single-Family Attached,1500-1999,Natural Gas,2.975351996,58.34703151,2.975351996,34.3270574,1.786032718,22.2339414,-97.86744775,32.00795195,-3.243534564,NA,-117.0887332,32.26073459,3.496317207,-0.975218634,1.236692762,-0.970495147,13.80185275,-0.644893364,0.186593411
Dual Fuel 80%,1960-79,Single-Family Attached,750-999,Electricity,0,67.4131317,0,39.1537317,1.13544,27.12396,0,-12.87092439,-0.27246,NA,-9.10974,-12.70868439,0.4347,-1,-0.158617029,NA,-0.24740047,-0.193522267,0.01628745
Dual Fuel 80%,1960-79,Single-Family Attached,750-999,Natural Gas,1.964804321,44.64944432,1.964804321,24.15671557,1.5356625,18.95706625,-65.24160324,22.67955381,-2.77179,NA,-82.42675293,23.40347662,3.495712813,-0.976717999,1.101549101,-0.970764628,15.3534666,-0.643487073,0.226093584
Dual Fuel 80%,1980-99,Single-Family Attached,1000-1499,Natural Gas,2.648086136,51.07356669,2.648086136,28.30999913,1.655582983,21.10798458,-69.31799753,26.58242797,-2.857842647,NA,-88.51325119,27.42168644,3.697101113,-0.970951653,1.159387167,-0.963203693,15.38716819,-0.633187047,0.212344257
Dual Fuel 80%,1980-99,Single-Family Attached,750-999,Natural Gas,2.091379184,45.81501715,2.091379184,24.0307278,1.547058387,20.23723097,-56.08362911,22.66417279,-2.649689355,NA,-74.30890298,23.28509262,3.270609194,-0.972626028,1.033518448,-0.964050213,16.58489606,-0.631367315,0.19276726
Dual Fuel 80%,2000-09,Single-Family Attached,1500-1999,Electricity,0,90.46544636,0,69.80044636,3.00152,17.66348,0,-40.77604397,-1.38606,NA,-12.34268,-39.67404397,2.48806,-1,-0.30485784,NA,-0.36875871,-0.315905351,0.163953288
Dual Fuel 80%,2000-09,Single-Family Attached,750-999,Natural Gas,2.088850845,40.43126604,2.088850845,22.43406604,1.47314,16.52406,-42.06784678,21.45890342,-2.31702,NA,-60.29162678,22.41958342,3.2777,-0.96651435,1.244724543,-0.952694586,22.00546142,-0.611325116,0.247441561
Dual Fuel 80%,2010s,Single-Family Attached,1500-1999,Natural Gas,3.528589832,53.91837416,3.528589832,29.40255638,1.857559091,22.65825869,-57.6425206,28.17989758,-2.648525758,NA,-77.75257293,28.90000304,3.368631212,-0.956587852,1.155151265,-0.942316074,23.04804712,-0.587766508,0.174634332
Dual Fuel 80%,2010s,Single-Family Attached,500-749,Natural Gas,0.930111594,36.38657961,0.930111594,13.47157961,1.153887143,21.76111286,-31.12931058,12.75660073,-2.122222857,NA,-47.57601772,11.46147073,0.827092857,-0.980824865,0.459836336,-0.970987887,17.84192674,-0.647787424,0.039509509
Dual Fuel 80%,<1940,Single-Family Attached,0-499,Natural Gas,1.140415857,33.61671621,1.140415857,5.166251209,1.116415,27.33405,-23.32982364,4.77475998,-0.508295,NA,-44.76984364,12.22872998,7.962265,-0.975159891,0.57175696,-0.953395803,12.19633962,-0.312852755,0.411023816
Dual Fuel 80%,<1940,Single-Family Attached,1000-1499,Electricity,0,106.8668636,0,83.13756362,3.598213333,20.13108667,0,-15.16494404,-0.4176,NA,-10.02179333,-17.02109738,-1.438553333,-1,-0.137391053,NA,-0.15426813,-0.103988897,-0.066693433
Dual Fuel 80%,<1940,Single-Family Attached,1000-1499,Natural Gas,2.990018594,49.13337717,2.990018594,27.10260055,1.60891194,20.42186469,-77.12289455,25.81346666,-1.960798838,NA,-95.08616364,27.62120395,3.768536126,-0.969513306,1.283980175,-0.962677445,20.02388343,-0.549287872,0.226293267
Dual Fuel 80%,<1940,Single-Family Attached,1500-1999,Electricity,0,137.8870343,0,106.2275077,3.588866667,28.07066,0,-13.66117573,-0.25406,NA,-13.80015333,-13.58481573,0.33042,-1,-0.089685415,NA,-0.113948834,-0.066111072,0.011911216
Dual Fuel 80%,<1940,Single-Family Attached,1500-1999,Natural Gas,4.704824597,59.83369491,4.704824597,35.20417459,1.999175538,22.63034478,-102.1214377,33.57922267,-2.315274709,NA,-120.7179655,35.07566192,3.81171396,-0.96248828,1.416738637,-0.955958165,20.66474841,-0.536632613,0.202550015
Dual Fuel 80%,<1940,Single-Family Attached,2000-2499,Electricity,0,127.62036,0,99.57707999,3.1882,24.85508,0,-18.95386141,-1.01384,NA,-17.18398,-17.49970141,2.468,-1,-0.120587748,NA,-0.159906445,-0.241273286,0.110242158
Dual Fuel 80%,<1940,Single-Family Attached,2000-2499,Natural Gas,6.195865701,66.76647659,6.195865701,41.12662979,2.112032275,23.52781452,-120.1554061,39.18315002,-2.534813174,NA,-138.6992573,40.44017651,3.791839671,-0.957238963,1.53611318,-0.950963171,20.16133668,-0.545491173,0.192128319
Dual Fuel 80%,<1940,Single-Family Attached,2500-2999,Natural Gas,11.91417197,80.21449794,11.91417197,52.88069394,2.787668308,24.54613569,-153.3371635,49.99988086,-2.453367692,NA,-172.3397422,51.21095717,3.664444,-0.935338296,1.765679493,-0.927902719,17.35616973,-0.468107392,0.175485974
Dual Fuel 80%,<1940,Single-Family Attached,3000-3999,Natural Gas,13.51338247,82.09531581,13.51338247,52.2528061,2.676432511,27.16607719,-161.3547069,49.24954024,-3.54043166,NA,-181.7980566,50.25286552,4.543756936,-0.930811106,1.578172065,-0.922722422,16.39866151,-0.569488341,0.200852825
Dual Fuel 80%,<1940,Single-Family Attached,4000+,Natural Gas,38.38965299,107.0880033,38.38965299,65.75282333,4.24868,37.0865,-261.9373199,62.09149805,-2.549416,NA,-283.4811499,64.56761605,5.025534,-0.88072962,1.518509594,-0.872173809,16.95874943,-0.375019123,0.156749301
Dual Fuel 80%,<1940,Single-Family Attached,500-749,Electricity,0.31968,70.33133901,0.31968,48.55803901,1.87012,19.90318,0.31968,-11.2749508,-0.26214,NA,-13.90446,-7.516230797,4.02086,-0.977525531,-0.096550616,Inf,-0.188440371,-0.122939979,0.253165784
Dual Fuel 80%,<1940,Single-Family Attached,500-749,Natural Gas,1.665617978,35.05015669,1.665617978,15.60325318,1.162832804,18.2840707,-44.10006971,14.78895137,-1.656385803,NA,-61.01015575,17.10081862,3.968253055,-0.973424852,0.952726979,-0.963605529,18.16151112,-0.587533652,0.277193602
Dual Fuel 80%,<1940,Single-Family Attached,750-999,Natural Gas,2.387554781,41.18270288,2.387554781,21.21122742,1.378582378,18.59289309,-60.82530196,20.17311638,-1.88722018,NA,-77.46273123,21.74395599,3.45805979,-0.970099609,1.118588359,-0.962229918,19.43252282,-0.577873324,0.228483507
Dual Fuel 80% No Wx,1940-59,Single-Family Attached,1000-1499,Natural Gas,3.254614822,57.13509763,3.254614822,35.05335289,1.910825698,20.17091904,-73.5362459,33.28933127,-2.751856716,NA,-91.37172092,33.86039898,3.322924423,-0.965605613,1.454815785,-0.957617159,18.8712717,-0.590187465,0.19722967
Dual Fuel 80% No Wx,1940-59,Single-Family Attached,500-749,Natural Gas,1.749869238,37.99131563,1.749869238,20.91614442,1.288604015,15.7865672,-43.81839756,19.86379651,-2.198616439,NA,-59.87479756,21.06452969,3.399349621,-0.971604402,1.244449463,-0.961598951,18.8756933,-0.63047819,0.274423986
Dual Fuel 80% No Wx,1940-59,Single-Family Attached,750-999,Natural Gas,1.920608601,45.99396969,1.920608601,26.23707905,1.536674594,18.22021605,-55.43524664,24.90246213,-2.51999954,NA,-71.91823577,25.47723256,3.094769973,-0.973989184,1.241777989,-0.966514167,18.65888392,-0.621198414,0.204606856
Dual Fuel 80% No Wx,1960-79,Single-Family Attached,1000-1499,Natural Gas,3.272033054,59.36783007,3.272033054,36.61653628,1.937465003,20.81382879,-81.06913498,34.71277443,-2.943305769,NA,-100.0424722,35.26553984,3.496071176,-0.968329393,1.463161363,-0.961204793,18.23377981,-0.603041181,0.201877821
Dual Fuel 80% No Wx,1960-79,Single-Family Attached,1500-1999,Natural Gas,5.334862136,67.77991708,5.334862136,43.4903105,2.04745207,22.24215451,-95.50793761,41.17120504,-2.982115212,NA,-114.729223,41.69362016,3.504530324,-0.955566545,1.598295852,-0.947097243,17.75305432,-0.592916854,0.187031733
Dual Fuel 80% No Wx,1960-79,Single-Family Attached,750-999,Electricity,0,81.59145627,0,53.07113627,1.36648,27.15384,0,1.046480178,-0.04142,NA,-9.10974,1.469640178,0.46458,-1,0.018342572,NA,0.020115081,-0.029419703,0.017407002
Dual Fuel 80% No Wx,1960-79,Single-Family Attached,750-999,Natural Gas,2.167752582,49.78588546,2.167752582,29.15349796,1.651440313,18.98094719,-65.03865498,27.6763362,-2.656012188,NA,-82.22380467,28.53991776,3.51959375,-0.974313158,1.343309854,-0.967744853,18.736158,-0.616608584,0.227638141
Dual Fuel 80% No Wx,1980-99,Single-Family Attached,1000-1499,Natural Gas,2.919629445,54.91280123,2.919629445,32.05200894,1.740124202,21.12066809,-69.04645422,30.32443778,-2.773301429,NA,-88.24170788,31.26092098,3.709784622,-0.967972942,1.32170976,-0.95943048,17.55322068,-0.614455993,0.213072739
Dual Fuel 80% No Wx,1980-99,Single-Family Attached,750-999,Natural Gas,2.187398653,48.42823369,2.187398653,26.56653933,1.602400161,20.25929419,-55.98760964,25.19998432,-2.594347581,NA,-74.21288351,25.89830916,3.292672419,-0.971369233,1.149507142,-0.962399685,18.44051952,-0.618180491,0.19406765
Dual Fuel 80% No Wx,2000-09,Single-Family Attached,1500-1999,Electricity,0,135.3533405,0,113.5468205,4.1438,17.66272,0,2.970330184,-0.24378,NA,-12.34268,5.213850184,2.4873,-1,0.040063552,NA,0.026862222,-0.05556138,0.163903207
Dual Fuel 80% No Wx,2000-09,Single-Family Attached,750-999,Natural Gas,2.128106883,40.80785794,2.128106883,22.76499794,1.47816,16.5647,-42.02859074,21.78983532,-2.312,NA,-60.25237074,22.79617532,3.31834,-0.96588505,1.265632745,-0.95180557,22.34482215,-0.610000633,0.250509574
Dual Fuel 80% No Wx,2010s,Single-Family Attached,1500-1999,Natural Gas,3.578871643,54.33846129,3.578871643,29.79972068,1.868467778,22.67027283,-57.59223879,28.57706189,-2.637617071,NA,-77.70229111,29.32009017,3.380645354,-0.955969237,1.171942411,-0.941494087,23.3728837,-0.585345629,0.175257161
Dual Fuel 80% No Wx,2010s,Single-Family Attached,500-749,Natural Gas,1.133100589,39.62384453,1.133100589,16.65828881,1.205178571,21.76037714,-30.92632159,15.94330994,-2.070931429,NA,-47.37302873,14.69873565,0.826357143,-0.976640053,0.589716006,-0.964656238,22.29899437,-0.632131225,0.039474365
Dual Fuel 80% No Wx,<1940,Single-Family Attached,0-499,Natural Gas,1.773730448,36.91615377,1.773730448,8.47741377,1.06533,27.37341,-22.69650904,8.085922541,-0.55938,NA,-44.13652904,15.52816754,8.001625,-0.961365271,0.726022889,-0.92751479,20.65416017,-0.34429529,0.413055637
Dual Fuel 80% No Wx,<1940,Single-Family Attached,1000-1499,Electricity,0,123.8515904,0,99.93039038,3.783913333,20.13728667,0,1.627882711,-0.2319,NA,-10.02179333,-0.036370622,-1.432353333,-1,-0.000293577,NA,0.016559931,-0.057746708,-0.066405992
Dual Fuel 80% No Wx,<1940,Single-Family Attached,1000-1499,Natural Gas,3.816336316,55.64825323,3.816336316,33.46680882,1.735015743,20.44642867,-76.29657683,32.17767493,-1.834695035,NA,-94.25984592,34.13608001,3.793100109,-0.961088042,1.586826196,-0.952363032,24.96069282,-0.513961816,0.227768286
Dual Fuel 80% No Wx,<1940,Single-Family Attached,1500-1999,Electricity,0,154.238432,0,122.4466986,3.698153333,28.09358,0,2.558015241,-0.144773333,NA,-13.80015333,2.766581908,0.35334,-1,0.01826466,NA,0.021336586,-0.037672677,0.012737453
Dual Fuel 80% No Wx,<1940,Single-Family Attached,1500-1999,Natural Gas,6.649659364,67.55352781,6.649659364,42.73210488,2.167141407,22.65428153,-100.1766029,41.10715296,-2.14730884,NA,-118.7731307,42.79549482,3.835650704,-0.946982049,1.728549875,-0.937752579,25.29745796,-0.497701611,0.203821986
Dual Fuel 80% No Wx,<1940,Single-Family Attached,2000-2499,Electricity,0,152.073981,0,123.585441,3.62368,24.86486,0,5.054499601,-0.57836,NA,-17.18398,6.953919601,2.47778,-1,0.047918389,NA,0.042642871,-0.137637909,0.110679017
Dual Fuel 80% No Wx,<1940,Single-Family Attached,2000-2499,Natural Gas,9.7583975,74.98409185,9.7583975,49.09518724,2.333868473,23.55503614,-116.5928743,47.15170747,-2.312976976,NA,-135.1367255,48.65779178,3.819061287,-0.932651995,1.848257888,-0.922767715,24.2614861,-0.497752077,0.193507608
Dual Fuel 80% No Wx,<1940,Single-Family Attached,2500-2999,Natural Gas,17.51901151,87.37444505,17.51901151,59.79899336,3.018541231,24.55691046,-147.7323239,56.91818028,-2.222494769,NA,-166.7349027,58.37090428,3.675218769,-0.904919189,2.01254408,-0.893985658,19.75767903,-0.424056383,0.176001965
Dual Fuel 80% No Wx,<1940,Single-Family Attached,3000-3999,Natural Gas,20.62389779,89.65422297,20.62389779,59.4910468,2.954873872,27.2083023,-154.2441916,56.48778094,-3.261990298,NA,-174.6875412,57.81177269,4.585982043,-0.89440507,1.81555666,-0.882060255,18.8087847,-0.524700268,0.202719349
Dual Fuel 80% No Wx,<1940,Single-Family Attached,4000+,Natural Gas,49.13223308,113.0982446,49.13223308,71.32719857,4.575774,37.195272,-251.1947398,67.66587328,-2.222322,NA,-272.7385698,70.57785728,5.134306,-0.847354179,1.65985923,-0.836404194,18.48125148,-0.326903592,0.160141962
Dual Fuel 80% No Wx,<1940,Single-Family Attached,500-749,Electricity,0.31968,82.44970888,0.31968,60.50396888,2.03612,19.90962,0.31968,0.670979069,-0.09614,NA,-13.90446,4.602139069,4.0273,-0.977525531,0.059117312,Inf,0.011214199,-0.04508831,0.253571267
Dual Fuel 80% No Wx,<1940,Single-Family Attached,500-749,Natural Gas,2.060974045,39.16090303,2.060974045,19.62674469,1.222686159,18.31147218,-43.70471365,18.81244288,-1.596532447,NA,-60.61479968,21.21156496,3.995654532,-0.967116895,1.181746362,-0.954966829,23.10254338,-0.566303175,0.279107672
Dual Fuel 80% No Wx,<1940,Single-Family Attached,750-999,Natural Gas,2.914533597,46.58063474,2.914533597,26.48438807,1.473747111,18.62249956,-60.29832314,25.44627704,-1.792055447,NA,-76.93575241,27.14188785,3.487666258,-0.963500023,1.396277651,-0.953893342,24.51209569,-0.548733555,0.230439688
Only Wx,1940-59,Single-Family Attached,1000-1499,Natural Gas,83.16533407,22.8171294,65.31254784,1.497922988,4.470675554,16.84853085,-11.47831288,-0.266098632,-0.19200686,NA,-11.46100167,-0.457569254,0.000536239,-0.121118519,-0.019659514,-0.149474987,-0.150847716,-0.041179485,3.18280518946631e-05
Only Wx,1940-59,Single-Family Attached,500-749,Natural Gas,54.62305098,16.67311519,38.54690689,0.88612708,3.397231364,12.38975674,-7.021359901,-0.166220837,-0.089989091,NA,-7.001615811,-0.253670761,0.002539167,-0.113617098,-0.014986351,-0.154084419,-0.15795236,-0.025805392,0.000204983
Only Wx,1940-59,Single-Family Attached,750-999,Natural Gas,65.65828551,20.20513802,49.16169156,1.145207815,3.932346291,15.12758391,-8.194163677,-0.189409102,-0.124327843,NA,-8.18055886,-0.311599108,0.002137837,-0.110789367,-0.015187557,-0.142865339,-0.141920202,-0.030647727,0.00014134
Only Wx,1960-79,Single-Family Attached,1000-1499,Natural Gas,86.84268253,23.430762,67.84305862,1.539257243,4.575163615,17.31634114,-16.49810941,-0.364504609,-0.305607157,NA,-16.47182277,-0.671528242,-0.001416476,-0.159433786,-0.027861595,-0.195611583,-0.191465444,-0.062614528,-8.18E-05
Only Wx,1960-79,Single-Family Attached,1500-1999,Natural Gas,93.26678272,24.93235494,74.00789713,1.707607556,4.489818903,18.73492848,-26.83490261,-0.611497896,-0.539748379,NA,-26.79730246,-1.153941986,-0.002695711,-0.22319166,-0.044235561,-0.266106283,-0.263678349,-0.107315073,-0.000143866
Only Wx,1960-79,Single-Family Attached,750-999,Electricity,9.10448,66.96722454,0,39.01524454,1.25552,26.69646,0,-13.00941155,-0.15238,NA,-0.00526,-13.15459155,0.0072,-0.000577404,-0.164182394,NA,-0.250062423,-0.108232119,0.000269771
Only Wx,1960-79,Single-Family Attached,750-999,Natural Gas,70.96906017,20.72518834,53.76192829,1.197287719,4.06804,15.45986063,-13.44447927,-0.279874045,-0.2394125,NA,-13.42249708,-0.520779357,-0.001492813,-0.159050236,-0.024511915,-0.200047581,-0.189467431,-0.055580996,-9.66E-05
Only Wx,1980-99,Single-Family Attached,1000-1499,Natural Gas,81.13504145,23.25089485,61.9278599,1.493120651,4.349145483,17.40862872,-10.03822377,-0.234450507,-0.164280147,NA,-10.02629587,-0.400985402,-0.002254748,-0.109984081,-0.016953637,-0.139485481,-0.135711056,-0.036398107,-0.000129502
Only Wx,1980-99,Single-Family Attached,750-999,Natural Gas,69.64851074,22.26951226,51.41728978,1.221784519,4.079025968,16.96870177,-6.757718518,-0.14477049,-0.117721774,NA,-6.751771422,-0.260412264,0.00208,-0.088373645,-0.011558506,-0.116161883,-0.105938282,-0.028050715,0.000122594
Only Wx,2000-09,Single-Family Attached,1500-1999,Electricity,12.42552,82.39099568,0,63.82815568,3.42466,15.13818,0,-46.74833465,-0.96292,NA,0.08284,-47.74849465,-0.03724,0.00671167,-0.366902425,NA,-0.422769203,-0.219464944,-0.002453968
Only Wx,2000-09,Single-Family Attached,750-999,Natural Gas,61.66437063,18.0025193,43.47155063,0.959919303,3.79566,13.24694,-0.68514699,-0.015243317,0.0055,NA,-0.71610699,-0.009163317,0.00058,-0.011479665,-0.000508743,-0.015516264,-0.015631564,0.001451126,4.37856135571854e-05
Only Wx,2010s,Single-Family Attached,1500-1999,Natural Gas,80.37283384,24.98604723,60.27952242,1.202949146,4.490425051,19.29267303,-0.89158801,-0.019709652,-0.015659798,NA,-0.908328919,-0.032323894,0.003045556,-0.011175147,-0.001292006,-0.014575312,-0.016120321,-0.003475256,0.000157886
Only Wx,2010s,Single-Family Attached,500-749,Natural Gas,41.1479406,24.698515,24.67778917,0.545547858,3.217845714,20.93512143,-7.381633008,-0.169431018,-0.058264286,NA,-7.358188722,-0.226593875,0.001101429,-0.15169606,-0.009090988,-0.230248473,-0.23697346,-0.017784594,5.26142886759197e-05
Only Wx,<1940,Single-Family Attached,0-499,Natural Gas,35.33965938,21.28892269,13.94047438,0.224292694,1.658465,19.406165,-10.52976511,-0.167198534,0.033755,NA,-10.57060011,-0.099063534,0.03438,-0.230244835,-0.004631737,-0.430309034,-0.427081176,0.020776015,0.001774746
Only Wx,<1940,Single-Family Attached,1000-1499,Electricity,10.03669333,105.305181,0,79.9154143,3.818173333,21.57159333,0,-18.38709337,-0.19764,NA,0.0149,-18.58278004,0.001953333,0.00148676,-0.149996657,NA,-0.187046026,-0.049215435,9.05593850121192e-05
Only Wx,<1940,Single-Family Attached,1000-1499,Natural Gas,80.81377669,21.04274586,62.84475768,1.007156861,3.378739788,16.65684921,-17.26815547,-0.281977025,-0.19097099,NA,-17.26240555,-0.469427361,0.003520654,-0.17601017,-0.021821476,-0.215547716,-0.2187337,-0.053497609,0.000211408
Only Wx,<1940,Single-Family Attached,1500-1999,Electricity,13.78730667,133.8629736,0,102.3817536,3.73244,27.74878,0,-17.50692979,-0.110486667,NA,-0.012846667,-17.60887646,0.00854,-0.000930908,-0.116251808,NA,-0.146026541,-0.028750657,0.000307856
Only Wx,<1940,Single-Family Attached,1500-1999,Natural Gas,103.5468476,24.14629145,84.94376875,1.279758787,4.047821423,18.81871124,-21.88249351,-0.345193136,-0.266628825,NA,-21.87594247,-0.611741538,8.04222137702482e-05,-0.174417603,-0.02470881,-0.20484189,-0.21243283,-0.061799026,4.27354224293074e-06
Only Wx,<1940,Single-Family Attached,2000-2499,Electricity,17.19804,119.0928801,0,92.95286012,3.75098,22.38904,0,-25.57808128,-0.45106,NA,0.01406,-26.02718128,0.00196,0.000818204,-0.179349299,NA,-0.215792442,-0.1073431,8.75504978766306e-05
Only Wx,<1940,Single-Family Attached,2000-2499,Natural Gas,118.5533717,25.61540299,100.0092217,1.552431668,4.324630419,19.7383409,-26.34205012,-0.391048104,-0.32221503,NA,-26.34175125,-0.710897086,0.002366048,-0.181798743,-0.027003304,-0.208482667,-0.201210277,-0.069340595,0.000119885
Only Wx,<1940,Single-Family Attached,2500-2999,Natural Gas,156.3089971,28.12217925,137.2885331,2.355125714,4.883977231,20.88307631,-27.96280232,-0.525687371,-0.357058769,NA,-27.94491709,-0.881361525,0.001384615,-0.151665256,-0.030388066,-0.169213775,-0.182478819,-0.068127517,6.63076251203579e-05
Only Wx,<1940,Single-Family Attached,3000-3999,Natural Gas,160.7036896,30.74481385,140.2451072,2.372883894,5.752242128,22.61968783,-34.62298218,-0.630381966,-0.464622043,NA,-34.60774941,-1.097636434,-0.002632426,-0.17719264,-0.034470853,-0.197994856,-0.209898822,-0.074735756,-0.000116364
Only Wx,<1940,Single-Family Attached,4000+,Natural Gas,276.2692456,41.63935991,254.7202876,3.199119913,6.380638,32.059602,-45.6066853,-0.462205369,-0.417458,NA,-45.6015573,-0.881027369,-0.001364,-0.141676589,-0.020720116,-0.151856774,-0.126239909,-0.061408077,-4.25E-05
Only Wx,<1940,Single-Family Attached,500-749,Electricity,14.22286,65.93383984,0,48.02523984,2.01756,15.89104,0,-11.80774997,-0.1147,NA,-0.00128,-11.91372997,0.00872,-9.00E-05,-0.153039202,NA,-0.197345144,-0.053792689,0.000549038
Only Wx,<1940,Single-Family Attached,500-749,Natural Gas,51.85580208,17.67467914,34.95196873,0.624008314,2.729694654,14.32097618,-10.81371896,-0.190293495,-0.089523952,NA,-10.81997165,-0.274658919,0.005158528,-0.172634034,-0.015301897,-0.23628442,-0.233689147,-0.031754881,0.000360338
Only Wx,<1940,Single-Family Attached,750-999,Natural Gas,65.60908685,19.0565965,48.97064245,0.800096065,3.118345457,15.13815498,-14.24221429,-0.23801497,-0.147457101,NA,-14.24119916,-0.382150392,0.003321679,-0.178348756,-0.019659209,-0.225305658,-0.229276987,-0.045151873,0.000219472
