"model.geometry_building_type_acs","model.geometry_floor_area","model.vintage_acs","model.heating_fuel","res_heat","res_cool","res_count","cee_heat","cee_cool","cee_count","cf_heat","cf_cool","imputed","res_heat_adj","res_cool_adj"
"10 to 19 Unit","0-499","1940-59","Electricity",14.4095,2.6575,2,13.5419090913766,3.48231903538706,NA,0.939790352987722,1.31037404906381,1,13.5419090913766,3.48231903538706
"10 to 19 Unit","0-499","1940-59","Natural Gas",11.7274,1.661,5,11.0212973856282,2.17653129549498,NA,0.939790352987722,1.31037404906381,1,11.0212973856282,2.17653129549498
"10 to 19 Unit","0-499","1960-79","Electricity",11.3087142857143,0.72852380952381,21,13.1037463386299,0.72746583555623,NA,1.15872998535149,0.998547783951947,1,13.1037463386299,0.72746583555623
"10 to 19 Unit","0-499","1960-79","Natural Gas",12.1996538461538,0.970769230769231,26,14.1361047224471,0.969359464113352,NA,1.15872998535149,0.998547783951947,1,14.1361047224471,0.969359464113352
"10 to 19 Unit","0-499","1980-99","Electricity",5.46514285714286,1.31342857142857,7,6.42383027072611,1.19925952016938,NA,1.17541854598188,0.913075553750888,1,6.42383027072611,1.19925952016938
"10 to 19 Unit","0-499","1980-99","Natural Gas",10.0486363636364,1.76872727272727,11,11.8113535436461,1.61498163397975,NA,1.17541854598188,0.913075553750888,1,11.8113535436461,1.61498163397975
"10 to 19 Unit","0-499","2000-09","Electricity",18.479,0.709,1,29.2252681235927,0.78951463327226,NA,1.58153948393272,1.11356083677329,1,29.2252681235927,0.78951463327226
"10 to 19 Unit","0-499","2000-09","Natural Gas",2.699,1.91,1,4.2685750671344,2.12690119823698,NA,1.58153948393272,1.11356083677329,1,4.2685750671344,2.12690119823698
"10 to 19 Unit","0-499","2010s","Electricity",2.054,1.531,1,1.99090999279181,1.53930526582226,NA,0.969284319762324,1.00542473273825,1,1.99090999279181,1.53930526582226
"10 to 19 Unit","0-499","<1940","Electricity",13.912,1.47825,8,13.3982296631713,1.0739532562325,NA,0.963069987289482,0.726503132915611,1,13.3982296631713,1.0739532562325
"10 to 19 Unit","0-499","<1940","Natural Gas",14.6095714285714,1.64578571428571,14,14.0700397700191,1.19566847753633,NA,0.963069987289482,0.726503132915611,1,14.0700397700191,1.19566847753633
"10 to 19 Unit","1000-1499","1940-59","Electricity",30.5445,2.579,6,27.0165653210036,2.81379449304249,NA,0.884498529064272,1.09104090463067,1,27.0165653210036,2.81379449304249
"10 to 19 Unit","1000-1499","1940-59","Natural Gas",34.0778,2.7814,10,30.1417639737464,3.03462117213974,NA,0.884498529064272,1.09104090463067,1,30.1417639737464,3.03462117213974
"10 to 19 Unit","1000-1499","1960-79","Electricity",25.42425,1.134,16,35.5593203959061,1.14627811271986,NA,1.39863793016141,1.01082725989405,1,35.5593203959061,1.14627811271986
"10 to 19 Unit","1000-1499","1960-79","Natural Gas",32.1680344827586,1.59086206896552,29,44.9914331663262,1.6080867460418,NA,1.39863793016141,1.01082725989405,1,44.9914331663262,1.6080867460418
"10 to 19 Unit","1000-1499","1980-99","Electricity",19.2330454545455,1.98063636363636,22,23.684323292566,0.999713146265583,NA,1.23143905360909,0.504743407028109,1,23.684323292566,0.999713146265583
"10 to 19 Unit","1000-1499","1980-99","Natural Gas",32.6640909090909,2.71081818181818,22,40.2238371960921,1.36826760492465,NA,1.23143905360909,0.504743407028109,1,40.2238371960921,1.36826760492465
"10 to 19 Unit","1000-1499","2000-09","Electricity",19.0241666666667,1.64483333333333,6,23.9599157340291,1.77145094874125,NA,1.25944626925555,1.07697899406703,1,23.9599157340291,1.77145094874125
"10 to 19 Unit","1000-1499","2000-09","Natural Gas",23.402,2.39227272727273,11,29.4735615931184,2.57642747535216,NA,1.25944626925555,1.07697899406703,1,29.4735615931184,2.57642747535216
"10 to 19 Unit","1000-1499","2010s","Natural Gas",10.624,2.574,1,9.29409614309792,2.33183884778143,NA,0.874820796601837,0.905920298283386,1,9.29409614309792,2.33183884778143
"10 to 19 Unit","1000-1499","<1940","Electricity",35.4693,1.7756,10,39.0254382683976,1.90079961277627,NA,1.10025961235202,1.07051115835564,1,39.0254382683976,1.90079961277627
"10 to 19 Unit","1000-1499","<1940","Natural Gas",52.3502727272727,2.61127272727273,11,57.5988907774318,2.79539659205522,NA,1.10025961235202,1.07051115835564,1,57.5988907774318,2.79539659205522
"10 to 19 Unit","1500-1999","1940-59","Natural Gas",51.02925,2.19325,4,42.2899242708262,1.35573616390741,NA,0.828738895257646,0.618140277627907,1,42.2899242708262,1.35573616390741
"10 to 19 Unit","1500-1999","1960-79","Electricity",48.6415,0.952833333333333,6,46.0286812508329,0.947844984306357,NA,0.946284165801484,0.994764720279542,1,46.0286812508329,0.947844984306357
"10 to 19 Unit","1500-1999","1960-79","Natural Gas",3.739,2.67,1,3.53815649593175,2.65602180314638,NA,0.946284165801484,0.994764720279542,1,3.53815649593175,2.65602180314638
"10 to 19 Unit","1500-1999","1980-99","Electricity",16.0832857142857,2.40085714285714,7,16.7387369242965,2.62820924107326,NA,1.0407535637714,1.09469622084451,1,16.7387369242965,2.62820924107326
"10 to 19 Unit","1500-1999","1980-99","Natural Gas",38.19,2.7268,5,39.7463786004298,2.98501765499881,NA,1.0407535637714,1.09469622084451,1,39.7463786004298,2.98501765499881
"10 to 19 Unit","1500-1999","2000-09","Natural Gas",37.947,3.988,2,90.2192908143764,4.55721038757327,NA,2.37750786134283,1.1427307892611,1,90.2192908143764,4.55721038757327
"10 to 19 Unit","1500-1999","2010s","Natural Gas",58.607,0,1,72.9089025903714,0,NA,1.2440306207513,1.00987583466059,1,72.9089025903714,0
"10 to 19 Unit","1500-1999","<1940","Electricity",53.088,0.362,2,53.4193729526424,0.403698232109636,NA,1.006241955859,1.11518848649071,1,53.4193729526424,0.403698232109636
"10 to 19 Unit","1500-1999","<1940","Natural Gas",32.563,1.824,2,32.7662568086365,2.03410379935905,NA,1.006241955859,1.11518848649071,1,32.7662568086365,2.03410379935905
"10 to 19 Unit","2000-2499","1980-99","Electricity",16.382,4.294,1,24.1863510371894,4.59485445168895,NA,1.47639793902999,1.07006391515812,1,24.1863510371894,4.59485445168895
"10 to 19 Unit","2000-2499","<1940","Natural Gas",90.64,5.194,1,97.751823194462,5.34792322850158,NA,1.07846230355761,1.02963481488286,1,97.751823194462,5.34792322850158
"10 to 19 Unit","2500-2999","1980-99","Natural Gas",58.945,4.58433333333333,3,57.6808748688667,6.22405168339595,NA,0.978554158433569,1.35767869193542,1,57.6808748688667,6.22405168339595
"10 to 19 Unit","2500-2999","<1940","Natural Gas",134.656,2.789,1,111.162004887905,3.63672835925234,NA,0.825525820519728,1.30395423422458,1,111.162004887905,3.63672835925234
"10 to 19 Unit","3000-3999","<1940","Natural Gas",170.951,0,1,195.703956953925,0,NA,1.1447956253776,1.20068011375346,1,195.703956953925,0
"10 to 19 Unit","4000+","2010s","Electricity",25.882,3.349,1,22.763801120232,3.39407004429156,NA,0.879522491315665,1.01345776180697,1,22.763801120232,3.39407004429156
"10 to 19 Unit","500-749","1940-59","Electricity",17.9749411764706,1.67082352941176,17,19.2355850207785,2.95847608522472,NA,1.07013340583045,1.77066939335376,1,19.2355850207785,2.95847608522472
"10 to 19 Unit","500-749","1940-59","Natural Gas",23.07608,1.89628,25,24.6944840836159,3.35768495722887,NA,1.07013340583045,1.77066939335376,1,24.6944840836159,3.35768495722887
"10 to 19 Unit","500-749","1960-79","Electricity",15.7962692307692,1.39138461538462,52,18.3036108143774,1.38936402431714,NA,1.15872998535149,0.998547783951947,1,18.3036108143774,1.38936402431714
"10 to 19 Unit","500-749","1960-79","Natural Gas",21.3410895522388,1.52382089552239,67,24.7285603842505,1.52160797836355,NA,1.15872998535149,0.998547783951947,1,24.7285603842505,1.52160797836355
"10 to 19 Unit","500-749","1980-99","Electricity",10.3589333333333,1.73806666666667,15,12.1760823565899,1.58698618412263,NA,1.17541854598188,0.913075553750888,1,12.1760823565899,1.58698618412263
"10 to 19 Unit","500-749","1980-99","Natural Gas",20.67108,2.225,25,24.2971707974751,2.03159310709573,NA,1.17541854598188,0.913075553750888,1,24.2971707974751,2.03159310709573
"10 to 19 Unit","500-749","2000-09","Electricity",12.6755,1.462,2,20.0468037285892,1.62802594336255,NA,1.58153948393272,1.11356083677329,1,20.0468037285892,1.62802594336255
"10 to 19 Unit","500-749","2000-09","Natural Gas",7.1595,2.1035,2,11.3230319352163,2.34237522015261,NA,1.58153948393272,1.11356083677329,1,11.3230319352163,2.34237522015261
"10 to 19 Unit","500-749","2010s","Natural Gas",16.3105,2.191,2,15.8095118974834,2.2028855894295,NA,0.969284319762324,1.00542473273825,1,15.8095118974834,2.2028855894295
"10 to 19 Unit","500-749","<1940","Electricity",23.6865833333333,1.86108333333333,12,45.2227111659875,1.32407478879462,NA,1.90921208557534,0.711453788811867,1,45.2227111659875,1.32407478879462
"10 to 19 Unit","500-749","<1940","Natural Gas",25.4597692307692,1.44926923076923,26,48.6080991113438,1.03108808523923,NA,1.90921208557534,0.711453788811867,1,48.6080991113438,1.03108808523923
"10 to 19 Unit","750-999","1940-59","Electricity",30.0193333333333,1.95180952380952,21,32.7885154492141,2.82739627353505,NA,1.09224662270584,1.44860256036489,1,32.7885154492141,2.82739627353505
"10 to 19 Unit","750-999","1940-59","Natural Gas",39.467,2.11910526315789,19,43.1076974583312,3.06974130989324,NA,1.09224662270584,1.44860256036489,1,43.1076974583312,3.06974130989324
"10 to 19 Unit","750-999","1960-79","Electricity",18.6863404255319,1.24227659574468,47,23.0879089100352,1.08161482445368,NA,1.23555005336889,0.870671497924586,1,23.0879089100352,1.08161482445368
"10 to 19 Unit","750-999","1960-79","Natural Gas",29.5065185185185,1.8207037037037,54,36.4567805302857,1.58523482098054,NA,1.23555005336889,0.870671497924586,1,36.4567805302857,1.58523482098054
"10 to 19 Unit","750-999","1980-99","Electricity",12.8006551724138,1.67020689655172,29,13.6616715702022,0.9222203263784,NA,1.06726346317366,0.552159333243323,1,13.6616715702022,0.9222203263784
"10 to 19 Unit","750-999","1980-99","Natural Gas",24.8015555555556,2.36747222222222,36,26.4697940743162,1.30722188369431,NA,1.06726346317366,0.552159333243323,1,26.4697940743162,1.30722188369431
"10 to 19 Unit","750-999","2000-09","Electricity",12.445,2.253,1,19.6822588775427,2.50885256525022,NA,1.58153948393272,1.11356083677329,1,19.6822588775427,2.50885256525022
"10 to 19 Unit","750-999","2000-09","Natural Gas",18.9862727272727,1.42436363636364,11,30.0275399708967,1.58611556277853,NA,1.58153948393272,1.11356083677329,1,30.0275399708967,1.58611556277853
"10 to 19 Unit","750-999","2010s","Electricity",10.1305,2.062,2,9.81933480135222,2.07318579890627,NA,0.969284319762324,1.00542473273825,1,9.81933480135222,2.07318579890627
"10 to 19 Unit","750-999","2010s","Natural Gas",14.8526,2.307,5,14.3963922877019,2.31951485842714,NA,0.969284319762324,1.00542473273825,1,14.3963922877019,2.31951485842714
"10 to 19 Unit","750-999","<1940","Electricity",28.2306666666667,2.40733333333333,15,22.6551788868034,2.31852554161834,NA,0.802502440140867,0.963109474502218,1,22.6551788868034,2.31852554161834
"10 to 19 Unit","750-999","<1940","Natural Gas",27.2920416666667,1.15975,24,21.9019300339262,1.11696621305395,NA,0.802502440140867,0.963109474502218,1,21.9019300339262,1.11696621305395
"2 Unit","0-499","1940-59","Natural Gas",30.376,1.594,3,28.547071762355,2.08873623420771,NA,0.939790352987722,1.31037404906381,1,28.547071762355,2.08873623420771
"2 Unit","0-499","1960-79","Electricity",33.594,0,1,38.9263751278979,0,NA,1.15872998535149,0.998547783951947,1,38.9263751278979,0
"2 Unit","0-499","1960-79","Natural Gas",23.986,0.381,1,27.7932974286408,0.380446705685692,NA,1.15872998535149,0.998547783951947,1,27.7932974286408,0.380446705685692
"2 Unit","0-499","1980-99","Natural Gas",20.4775,0.894,2,24.0696332753439,0.816289545053294,NA,1.17541854598188,0.913075553750888,1,24.0696332753439,0.816289545053294
"2 Unit","0-499","2000-09","Electricity",12.309,2.508,1,19.4671695077278,2.7928105786274,NA,1.58153948393272,1.11356083677329,1,19.4671695077278,2.7928105786274
"2 Unit","0-499","2000-09","Natural Gas",11.007,3.643,1,17.4080050996474,4.05670212836508,NA,1.58153948393272,1.11356083677329,1,17.4080050996474,4.05670212836508
"2 Unit","0-499","<1940","Electricity",22.926,2.158,3,22.0793425285987,1.56779376083189,NA,0.963069987289482,0.726503132915611,1,22.0793425285987,1.56779376083189
"2 Unit","0-499","<1940","Natural Gas",28.0295833333333,1.66066666666667,12,26.9944504645628,1.20647953606186,36,0.963069987289482,0.726503132915611,1,26.9944504645628,1.20647953606186
"2 Unit","1000-1499","1940-59","Electricity",77.121,2.166,2,68.2134110599657,2.36319459943002,NA,0.88449852906427,1.09104090463067,1,68.2134110599657,2.36319459943002
"2 Unit","1000-1499","1940-59","Natural Gas",62.5439230769231,2.26246153846154,13,55.3200079634474,2.46843808361518,24,0.88449852906427,1.09104090463067,1,55.3200079634474,2.46843808361518
"2 Unit","1000-1499","1960-79","Electricity",40.7932,1.4407,10,57.0549168126602,1.45629883332936,NA,1.39863793016141,1.01082725989405,1,57.0549168126602,1.45629883332936
"2 Unit","1000-1499","1960-79","Natural Gas",67.51015,2.80115,20,94.4222564608859,2.83147877905223,20,1.39863793016141,1.01082725989405,1,94.4222564608859,2.83147877905223
"2 Unit","1000-1499","1980-99","Electricity",65.796,1.8722,5,81.0237639712635,0.944980606638025,NA,1.23143905360909,0.50474340702811,1,81.0237639712635,0.944980606638025
"2 Unit","1000-1499","1980-99","Natural Gas",42.2474285714286,2.67228571428571,7,52.0251334574175,1.34881859598111,8,1.23143905360909,0.50474340702811,1,52.0251334574175,1.34881859598111
"2 Unit","1000-1499","2000-09","Natural Gas",43.969,2.572,1,55.3765930128972,2.76998997274039,NA,1.25944626925555,1.07697899406703,1,55.3765930128972,2.76998997274039
"2 Unit","1000-1499","2010s","Electricity",25.708,2.944,1,22.48989303904,2.66702935814629,NA,0.874820796601837,0.905920298283386,1,22.48989303904,2.66702935814629
"2 Unit","1000-1499","2010s","Natural Gas",40.4,2.649,1,35.3427601827142,2.39978287015269,NA,0.874820796601837,0.905920298283386,1,35.3427601827142,2.39978287015269
"2 Unit","1000-1499","<1940","Electricity",74.4635714285714,2.41664285714286,14,81.9292602343471,2.58704314433188,1,1.10025961235202,1.07051115835564,1,81.9292602343471,2.58704314433188
"2 Unit","1000-1499","<1940","Natural Gas",84.4041538461538,2.63160256410256,78,92.8664815916697,2.81715990922911,225,1.10025961235202,1.07051115835564,1,92.8664815916697,2.81715990922911
"2 Unit","1500-1999","1940-59","Electricity",59.923,3.04466666666667,3,49.6605208205239,1.88203109861777,NA,0.828738895257646,0.618140277627905,1,49.6605208205239,1.88203109861777
"2 Unit","1500-1999","1940-59","Natural Gas",90.9451666666667,1.88216666666667,6,75.3697969523558,1.16344302587532,NA,0.828738895257646,0.618140277627905,1,75.3697969523558,1.16344302587532
"2 Unit","1500-1999","1960-79","Electricity",53.8535,2.7305,4,50.9607143229903,2.71620506872329,NA,0.946284165801482,0.994764720279542,1,50.9607143229903,2.71620506872329
"2 Unit","1500-1999","1960-79","Natural Gas",86.7296666666667,1.13,3,82.0709102719075,1.12408413391588,3,0.946284165801482,0.994764720279542,1,82.0709102719075,1.12408413391588
"2 Unit","1500-1999","1980-99","Electricity",12.159,3.559,1,12.6545225818965,3.89602384998562,1,1.0407535637714,1.09469622084451,1,12.6545225818965,3.89602384998562
"2 Unit","1500-1999","1980-99","Natural Gas",65.267,4.031,4,67.926862846668,4.41272046622422,NA,1.0407535637714,1.09469622084451,1,67.926862846668,4.41272046622422
"2 Unit","1500-1999","2000-09","Natural Gas",45.8515,2.7465,2,109.012301704361,3.13851011270561,NA,2.37750786134283,1.1427307892611,1,109.012301704361,3.13851011270561
"2 Unit","1500-1999","<1940","Electricity",52.727,3.735,1,53.0561196065772,4.16522899704279,1,1.006241955859,1.1151884864907,1,53.0561196065772,4.16522899704279
"2 Unit","1500-1999","<1940","Natural Gas",103.859138888889,3.77575,36,104.507423049386,4.21067292786729,66,1.006241955859,1.1151884864907,1,104.507423049386,4.21067292786729
"2 Unit","2000-2499","1940-59","Natural Gas",103.0795,0.2435,2,77.2621595488172,0.333938509105107,NA,0.749539525791425,1.37141071501071,1,77.2621595488172,0.333938509105107
"2 Unit","2000-2499","1960-79","Electricity",61.629,1.061,2,65.2854887603773,1.07983554714951,NA,1.05933065213418,1.01775263633318,1,65.2854887603773,1.07983554714951
"2 Unit","2000-2499","1960-79","Natural Gas",83.714,2.9905,2,88.6808062127606,3.04358925895438,NA,1.05933065213418,1.01775263633318,1,88.6808062127606,3.04358925895438
"2 Unit","2000-2499","1980-99","Electricity",19.537,3.544,1,28.844386534829,3.79230651532037,NA,1.47639793903,1.07006391515812,1,28.844386534829,3.79230651532037
"2 Unit","2000-2499","1980-99","Natural Gas",66.917,1.379,1,98.79612088607,1.47561813900304,NA,1.47639793903,1.07006391515812,1,98.79612088607,1.47561813900304
"2 Unit","2000-2499","2000-09","Electricity",76.617,3.631,1,119.420729785897,3.82051242476914,NA,1.55867144087993,1.05219290134099,1,119.420729785897,3.82051242476914
"2 Unit","2000-2499","2000-09","Natural Gas",46.5495,3.981,2,72.5553762372403,4.18877994023848,NA,1.55867144087993,1.05219290134099,1,72.5553762372403,4.18877994023848
"2 Unit","2000-2499","<1940","Electricity",131.886,1.67,2,142.234079367,1.71949014085438,1,1.07846230355761,1.02963481488286,1,142.234079367,1.71949014085438
"2 Unit","2000-2499","<1940","Natural Gas",142.5518,4.37146666666667,15,153.736742604284,4.50101427209994,36,1.07846230355761,1.02963481488286,1,153.736742604284,4.50101427209994
"2 Unit","2500-2999","1940-59","Natural Gas",161.822,5.9925,4,121.986378480909,9.46859567915539,NA,0.753830619328082,1.58007437282526,1,121.986378480909,9.46859567915539
"2 Unit","2500-2999","<1940","Electricity",86.7695,6.0315,2,71.6304626835866,7.86479996372553,NA,0.825525820519728,1.30395423422458,1,71.6304626835866,7.86479996372553
"2 Unit","2500-2999","<1940","Natural Gas",128.416875,4.10775,8,106.011446102954,5.35631800563601,13,0.825525820519728,1.30395423422458,1,106.011446102954,5.35631800563601
"2 Unit","3000-3999","1960-79","Electricity",55.686,1.399,1,55.555182854212,1.5853159581374,NA,0.997650807280322,1.13317795435125,1,55.555182854212,1.5853159581374
"2 Unit","3000-3999","<1940","Electricity",55.385,3.944,1,63.4045057115382,4.73548236864363,NA,1.14479562537759,1.20068011375346,1,63.4045057115382,4.73548236864363
"2 Unit","3000-3999","<1940","Natural Gas",236.621111111111,3.18833333333333,9,270.882812871987,3.8281684293506,5,1.14479562537759,1.20068011375346,1,270.882812871987,3.8281684293506
"2 Unit","4000+","1940-59","Natural Gas",78.706,4.172,1,82.1892614133248,5.60311915710906,NA,1.04425661847032,1.34302951992068,1,82.1892614133248,5.60311915710906
"2 Unit","4000+","<1940","Electricity",113.3455,1.1345,2,137.703341479434,1.42412997100347,NA,1.21489906065467,1.25529305509341,1,137.703341479434,1.42412997100347
"2 Unit","4000+","<1940","Natural Gas",265.6665,8.317,2,322.757981297414,10.4402723392119,6,1.21489906065467,1.25529305509341,1,322.757981297414,10.4402723392119
"2 Unit","500-749","1940-59","Electricity",40.47475,1.548625,8,43.313382067636,2.74210288928247,NA,1.07013340583045,1.77066939335376,1,43.313382067636,2.74210288928247
"2 Unit","500-749","1940-59","Natural Gas",57.69775,2.087625,16,61.7442897162539,3.69649369230015,22,1.07013340583045,1.77066939335376,1,61.7442897162539,3.69649369230015
"2 Unit","500-749","1960-79","Electricity",25.1616666666667,1.107,3,29.1555776480857,1.10539239683481,NA,1.15872998535149,0.998547783951947,1,29.1555776480857,1.10539239683481
"2 Unit","500-749","1960-79","Natural Gas",56.2503125,2.24325,16,65.1789237791417,2.23999231635021,5,1.15872998535149,0.998547783951947,1,65.1789237791417,2.23999231635021
"2 Unit","500-749","1980-99","Electricity",15.722,0.576,1,18.4799303799271,0.525931518960511,1,1.17541854598188,0.913075553750888,1,18.4799303799271,0.525931518960511
"2 Unit","500-749","1980-99","Natural Gas",28.8455,3.53225,4,33.9055356681203,3.22521112473657,13,1.17541854598188,0.913075553750888,1,33.9055356681203,3.22521112473657
"2 Unit","500-749","<1940","Electricity",43.602,1.2426,5,83.245465355256,0.884052477977626,1,1.90921208557534,0.711453788811866,1,83.245465355256,0.884052477977626
"2 Unit","500-749","<1940","Natural Gas",46.3889583333333,1.60129166666667,24,88.5663598872508,1.13924502324287,52,1.90921208557534,0.711453788811866,1,88.5663598872508,1.13924502324287
"2 Unit","750-999","1940-59","Electricity",48.6162,1.9244,5,53.1008802587914,2.78769076716619,NA,1.09224662270583,1.44860256036489,1,53.1008802587914,2.78769076716619
"2 Unit","750-999","1940-59","Natural Gas",64.269875,2.8363125,16,70.1985539104762,4.10868954949494,86,1.09224662270583,1.44860256036489,1,70.1985539104762,4.10868954949494
"2 Unit","750-999","1960-79","Electricity",40.97675,2.739,8,50.6288256493837,2.38476923281544,1,1.23555005336889,0.870671497924588,1,50.6288256493837,2.38476923281544
"2 Unit","750-999","1960-79","Natural Gas",56.15095,1.7176,20,69.3773092692139,1.49546536483527,36,1.23555005336889,0.870671497924588,1,69.3773092692139,1.49546536483527
"2 Unit","750-999","1980-99","Electricity",10.204,2.784,2,10.8903563782241,1.53721158374941,NA,1.06726346317367,0.552159333243321,1,10.8903563782241,1.53721158374941
"2 Unit","750-999","1980-99","Natural Gas",42.0955833333333,2.37341666666667,12,44.9270780526489,1.31050416417525,4,1.06726346317367,0.552159333243321,1,44.9270780526489,1.31050416417525
"2 Unit","750-999","2000-09","Electricity",19.264,1.645,1,30.4667766184799,1.83180757649206,NA,1.58153948393272,1.11356083677329,1,30.4667766184799,1.83180757649206
"2 Unit","750-999","2000-09","Natural Gas",31.016,1.6175,2,49.0530286336571,1.80118465348079,1,1.58153948393272,1.11356083677329,1,49.0530286336571,1.80118465348079
"2 Unit","750-999","2010s","Natural Gas",33.882,2.838,1,32.8412913221871,2.85339539151115,NA,0.969284319762324,1.00542473273825,1,32.8412913221871,2.85339539151115
"2 Unit","750-999","<1940","Electricity",57.2414666666667,1.8296,15,45.9364166772421,1.76210509454926,NA,0.802502440140867,0.963109474502218,1,45.9364166772421,1.76210509454926
"2 Unit","750-999","<1940","Natural Gas",63.1306666666667,2.57115942028986,69,50.6625140477197,2.47630799813679,85,0.802502440140867,0.963109474502218,1,50.6625140477197,2.47630799813679
"20 to 49 Unit","0-499","1940-59","Electricity",7.649625,1.309375,8,7.1890437789737,1.71577102049292,NA,0.939790352987722,1.31037404906381,1,7.1890437789737,1.71577102049292
"20 to 49 Unit","0-499","1940-59","Natural Gas",10.8011666666667,1.37091666666667,12,10.1508322343459,1.79641362342905,NA,0.939790352987722,1.31037404906381,1,10.1508322343459,1.79641362342905
"20 to 49 Unit","0-499","1960-79","Electricity",6.0872,1.11873333333333,15,7.05342116683158,1.11710869083317,NA,1.15872998535149,0.998547783951947,1,7.05342116683158,1.11710869083317
"20 to 49 Unit","0-499","1960-79","Natural Gas",7.10558823529412,1.28273529411765,34,8.23345815179606,1.28087248533813,NA,1.15872998535149,0.998547783951947,1,8.23345815179606,1.28087248533813
"20 to 49 Unit","0-499","1980-99","Electricity",4.070875,1.171375,8,4.78498197337398,1.06955387677495,NA,1.17541854598188,0.913075553750888,1,4.78498197337398,1.06955387677495
"20 to 49 Unit","0-499","1980-99","Natural Gas",6.99453333333333,1.9232,15,8.22150420048845,1.75602690497371,NA,1.17541854598188,0.913075553750888,1,8.22150420048845,1.75602690497371
"20 to 49 Unit","0-499","2000-09","Electricity",5.4054,1.4976,5,8.54885352644991,1.66766870915167,NA,1.58153948393272,1.11356083677329,1,8.54885352644991,1.66766870915167
"20 to 49 Unit","0-499","2000-09","Natural Gas",6.51871428571429,1.589,7,10.3096040273334,1.76944816963275,NA,1.58153948393272,1.11356083677329,1,10.3096040273334,1.76944816963275
"20 to 49 Unit","0-499","2010s","Electricity",2.871,1.792,1,2.78281528203763,1.80172112106694,NA,0.969284319762324,1.00542473273825,1,2.78281528203763,1.80172112106694
"20 to 49 Unit","0-499","2010s","Natural Gas",5.607,2.4615,2,5.43477718090735,2.4748529796352,NA,0.969284319762324,1.00542473273825,1,5.43477718090735,2.4748529796352
"20 to 49 Unit","0-499","<1940","Electricity",9.69,1.34914285714286,7,9.33214817683508,0.980156512465005,NA,0.963069987289482,0.726503132915611,1,9.33214817683508,0.980156512465005
"20 to 49 Unit","0-499","<1940","Natural Gas",12.6801304347826,1.10617391304348,23,12.2118530566551,0.803638813375608,NA,0.963069987289482,0.726503132915611,1,12.2118530566551,0.803638813375608
"20 to 49 Unit","1000-1499","1940-59","Electricity",23.3931111111111,1.74111111111111,9,20.6911723680149,1.89962344172918,NA,0.884498529064272,1.09104090463067,1,20.6911723680149,1.89962344172918
"20 to 49 Unit","1000-1499","1940-59","Natural Gas",30.480875,1.64525,8,26.9602891020919,1.79503504834361,NA,0.884498529064272,1.09104090463067,1,26.9602891020919,1.79503504834361
"20 to 49 Unit","1000-1499","1960-79","Electricity",24.5062424242424,1.37893939393939,33,34.275360180276,1.39386952913572,NA,1.39863793016141,1.01082725989405,1,34.275360180276,1.39386952913572
"20 to 49 Unit","1000-1499","1960-79","Natural Gas",23.7001636363636,1.50949090909091,55,33.1479478128502,1.52583455947135,NA,1.39863793016141,1.01082725989405,1,33.1479478128502,1.52583455947135
"20 to 49 Unit","1000-1499","1980-99","Electricity",15.2608974358974,1.81482051282051,39,18.7928650956869,0.916018688785526,NA,1.23143905360909,0.504743407028109,1,18.7928650956869,0.916018688785526
"20 to 49 Unit","1000-1499","1980-99","Natural Gas",18.5021481481481,2.02151851851852,54,22.7842678052907,1.02034814440745,NA,1.23143905360909,0.504743407028109,1,22.7842678052907,1.02034814440745
"20 to 49 Unit","1000-1499","2000-09","Electricity",17.2876470588235,2.41076470588235,17,21.772862592442,2.59634294787347,NA,1.25944626925555,1.07697899406703,1,21.772862592442,2.59634294787347
"20 to 49 Unit","1000-1499","2000-09","Natural Gas",23.9973,2.1977,20,30.2233099572062,2.3668767352611,NA,1.25944626925555,1.07697899406703,1,30.2233099572062,2.3668767352611
"20 to 49 Unit","1000-1499","2010s","Electricity",6.63691666666667,1.74508333333333,12,5.80611272531334,1.5809064138627,NA,0.874820796601837,0.905920298283386,1,5.80611272531334,1.5809064138627
"20 to 49 Unit","1000-1499","2010s","Natural Gas",22.069125,2.298625,8,19.3065295128055,2.08237104564165,NA,0.874820796601837,0.905920298283386,1,19.3065295128055,2.08237104564165
"20 to 49 Unit","1000-1499","<1940","Electricity",33.4018571428571,1.81185714285714,7,36.7507143918377,1.93961328877494,NA,1.10025961235202,1.07051115835564,1,36.7507143918377,1.93961328877494
"20 to 49 Unit","1000-1499","<1940","Natural Gas",37.3620769230769,1.94007692307692,13,41.1079842720511,2.07687399422212,NA,1.10025961235202,1.07051115835564,1,41.1079842720511,2.07687399422212
"20 to 49 Unit","1500-1999","1940-59","Electricity",44.3695,2.0415,2,36.7707304131341,1.26193337677737,NA,0.828738895257646,0.618140277627907,1,36.7707304131341,1.26193337677737
"20 to 49 Unit","1500-1999","1940-59","Natural Gas",23.476,0.5415,2,19.4554743050685,0.334722960335512,NA,0.828738895257646,0.618140277627907,1,19.4554743050685,0.334722960335512
"20 to 49 Unit","1500-1999","1960-79","Electricity",37.7332,2.6824,5,35.7063296850206,2.66835688567784,NA,0.946284165801484,0.994764720279542,1,35.7063296850206,2.66835688567784
"20 to 49 Unit","1500-1999","1960-79","Natural Gas",22.778,0,1,21.5544607286262,0,NA,0.946284165801484,0.994764720279542,1,21.5544607286262,0
"20 to 49 Unit","1500-1999","1980-99","Electricity",12.6962,1.5476,5,13.2136153963545,1.69415187137897,NA,1.0407535637714,1.09469622084451,1,13.2136153963545,1.69415187137897
"20 to 49 Unit","1500-1999","1980-99","Natural Gas",19.833875,2.524375,8,20.6421760896465,2.76342377249436,NA,1.0407535637714,1.09469622084451,1,20.6421760896465,2.76342377249436
"20 to 49 Unit","1500-1999","2000-09","Natural Gas",32.859,3.14742857142857,14,78.1225308158641,3.59666353557151,NA,2.37750786134283,1.1427307892611,1,78.1225308158641,3.59666353557151
"20 to 49 Unit","1500-1999","2010s","Natural Gas",20.8546666666667,2.52133333333333,3,25.9438439188948,2.54623360445756,NA,1.2440306207513,1.00987583466059,1,25.9438439188948,2.54623360445756
"20 to 49 Unit","1500-1999","<1940","Electricity",8.047,2.022,2,8.09722901879734,2.25491111968421,NA,1.006241955859,1.11518848649071,1,8.09722901879734,2.25491111968421
"20 to 49 Unit","1500-1999","<1940","Natural Gas",63.6661666666667,3.25266666666667,6,64.0635680687115,3.62733641705877,NA,1.006241955859,1.11518848649071,1,64.0635680687115,3.62733641705877
"20 to 49 Unit","2000-2499","1960-79","Electricity",37.159,0.379,1,39.3636677026539,0.385728249170277,NA,1.05933065213418,1.01775263633318,1,39.3636677026539,0.385728249170277
"20 to 49 Unit","2000-2499","1980-99","Electricity",30.028,2.71566666666667,3,44.3332773131926,2.90593690559772,NA,1.47639793902999,1.07006391515812,1,44.3332773131926,2.90593690559772
"20 to 49 Unit","2000-2499","1980-99","Natural Gas",18.81675,3.06925,4,27.7810109192426,3.28429367159905,NA,1.47639793902999,1.07006391515812,1,27.7810109192426,3.28429367159905
"20 to 49 Unit","2000-2499","2000-09","Electricity",9.049,2.183,1,14.1044178685225,2.29693710362738,NA,1.55867144087993,1.05219290134099,1,14.1044178685225,2.29693710362738
"20 to 49 Unit","2000-2499","2000-09","Natural Gas",39.801,3.9665,2,62.0366820184621,4.17352314316904,NA,1.55867144087993,1.05219290134099,1,62.0366820184621,4.17352314316904
"20 to 49 Unit","2000-2499","2010s","Natural Gas",15.741,1.867,1,13.4240734134569,1.92093173588004,NA,0.852809441169998,1.02888684299949,1,13.4240734134569,1.92093173588004
"20 to 49 Unit","2000-2499","<1940","Electricity",150.08,3.726,1,161.855622517927,3.83641932025354,NA,1.07846230355761,1.02963481488286,1,161.855622517927,3.83641932025354
"20 to 49 Unit","2000-2499","<1940","Natural Gas",41.317,0,1,44.5588269960899,0,NA,1.07846230355761,1.02963481488286,1,44.5588269960899,0
"20 to 49 Unit","2500-2999","1980-99","Electricity",15.151,1.31,1,14.826074054427,1.7785590864354,NA,0.978554158433569,1.35767869193542,1,14.826074054427,1.7785590864354
"20 to 49 Unit","2500-2999","1980-99","Natural Gas",54.318,1.815,2,53.1531047777946,2.46418682586279,NA,0.978554158433569,1.35767869193542,1,53.1531047777946,2.46418682586279
"20 to 49 Unit","2500-2999","<1940","Electricity",96.48,0,1,79.6467311637434,0,NA,0.825525820519728,1.30395423422458,1,79.6467311637434,0
"20 to 49 Unit","2500-2999","<1940","Natural Gas",140.91,1.26,1,116.324843369435,1.64298233512297,NA,0.825525820519728,1.30395423422458,1,116.324843369435,1.64298233512297
"20 to 49 Unit","3000-3999","1960-79","Electricity",5.91,0.141,1,5.8961162710267,0.159778091563526,NA,0.997650807280322,1.13317795435125,1,5.8961162710267,0.159778091563526
"20 to 49 Unit","3000-3999","<1940","Electricity",47.739,0,1,54.6513983599011,0,NA,1.1447956253776,1.20068011375346,1,54.6513983599011,0
"20 to 49 Unit","3000-3999","<1940","Natural Gas",0,1.393,2,0,1.67254739845856,NA,1.1447956253776,1.20068011375346,1,0,1.67254739845856
"20 to 49 Unit","4000+","2010s","Electricity",36.1775,1.2305,2,31.8189249295725,1.24705977590348,NA,0.879522491315665,1.01345776180697,1,31.8189249295725,1.24705977590348
"20 to 49 Unit","500-749","1940-59","Electricity",24.76125,2.54383333333333,12,26.4978407951192,4.50428782512641,NA,1.07013340583045,1.77066939335376,1,26.4978407951192,4.50428782512641
"20 to 49 Unit","500-749","1940-59","Natural Gas",22.1515789473684,1.63142105263158,19,23.7051446234695,2.88870732556772,NA,1.07013340583045,1.77066939335376,1,23.7051446234695,2.88870732556772
"20 to 49 Unit","500-749","1960-79","Electricity",11.5330322580645,1.12921505376344,93,13.3636702994453,1.12757518954066,NA,1.15872998535149,0.998547783951947,1,13.3636702994453,1.12757518954066
"20 to 49 Unit","500-749","1960-79","Natural Gas",13.781580952381,1.42948571428571,105,15.9691310950727,1.42740979219097,NA,1.15872998535149,0.998547783951947,1,15.9691310950727,1.42740979219097
"20 to 49 Unit","500-749","1980-99","Electricity",8.35681818181818,1.08131818181818,22,9.82275907630766,0.98732519764454,NA,1.17541854598188,0.913075553750888,1,9.82275907630766,0.98732519764454
"20 to 49 Unit","500-749","1980-99","Natural Gas",16.5496037735849,1.7827358490566,53,19.4527112041234,1.62777252256892,NA,1.17541854598188,0.913075553750888,1,19.4527112041234,1.62777252256892
"20 to 49 Unit","500-749","2000-09","Electricity",8.009,1.809875,8,12.6665497268171,2.01540591945505,NA,1.58153948393272,1.11356083677329,1,12.6665497268171,2.01540591945505
"20 to 49 Unit","500-749","2000-09","Natural Gas",13.25175,1.6369375,16,20.9581658562054,1.82282949224557,NA,1.58153948393272,1.11356083677329,1,20.9581658562054,1.82282949224557
"20 to 49 Unit","500-749","2010s","Electricity",5.369,1.8775,4,5.20408751280392,1.88768493571606,NA,0.969284319762324,1.00542473273825,1,5.20408751280392,1.88768493571606
"20 to 49 Unit","500-749","2010s","Natural Gas",7.34833333333333,1.82866666666667,9,7.12262427638681,1.83858669460068,NA,0.969284319762324,1.00542473273825,1,7.12262427638681,1.83858669460068
"20 to 49 Unit","500-749","<1940","Electricity",24.984,1.58090909090909,11,47.6997547460143,1.1247437624944,NA,1.90921208557534,0.711453788811867,1,47.6997547460143,1.1247437624944
"20 to 49 Unit","500-749","<1940","Natural Gas",22.5518421052632,1.64263157894737,38,43.0562494993553,1.16865646046412,NA,1.90921208557534,0.711453788811867,1,43.0562494993553,1.16865646046412
"20 to 49 Unit","750-999","1940-59","Electricity",27.4609230769231,1.69338461538462,13,29.994100487154,2.45304128952867,NA,1.09224662270584,1.44860256036489,1,29.994100487154,2.45304128952867
"20 to 49 Unit","750-999","1940-59","Natural Gas",22.3067142857143,1.86378571428571,14,24.3644333422355,2.69988475768579,NA,1.09224662270584,1.44860256036489,1,24.3644333422355,2.69988475768579
"20 to 49 Unit","750-999","1960-79","Electricity",16.9306,1.40681176470588,85,20.9186037335673,1.2248709064744,NA,1.23555005336889,0.870671497924586,1,20.9186037335673,1.2248709064744
"20 to 49 Unit","750-999","1960-79","Natural Gas",21.1487545454545,1.52970909090909,110,26.1303448073219,1.33187410557067,NA,1.23555005336889,0.870671497924586,1,26.1303448073219,1.33187410557067
"20 to 49 Unit","750-999","1980-99","Electricity",12.5598913043478,1.83319565217391,46,13.404713090563,1.01221608900891,NA,1.06726346317366,0.552159333243323,1,13.404713090563,1.01221608900891
"20 to 49 Unit","750-999","1980-99","Natural Gas",17.7998088235294,1.99685294117647,68,18.9970856088291,1.10258098858497,NA,1.06726346317366,0.552159333243323,1,18.9970856088291,1.10258098858497
"20 to 49 Unit","750-999","2000-09","Electricity",11.3592173913043,2.16,23,17.965050810923,2.4052914074303,NA,1.58153948393272,1.11356083677329,1,17.965050810923,2.4052914074303
"20 to 49 Unit","750-999","2000-09","Natural Gas",14.4654117647059,1.81405882352941,34,22.8776198572272,2.02006486148538,NA,1.58153948393272,1.11356083677329,1,22.8776198572272,2.02006486148538
"20 to 49 Unit","750-999","2010s","Electricity",8.32075,1.819,8,8.06517250366236,1.82886758885087,NA,0.969284319762324,1.00542473273825,1,8.06517250366236,1.82886758885087
"20 to 49 Unit","750-999","2010s","Natural Gas",11.3267647058824,1.7,17,10.9788554230491,1.70922204565502,NA,0.969284319762324,1.00542473273825,1,10.9788554230491,1.70922204565502
"20 to 49 Unit","750-999","<1940","Electricity",21.5146363636364,1.23390909090909,11,17.2655481805616,1.18838953612896,NA,0.802502440140867,0.963109474502218,1,17.2655481805616,1.18838953612896
"20 to 49 Unit","750-999","<1940","Natural Gas",21.23612,1.4282,25,17.0420381191243,1.37551295148407,NA,0.802502440140867,0.963109474502218,1,17.0420381191243,1.37551295148407
"3 or 4 Unit","0-499","1960-79","Natural Gas",30.46,2.946,1,35.2949153538063,2.94172177152244,NA,1.15872998535149,0.998547783951947,1,35.2949153538063,2.94172177152244
"3 or 4 Unit","0-499","1980-99","Natural Gas",8.7025,3.1615,2,10.2290798964073,2.88668836318343,NA,1.17541854598188,0.913075553750888,1,10.2290798964073,2.88668836318343
"3 or 4 Unit","0-499","2000-09","Electricity",11.581,2.132,1,18.3158087634248,2.37411170400065,NA,1.58153948393272,1.11356083677329,1,18.3158087634248,2.37411170400065
"3 or 4 Unit","0-499","2000-09","Natural Gas",22.568,2.834,1,35.6921830733936,3.15583141141549,NA,1.58153948393272,1.11356083677329,1,35.6921830733936,3.15583141141549
"3 or 4 Unit","0-499","<1940","Natural Gas",20.723875,1.851875,8,19.9585420328388,1.3453929892681,10,0.963069987289482,0.726503132915611,1,19.9585420328388,1.3453929892681
"3 or 4 Unit","1000-1499","1940-59","Electricity",100.486,2.377,1,88.8797191915523,2.5934042303071,NA,0.88449852906427,1.09104090463067,1,88.8797191915523,2.5934042303071
"3 or 4 Unit","1000-1499","1940-59","Natural Gas",55.1571666666667,2.46083333333333,12,48.7864327840196,2.68486982614531,NA,0.88449852906427,1.09104090463067,1,48.7864327840196,2.68486982614531
"3 or 4 Unit","1000-1499","1960-79","Electricity",33.8793636363636,1.45572727272727,11,47.3849630315492,1.47148881024395,NA,1.39863793016141,1.01082725989405,1,47.3849630315492,1.47148881024395
"3 or 4 Unit","1000-1499","1960-79","Natural Gas",48.2885,2.41307692307692,26,67.5381276905991,2.43920393406741,1,1.39863793016141,1.01082725989405,1,67.5381276905991,2.43920393406741
"3 or 4 Unit","1000-1499","1980-99","Electricity",31.04675,2.009625,8,38.2321804376379,1.01434496934887,NA,1.23143905360909,0.50474340702811,1,38.2321804376379,1.01434496934887
"3 or 4 Unit","1000-1499","1980-99","Natural Gas",48.9005454545455,3.10690909090909,11,60.2180414155136,1.56819187987206,5,1.23143905360909,0.50474340702811,1,60.2180414155136,1.56819187987206
"3 or 4 Unit","1000-1499","2000-09","Electricity",28.518,2.686,1,35.9168887066298,2.89276557806403,NA,1.25944626925555,1.07697899406703,1,35.9168887066298,2.89276557806403
"3 or 4 Unit","1000-1499","2000-09","Natural Gas",31.4298,4.1636,5,39.5841443534481,4.48410973969747,NA,1.25944626925555,1.07697899406703,1,39.5841443534481,4.48410973969747
"3 or 4 Unit","1000-1499","<1940","Electricity",47.4939,2.0342,10,52.2556200030858,2.17763379832705,1,1.10025961235202,1.07051115835564,1,52.2556200030858,2.17763379832705
"3 or 4 Unit","1000-1499","<1940","Natural Gas",62.7810222222222,2.4144,45,69.0754231732859,2.58464214073385,42,1.10025961235202,1.07051115835564,1,69.0754231732859,2.58464214073385
"3 or 4 Unit","1500-1999","1940-59","Natural Gas",94.853,3.38766666666667,3,78.6083704318735,2.09405321384414,NA,0.828738895257646,0.618140277627905,1,78.6083704318735,2.09405321384414
"3 or 4 Unit","1500-1999","1960-79","Electricity",41.304,4.878,1,39.0853211842645,4.8524623055236,NA,0.946284165801482,0.994764720279542,1,39.0853211842645,4.8524623055236
"3 or 4 Unit","1500-1999","1960-79","Natural Gas",137.1215,0.65,2,129.755904240948,0.646597068181702,NA,0.946284165801482,0.994764720279542,1,129.755904240948,0.646597068181702
"3 or 4 Unit","1500-1999","1980-99","Electricity",24.2326,2.7874,5,25.2201648094468,3.05135624598199,NA,1.0407535637714,1.09469622084451,1,25.2201648094468,3.05135624598199
"3 or 4 Unit","1500-1999","1980-99","Natural Gas",70.6600714285714,2.72714285714286,14,73.5397211556274,2.98539297941739,NA,1.0407535637714,1.09469622084451,1,73.5397211556274,2.98539297941739
"3 or 4 Unit","1500-1999","2000-09","Natural Gas",52.8725,0.381,2,125.704784398849,0.43538043070848,NA,2.37750786134283,1.1427307892611,1,125.704784398849,0.43538043070848
"3 or 4 Unit","1500-1999","<1940","Electricity",76.732,2.228,3,77.2109577569725,2.48463994790129,NA,1.006241955859,1.1151884864907,1,77.2109577569725,2.48463994790129
"3 or 4 Unit","1500-1999","<1940","Natural Gas",95.9644615384615,3.06538461538462,13,96.5634674714171,3.41848162974267,12,1.006241955859,1.1151884864907,1,96.5634674714171,3.41848162974267
"3 or 4 Unit","2000-2499","1940-59","Natural Gas",71.273,4.695,1,53.4219306217323,6.43877330697527,1,0.749539525791425,1.37141071501071,1,53.4219306217323,6.43877330697527
"3 or 4 Unit","2000-2499","1960-79","Electricity",44.845,4.383,2,47.5056830949572,4.46080980504835,NA,1.05933065213418,1.01775263633318,1,47.5056830949572,4.46080980504835
"3 or 4 Unit","2000-2499","1960-79","Natural Gas",85.198,1.28225,4,90.2528529005278,1.30501331793822,NA,1.05933065213418,1.01775263633318,1,90.2528529005278,1.30501331793822
"3 or 4 Unit","2000-2499","1980-99","Electricity",25.822,2.8365,2,38.1235475816325,3.035236295346,NA,1.47639793903,1.07006391515812,1,38.1235475816325,3.035236295346
"3 or 4 Unit","2000-2499","1980-99","Natural Gas",56.542875,3.177375,8,83.4797841168306,3.39999433242552,1,1.47639793903,1.07006391515812,1,83.4797841168306,3.39999433242552
"3 or 4 Unit","2000-2499","2000-09","Electricity",40.216,5.2265,2,62.6835306664272,5.49928619885869,NA,1.55867144087993,1.05219290134099,1,62.6835306664272,5.49928619885869
"3 or 4 Unit","2000-2499","2000-09","Natural Gas",38.6316666666667,3.79166666666667,3,60.2140755469265,3.98956475091792,NA,1.55867144087993,1.05219290134099,1,60.2140755469265,3.98956475091792
"3 or 4 Unit","2000-2499","<1940","Electricity",84.911,2.4775,2,91.5733126573803,2.55092025387229,NA,1.07846230355761,1.02963481488286,1,91.5733126573803,2.55092025387229
"3 or 4 Unit","2000-2499","<1940","Natural Gas",93.1198333333333,3.25733333333333,6,100.426229963568,3.35386380367845,3,1.07846230355761,1.02963481488286,1,100.426229963568,3.35386380367845
"3 or 4 Unit","2500-2999","1940-59","Natural Gas",197.151,3.477,4,148.618460431151,5.49391859431344,NA,0.753830619328082,1.58007437282526,1,148.618460431151,5.49391859431344
"3 or 4 Unit","2500-2999","<1940","Natural Gas",94.487,2.4954,5,78.0014582034476,3.25388739608401,2,0.825525820519728,1.30395423422458,1,78.0014582034476,3.25388739608401
"3 or 4 Unit","3000-3999","1960-79","Electricity",98.78,3.0055,2,98.5479467431502,3.40576634180269,NA,0.997650807280322,1.13317795435125,1,98.5479467431502,3.40576634180269
"3 or 4 Unit","3000-3999","1960-79","Natural Gas",82.145,0,1,81.952025564042,0,NA,0.997650807280322,1.13317795435125,1,81.952025564042,0
"3 or 4 Unit","3000-3999","1980-99","Natural Gas",99.2925,2.2545,2,106.228554449511,2.65366794854471,NA,1.06985476697143,1.1770538693922,1,106.228554449511,2.65366794854471
"3 or 4 Unit","3000-3999","<1940","Electricity",190.258,0,1,217.80652609309,0,NA,1.14479562537759,1.20068011375346,1,217.80652609309,0
"3 or 4 Unit","3000-3999","<1940","Natural Gas",187.97,2.9085,4,215.187233702227,3.49217811085192,NA,1.14479562537759,1.20068011375346,1,215.187233702227,3.49217811085192
"3 or 4 Unit","4000+","1960-79","Natural Gas",102.383,3.86,1,128.481915230508,4.40704701698242,NA,1.25491453884441,1.14172202512498,1,128.481915230508,4.40704701698242
"3 or 4 Unit","500-749","1940-59","Electricity",21.217,2.842,1,22.7050204715047,5.03224241591139,NA,1.07013340583045,1.77066939335376,1,22.7050204715047,5.03224241591139
"3 or 4 Unit","500-749","1940-59","Natural Gas",49.3262,2.208,10,52.7856144026739,3.90963802052511,16,1.07013340583045,1.77066939335376,1,52.7856144026739,3.90963802052511
"3 or 4 Unit","500-749","1960-79","Electricity",26.344,1.73685714285714,7,30.5255827340996,1.73433485104111,NA,1.15872998535149,0.998547783951947,1,30.5255827340996,1.73433485104111
"3 or 4 Unit","500-749","1960-79","Natural Gas",30.8389285714286,1.63642857142857,14,35.733991251827,1.63405212359565,5,1.15872998535149,0.998547783951947,1,35.733991251827,1.63405212359565
"3 or 4 Unit","500-749","1980-99","Electricity",23.3007142857143,2.23042857142857,7,27.3880917060535,2.03654980295895,1,1.17541854598188,0.913075553750888,1,27.3880917060535,2.03654980295895
"3 or 4 Unit","500-749","1980-99","Natural Gas",23.6212222222222,2.69011111111111,18,27.7648226787593,2.45627469242919,NA,1.17541854598188,0.913075553750888,1,27.7648226787593,2.45627469242919
"3 or 4 Unit","500-749","<1940","Electricity",21.385,3.442,1,40.8285004500287,2.44882394109045,1,1.90921208557534,0.711453788811866,1,40.8285004500287,2.44882394109045
"3 or 4 Unit","500-749","<1940","Natural Gas",39.6285833333333,2.1645,12,75.6593702342297,1.53994172588328,87,1.90921208557534,0.711453788811866,1,75.6593702342297,1.53994172588328
"3 or 4 Unit","750-999","1940-59","Electricity",21.82,2.5525,2,23.8328213074413,3.69755803533138,NA,1.09224662270583,1.44860256036489,1,23.8328213074413,3.69755803533138
"3 or 4 Unit","750-999","1940-59","Natural Gas",46.1358333333333,2.30666666666667,12,50.3917081440527,3.34144323924167,2,1.09224662270583,1.44860256036489,1,50.3917081440527,3.34144323924167
"3 or 4 Unit","750-999","1960-79","Electricity",33.24225,1.91166666666667,12,41.072463761602,1.66443368019917,NA,1.23555005336889,0.870671497924588,1,41.072463761602,1.66443368019917
"3 or 4 Unit","750-999","1960-79","Natural Gas",35.2839473684211,1.58389473684211,19,43.5950830541178,1.37905200308118,3,1.23555005336889,0.870671497924588,1,43.5950830541178,1.37905200308118
"3 or 4 Unit","750-999","1980-99","Electricity",13.1275,2.7415,2,14.0105011128122,1.51374481208657,NA,1.06726346317367,0.552159333243321,1,14.0105011128122,1.51374481208657
"3 or 4 Unit","750-999","1980-99","Natural Gas",36.1892857142857,2.09992857142857,14,38.6235024012097,1.15949515985861,NA,1.06726346317367,0.552159333243321,1,38.6235024012097,1.15949515985861
"3 or 4 Unit","750-999","2000-09","Electricity",19.094,2.758,2,30.1979149062113,3.07120078782072,NA,1.58153948393272,1.11356083677329,1,30.1979149062113,3.07120078782072
"3 or 4 Unit","750-999","<1940","Electricity",40.653,2.64325,4,32.6241316990467,2.54573911847799,NA,0.802502440140867,0.963109474502218,1,32.6241316990467,2.54573911847799
"3 or 4 Unit","750-999","<1940","Natural Gas",54.3018857142857,2.39994285714286,35,43.5773957899648,2.31140770397821,34,0.802502440140867,0.963109474502218,1,43.5773957899648,2.31140770397821
"5 to 9 Unit","0-499","1940-59","Electricity",13.317,1.5055,4,12.5151881307375,1.97276813086556,NA,0.939790352987722,1.31037404906381,1,12.5151881307375,1.97276813086556
"5 to 9 Unit","0-499","1940-59","Natural Gas",22.5636,1.7072,5,21.2050536086738,2.23707057656173,NA,0.939790352987722,1.31037404906381,1,21.2050536086738,2.23707057656173
"5 to 9 Unit","0-499","1960-79","Electricity",10.8898,1.4778,5,12.6183377944806,1.47565391512419,NA,1.15872998535149,0.998547783951947,1,12.6183377944806,1.47565391512419
"5 to 9 Unit","0-499","1960-79","Natural Gas",16.5376666666667,1.766,9,19.1626902544145,1.76343538645914,NA,1.15872998535149,0.998547783951947,1,19.1626902544145,1.76343538645914
"5 to 9 Unit","0-499","1980-99","Electricity",6.298,1.7225,2,7.40278600259387,1.5727726413359,NA,1.17541854598188,0.913075553750888,1,7.40278600259387,1.5727726413359
"5 to 9 Unit","0-499","1980-99","Natural Gas",12.76925,1.6445,4,15.0092132682791,1.50155274814334,NA,1.17541854598188,0.913075553750888,1,15.0092132682791,1.50155274814334
"5 to 9 Unit","0-499","2000-09","Electricity",12.4,1.9825,2,19.6110896007657,2.20763435890304,NA,1.58153948393272,1.11356083677329,1,19.6110896007657,2.20763435890304
"5 to 9 Unit","0-499","2000-09","Natural Gas",14.6705,2.4285,2,23.2019749990349,2.70428249210393,NA,1.58153948393272,1.11356083677329,1,23.2019749990349,2.70428249210393
"5 to 9 Unit","0-499","2010s","Natural Gas",22.159,0.36,1,21.4783712416133,0.361952903785769,NA,0.969284319762324,1.00542473273825,1,21.4783712416133,0.361952903785769
"5 to 9 Unit","0-499","<1940","Electricity",16.2514,1.5259,10,15.6512355914363,1.10857113051593,NA,0.963069987289482,0.726503132915611,1,15.6512355914363,1.10857113051593
"5 to 9 Unit","0-499","<1940","Natural Gas",19.2662307692308,1.957,13,18.5547286220393,1.42176663111585,NA,0.963069987289482,0.726503132915611,1,18.5547286220393,1.42176663111585
"5 to 9 Unit","1000-1499","1940-59","Electricity",34.054,0.413,2,30.1207129087547,0.450599893612466,NA,0.884498529064272,1.09104090463067,1,30.1207129087547,0.450599893612466
"5 to 9 Unit","1000-1499","1940-59","Natural Gas",42.8224285714286,2.841,7,37.8763750823884,3.09964721005573,NA,0.884498529064272,1.09104090463067,1,37.8763750823884,3.09964721005573
"5 to 9 Unit","1000-1499","1960-79","Electricity",37.4282,2.1291,10,52.3485001776671,2.15215231904043,NA,1.39863793016141,1.01082725989405,1,52.3485001776671,2.15215231904043
"5 to 9 Unit","1000-1499","1960-79","Natural Gas",41.61845,1.65115,20,58.2091427645259,1.66902743017407,NA,1.39863793016141,1.01082725989405,1,58.2091427645259,1.66902743017407
"5 to 9 Unit","1000-1499","1980-99","Electricity",24.6087058823529,2.62323529411765,17,30.3041214823091,1.32406071978933,NA,1.23143905360909,0.504743407028109,1,30.3041214823091,1.32406071978933
"5 to 9 Unit","1000-1499","1980-99","Natural Gas",38.500125,2.0543125,16,47.4105574938315,1.03690069035043,NA,1.23143905360909,0.504743407028109,1,47.4105574938315,1.03690069035043
"5 to 9 Unit","1000-1499","2000-09","Electricity",15.7512,3.219,5,19.837790076298,3.46679538190176,NA,1.25944626925555,1.07697899406703,1,19.837790076298,3.46679538190176
"5 to 9 Unit","1000-1499","2000-09","Natural Gas",32.4646,2.6514,10,40.8874193528737,2.85550210486931,NA,1.25944626925555,1.07697899406703,1,40.8874193528737,2.85550210486931
"5 to 9 Unit","1000-1499","2010s","Electricity",25.1195,3.2185,2,21.9750610002398,2.91570448002508,NA,0.874820796601837,0.905920298283386,1,21.9750610002398,2.91570448002508
"5 to 9 Unit","1000-1499","2010s","Natural Gas",28.4906666666667,1.98266666666667,3,24.9242277090507,1.79613797806319,NA,0.874820796601837,0.905920298283386,1,24.9242277090507,1.79613797806319
"5 to 9 Unit","1000-1499","<1940","Electricity",45.133,2.0005,6,49.6580170842839,2.14155757229046,NA,1.10025961235202,1.07051115835564,1,49.6580170842839,2.14155757229046
"5 to 9 Unit","1000-1499","<1940","Natural Gas",68.535375,2.611125,8,75.4067051299006,2.79523844836137,NA,1.10025961235202,1.07051115835564,1,75.4067051299006,2.79523844836137
"5 to 9 Unit","1500-1999","1960-79","Electricity",41.761,1.132,1,39.5177730480358,1.12607366335644,NA,0.946284165801484,0.994764720279542,1,39.5177730480358,1.12607366335644
"5 to 9 Unit","1500-1999","1960-79","Natural Gas",67.853,4.5845,2,64.2082195021281,4.56049886012156,NA,0.946284165801484,0.994764720279542,1,64.2082195021281,4.56049886012156
"5 to 9 Unit","1500-1999","1980-99","Electricity",34.5003333333333,3.066,3,35.9063448679679,3.35633861310927,NA,1.0407535637714,1.09469622084451,1,35.9063448679679,3.35633861310927
"5 to 9 Unit","1500-1999","1980-99","Natural Gas",77.471,4.284,1,80.6282193389342,4.68967861009789,NA,1.0407535637714,1.09469622084451,1,80.6282193389342,4.68967861009789
"5 to 9 Unit","1500-1999","2000-09","Electricity",36.5445,1.166,2,86.8848360388431,1.33242410027844,NA,2.37750786134283,1.1427307892611,1,86.8848360388431,1.33242410027844
"5 to 9 Unit","1500-1999","2000-09","Natural Gas",0,5.739,1,0,6.55813199956946,NA,2.37750786134283,1.1427307892611,1,0,6.55813199956946
"5 to 9 Unit","1500-1999","<1940","Electricity",60.041,0.626,1,60.41577327173,0.698107992543183,NA,1.006241955859,1.11518848649071,1,60.41577327173,0.698107992543183
"5 to 9 Unit","1500-1999","<1940","Natural Gas",53.74625,3.255,4,54.0817317200866,3.62993852352725,NA,1.006241955859,1.11518848649071,1,54.0817317200866,3.62993852352725
"5 to 9 Unit","2000-2499","1980-99","Electricity",11.956,2.445,1,17.6518137590426,2.61630627256159,NA,1.47639793902999,1.07006391515812,1,17.6518137590426,2.61630627256159
"5 to 9 Unit","2000-2499","1980-99","Natural Gas",66.693,5.284,1,98.4654077477273,5.65421772769549,NA,1.47639793902999,1.07006391515812,1,98.4654077477273,5.65421772769549
"5 to 9 Unit","2000-2499","2010s","Electricity",47.495,2.762,1,40.5041844083691,2.84178546036458,NA,0.852809441169998,1.02888684299949,1,40.5041844083691,2.84178546036458
"5 to 9 Unit","2000-2499","2010s","Natural Gas",37.525,2.242,1,32.0016742799042,2.30676430200485,NA,0.852809441169998,1.02888684299949,1,32.0016742799042,2.30676430200485
"5 to 9 Unit","2000-2499","<1940","Natural Gas",100.713,1.644,2,108.615173978198,1.69271963566742,NA,1.07846230355761,1.02963481488286,1,108.615173978198,1.69271963566742
"5 to 9 Unit","2500-2999","1980-99","Electricity",21.724,8.512,1,21.2581105378108,11.5565610257543,NA,0.978554158433569,1.35767869193542,1,21.2581105378108,11.5565610257543
"5 to 9 Unit","2500-2999","<1940","Electricity",49.882,1.758,1,41.1788789791651,2.29235154376681,NA,0.825525820519728,1.30395423422458,1,41.1788789791651,2.29235154376681
"5 to 9 Unit","2500-2999","<1940","Natural Gas",173.464,3.05,1,143.199010930634,3.97706041438496,NA,0.825525820519728,1.30395423422458,1,143.199010930634,3.97706041438496
"5 to 9 Unit","3000-3999","<1940","Natural Gas",157.069333333333,5.09366666666667,3,179.812285680975,6.11586427275552,NA,1.1447956253776,1.20068011375346,1,179.812285680975,6.11586427275552
"5 to 9 Unit","500-749","1940-59","Electricity",24.22275,1.768625,8,25.9215739560795,3.1316501558203,NA,1.07013340583045,1.77066939335376,1,25.9215739560795,3.1316501558203
"5 to 9 Unit","500-749","1940-59","Natural Gas",32.5411,2.1877,10,34.8233181724693,3.87369343184003,NA,1.07013340583045,1.77066939335376,1,34.8233181724693,3.87369343184003
"5 to 9 Unit","500-749","1960-79","Electricity",19.8963125,1.419625,16,23.0544538916736,1.41756339779278,NA,1.15872998535149,0.998547783951947,1,23.0544538916736,1.41756339779278
"5 to 9 Unit","500-749","1960-79","Natural Gas",25.6580769230769,1.74734615384615,26,29.7307830972243,1.74480862972003,NA,1.15872998535149,0.998547783951947,1,29.7307830972243,1.74480862972003
"5 to 9 Unit","500-749","1980-99","Electricity",14.2251,2.2086,10,16.7204463584468,2.01661866801421,NA,1.17541854598188,0.913075553750888,1,16.7204463584468,2.01661866801421
"5 to 9 Unit","500-749","1980-99","Natural Gas",22.6034285714286,2.215,14,26.5684891456338,2.02246235155822,NA,1.17541854598188,0.913075553750888,1,26.5684891456338,2.02246235155822
"5 to 9 Unit","500-749","2000-09","Electricity",11.504,1.9145,2,18.194030223162,2.13191222200246,NA,1.58153948393272,1.11356083677329,1,18.194030223162,2.13191222200246
"5 to 9 Unit","500-749","2000-09","Natural Gas",18,2.48275,4,28.4677107107889,2.76469316749888,NA,1.58153948393272,1.11356083677329,1,28.4677107107889,2.76469316749888
"5 to 9 Unit","500-749","2010s","Electricity",16.49,2.336,2,15.9834984328807,2.34867217567655,NA,0.969284319762324,1.00542473273825,1,15.9834984328807,2.34867217567655
"5 to 9 Unit","500-749","2010s","Natural Gas",10.2835,2.277,2,9.96763530227586,2.28935211644499,NA,0.969284319762324,1.00542473273825,1,9.96763530227586,2.28935211644499
"5 to 9 Unit","500-749","<1940","Electricity",36.2586666666667,1.98166666666667,6,69.2254846068478,1.40986425816218,NA,1.90921208557534,0.711453788811867,1,69.2254846068478,1.40986425816218
"5 to 9 Unit","500-749","<1940","Natural Gas",36.745947368421,2.13905263157895,19,70.1558068117049,1.52183709920484,NA,1.90921208557534,0.711453788811867,1,70.1558068117049,1.52183709920484
"5 to 9 Unit","750-999","1940-59","Electricity",45.3515714285714,2.27885714285714,7,49.5351007272596,3.30115829184867,NA,1.09224662270584,1.44860256036489,1,49.5351007272596,3.30115829184867
"5 to 9 Unit","750-999","1940-59","Natural Gas",33.2374,2.1276,5,36.3034378975229,3.08204680743234,NA,1.09224662270584,1.44860256036489,1,36.3034378975229,3.08204680743234
"5 to 9 Unit","750-999","1960-79","Electricity",25.1051818181818,1.36936363636364,11,31.0187087352902,1.19226588847618,NA,1.23555005336889,0.870671497924586,1,31.0187087352902,1.19226588847618
"5 to 9 Unit","750-999","1960-79","Natural Gas",32.8585641025641,2.05302564102564,39,40.5984006305482,1.78751091014938,NA,1.23555005336889,0.870671497924586,1,40.5984006305482,1.78751091014938
"5 to 9 Unit","750-999","1980-99","Electricity",21.0249473684211,1.85873684210526,19,22.439158141465,1.02631889541164,NA,1.06726346317366,0.552159333243323,1,22.439158141465,1.02631889541164
"5 to 9 Unit","750-999","1980-99","Natural Gas",26.9699117647059,2.20317647058824,34,28.7840014314881,1.21650445101738,NA,1.06726346317366,0.552159333243323,1,28.7840014314881,1.21650445101738
"5 to 9 Unit","750-999","2000-09","Electricity",31.3856666666667,2.04933333333333,3,49.6376710628843,2.28205734149406,NA,1.58153948393272,1.11356083677329,1,49.6376710628843,2.28205734149406
"5 to 9 Unit","750-999","2000-09","Natural Gas",20.3967,2.3935,10,32.2581863919305,2.66530786281686,NA,1.58153948393272,1.11356083677329,1,32.2581863919305,2.66530786281686
"5 to 9 Unit","750-999","2010s","Electricity",14.967,1.518,1,14.5072784138827,1.52623474429666,NA,0.969284319762324,1.00542473273825,1,14.5072784138827,1.52623474429666
"5 to 9 Unit","750-999","2010s","Natural Gas",20.791,2.7055,2,20.1523902921785,2.72017661442333,NA,0.969284319762324,1.00542473273825,1,20.1523902921785,2.72017661442333
"5 to 9 Unit","750-999","<1940","Electricity",37.4995,1.52816666666667,6,30.0934402540625,1.47179179528514,NA,0.802502440140867,0.963109474502218,1,30.0934402540625,1.47179179528514
"5 to 9 Unit","750-999","<1940","Natural Gas",58.7994705882353,2.09752941176471,17,47.18671862605,2.02015044951765,NA,0.802502440140867,0.963109474502218,1,47.18671862605,2.02015044951765
"50 or more Unit","0-499","1940-59","Electricity",4.1211,1.3952,10,3.8729700236977,1.82823387325382,NA,0.939790352987722,1.31037404906381,1,3.8729700236977,1.82823387325382
"50 or more Unit","0-499","1940-59","Natural Gas",10.4267142857143,1.82342857142857,7,9.79892549907355,2.38937348032149,NA,0.939790352987722,1.31037404906381,1,9.79892549907355,2.38937348032149
"50 or more Unit","0-499","1960-79","Electricity",4.46441379310345,1.03606896551724,29,5.17305012908574,1.03456436953863,NA,1.15872998535149,0.998547783951947,1,5.17305012908574,1.03456436953863
"50 or more Unit","0-499","1960-79","Natural Gas",7.20760416666667,1.20089583333333,48,8.351667070461,1.19915187313213,NA,1.15872998535149,0.998547783951947,1,8.351667070461,1.19915187313213
"50 or more Unit","0-499","1980-99","Electricity",5.23258823529412,1.21629411764706,17,6.1504812552513,1.11056842499454,NA,1.17541854598188,0.913075553750888,1,6.1504812552513,1.11056842499454
"50 or more Unit","0-499","1980-99","Natural Gas",4.35534146341463,1.5740243902439,41,5.11934913018142,1.43720319173936,NA,1.17541854598188,0.913075553750888,1,5.11934913018142,1.43720319173936
"50 or more Unit","0-499","2000-09","Electricity",2.14214285714286,1.46757142857143,14,3.38788350879587,1.63423006802457,NA,1.58153948393272,1.11356083677329,1,3.38788350879587,1.63423006802457
"50 or more Unit","0-499","2000-09","Natural Gas",4.48541176470588,1.42082352941176,17,7.09385580757868,1.58217343831894,NA,1.58153948393272,1.11356083677329,1,7.09385580757868,1.58217343831894
"50 or more Unit","0-499","2010s","Electricity",2.29564285714286,1.52621428571429,14,2.22513062520295,1.53449359031558,NA,0.969284319762324,1.00542473273825,1,2.22513062520295,1.53449359031558
"50 or more Unit","0-499","2010s","Natural Gas",2.94571428571429,1.73285714285714,7,2.85523466764273,1.74225742973071,NA,0.969284319762324,1.00542473273825,1,2.85523466764273,1.74225742973071
"50 or more Unit","0-499","<1940","Electricity",5.49316666666667,0.827833333333333,6,5.29030395184567,0.60142351019864,NA,0.963069987289482,0.726503132915611,1,5.29030395184567,0.60142351019864
"50 or more Unit","0-499","<1940","Natural Gas",8.67638461538461,1.26684615384615,13,8.35596562125712,0.920367699691323,NA,0.963069987289482,0.726503132915611,1,8.35596562125712,0.920367699691323
"50 or more Unit","1000-1499","1940-59","Electricity",9.70928571428571,1.99514285714286,7,8.58784893255046,2.17678246772456,NA,0.884498529064272,1.09104090463067,1,8.58784893255046,2.17678246772456
"50 or more Unit","1000-1499","1940-59","Natural Gas",29.0922222222222,2.41955555555556,9,25.7320277627665,2.63983408213749,NA,0.884498529064272,1.09104090463067,1,25.7320277627665,2.63983408213749
"50 or more Unit","1000-1499","1960-79","Electricity",10.9551153846154,1.30561538461538,52,15.3222399062178,1.31975162170629,NA,1.39863793016141,1.01082725989405,1,15.3222399062178,1.31975162170629
"50 or more Unit","1000-1499","1960-79","Natural Gas",18.1046440677966,1.73723728813559,59,25.321841905292,1.75604680775188,NA,1.39863793016141,1.01082725989405,1,25.321841905292,1.75604680775188
"50 or more Unit","1000-1499","1980-99","Electricity",11.8876470588235,1.7216,85,14.6389128437565,0.868966249539593,NA,1.23143905360909,0.504743407028109,1,14.6389128437565,0.868966249539593
"50 or more Unit","1000-1499","1980-99","Natural Gas",17.1115904761905,2.18062857142857,105,21.0718807817463,1.1006578946057,NA,1.23143905360909,0.504743407028109,1,21.0718807817463,1.1006578946057
"50 or more Unit","1000-1499","2000-09","Electricity",9.58395833333333,1.85277083333333,48,12.0704805676173,1.99539526832006,NA,1.25944626925555,1.07697899406703,1,12.0704805676173,1.99539526832006
"50 or more Unit","1000-1499","2000-09","Natural Gas",12.359419047619,1.90927619047619,105,15.5660242096898,2.05625035101517,NA,1.25944626925555,1.07697899406703,1,15.5660242096898,2.05625035101517
"50 or more Unit","1000-1499","2010s","Electricity",5.9142,1.67234285714286,35,5.17386515526258,1.51500933997495,NA,0.874820796601837,0.905920298283386,1,5.17386515526258,1.51500933997495
"50 or more Unit","1000-1499","2010s","Natural Gas",8.72810769230769,1.94875384615385,65,7.63553012421124,1.76541566558859,NA,0.874820796601837,0.905920298283386,1,7.63553012421124,1.76541566558859
"50 or more Unit","1000-1499","<1940","Electricity",22.0624166666667,1.509,12,24.2743860092155,1.61540133795866,NA,1.10025961235202,1.07051115835564,1,24.2743860092155,1.61540133795866
"50 or more Unit","1000-1499","<1940","Natural Gas",16.3527857142857,1.41321428571429,14,17.9923096708757,1.51286166200474,NA,1.10025961235202,1.07051115835564,1,17.9923096708757,1.51286166200474
"50 or more Unit","1500-1999","1940-59","Natural Gas",0,0.858,1,0,0.530364358204744,NA,0.828738895257646,0.618140277627907,1,0,0.530364358204744
"50 or more Unit","1500-1999","1960-79","Electricity",9.32575,1.38975,4,8.82480955922319,1.38247427000849,NA,0.946284165801484,0.994764720279542,1,8.82480955922319,1.38247427000849
"50 or more Unit","1500-1999","1960-79","Natural Gas",30.0746,1.1288,5,28.4591177728133,1.12289041625155,NA,0.946284165801484,0.994764720279542,1,28.4591177728133,1.12289041625155
"50 or more Unit","1500-1999","1980-99","Electricity",13.9875882352941,1.51658823529412,17,14.5576323044493,1.66020340975372,NA,1.0407535637714,1.09469622084451,1,14.5576323044493,1.66020340975372
"50 or more Unit","1500-1999","1980-99","Natural Gas",19.8053214285714,2.36496428571429,28,20.6124588584238,2.58891746600367,NA,1.0407535637714,1.09469622084451,1,20.6124588584238,2.58891746600367
"50 or more Unit","1500-1999","2000-09","Electricity",13.4926470588235,1.94435294117647,17,32.0788744526772,2.22187197107273,NA,2.37750786134283,1.1427307892611,1,32.0788744526772,2.22187197107273
"50 or more Unit","1500-1999","2000-09","Natural Gas",18.8784,2.2126,30,44.8835444095745,2.52840614431911,NA,2.37750786134283,1.1427307892611,1,44.8835444095745,2.52840614431911
"50 or more Unit","1500-1999","2010s","Electricity",5.309,2.7955,6,6.60455856556865,2.82310789579367,NA,1.2440306207513,1.00987583466059,1,6.60455856556865,2.82310789579367
"50 or more Unit","1500-1999","2010s","Natural Gas",18.7547142857143,2.56257142857143,7,23.3314388548704,2.58787896030595,NA,1.2440306207513,1.00987583466059,1,23.3314388548704,2.58787896030595
"50 or more Unit","1500-1999","<1940","Electricity",13.575,2.471,1,13.6597345507859,2.75563075011854,NA,1.006241955859,1.11518848649071,1,13.6597345507859,2.75563075011854
"50 or more Unit","1500-1999","<1940","Natural Gas",59.4735,2.16,4,59.84473096178,2.40880713081993,NA,1.006241955859,1.11518848649071,1,59.84473096178,2.40880713081993
"50 or more Unit","2000-2499","1960-79","Electricity",2.08,0.878,1,2.20340775643909,0.893586814700536,NA,1.05933065213418,1.01775263633318,1,2.20340775643909,0.893586814700536
"50 or more Unit","2000-2499","1960-79","Natural Gas",115.486,3.728,1,122.337859692368,3.79418182825011,NA,1.05933065213418,1.01775263633318,1,122.337859692368,3.79418182825011
"50 or more Unit","2000-2499","1980-99","Electricity",35.283,1.4705,6,52.0917484827953,1.57352898724001,NA,1.47639793902999,1.07006391515812,1,52.0917484827953,1.57352898724001
"50 or more Unit","2000-2499","1980-99","Natural Gas",31.001,3.8095,6,45.7698125078688,4.07640848479484,NA,1.47639793902999,1.07006391515812,1,45.7698125078688,4.07640848479484
"50 or more Unit","2000-2499","2000-09","Electricity",11.0985,2.639,2,17.2989149866059,2.77673706663888,NA,1.55867144087993,1.05219290134099,1,17.2989149866059,2.77673706663888
"50 or more Unit","2000-2499","2000-09","Natural Gas",52.39075,2.9915,4,81.6599657912802,3.14763506436157,NA,1.55867144087993,1.05219290134099,1,81.6599657912802,3.14763506436157
"50 or more Unit","2000-2499","2010s","Electricity",2.8105,2.6475,2,2.39682093440828,2.72397791684114,NA,0.852809441169998,1.02888684299949,1,2.39682093440828,2.72397791684114
"50 or more Unit","2000-2499","2010s","Natural Gas",25.5778571428571,2.29642857142857,7,21.8130380563261,2.36276514303096,NA,0.852809441169998,1.02888684299949,1,21.8130380563261,2.36276514303096
"50 or more Unit","2000-2499","<1940","Natural Gas",14.036,3.883,1,15.1372968927347,3.99807198619015,NA,1.07846230355761,1.02963481488286,1,15.1372968927347,3.99807198619015
"50 or more Unit","2500-2999","1980-99","Electricity",10.4096666666667,1.319,3,10.186422604574,1.79077819466282,NA,0.978554158433569,1.35767869193542,1,10.186422604574,1.79077819466282
"50 or more Unit","2500-2999","1980-99","Natural Gas",62.65075,2.593,4,61.3071519414819,3.52046084818855,NA,0.978554158433569,1.35767869193542,1,61.3071519414819,3.52046084818855
"50 or more Unit","3000-3999","<1940","Electricity",7.987,0.551,1,9.14348265989086,0.661574742678154,NA,1.1447956253776,1.20068011375346,1,9.14348265989086,0.661574742678154
"50 or more Unit","3000-3999","<1940","Natural Gas",22.2485,2.749,2,25.4699854712135,3.30066963270825,NA,1.1447956253776,1.20068011375346,1,25.4699854712135,3.30066963270825
"50 or more Unit","4000+","2000-09","Electricity",24.775,0.481,1,32.2838181805203,0.602266202046568,NA,1.30308045128235,1.2521126861675,1,32.2838181805203,0.602266202046568
"50 or more Unit","4000+","2010s","Electricity",4.771,1.099,1,4.19620180606704,1.11379008022586,NA,0.879522491315665,1.01345776180697,1,4.19620180606704,1.11379008022586
"50 or more Unit","500-749","1940-59","Electricity",9.115,1.477,13,9.75426599414456,2.61527869398351,NA,1.07013340583045,1.77066939335376,1,9.75426599414456,2.61527869398351
"50 or more Unit","500-749","1940-59","Natural Gas",17.3714347826087,1.58021739130435,23,18.5897526680746,2.79804256962794,NA,1.07013340583045,1.77066939335376,1,18.5897526680746,2.79804256962794
"50 or more Unit","500-749","1960-79","Electricity",8.61908035714286,1.04385714285714,112,9.98718685597545,1.04234123676241,NA,1.15872998535149,0.998547783951947,1,9.98718685597545,1.04234123676241
"50 or more Unit","500-749","1960-79","Natural Gas",12.8575034482759,1.34747586206897,145,14.8983747822774,1.3455190359977,NA,1.15872998535149,0.998547783951947,1,14.8983747822774,1.3455190359977
"50 or more Unit","500-749","1980-99","Electricity",6.77581818181818,1.42925974025974,77,7.96442235511031,1.30502212879151,NA,1.17541854598188,0.913075553750888,1,7.96442235511031,1.30502212879151
"50 or more Unit","500-749","1980-99","Natural Gas",9.59479411764706,1.84103921568627,102,11.2778989507602,1.68100790133985,NA,1.17541854598188,0.913075553750888,1,11.2778989507602,1.68100790133985
"50 or more Unit","500-749","2000-09","Electricity",5.166,1.68452,25,8.17023297399642,1.87581550076134,NA,1.58153948393272,1.11356083677329,1,8.17023297399642,1.87581550076134
"50 or more Unit","500-749","2000-09","Natural Gas",7.03045454545455,1.98051515151515,33,11.1189414536306,2.20542410936338,NA,1.58153948393272,1.11356083677329,1,11.1189414536306,2.20542410936338
"50 or more Unit","500-749","2010s","Electricity",4.292125,1.75958333333333,24,4.16028946095986,1.76912860264734,NA,0.969284319762324,1.00542473273825,1,4.16028946095986,1.76912860264734
"50 or more Unit","500-749","2010s","Natural Gas",7.55356756756757,1.78010810810811,37,7.32155460150848,1.78976471883978,NA,0.969284319762324,1.00542473273825,1,7.32155460150848,1.78976471883978
"50 or more Unit","500-749","<1940","Electricity",12.9952142857143,1.58414285714286,14,24.810620168927,1.12704443773354,NA,1.90921208557534,0.711453788811867,1,24.810620168927,1.12704443773354
"50 or more Unit","500-749","<1940","Natural Gas",16.447125,1.92425,16,31.4010498229683,1.36901495312123,NA,1.90921208557534,0.711453788811867,1,31.4010498229683,1.36901495312123
"50 or more Unit","750-999","1940-59","Electricity",11.6106470588235,1.43541176470588,17,12.6816900374294,2.07934115753083,NA,1.09224662270584,1.44860256036489,1,12.6816900374294,2.07934115753083
"50 or more Unit","750-999","1940-59","Natural Gas",14.3673461538462,1.704,26,15.6926853137841,2.46841876286177,NA,1.09224662270584,1.44860256036489,1,15.6926853137841,2.46841876286177
"50 or more Unit","750-999","1960-79","Electricity",11.9042840909091,1.41236363636364,88,14.7083388438412,1.22970476288694,NA,1.23555005336889,0.870671497924586,1,14.7083388438412,1.22970476288694
"50 or more Unit","750-999","1960-79","Natural Gas",11.9487810218978,1.43005109489051,137,14.763317029299,1.24510472889701,NA,1.23555005336889,0.870671497924586,1,14.763317029299,1.24510472889701
"50 or more Unit","750-999","1980-99","Electricity",11.2979655172414,1.53799137931034,116,12.0579058047477,0.849216294533979,NA,1.06726346317366,0.552159333243323,1,12.0579058047477,0.849216294533979
"50 or more Unit","750-999","1980-99","Natural Gas",11.164609929078,1.89145390070922,141,11.9155802578909,1.04438392467609,NA,1.06726346317366,0.552159333243323,1,11.9155802578909,1.04438392467609
"50 or more Unit","750-999","2000-09","Electricity",6.28226470588235,1.61314705882353,34,9.9356496808699,1.7963373886619,NA,1.58153948393272,1.11356083677329,1,9.9356496808699,1.7963373886619
"50 or more Unit","750-999","2000-09","Natural Gas",8.2804794520548,2.18332876712329,73,13.0959051993182,2.431269408869,NA,1.58153948393272,1.11356083677329,1,13.0959051993182,2.431269408869
"50 or more Unit","750-999","2010s","Electricity",8.22943243243243,1.51548648648649,37,7.97665981730028,1.5237075956441,NA,0.969284319762324,1.00542473273825,1,7.97665981730028,1.5237075956441
"50 or more Unit","750-999","2010s","Natural Gas",11.0862361111111,1.93488888888889,72,10.7457148276828,1.94538514398932,NA,0.969284319762324,1.00542473273825,1,10.7457148276828,1.94538514398932
"50 or more Unit","750-999","<1940","Electricity",12.0936666666667,1.73383333333333,12,9.70519701025027,1.6698713105411,NA,0.802502440140867,0.963109474502218,1,9.70519701025027,1.6698713105411
"50 or more Unit","750-999","<1940","Natural Gas",10.50125,2.25375,24,8.42727874952928,2.17060797815937,NA,0.802502440140867,0.963109474502218,1,8.42727874952928,2.17060797815937
"Mobile Home","0-499","1960-79","Natural Gas",20.9906666666667,1.504,3,24.3225148791846,1.50181586706373,NA,1.15872998535149,0.998547783951947,1,24.3225148791846,1.50181586706373
"Mobile Home","0-499","1980-99","Electricity",4.327,0.804,1,5.08603604846359,0.734112745215714,NA,1.17541854598188,0.913075553750888,1,5.08603604846359,0.734112745215714
"Mobile Home","0-499","1980-99","Natural Gas",11.626,1.60516666666667,6,13.6654160155853,1.46563844302913,NA,1.17541854598188,0.913075553750888,1,13.6654160155853,1.46563844302913
"Mobile Home","1000-1499","1940-59","Natural Gas",114.732,0,1,101.480285236602,0,NA,0.884498529064272,1.09104090463067,1,101.480285236602,0
"Mobile Home","1000-1499","1960-79","Electricity",65.943,1.065,1,92.2303810286335,1.07653103178717,NA,1.39863793016141,1.01082725989405,1,92.2303810286335,1.07653103178717
"Mobile Home","1000-1499","1960-79","Natural Gas",97.6712592592593,2.58481481481481,27,136.606727886628,2.61280127659281,NA,1.39863793016141,1.01082725989405,1,136.606727886628,2.61280127659281
"Mobile Home","1000-1499","1980-99","Electricity",34.7116666666667,2.35366666666667,3,42.7453019491941,1.18799773234183,NA,1.23143905360909,0.504743407028109,1,42.7453019491941,1.18799773234183
"Mobile Home","1000-1499","1980-99","Natural Gas",60.1365423728814,3.51496610169491,59,74.0544868269838,1.7741559657578,NA,1.23143905360909,0.504743407028109,1,74.0544868269838,1.7741559657578
"Mobile Home","1000-1499","2000-09","Electricity",6.866,2.83,1,8.6473580847086,3.04785055320969,NA,1.25944626925555,1.07697899406703,1,8.6473580847086,3.04785055320969
"Mobile Home","1000-1499","2000-09","Natural Gas",35.91253125,3.12884375,32,45.2299035023358,3.3696989944679,NA,1.25944626925555,1.07697899406703,1,45.2299035023358,3.3696989944679
"Mobile Home","1000-1499","2010s","Natural Gas",30.579,3.34925,4,26.7511451392876,3.03415355902563,NA,0.874820796601837,0.905920298283386,1,26.7511451392876,3.03415355902563
"Mobile Home","1500-1999","1980-99","Natural Gas",94.4305555555556,3.33638888888889,18,98.2789372233577,3.65233230793428,NA,1.0407535637714,1.09469622084451,1,98.2789372233577,3.65233230793428
"Mobile Home","1500-1999","2000-09","Natural Gas",56.201,0.613,1,133.618319315328,0.700493973817055,NA,2.37750786134283,1.1427307892611,1,133.618319315328,0.700493973817055
"Mobile Home","1500-1999","2010s","Natural Gas",50.8722,3.5216,5,63.2865745449843,3.55637873934073,NA,1.2440306207513,1.00987583466059,1,63.2865745449843,3.55637873934073
"Mobile Home","2000-2499","1980-99","Natural Gas",85.3686666666667,3.237,6,126.038123524405,3.46379689336682,NA,1.47639793902999,1.07006391515812,1,126.038123524405,3.46379689336682
"Mobile Home","2000-2499","2000-09","Electricity",51.089,2.41,1,79.6309652431148,2.53578489223179,NA,1.55867144087993,1.05219290134099,1,79.6309652431148,2.53578489223179
"Mobile Home","2000-2499","2000-09","Natural Gas",21.5856666666667,3.23066666666667,3,33.6449621656872,3.39928453326563,NA,1.55867144087993,1.05219290134099,1,33.6449621656872,3.39928453326563
"Mobile Home","2000-2499","2010s","Natural Gas",102.056,4.633,1,87.0343203280453,4.76683274361662,NA,0.852809441169998,1.02888684299949,1,87.0343203280453,4.76683274361662
"Mobile Home","2500-2999","1940-59","Natural Gas",239.776,1.75,1,180.75049058001,2.76513015244421,NA,0.753830619328082,1.58007437282526,1,180.75049058001,2.76513015244421
"Mobile Home","2500-2999","1960-79","Natural Gas",201.2502,3.357,5,217.865250445484,3.58734981362336,NA,1.08255917482558,1.06861775800517,1,217.865250445484,3.58734981362336
"Mobile Home","2500-2999","1980-99","Natural Gas",101.841666666667,5.1165,6,99.657586418472,6.94656302728758,NA,0.978554158433569,1.35767869193542,1,99.657586418472,6.94656302728758
"Mobile Home","3000-3999","1960-79","Natural Gas",268.264,1.578,1,267.633796164248,1.78815481196628,NA,0.997650807280322,1.13317795435125,1,267.633796164248,1.78815481196628
"Mobile Home","4000+","1960-79","Natural Gas",343.696,0.646,1,431.30910734267,0.737552428230737,NA,1.25491453884441,1.14172202512498,1,431.30910734267,0.737552428230737
"Mobile Home","4000+","1980-99","Natural Gas",244.859,4.027,2,331.478252654171,5.23914250611711,NA,1.35375155764816,1.30100385053815,1,331.478252654171,5.23914250611711
"Mobile Home","500-749","1960-79","Natural Gas",49.8023125,1.6943125,16,57.7074328335953,1.69185199219708,NA,1.15872998535149,0.998547783951947,1,57.7074328335953,1.69185199219708
"Mobile Home","500-749","1980-99","Natural Gas",24.8493333333333,2.42133333333333,3,29.2083672552857,2.21086027414882,NA,1.17541854598188,0.913075553750888,1,29.2083672552857,2.21086027414882
"Mobile Home","750-999","1960-79","Electricity",67.986,2.9425,2,84.0001059283373,2.56195088264309,NA,1.23555005336889,0.870671497924586,1,84.0001059283373,2.56195088264309
"Mobile Home","750-999","1960-79","Natural Gas",59.34628,1.68064,25,73.3252994212451,1.46328534627198,NA,1.23555005336889,0.870671497924586,1,73.3252994212451,1.46328534627198
"Mobile Home","750-999","1980-99","Natural Gas",53.0126666666667,2.91186666666667,15,56.5784822187377,1.60781435716012,NA,1.06726346317366,0.552159333243323,1,56.5784822187377,1.60781435716012
"Mobile Home","750-999","2000-09","Natural Gas",18.42675,2.75125,4,29.1426326855572,3.0636842521725,NA,1.58153948393272,1.11356083677329,1,29.1426326855572,3.0636842521725
"Single-Family Attached","0-499","1960-79","Natural Gas",12.205,0,1,14.1422994712149,0,NA,1.15872998535149,0.998547783951947,1,14.1422994712149,0
"Single-Family Attached","0-499","1980-99","Natural Gas",8.533,1.73866666666667,3,10.0298464528634,1.58753402945488,NA,1.17541854598188,0.913075553750888,1,10.0298464528634,1.58753402945488
"Single-Family Attached","0-499","<1940","Electricity",8.24,1.6805,2,7.93569669526533,1.22088851486468,NA,0.963069987289482,0.726503132915611,1,7.93569669526533,1.22088851486468
"Single-Family Attached","0-499","<1940","Natural Gas",19.586,1.969,4,18.8626887710518,1.43048466871084,NA,0.963069987289482,0.726503132915611,1,18.8626887710518,1.43048466871084
"Single-Family Attached","1000-1499","1940-59","Electricity",44.0885,2.27225,4,38.9962133986501,2.47911769554704,NA,0.88449852906427,1.09104090463067,1,38.9962133986501,2.47911769554704
"Single-Family Attached","1000-1499","1940-59","Natural Gas",64.9628611111111,3.31169444444444,36,57.4595550965844,3.61319410252703,NA,0.88449852906427,1.09104090463067,1,57.4595550965844,3.61319410252703
"Single-Family Attached","1000-1499","1960-79","Electricity",37.9875,2.46671428571429,28,53.1307583720064,2.49342204237009,NA,1.39863793016141,1.01082725989405,1,53.1307583720064,2.49342204237009
"Single-Family Attached","1000-1499","1960-79","Natural Gas",67.6256069364162,3.18982080924855,173,94.5837389114579,3.22435782816574,NA,1.39863793016141,1.01082725989405,1,94.5837389114579,3.22435782816574
"Single-Family Attached","1000-1499","1980-99","Electricity",30.5587966101695,2.95649152542373,59,37.6312955770597,1.4922696053921,NA,1.23143905360909,0.50474340702811,1,37.6312955770597,1.4922696053921
"Single-Family Attached","1000-1499","1980-99","Natural Gas",48.7837766233766,3.05343116883117,385,60.074247716568,1.54119925128167,NA,1.23143905360909,0.50474340702811,1,60.074247716568,1.54119925128167
"Single-Family Attached","1000-1499","2000-09","Electricity",25.0796216216216,2.93948648648649,37,31.5864358856922,3.16576519928983,NA,1.25944626925555,1.07697899406703,1,31.5864358856922,3.16576519928983
"Single-Family Attached","1000-1499","2000-09","Natural Gas",36.6823502824859,3.40619209039548,177,46.1994492108021,3.66839733111319,NA,1.25944626925555,1.07697899406703,1,46.1994492108021,3.66839733111319
"Single-Family Attached","1000-1499","2010s","Electricity",25.164,3.64275,4,22.0139905256886,3.3000411665718,NA,0.874820796601837,0.905920298283386,1,22.0139905256886,3.3000411665718
"Single-Family Attached","1000-1499","2010s","Natural Gas",38.9600434782609,2.87104347826087,23,34.0830562712944,2.60093656421066,NA,0.874820796601837,0.905920298283386,1,34.0830562712944,2.60093656421066
"Single-Family Attached","1000-1499","<1940","Electricity",55.36625,3.62975,4,60.9172487623852,3.88568787704139,NA,1.10025961235202,1.07051115835564,1,60.9172487623852,3.88568787704139
"Single-Family Attached","1000-1499","<1940","Natural Gas",131.36225,1.53925,4,144.532578262689,1.64778430049891,NA,1.10025961235202,1.07051115835564,1,144.532578262689,1.64778430049891
"Single-Family Attached","1500-1999","1940-59","Electricity",61.999,3.5065,2,51.3809827670787,2.16750888350226,NA,0.828738895257646,0.618140277627905,1,51.3809827670787,2.16750888350226
"Single-Family Attached","1500-1999","1940-59","Natural Gas",115.373769230769,2.89615384615385,13,95.6147300540183,1.79022934251467,NA,0.828738895257646,0.618140277627905,1,95.6147300540183,1.79022934251467
"Single-Family Attached","1500-1999","1960-79","Electricity",43.3923,2.4462,10,41.0614464077078,2.43339345874782,NA,0.946284165801482,0.994764720279542,1,41.0614464077078,2.43339345874782
"Single-Family Attached","1500-1999","1960-79","Natural Gas",87.2820952380952,3.78207936507936,63,82.5936646817866,3.76227912167821,NA,0.946284165801482,0.994764720279542,1,82.5936646817866,3.76227912167821
"Single-Family Attached","1500-1999","1980-99","Electricity",38.1400588235294,2.60232352941176,34,39.6944021430391,2.84875373306181,NA,1.0407535637714,1.09469622084451,1,39.6944021430391,2.84875373306181
"Single-Family Attached","1500-1999","1980-99","Natural Gas",64.714024291498,3.18881376518219,247,67.3513514073655,3.4907823777219,NA,1.0407535637714,1.09469622084451,1,67.3513514073655,3.4907823777219
"Single-Family Attached","1500-1999","2000-09","Electricity",26.3282173913043,2.7694347826087,23,62.5955438229691,3.16471839493758,NA,2.37750786134283,1.1427307892611,1,62.5955438229691,3.16471839493758
"Single-Family Attached","1500-1999","2000-09","Natural Gas",51.0977777777778,3.50776923076923,117,121.485368363816,4.00843590162273,NA,2.37750786134283,1.1427307892611,1,121.485368363816,4.00843590162273
"Single-Family Attached","1500-1999","2010s","Electricity",30.5561666666667,2.82016666666667,6,38.0128069861135,2.84801816638196,NA,1.2440306207513,1.00987583466059,1,38.0128069861135,2.84801816638196
"Single-Family Attached","1500-1999","2010s","Natural Gas",49.3145675675676,3.35705405405405,37,61.348832103163,3.39020776483855,NA,1.2440306207513,1.00987583466059,1,61.348832103163,3.39020776483855
"Single-Family Attached","1500-1999","<1940","Natural Gas",101.0298,4.4962,5,101.660423552043,5.01411047295952,NA,1.006241955859,1.1151884864907,1,101.660423552043,5.01411047295952
"Single-Family Attached","2000-2499","1940-59","Natural Gas",136.9786,5.812,5,102.670874887573,7.97063907564223,NA,0.749539525791425,1.37141071501071,1,102.670874887573,7.97063907564223
"Single-Family Attached","2000-2499","1960-79","Electricity",53.4661666666667,2.66533333333333,6,56.6383492021147,2.71265002670672,NA,1.05933065213418,1.01775263633318,1,56.6383492021147,2.71265002670672
"Single-Family Attached","2000-2499","1960-79","Natural Gas",93.8515384615385,3.70880769230769,26,99.4198114422575,3.77464880649894,NA,1.05933065213418,1.01775263633318,1,99.4198114422575,3.77464880649894
"Single-Family Attached","2000-2499","1980-99","Electricity",76.809,3.60971428571429,7,113.400649298955,3.86262500117361,NA,1.47639793903,1.07006391515812,1,113.400649298955,3.86262500117361
"Single-Family Attached","2000-2499","1980-99","Natural Gas",88.1238684210526,3.08313157894737,38,130.105897716192,3.29914784831605,NA,1.47639793903,1.07006391515812,1,130.105897716192,3.29914784831605
"Single-Family Attached","2000-2499","2000-09","Electricity",41.5832352941176,4.13158823529412,17,64.8146012723315,4.34722781244042,NA,1.55867144087993,1.05219290134099,1,64.8146012723315,4.34722781244042
"Single-Family Attached","2000-2499","2000-09","Natural Gas",58.3965739130435,3.91359130434783,115,91.0210720034947,4.11785298918462,NA,1.55867144087993,1.05219290134099,1,91.0210720034947,4.11785298918462
"Single-Family Attached","2000-2499","2010s","Electricity",15.2715,3.666,2,13.0236793808276,3.77189916643612,NA,0.852809441169998,1.02888684299949,1,13.0236793808276,3.77189916643612
"Single-Family Attached","2000-2499","2010s","Natural Gas",64.3023846153846,3.64561538461538,13,54.8376806897444,3.75092570386728,NA,0.852809441169998,1.02888684299949,1,54.8376806897444,3.75092570386728
"Single-Family Attached","2000-2499","<1940","Electricity",73.2314,1.1446,5,78.9773043367487,1.17852000911492,NA,1.07846230355761,1.02963481488286,1,78.9773043367487,1.17852000911492
"Single-Family Attached","2000-2499","<1940","Natural Gas",114.470444444444,3.45222222222222,9,123.452059204819,3.55452818871228,NA,1.07846230355761,1.02963481488286,1,123.452059204819,3.55452818871228
"Single-Family Attached","2500-2999","1940-59","Electricity",81.1835,2.9455,2,61.1986080842214,4.65410906515681,NA,0.753830619328082,1.58007437282526,1,61.1986080842214,4.65410906515681
"Single-Family Attached","2500-2999","1940-59","Natural Gas",204.649666666667,4.961,3,154.271184968619,7.83874896358613,NA,0.753830619328082,1.58007437282526,1,154.271184968619,7.83874896358613
"Single-Family Attached","2500-2999","1960-79","Natural Gas",110.765333333333,5.07433333333333,6,119.910027852614,5.42252271003757,NA,1.08255917482558,1.06861775800517,1,119.910027852614,5.42252271003757
"Single-Family Attached","2500-2999","1980-99","Electricity",23.3013333333333,2.65966666666667,3,22.80161663038,3.61097276098424,NA,0.978554158433569,1.35767869193542,1,22.80161663038,3.61097276098424
"Single-Family Attached","2500-2999","1980-99","Natural Gas",87.55268,3.6992,25,85.6750390960036,5.02232501720751,NA,0.978554158433569,1.35767869193542,1,85.6750390960036,5.02232501720751
"Single-Family Attached","2500-2999","2000-09","Electricity",35.61475,3.979,4,41.3962213445687,4.84743614974667,NA,1.16233362145091,1.21825487553322,1,41.3962213445687,4.84743614974667
"Single-Family Attached","2500-2999","2000-09","Natural Gas",63.5392857142857,2.94635714285714,14,73.8538480686897,3.58941395434783,NA,1.16233362145091,1.21825487553322,1,73.8538480686897,3.58941395434783
"Single-Family Attached","2500-2999","<1940","Electricity",170.907,1.457,1,141.088141407565,1.89986131926521,NA,0.825525820519728,1.30395423422458,1,141.088141407565,1.89986131926521
"Single-Family Attached","2500-2999","<1940","Natural Gas",135.7665,2.2865,4,112.078751311592,2.98149135655449,NA,0.825525820519728,1.30395423422458,1,112.078751311592,2.98149135655449
"Single-Family Attached","3000-3999","1960-79","Natural Gas",106.590666666667,2.28833333333333,3,106.340264648548,2.59308888554045,NA,0.997650807280322,1.13317795435125,1,106.340264648548,2.59308888554045
"Single-Family Attached","3000-3999","1980-99","Natural Gas",105.233882352941,2.07894117647059,17,112.584970682205,2.44702575600348,NA,1.06985476697143,1.1770538693922,1,112.584970682205,2.44702575600348
"Single-Family Attached","3000-3999","2000-09","Electricity",60.5788571428571,3.18057142857143,7,69.1351037067394,3.64421353073162,NA,1.14124146554473,1.14577320854839,1,69.1351037067394,3.64421353073162
"Single-Family Attached","3000-3999","2000-09","Natural Gas",77.0770163934426,4.28331147540984,61,87.963487148668,4.90770353239246,NA,1.14124146554473,1.14577320854839,1,87.963487148668,4.90770353239246
"Single-Family Attached","3000-3999","2010s","Electricity",22.008,3.207,2,25.5834289196914,4.22763843739256,NA,1.1624604198333,1.31825333252029,1,25.5834289196914,4.22763843739256
"Single-Family Attached","3000-3999","2010s","Natural Gas",78.414,4.4452,5,91.1531713608088,5.85989971371919,NA,1.1624604198333,1.31825333252029,1,91.1531713608088,5.85989971371919
"Single-Family Attached","4000+","1980-99","Electricity",73.5911666666667,6.8075,6,99.6241565041455,8.85658371253842,NA,1.35375155764816,1.30100385053815,1,99.6241565041455,8.85658371253842
"Single-Family Attached","4000+","1980-99","Natural Gas",202.657055555556,5.25158333333333,36,274.347304626723,6.83233013808861,NA,1.35375155764816,1.30100385053815,1,274.347304626723,6.83233013808861
"Single-Family Attached","4000+","2000-09","Natural Gas",158.459071428571,5.76507142857143,14,206.484918306925,7.21851907237609,NA,1.30308045128235,1.2521126861675,1,206.484918306925,7.21851907237609
"Single-Family Attached","4000+","<1940","Natural Gas",123.119,5.935,1,149.577157448742,7.45016428197937,NA,1.21489906065467,1.25529305509341,1,149.577157448742,7.45016428197937
"Single-Family Attached","500-749","1940-59","Natural Gas",32.854,1.026,3,35.1581629151536,1.81670679758096,NA,1.07013340583045,1.77066939335376,1,35.1581629151536,1.81670679758096
"Single-Family Attached","500-749","1960-79","Electricity",35.487,0,1,41.1198509901683,0,NA,1.15872998535149,0.998547783951947,1,41.1198509901683,0
"Single-Family Attached","500-749","1980-99","Electricity",11.3996666666667,1.77833333333333,3,13.3993796180114,1.623752693087,NA,1.17541854598188,0.913075553750888,1,13.3993796180114,1.623752693087
"Single-Family Attached","500-749","1980-99","Natural Gas",28.9429130434783,3.38308695652174,23,34.0200367660452,3.08901399621349,NA,1.17541854598188,0.913075553750888,1,34.0200367660452,3.08901399621349
"Single-Family Attached","500-749","<1940","Electricity",8.988,1.056,1,17.1599982251512,0.75129520098533,NA,1.90921208557534,0.711453788811866,1,17.1599982251512,0.75129520098533
"Single-Family Attached","500-749","<1940","Natural Gas",62.7316666666667,3.15966666666667,3,119.768056148284,2.24795682138256,NA,1.90921208557534,0.711453788811866,1,119.768056148284,2.24795682138256
"Single-Family Attached","750-999","1940-59","Electricity",67.91525,1.98,4,74.1802024427225,2.86823306952248,NA,1.09224662270583,1.44860256036489,1,74.1802024427225,2.86823306952248
"Single-Family Attached","750-999","1940-59","Natural Gas",56.5487333333333,3.02673333333333,15,61.7651630016263,4.38453365620842,NA,1.09224662270583,1.44860256036489,1,61.7651630016263,4.38453365620842
"Single-Family Attached","750-999","1960-79","Electricity",20.23125,2.4105,4,24.9967220172193,2.09875364574722,NA,1.23555005336889,0.870671497924588,1,24.9967220172193,2.09875364574722
"Single-Family Attached","750-999","1960-79","Natural Gas",38.4668333333333,2.888,36,47.5276979779322,2.5144992860062,NA,1.23555005336889,0.870671497924588,1,47.5276979779322,2.5144992860062
"Single-Family Attached","750-999","1980-99","Electricity",24.9972857142857,2.95528571428571,7,26.6786897213701,1.63178858954352,NA,1.06726346317367,0.552159333243321,1,26.6786897213701,1.63178858954352
"Single-Family Attached","750-999","1980-99","Natural Gas",35.1143285714286,2.93731428571429,70,37.4762399181608,1.62186549752609,NA,1.06726346317367,0.552159333243321,1,37.4762399181608,1.62186549752609
"Single-Family Attached","750-999","2000-09","Electricity",18.18775,1.508,4,28.7646447488973,1.67924974185412,NA,1.58153948393272,1.11356083677329,1,28.7646447488973,1.67924974185412
"Single-Family Attached","750-999","2000-09","Natural Gas",26.07996,3.4344,25,41.2464864793859,3.82441333781418,NA,1.58153948393272,1.11356083677329,1,41.2464864793859,3.82441333781418
"Single-Family Attached","750-999","2010s","Natural Gas",24.8155,2.963,2,24.0532750370619,2.97907348310343,NA,0.969284319762324,1.00542473273825,1,24.0532750370619,2.97907348310343
"Single-Family Attached","750-999","<1940","Electricity",46.8685,0.3615,2,37.6120856157422,0.348164075032552,NA,0.802502440140867,0.963109474502218,1,37.6120856157422,0.348164075032552
"Single-Family Attached","750-999","<1940","Natural Gas",56.547375,2.390625,8,45.3794064210607,2.30243358748187,NA,0.802502440140867,0.963109474502218,1,45.3794064210607,2.30243358748187
"Single-Family Detached","0-499","1940-59","Electricity",33.77,2.7265,2,31.7367202203954,3.57273484477246,NA,0.939790352987722,1.31037404906381,1,31.7367202203954,3.57273484477246
"Single-Family Detached","0-499","1940-59","Natural Gas",35.8545357142857,2.26007142857143,28,33.6957467751395,2.96153894903056,NA,0.939790352987722,1.31037404906381,1,33.6957467751395,2.96153894903056
"Single-Family Detached","0-499","2010s","Electricity",3.819,0.781,1,3.70169681717231,0.785236716268572,NA,0.969284319762324,1.00542473273825,1,3.70169681717231,0.785236716268572
"Single-Family Detached","0-499","2010s","Natural Gas",14.0504444444444,1.83977777777778,9,13.6188754856917,1.84975808051999,NA,0.969284319762324,1.00542473273825,1,13.6188754856917,1.84975808051999
"Single-Family Detached","0-499","<1940","Natural Gas",28.7725714285714,2.14314285714286,7,27.71,1.557,1,0.963069987289482,0.726503132915611,0,27.71,1.557
"Single-Family Detached","1000-1499","1940-59","Electricity",79.8749183673469,3.37904081632653,49,84.256,3.43333333333333,6,1.05484927837427,1.01606743450522,0,84.256,3.43333333333333
"Single-Family Detached","1000-1499","1940-59","Natural Gas",115.420435526316,3.48696184210526,760,82.4272477693892,4.0658476321208,1457,0.714147779754269,1.16601437475611,0,82.4272477693892,4.0658476321208
"Single-Family Detached","1000-1499","1960-79","Electricity",48.1388571428571,3.39402857142857,35,86.2703333333333,3.476,9,1.79211428051391,1.02415166132114,0,86.2703333333333,3.476
"Single-Family Detached","1000-1499","1960-79","Natural Gas",96.6042567049808,4.33361877394636,522,97.1028872858431,4.32279711451758,1109,1.0051615798089,0.997502858466962,0,97.1028872858431,4.32279711451758
"Single-Family Detached","1000-1499","1980-99","Electricity",52.4190476190476,3.73661904761905,21,67.693,0,1,1.29138172238372,0,0,67.693,0
"Single-Family Detached","1000-1499","1980-99","Natural Gas",74.0039351032448,4.12615634218289,339,86.6953424369748,4.16530042016807,476,1.17149638483445,1.00948681405622,0,86.6953424369748,4.16530042016807
"Single-Family Detached","1000-1499","2000-09","Electricity",29.6921428571429,2.58285714285714,7,37.3956585476314,2.78168288753312,NA,1.25944626925555,1.07697899406703,1,37.3956585476314,2.78168288753312
"Single-Family Detached","1000-1499","2000-09","Natural Gas",55.2341149425287,3.6557816091954,87,69.5644,3.9372,20,1.25944626925555,1.07697899406703,0,69.5644,3.9372
"Single-Family Detached","1000-1499","2010s","Electricity",36.313,3.922,4,31.7673675870025,3.55301940986744,NA,0.874820796601837,0.905920298283386,1,31.7673675870025,3.55301940986744
"Single-Family Detached","1000-1499","2010s","Natural Gas",54.2022941176471,3.5655,34,47.4172941176471,3.23005882352941,17,0.874820796601837,0.905920298283386,0,47.4172941176471,3.23005882352941
"Single-Family Detached","1000-1499","<1940","Electricity",74.1416578947368,3.24476315789474,38,102.954833333333,4.01666666666667,6,1.38862329568492,1.23789209603599,0,102.954833333333,4.01666666666667
"Single-Family Detached","1000-1499","<1940","Natural Gas",117.95498405467,3.74646241457859,439,95.7671713615023,3.38354342723005,852,0.811895929019127,0.903130220675292,0,95.7671713615023,3.38354342723005
"Single-Family Detached","1500-1999","1940-59","Electricity",110.338965517241,2.62303448275862,29,104.761,0,1,0.949447001871974,0,0,104.761,0
"Single-Family Detached","1500-1999","1940-59","Natural Gas",156.419545833333,3.79770833333333,480,110.749854395604,4.69503296703297,364,0.708030788643317,1.23628055525581,0,110.749854395604,4.69503296703297
"Single-Family Detached","1500-1999","1960-79","Electricity",86.2004032258065,3.70716129032258,62,75.43,3.388,1,0.875053911318804,0.913906823758723,0,75.43,3.388
"Single-Family Detached","1500-1999","1960-79","Natural Gas",131.045516981132,4.67071823899371,795,133.340703241895,5.02393017456359,401,1.01751442028416,1.07562261680036,0,133.340703241895,5.02393017456359
"Single-Family Detached","1500-1999","1980-99","Electricity",70.75540625,3.06003125,32,73.6389412107807,3.34980464504111,NA,1.0407535637714,1.09469622084451,1,73.6389412107807,3.34980464504111
"Single-Family Detached","1500-1999","1980-99","Natural Gas",102.640508583691,4.44664377682403,466,106.823475095785,4.86772413793103,261,1.0407535637714,1.09469622084451,0,106.823475095785,4.86772413793103
"Single-Family Detached","1500-1999","2000-09","Electricity",41.4332857142857,3.30142857142857,7,149.813,4.271,1,3.61576441301507,1.29368238857637,0,149.813,4.271
"Single-Family Detached","1500-1999","2000-09","Natural Gas",73.5366635514019,4.02304672897196,107,83.7767402597403,3.98997402597403,77,1.13925130967059,0.991779189945828,0,83.7767402597403,3.98997402597403
"Single-Family Detached","1500-1999","2010s","Electricity",33.12475,2.4635,4,55.23,2.979,1,1.66733333836482,1.20925512482241,0,55.23,2.979
"Single-Family Detached","1500-1999","2010s","Natural Gas",72.21525,4.39644444444444,36,59.2690707070707,3.56330303030303,99,0.820727903137782,0.810496544498769,0,59.2690707070707,3.56330303030303
"Single-Family Detached","1500-1999","<1940","Electricity",104.965565217391,3.64560869565217,23,133.382833333333,4.27616666666667,6,1.27072943452539,1.17296370062056,0,133.382833333333,4.27616666666667
"Single-Family Detached","1500-1999","<1940","Natural Gas",168.350916461916,3.88399262899263,407,124.875046025105,4.10698535564854,478,0.741754477192604,1.05741327236085,0,124.875046025105,4.10698535564854
"Single-Family Detached","2000-2499","1940-59","Electricity",125.771391304348,5.23404347826087,23,94.2706289963887,7.17802330891887,NA,0.749539525791425,1.37141071501071,1,94.2706289963887,7.17802330891887
"Single-Family Detached","2000-2499","1940-59","Natural Gas",189.555752508361,3.87172909698997,299,142.079528846154,5.30973076923077,104,0.749539525791425,1.37141071501071,0,142.079528846154,5.30973076923077
"Single-Family Detached","2000-2499","1960-79","Electricity",83.3219782608696,4.021,46,90.52,3.851,1,1.08638803217795,0.957721959711515,0,90.52,3.851
"Single-Family Detached","2000-2499","1960-79","Natural Gas",153.302052545156,5.17253366174056,609,158.249611398964,5.57487046632124,193,1.03227327209041,1.07778331295485,0,158.249611398964,5.57487046632124
"Single-Family Detached","2000-2499","1980-99","Electricity",74.097,4.27780769230769,52,138.093333333333,4.546,3,1.86368319005268,1.06269386727565,0,138.093333333333,4.546
"Single-Family Detached","2000-2499","1980-99","Natural Gas",116.952229885057,4.88006732348112,609,127.374157458564,5.25795027624309,362,1.08911268800731,1.07743396304058,0,127.374157458564,5.25795027624309
"Single-Family Detached","2000-2499","2000-09","Electricity",59.3566666666667,3.63514285714286,21,117.075,3.697,1,1.97239849497389,1.01701642694333,0,117.075,3.697
"Single-Family Detached","2000-2499","2000-09","Natural Gas",93.1667094594595,4.24294594594595,148,106.670701030928,4.61364948453608,97,1.14494438678597,1.08736937573865,0,106.670701030928,4.61364948453608
"Single-Family Detached","2000-2499","2010s","Electricity",38.234,3.34611111111111,9,32.6063161736937,3.44276969743661,NA,0.852809441169998,1.02888684299949,1,32.6063161736937,3.44276969743661
"Single-Family Detached","2000-2499","2010s","Natural Gas",83.7899347826087,3.64117391304348,46,71.4568474576271,3.74635593220339,118,0.852809441169998,1.02888684299949,0,71.4568474576271,3.74635593220339
"Single-Family Detached","2000-2499","<1940","Electricity",103.567461538462,4.69569230769231,13,143.7625,5.052,2,1.38810489186907,1.07587969333595,0,143.7625,5.052
"Single-Family Detached","2000-2499","<1940","Natural Gas",196.411090361446,4.44562048192771,332,151.004718562874,4.37177844311377,167,0.768819715246158,0.983389936429769,0,151.004718562874,4.37177844311377
"Single-Family Detached","2500-2999","1940-59","Electricity",94.0691,3.6606,10,70.9121679126353,5.78402024916416,NA,0.753830619328082,1.58007437282526,1,70.9121679126353,5.78402024916416
"Single-Family Detached","2500-2999","1940-59","Natural Gas",221.268760368664,3.97741474654378,217,166.799166666667,6.28461111111111,36,0.753830619328082,1.58007437282526,0,166.799166666667,6.28461111111111
"Single-Family Detached","2500-2999","1960-79","Electricity",110.191058823529,4.25652941176471,17,133.775,4.036,1,1.21402772083568,0.948190323516812,0,133.775,4.036
"Single-Family Detached","2500-2999","1960-79","Natural Gas",183.129148148148,4.9105787037037,216,174.172416666667,5.8389,60,0.951090628815487,1.18904519249353,0,174.172416666667,5.8389
"Single-Family Detached","2500-2999","1980-99","Electricity",111.539733333333,4.56753333333333,30,107.131,7.059,1,0.960473875976035,1.54547312188928,0,107.131,7.059
"Single-Family Detached","2500-2999","1980-99","Natural Gas",147.807925058548,4.87885245901639,427,147.31046875,5.70769270833333,192,0.996634440891103,1.16988426198156,0,147.31046875,5.70769270833333
"Single-Family Detached","2500-2999","2000-09","Electricity",57.4552608695652,4.33,23,66.7821814379284,5.27504361105883,NA,1.16233362145091,1.21825487553322,1,66.7821814379284,5.27504361105883
"Single-Family Detached","2500-2999","2000-09","Natural Gas",106.945478947368,4.16661578947368,190,124.306325842697,5.076,89,1.16233362145091,1.21825487553322,0,124.306325842697,5.076
"Single-Family Detached","2500-2999","2010s","Electricity",63.7617,2.7344,10,60.217,2.226,1,0.944407065683631,0.814072557050907,0,60.217,2.226
"Single-Family Detached","2500-2999","2010s","Natural Gas",120.238034883721,4.08638372093023,86,82.3375294117647,4.18314285714286,119,0.684787717059674,1.02367842640842,0,82.3375294117647,4.18314285714286
"Single-Family Detached","2500-2999","<1940","Electricity",86.9585,3.9515,8,71.7864870636648,5.15257515653841,NA,0.825525820519728,1.30395423422458,1,71.7864870636648,5.15257515653841
"Single-Family Detached","2500-2999","<1940","Natural Gas",229.30243030303,3.67053939393939,165,189.295076923077,4.78621538461538,65,0.825525820519728,1.30395423422458,0,189.295076923077,4.78621538461538
"Single-Family Detached","3000-3999","1940-59","Electricity",157.857666666667,2.54766666666667,6,125.199686997639,3.2569939885254,NA,0.793117557362682,1.27842234274188,1,125.199686997639,3.2569939885254
"Single-Family Detached","3000-3999","1940-59","Natural Gas",235.632849462366,4.82974193548387,93,186.88455,6.17445,20,0.793117557362682,1.27842234274188,0,186.88455,6.17445
"Single-Family Detached","3000-3999","1960-79","Electricity",120.813821428571,4.26389285714286,28,120.530006478835,4.83174938543006,NA,0.997650807280322,1.13317795435125,1,120.530006478835,4.83174938543006
"Single-Family Detached","3000-3999","1960-79","Natural Gas",208.579407017544,5.60958245614035,285,208.089413793103,6.35665517241379,29,0.997650807280322,1.13317795435125,0,208.089413793103,6.35665517241379
"Single-Family Detached","3000-3999","1980-99","Electricity",112.010054545455,5.56356363636364,55,119.834490804185,6.54861410579155,NA,1.06985476697143,1.1770538693922,1,119.834490804185,6.54861410579155
"Single-Family Detached","3000-3999","1980-99","Natural Gas",167.488490196078,5.37012044817927,714,179.188359649123,6.32092105263158,114,1.06985476697143,1.1770538693922,0,179.188359649123,6.32092105263158
"Single-Family Detached","3000-3999","2000-09","Electricity",62.2295555555556,5.14796296296296,27,71.0189491824197,5.89839804156234,NA,1.14124146554473,1.14577320854839,1,71.0189491824197,5.89839804156234
"Single-Family Detached","3000-3999","2000-09","Natural Gas",130.799663793103,4.68251724137931,232,149.274,5.36510280373832,107,1.14124146554473,1.14577320854839,0,149.274,5.36510280373832
"Single-Family Detached","3000-3999","2010s","Electricity",80.8780588235294,3.81705882352941,17,130.683,6.472,1,1.61580287535265,1.69554630913854,0,130.683,6.472
"Single-Family Detached","3000-3999","2010s","Natural Gas",133.119968992248,4.65525581395349,129,94.3977614213198,4.38041116751269,197,0.709117964313955,0.940960355902035,0,94.3977614213198,4.38041116751269
"Single-Family Detached","3000-3999","<1940","Electricity",155.662111111111,4.73866666666667,9,233.84,5.79,1,1.50222811659727,1.22186268992684,0,233.84,5.79
"Single-Family Detached","3000-3999","<1940","Natural Gas",266.073314917127,4.82055248618785,181,209.496319148936,5.68582978723404,47,0.787363134157919,1.17949753758007,0,209.496319148936,5.68582978723404
"Single-Family Detached","4000+","1940-59","Electricity",49.27,3.797,1,51.4505235920326,5.09948308713881,NA,1.04425661847032,1.34302951992068,1,51.4505235920326,5.09948308713881
"Single-Family Detached","4000+","1940-59","Natural Gas",255.578461538462,6.56835897435897,39,266.8895,8.8215,4,1.04425661847032,1.34302951992068,0,266.8895,8.8215
"Single-Family Detached","4000+","1960-79","Electricity",136.828714285714,5.05085714285714,7,171.708342888531,5.76667484575983,NA,1.25491453884441,1.14172202512498,1,171.708342888531,5.76667484575983
"Single-Family Detached","4000+","1960-79","Natural Gas",226.276630434783,6.63004347826087,46,283.957833333333,7.56966666666667,6,1.25491453884441,1.14172202512498,0,283.957833333333,7.56966666666667
"Single-Family Detached","4000+","1980-99","Electricity",144.223428571429,5.76178571428571,14,195.24269107793,7.49610540026139,NA,1.35375155764816,1.30100385053815,1,195.24269107793,7.49610540026139
"Single-Family Detached","4000+","1980-99","Natural Gas",190.301166077739,6.16603533568905,283,257.6205,8.02203571428571,28,1.35375155764816,1.30100385053815,0,257.6205,8.02203571428571
"Single-Family Detached","4000+","2000-09","Electricity",78.33476,6.20112,25,102.076494411895,7.76450102044702,NA,1.30308045128235,1.2521126861675,1,102.076494411895,7.76450102044702
"Single-Family Detached","4000+","2000-09","Natural Gas",160.700148648649,5.22885135135135,222,209.405222222222,6.54711111111111,27,1.30308045128235,1.2521126861675,0,209.405222222222,6.54711111111111
"Single-Family Detached","4000+","2010s","Electricity",87.8023333333333,7.039,6,77.2241269566618,7.13372918535929,NA,0.879522491315665,1.01345776180697,1,77.2241269566618,7.13372918535929
"Single-Family Detached","4000+","2010s","Natural Gas",151.723672413793,5.47313793103448,58,133.444382352941,5.54679411764706,34,0.879522491315665,1.01345776180697,0,133.444382352941,5.54679411764706
"Single-Family Detached","4000+","<1940","Electricity",209.850375,5.084,8,254.94702346553,6.38190989209488,NA,1.21489906065467,1.25529305509341,1,254.94702346553,6.38190989209488
"Single-Family Detached","4000+","<1940","Natural Gas",285.518,4.91518691588785,107,346.87555,6.17,20,1.21489906065467,1.25529305509341,0,346.87555,6.17
"Single-Family Detached","500-749","1940-59","Electricity",43.1005,1.9715,2,51.261,4.127,1,1.18933655062006,2.09332995181334,0,51.261,4.127
"Single-Family Detached","500-749","1940-59","Natural Gas",52.0363913043478,2.18665217391304,23,49.4829791666667,3.16629166666667,48,0.950930261040838,1.44800883489419,0,49.4829791666667,3.16629166666667
"Single-Family Detached","500-749","1960-79","Natural Gas",51.7391666666667,3.3075,12,59.9517238337649,3.30269679542106,NA,1.15872998535149,0.998547783951947,1,59.9517238337649,3.30269679542106
"Single-Family Detached","500-749","1980-99","Electricity",54.27,3.27,1,63.7899644904366,2.9857570607654,NA,1.17541854598188,0.913075553750888,1,63.7899644904366,2.9857570607654
"Single-Family Detached","500-749","1980-99","Natural Gas",33.8841428571429,2.80342857142857,21,39.8280499289851,2.5597420952582,NA,1.17541854598188,0.913075553750888,1,39.8280499289851,2.5597420952582
"Single-Family Detached","500-749","2000-09","Electricity",19.131,0.608,1,30.2564318671168,0.677044988758158,NA,1.58153948393272,1.11356083677329,1,30.2564318671168,0.677044988758158
"Single-Family Detached","500-749","2000-09","Natural Gas",20.2938,2.7714,5,32.0954459790338,3.08612250303349,NA,1.58153948393272,1.11356083677329,1,32.0954459790338,3.08612250303349
"Single-Family Detached","500-749","<1940","Electricity",22.0285,3.65925,4,65.712,1.714,2,2.98304469210341,0.468401994944319,0,65.712,1.714
"Single-Family Detached","500-749","<1940","Natural Gas",65.6079166666667,2.84177777777778,36,54.8075072463768,2.71249275362319,69,0.835379479047272,0.954505582679414,0,54.8075072463768,2.71249275362319
"Single-Family Detached","750-999","1940-59","Electricity",51.8552631578947,2.28947368421053,19,75.9112,3.8604,5,1.46390540471961,1.68615172413793,0,75.9112,3.8604
"Single-Family Detached","750-999","1940-59","Natural Gas",86.8183034188034,2.96939743589744,234,62.5602137931035,3.59609885057471,435,0.720587840692058,1.21105339659185,0,62.5602137931035,3.59609885057471
"Single-Family Detached","750-999","1960-79","Electricity",41.7895,2.9465,4,56.014,1.8525,2,1.34038454635734,0.628712031223486,0,56.014,1.8525
"Single-Family Detached","750-999","1960-79","Natural Gas",69.0438962264151,3.50830188679245,106,78.0690078125,3.9034453125,128,1.13071556038044,1.11263096462569,0,78.0690078125,3.9034453125
"Single-Family Detached","750-999","1980-99","Electricity",56.0495,4.3615,2,41.649,0.2,1,0.743075317353411,0.0458557835607016,0,41.649,0.2
"Single-Family Detached","750-999","1980-99","Natural Gas",45.8422222222222,3.73433333333333,9,63.7872338709677,3.95265322580645,124,1.39145160899392,1.05846288292594,0,63.7872338709677,3.95265322580645
"Single-Family Detached","750-999","<1940","Electricity",44.690375,2.921375,8,35.8641349883104,2.81360394107392,NA,0.802502440140867,0.963109474502218,1,35.8641349883104,2.81360394107392
"Single-Family Detached","750-999","<1940","Natural Gas",93.3668607594937,3.24982278481013,158,74.9271335877863,3.12993511450382,262,0.802502440140867,0.963109474502218,0,74.9271335877863,3.12993511450382
