"geog_name","ctu_class","county_name","metric","value","description"
"Afton","CITY","Washington","D3A",4.13603845371214,"Total road network density (intersections/sq mi)"
"Afton","CITY","Washington","D3AAO",0.455539744709295,"Auto-oriented intersection density"
"Afton","CITY","Washington","D3AMM",0.82766209648784,"Multi-modal link density"
"Afton","CITY","Washington","D3APO",2.852836612515,"Pedestrian-oriented link density"
"Afton","CITY","Washington","D3B",8.15987917738597,"Street intersection density (weighted, auto-oriented eliminated)"
"Afton","CITY","Washington","D3BAO",1.11643737646885,"Auto-oriented intersections per sq mi"
"Afton","CITY","Washington","D3BMM3",2.53573458034675,"Multi-modal 3-way intersections per sq mi"
"Afton","CITY","Washington","D3BMM4",0.444348206887413,"Multi-modal 4+ way intersections per sq mi"
"Afton","CITY","Washington","D3BPO3",7.24350000525015,"Pedestrian-oriented 3-way intersections per sq mi"
"Afton","CITY","Washington","D3BPO4",1.19278150190543,"Pedestrian-oriented 4+ way intersections per sq mi"
"Andover","CITY","Anoka","D3A",8.05832606923932,"Total road network density (intersections/sq mi)"
"Andover","CITY","Anoka","D3AAO",1.25321498828243,"Auto-oriented intersection density"
"Andover","CITY","Anoka","D3AMM",1.2068954492835,"Multi-modal link density"
"Andover","CITY","Anoka","D3APO",5.59821563167339,"Pedestrian-oriented link density"
"Andover","CITY","Anoka","D3B",21.3879877772114,"Street intersection density (weighted, auto-oriented eliminated)"
"Andover","CITY","Anoka","D3BAO",5.27823433194617,"Auto-oriented intersections per sq mi"
"Andover","CITY","Anoka","D3BMM3",5.36486078438654,"Multi-modal 3-way intersections per sq mi"
"Andover","CITY","Anoka","D3BMM4",1.2841230929906,"Multi-modal 4+ way intersections per sq mi"
"Andover","CITY","Anoka","D3BPO3",20.3704195939994,"Pedestrian-oriented 3-way intersections per sq mi"
"Andover","CITY","Anoka","D3BPO4",2.93843267183737,"Pedestrian-oriented 4+ way intersections per sq mi"
"Anoka","CITY","Anoka","D3A",16.8509002136863,"Total road network density (intersections/sq mi)"
"Anoka","CITY","Anoka","D3AAO",2.00270894644885,"Auto-oriented intersection density"
"Anoka","CITY","Anoka","D3AMM",1.48258169478634,"Multi-modal link density"
"Anoka","CITY","Anoka","D3APO",13.3656095724511,"Pedestrian-oriented link density"
"Anoka","CITY","Anoka","D3B",66.3275816822398,"Street intersection density (weighted, auto-oriented eliminated)"
"Anoka","CITY","Anoka","D3BAO",4.07524725284923,"Auto-oriented intersections per sq mi"
"Anoka","CITY","Anoka","D3BMM3",6.3406507805232,"Multi-modal 3-way intersections per sq mi"
"Anoka","CITY","Anoka","D3BMM4",4.51408818621394,"Multi-modal 4+ way intersections per sq mi"
"Anoka","CITY","Anoka","D3BPO3",56.0417830232392,"Pedestrian-oriented 3-way intersections per sq mi"
"Anoka","CITY","Anoka","D3BPO4",20.2044101489164,"Pedestrian-oriented 4+ way intersections per sq mi"
"Apple Valley","CITY","Dakota","D3A",18.2331358912101,"Total road network density (intersections/sq mi)"
"Apple Valley","CITY","Dakota","D3AAO",2.364343770007,"Auto-oriented intersection density"
"Apple Valley","CITY","Dakota","D3AMM",1.88751656545923,"Multi-modal link density"
"Apple Valley","CITY","Dakota","D3APO",13.9812755557438,"Pedestrian-oriented link density"
"Apple Valley","CITY","Dakota","D3B",81.1136828834871,"Street intersection density (weighted, auto-oriented eliminated)"
"Apple Valley","CITY","Dakota","D3BAO",4.39543914084016,"Auto-oriented intersections per sq mi"
"Apple Valley","CITY","Dakota","D3BMM3",9.42628803002984,"Multi-modal 3-way intersections per sq mi"
"Apple Valley","CITY","Dakota","D3BMM4",4.42815090670707,"Multi-modal 4+ way intersections per sq mi"
"Apple Valley","CITY","Dakota","D3BPO3",85.1465887555218,"Pedestrian-oriented 3-way intersections per sq mi"
"Apple Valley","CITY","Dakota","D3BPO4",13.6054231608171,"Pedestrian-oriented 4+ way intersections per sq mi"
"Arden Hills","CITY","Ramsey","D3A",14.0274240984216,"Total road network density (intersections/sq mi)"
"Arden Hills","CITY","Ramsey","D3AAO",3.56277189538108,"Auto-oriented intersection density"
"Arden Hills","CITY","Ramsey","D3AMM",1.80039458794546,"Multi-modal link density"
"Arden Hills","CITY","Ramsey","D3APO",8.66425761509502,"Pedestrian-oriented link density"
"Arden Hills","CITY","Ramsey","D3B",36.5973371251795,"Street intersection density (weighted, auto-oriented eliminated)"
"Arden Hills","CITY","Ramsey","D3BAO",5.73414529237091,"Auto-oriented intersections per sq mi"
"Arden Hills","CITY","Ramsey","D3BMM3",10.95591726438,"Multi-modal 3-way intersections per sq mi"
"Arden Hills","CITY","Ramsey","D3BMM4",1.69438767365173,"Multi-modal 4+ way intersections per sq mi"
"Arden Hills","CITY","Ramsey","D3BPO3",33.436669464218,"Pedestrian-oriented 3-way intersections per sq mi"
"Arden Hills","CITY","Ramsey","D3BPO4",5.29309410355299,"Pedestrian-oriented 4+ way intersections per sq mi"
"Bayport","CITY","Washington","D3A",11.2308451155102,"Total road network density (intersections/sq mi)"
"Bayport","CITY","Washington","D3AAO",0.468163945215556,"Auto-oriented intersection density"
"Bayport","CITY","Washington","D3AMM",0.919047588491778,"Multi-modal link density"
"Bayport","CITY","Washington","D3APO",9.84363358180286,"Pedestrian-oriented link density"
"Bayport","CITY","Washington","D3B",48.1827685845892,"Street intersection density (weighted, auto-oriented eliminated)"
"Bayport","CITY","Washington","D3BAO",1.67921458435791,"Auto-oriented intersections per sq mi"
"Bayport","CITY","Washington","D3BMM3",3.32458826205688,"Multi-modal 3-way intersections per sq mi"
"Bayport","CITY","Washington","D3BMM4",1.51666852299473,"Multi-modal 4+ way intersections per sq mi"
"Bayport","CITY","Washington","D3BPO3",34.9153681921073,"Pedestrian-oriented 3-way intersections per sq mi"
"Bayport","CITY","Washington","D3BPO4",21.160049106667,"Pedestrian-oriented 4+ way intersections per sq mi"
"Baytown","TOWNSHIP","Washington","D3A",8.34518321279627,"Total road network density (intersections/sq mi)"
"Baytown","TOWNSHIP","Washington","D3AAO",1.11823740846841,"Auto-oriented intersection density"
"Baytown","TOWNSHIP","Washington","D3AMM",1.26251746114505,"Multi-modal link density"
"Baytown","TOWNSHIP","Washington","D3APO",5.96442834318281,"Pedestrian-oriented link density"
"Baytown","TOWNSHIP","Washington","D3B",31.317453204547,"Street intersection density (weighted, auto-oriented eliminated)"
"Baytown","TOWNSHIP","Washington","D3BAO",3.05710719554069,"Auto-oriented intersections per sq mi"
"Baytown","TOWNSHIP","Washington","D3BMM3",7.98711349742712,"Multi-modal 3-way intersections per sq mi"
"Baytown","TOWNSHIP","Washington","D3BMM4",1.25520910404957,"Multi-modal 4+ way intersections per sq mi"
"Baytown","TOWNSHIP","Washington","D3BPO3",27.9834969032783,"Pedestrian-oriented 3-way intersections per sq mi"
"Baytown","TOWNSHIP","Washington","D3BPO4",6.06984696322696,"Pedestrian-oriented 4+ way intersections per sq mi"
"Belle Plaine","CITY","Scott","D3A",7.4342757408632,"Total road network density (intersections/sq mi)"
"Belle Plaine","CITY","Scott","D3AAO",1.39860229126677,"Auto-oriented intersection density"
"Belle Plaine","CITY","Scott","D3AMM",0.37709694554964,"Multi-modal link density"
"Belle Plaine","CITY","Scott","D3APO",5.65857650404679,"Pedestrian-oriented link density"
"Belle Plaine","CITY","Scott","D3B",23.9644340916769,"Street intersection density (weighted, auto-oriented eliminated)"
"Belle Plaine","CITY","Scott","D3BAO",2.00251382978524,"Auto-oriented intersections per sq mi"
"Belle Plaine","CITY","Scott","D3BMM3",0.917147586070305,"Multi-modal 3-way intersections per sq mi"
"Belle Plaine","CITY","Scott","D3BMM4",0.437586117561881,"Multi-modal 4+ way intersections per sq mi"
"Belle Plaine","CITY","Scott","D3BPO3",16.2775384329514,"Pedestrian-oriented 3-way intersections per sq mi"
"Belle Plaine","CITY","Scott","D3BPO4",12.0579923994276,"Pedestrian-oriented 4+ way intersections per sq mi"
"Belle Plaine","TOWNSHIP","Scott","D3A",2.69740424457271,"Total road network density (intersections/sq mi)"
"Belle Plaine","TOWNSHIP","Scott","D3AAO",1.11158071203551,"Auto-oriented intersection density"
"Belle Plaine","TOWNSHIP","Scott","D3AMM",0.0615713535867584,"Multi-modal link density"
"Belle Plaine","TOWNSHIP","Scott","D3APO",1.52425217895043,"Pedestrian-oriented link density"
"Belle Plaine","TOWNSHIP","Scott","D3B",2.78325600471289,"Street intersection density (weighted, auto-oriented eliminated)"
"Belle Plaine","TOWNSHIP","Scott","D3BAO",1.34344898012898,"Auto-oriented intersections per sq mi"
"Belle Plaine","TOWNSHIP","Scott","D3BMM3",0.0915460052774082,"Multi-modal 3-way intersections per sq mi"
"Belle Plaine","TOWNSHIP","Scott","D3BMM4",0.0895927926134987,"Multi-modal 4+ way intersections per sq mi"
"Belle Plaine","TOWNSHIP","Scott","D3BPO3",2.29152314521412,"Pedestrian-oriented 3-way intersections per sq mi"
"Belle Plaine","TOWNSHIP","Scott","D3BPO4",1.10415608872155,"Pedestrian-oriented 4+ way intersections per sq mi"
"Benton","TOWNSHIP","Carver","D3A",2.72036982229516,"Total road network density (intersections/sq mi)"
"Benton","TOWNSHIP","Carver","D3AAO",0.976942302299072,"Auto-oriented intersection density"
"Benton","TOWNSHIP","Carver","D3AMM",0.09938836712512,"Multi-modal link density"
"Benton","TOWNSHIP","Carver","D3APO",1.64403915287097,"Pedestrian-oriented link density"
"Benton","TOWNSHIP","Carver","D3B",2.94954436092296,"Street intersection density (weighted, auto-oriented eliminated)"
"Benton","TOWNSHIP","Carver","D3BAO",1.90343448234464,"Auto-oriented intersections per sq mi"
"Benton","TOWNSHIP","Carver","D3BMM3",0.36962920474322,"Multi-modal 3-way intersections per sq mi"
"Benton","TOWNSHIP","Carver","D3BMM4",0.0503655655427596,"Multi-modal 4+ way intersections per sq mi"
"Benton","TOWNSHIP","Carver","D3BPO3",3.30470874353605,"Pedestrian-oriented 3-way intersections per sq mi"
"Benton","TOWNSHIP","Carver","D3BPO4",0.448395383877928,"Pedestrian-oriented 4+ way intersections per sq mi"
"Bethel","CITY","Anoka","D3A",4.60514877822509,"Total road network density (intersections/sq mi)"
"Bethel","CITY","Anoka","D3AAO",1.16875727044756,"Auto-oriented intersection density"
"Bethel","CITY","Anoka","D3AMM",0.31961143061782,"Multi-modal link density"
"Bethel","CITY","Anoka","D3APO",3.1167800771597,"Pedestrian-oriented link density"
"Bethel","CITY","Anoka","D3B",9.56998001570685,"Street intersection density (weighted, auto-oriented eliminated)"
"Bethel","CITY","Anoka","D3BAO",5.21881662078276,"Auto-oriented intersections per sq mi"
"Bethel","CITY","Anoka","D3BMM3",1.65020066495698,"Multi-modal 3-way intersections per sq mi"
"Bethel","CITY","Anoka","D3BMM4",0.126591635256729,"Multi-modal 4+ way intersections per sq mi"
"Bethel","CITY","Anoka","D3BPO3",10.2235314950878,"Pedestrian-oriented 3-way intersections per sq mi"
"Bethel","CITY","Anoka","D3BPO4",1.52360902970025,"Pedestrian-oriented 4+ way intersections per sq mi"
"Birchwood Village","CITY","Washington","D3A",14.5765306430554,"Total road network density (intersections/sq mi)"
"Birchwood Village","CITY","Washington","D3AAO",0.000218488372250632,"Auto-oriented intersection density"
"Birchwood Village","CITY","Washington","D3AMM",0.832803967374689,"Multi-modal link density"
"Birchwood Village","CITY","Washington","D3APO",13.7435081873084,"Pedestrian-oriented link density"
"Birchwood Village","CITY","Washington","D3B",57.0907526379294,"Street intersection density (weighted, auto-oriented eliminated)"
"Birchwood Village","CITY","Washington","D3BAO",0,"Auto-oriented intersections per sq mi"
"Birchwood Village","CITY","Washington","D3BMM3",5.95613523947845,"Multi-modal 3-way intersections per sq mi"
"Birchwood Village","CITY","Washington","D3BMM4",0.0307495163819146,"Multi-modal 4+ way intersections per sq mi"
"Birchwood Village","CITY","Washington","D3BPO3",61.9546242779829,"Pedestrian-oriented 3-way intersections per sq mi"
"Birchwood Village","CITY","Washington","D3BPO4",11.7635265234008,"Pedestrian-oriented 4+ way intersections per sq mi"
"Blaine","CITY","Anoka","D3A",13.97317032239,"Total road network density (intersections/sq mi)"
"Blaine","CITY","Anoka","D3AAO",2.63681344253993,"Auto-oriented intersection density"
"Blaine","CITY","Anoka","D3AMM",1.49337795478483,"Multi-modal link density"
"Blaine","CITY","Anoka","D3APO",9.84297892506529,"Pedestrian-oriented link density"
"Blaine","CITY","Anoka","D3B",50.5458937369199,"Street intersection density (weighted, auto-oriented eliminated)"
"Blaine","CITY","Anoka","D3BAO",4.83690166418533,"Auto-oriented intersections per sq mi"
"Blaine","CITY","Anoka","D3BMM3",6.5837529867419,"Multi-modal 3-way intersections per sq mi"
"Blaine","CITY","Anoka","D3BMM4",3.16145422858349,"Multi-modal 4+ way intersections per sq mi"
"Blaine","CITY","Anoka","D3BPO3",51.865332699632,"Pedestrian-oriented 3-way intersections per sq mi"
"Blaine","CITY","Anoka","D3BPO4",8.39889935552505,"Pedestrian-oriented 4+ way intersections per sq mi"
"Blaine","CITY","Ramsey","D3A",17.7419489941088,"Total road network density (intersections/sq mi)"
"Blaine","CITY","Ramsey","D3AAO",5.88575396863066,"Auto-oriented intersection density"
"Blaine","CITY","Ramsey","D3AMM",0.427337376231002,"Multi-modal link density"
"Blaine","CITY","Ramsey","D3APO",11.4288576492471,"Pedestrian-oriented link density"
"Blaine","CITY","Ramsey","D3B",36.6319763194485,"Street intersection density (weighted, auto-oriented eliminated)"
"Blaine","CITY","Ramsey","D3BAO",3.66148893710753,"Auto-oriented intersections per sq mi"
"Blaine","CITY","Ramsey","D3BMM3",2.44099262473835,"Multi-modal 3-way intersections per sq mi"
"Blaine","CITY","Ramsey","D3BMM4",1.22049631236918,"Multi-modal 4+ way intersections per sq mi"
"Blaine","CITY","Ramsey","D3BPO3",48.819852494767,"Pedestrian-oriented 3-way intersections per sq mi"
"Blaine","CITY","Ramsey","D3BPO4",1.22049631236918,"Pedestrian-oriented 4+ way intersections per sq mi"
"Blakeley","TOWNSHIP","Scott","D3A",2.09530522001057,"Total road network density (intersections/sq mi)"
"Blakeley","TOWNSHIP","Scott","D3AAO",1.02641925557611,"Auto-oriented intersection density"
"Blakeley","TOWNSHIP","Scott","D3AMM",0.00360249505085973,"Multi-modal link density"
"Blakeley","TOWNSHIP","Scott","D3APO",1.0652834693836,"Pedestrian-oriented link density"
"Blakeley","TOWNSHIP","Scott","D3B",0.443335573477448,"Street intersection density (weighted, auto-oriented eliminated)"
"Blakeley","TOWNSHIP","Scott","D3BAO",1.17457404528982,"Auto-oriented intersections per sq mi"
"Blakeley","TOWNSHIP","Scott","D3BMM3",0.00514834241960647,"Multi-modal 3-way intersections per sq mi"
"Blakeley","TOWNSHIP","Scott","D3BMM4",0.00038775319360822,"Multi-modal 4+ way intersections per sq mi"
"Blakeley","TOWNSHIP","Scott","D3BPO3",0.489783883770333,"Pedestrian-oriented 3-way intersections per sq mi"
"Blakeley","TOWNSHIP","Scott","D3BPO4",0.11282802541515,"Pedestrian-oriented 4+ way intersections per sq mi"
"Bloomington","CITY","Hennepin","D3A",16.1114881673928,"Total road network density (intersections/sq mi)"
"Bloomington","CITY","Hennepin","D3AAO",2.15759650985431,"Auto-oriented intersection density"
"Bloomington","CITY","Hennepin","D3AMM",2.85896343586311,"Multi-modal link density"
"Bloomington","CITY","Hennepin","D3APO",11.0949282216753,"Pedestrian-oriented link density"
"Bloomington","CITY","Hennepin","D3B",58.0555266347785,"Street intersection density (weighted, auto-oriented eliminated)"
"Bloomington","CITY","Hennepin","D3BAO",3.33699133300439,"Auto-oriented intersections per sq mi"
"Bloomington","CITY","Hennepin","D3BMM3",10.3462801123133,"Multi-modal 3-way intersections per sq mi"
"Bloomington","CITY","Hennepin","D3BMM4",5.81810969780938,"Multi-modal 4+ way intersections per sq mi"
"Bloomington","CITY","Hennepin","D3BPO3",50.9567585416878,"Pedestrian-oriented 3-way intersections per sq mi"
"Bloomington","CITY","Hennepin","D3BPO4",11.3482901547504,"Pedestrian-oriented 4+ way intersections per sq mi"
"Brooklyn Center","CITY","Hennepin","D3A",21.7831219378723,"Total road network density (intersections/sq mi)"
"Brooklyn Center","CITY","Hennepin","D3AAO",3.90499716086226,"Auto-oriented intersection density"
"Brooklyn Center","CITY","Hennepin","D3AMM",2.26641191236076,"Multi-modal link density"
"Brooklyn Center","CITY","Hennepin","D3APO",15.6117128646493,"Pedestrian-oriented link density"
"Brooklyn Center","CITY","Hennepin","D3B",80.6728916620604,"Street intersection density (weighted, auto-oriented eliminated)"
"Brooklyn Center","CITY","Hennepin","D3BAO",5.27630712413637,"Auto-oriented intersections per sq mi"
"Brooklyn Center","CITY","Hennepin","D3BMM3",5.38166015973987,"Multi-modal 3-way intersections per sq mi"
"Brooklyn Center","CITY","Hennepin","D3BMM4",4.58631771825208,"Multi-modal 4+ way intersections per sq mi"
"Brooklyn Center","CITY","Hennepin","D3BPO3",69.3107342413264,"Pedestrian-oriented 3-way intersections per sq mi"
"Brooklyn Center","CITY","Hennepin","D3BPO4",26.2667468782971,"Pedestrian-oriented 4+ way intersections per sq mi"
"Brooklyn Park","CITY","Hennepin","D3A",16.3902702022056,"Total road network density (intersections/sq mi)"
"Brooklyn Park","CITY","Hennepin","D3AAO",3.01541318035977,"Auto-oriented intersection density"
"Brooklyn Park","CITY","Hennepin","D3AMM",1.76545378317499,"Multi-modal link density"
"Brooklyn Park","CITY","Hennepin","D3APO",11.6094032386708,"Pedestrian-oriented link density"
"Brooklyn Park","CITY","Hennepin","D3B",57.1790653833405,"Street intersection density (weighted, auto-oriented eliminated)"
"Brooklyn Park","CITY","Hennepin","D3BAO",5.24352950721097,"Auto-oriented intersections per sq mi"
"Brooklyn Park","CITY","Hennepin","D3BMM3",6.0514288418995,"Multi-modal 3-way intersections per sq mi"
"Brooklyn Park","CITY","Hennepin","D3BMM4",3.59025047496504,"Multi-modal 4+ way intersections per sq mi"
"Brooklyn Park","CITY","Hennepin","D3BPO3",55.4679128658587,"Pedestrian-oriented 3-way intersections per sq mi"
"Brooklyn Park","CITY","Hennepin","D3BPO4",12.5554139893008,"Pedestrian-oriented 4+ way intersections per sq mi"
"Burnsville","CITY","Dakota","D3A",14.5675025008263,"Total road network density (intersections/sq mi)"
"Burnsville","CITY","Dakota","D3AAO",2.14859354680896,"Auto-oriented intersection density"
"Burnsville","CITY","Dakota","D3AMM",2.34313208685123,"Multi-modal link density"
"Burnsville","CITY","Dakota","D3APO",10.0757768671661,"Pedestrian-oriented link density"
"Burnsville","CITY","Dakota","D3B",53.1728908956249,"Street intersection density (weighted, auto-oriented eliminated)"
"Burnsville","CITY","Dakota","D3BAO",4.13885873161258,"Auto-oriented intersections per sq mi"
"Burnsville","CITY","Dakota","D3BMM3",8.35931063152648,"Multi-modal 3-way intersections per sq mi"
"Burnsville","CITY","Dakota","D3BMM4",4.20519033127585,"Multi-modal 4+ way intersections per sq mi"
"Burnsville","CITY","Dakota","D3BPO3",56.6224446660553,"Pedestrian-oriented 3-way intersections per sq mi"
"Burnsville","CITY","Dakota","D3BPO4",5.62486978086199,"Pedestrian-oriented 4+ way intersections per sq mi"
"Camden","TOWNSHIP","Carver","D3A",2.82092027056065,"Total road network density (intersections/sq mi)"
"Camden","TOWNSHIP","Carver","D3AAO",0.628511866701828,"Auto-oriented intersection density"
"Camden","TOWNSHIP","Carver","D3AMM",0.0817324794217144,"Multi-modal link density"
"Camden","TOWNSHIP","Carver","D3APO",2.1106759244371,"Pedestrian-oriented link density"
"Camden","TOWNSHIP","Carver","D3B",4.12863349369041,"Street intersection density (weighted, auto-oriented eliminated)"
"Camden","TOWNSHIP","Carver","D3BAO",1.41063461244894,"Auto-oriented intersections per sq mi"
"Camden","TOWNSHIP","Carver","D3BMM3",0.259246460286009,"Multi-modal 3-way intersections per sq mi"
"Camden","TOWNSHIP","Carver","D3BMM4",0.0570412636116031,"Multi-modal 4+ way intersections per sq mi"
"Camden","TOWNSHIP","Carver","D3BPO3",4.88036406147719,"Pedestrian-oriented 3-way intersections per sq mi"
"Camden","TOWNSHIP","Carver","D3BPO4",0.643472012062757,"Pedestrian-oriented 4+ way intersections per sq mi"
"Carver","CITY","Carver","D3A",3.34275686660973,"Total road network density (intersections/sq mi)"
"Carver","CITY","Carver","D3AAO",0.62367380380388,"Auto-oriented intersection density"
"Carver","CITY","Carver","D3AMM",0.1930550757989,"Multi-modal link density"
"Carver","CITY","Carver","D3APO",2.52602798700695,"Pedestrian-oriented link density"
"Carver","CITY","Carver","D3B",6.10793753443159,"Street intersection density (weighted, auto-oriented eliminated)"
"Carver","CITY","Carver","D3BAO",1.07681624523216,"Auto-oriented intersections per sq mi"
"Carver","CITY","Carver","D3BMM3",0.39885475036852,"Multi-modal 3-way intersections per sq mi"
"Carver","CITY","Carver","D3BMM4",0.110039074609432,"Multi-modal 4+ way intersections per sq mi"
"Carver","CITY","Carver","D3BPO3",6.8255656937034,"Pedestrian-oriented 3-way intersections per sq mi"
"Carver","CITY","Carver","D3BPO4",1.17921002362619,"Pedestrian-oriented 4+ way intersections per sq mi"
"Castle Rock","TOWNSHIP","Dakota","D3A",2.43784275954699,"Total road network density (intersections/sq mi)"
"Castle Rock","TOWNSHIP","Dakota","D3AAO",0.335759315609074,"Auto-oriented intersection density"
"Castle Rock","TOWNSHIP","Dakota","D3AMM",0.206042018886527,"Multi-modal link density"
"Castle Rock","TOWNSHIP","Dakota","D3APO",1.89604142505139,"Pedestrian-oriented link density"
"Castle Rock","TOWNSHIP","Dakota","D3B",3.30173568988495,"Street intersection density (weighted, auto-oriented eliminated)"
"Castle Rock","TOWNSHIP","Dakota","D3BAO",0.689219984692683,"Auto-oriented intersections per sq mi"
"Castle Rock","TOWNSHIP","Dakota","D3BMM3",0.519016947769139,"Multi-modal 3-way intersections per sq mi"
"Castle Rock","TOWNSHIP","Dakota","D3BMM4",0.123700282164148,"Multi-modal 4+ way intersections per sq mi"
"Castle Rock","TOWNSHIP","Dakota","D3BPO3",3.34263085008501,"Pedestrian-oriented 3-way intersections per sq mi"
"Castle Rock","TOWNSHIP","Dakota","D3BPO4",0.602316326552086,"Pedestrian-oriented 4+ way intersections per sq mi"
"Cedar Lake","TOWNSHIP","Scott","D3A",2.46803406811271,"Total road network density (intersections/sq mi)"
"Cedar Lake","TOWNSHIP","Scott","D3AAO",1.00542346752901,"Auto-oriented intersection density"
"Cedar Lake","TOWNSHIP","Scott","D3AMM",0.0488624956998379,"Multi-modal link density"
"Cedar Lake","TOWNSHIP","Scott","D3APO",1.41374810488387,"Pedestrian-oriented link density"
"Cedar Lake","TOWNSHIP","Scott","D3B",0.852472834180543,"Street intersection density (weighted, auto-oriented eliminated)"
"Cedar Lake","TOWNSHIP","Scott","D3BAO",1.86856569366717,"Auto-oriented intersections per sq mi"
"Cedar Lake","TOWNSHIP","Scott","D3BMM3",0.0868444523988384,"Multi-modal 3-way intersections per sq mi"
"Cedar Lake","TOWNSHIP","Scott","D3BMM4",0.000213525779421663,"Multi-modal 4+ way intersections per sq mi"
"Cedar Lake","TOWNSHIP","Scott","D3BPO3",1.06216915214036,"Pedestrian-oriented 3-way intersections per sq mi"
"Cedar Lake","TOWNSHIP","Scott","D3BPO4",0.0858672341734755,"Pedestrian-oriented 4+ way intersections per sq mi"
"Centerville","CITY","Anoka","D3A",11.5269474001282,"Total road network density (intersections/sq mi)"
"Centerville","CITY","Anoka","D3AAO",0.346323770294607,"Auto-oriented intersection density"
"Centerville","CITY","Anoka","D3AMM",1.72575530808479,"Multi-modal link density"
"Centerville","CITY","Anoka","D3APO",9.45486832174883,"Pedestrian-oriented link density"
"Centerville","CITY","Anoka","D3B",43.4624157790727,"Street intersection density (weighted, auto-oriented eliminated)"
"Centerville","CITY","Anoka","D3BAO",3.70447543118857,"Auto-oriented intersections per sq mi"
"Centerville","CITY","Anoka","D3BMM3",9.25197474399257,"Multi-modal 3-way intersections per sq mi"
"Centerville","CITY","Anoka","D3BMM4",1.77264262647342,"Multi-modal 4+ way intersections per sq mi"
"Centerville","CITY","Anoka","D3BPO3",41.4940871082763,"Pedestrian-oriented 3-way intersections per sq mi"
"Centerville","CITY","Anoka","D3BPO4",7.84214989713601,"Pedestrian-oriented 4+ way intersections per sq mi"
"Champlin","CITY","Hennepin","D3A",16.7361171152755,"Total road network density (intersections/sq mi)"
"Champlin","CITY","Hennepin","D3AAO",0.777120911306713,"Auto-oriented intersection density"
"Champlin","CITY","Hennepin","D3AMM",2.730703556726,"Multi-modal link density"
"Champlin","CITY","Hennepin","D3APO",13.2282926472428,"Pedestrian-oriented link density"
"Champlin","CITY","Hennepin","D3B",73.5184566169897,"Street intersection density (weighted, auto-oriented eliminated)"
"Champlin","CITY","Hennepin","D3BAO",1.44043086071093,"Auto-oriented intersections per sq mi"
"Champlin","CITY","Hennepin","D3BMM3",13.7876472742168,"Multi-modal 3-way intersections per sq mi"
"Champlin","CITY","Hennepin","D3BMM4",5.60404413796649,"Multi-modal 4+ way intersections per sq mi"
"Champlin","CITY","Hennepin","D3BPO3",70.1376128259879,"Pedestrian-oriented 3-way intersections per sq mi"
"Champlin","CITY","Hennepin","D3BPO4",11.9362639921867,"Pedestrian-oriented 4+ way intersections per sq mi"
"Chanhassen","CITY","Carver","D3A",11.4810809572918,"Total road network density (intersections/sq mi)"
"Chanhassen","CITY","Carver","D3AAO",1.63436806737052,"Auto-oriented intersection density"
"Chanhassen","CITY","Carver","D3AMM",1.57760369826938,"Multi-modal link density"
"Chanhassen","CITY","Carver","D3APO",8.26910919165186,"Pedestrian-oriented link density"
"Chanhassen","CITY","Carver","D3B",38.4750435564818,"Street intersection density (weighted, auto-oriented eliminated)"
"Chanhassen","CITY","Carver","D3BAO",3.31926781862456,"Auto-oriented intersections per sq mi"
"Chanhassen","CITY","Carver","D3BMM3",5.71605502811593,"Multi-modal 3-way intersections per sq mi"
"Chanhassen","CITY","Carver","D3BMM4",2.73199568804897,"Multi-modal 4+ way intersections per sq mi"
"Chanhassen","CITY","Carver","D3BPO3",41.6038738137539,"Pedestrian-oriented 3-way intersections per sq mi"
"Chanhassen","CITY","Carver","D3BPO4",4.18065533090566,"Pedestrian-oriented 4+ way intersections per sq mi"
"Chanhassen","CITY","Hennepin","D3A",17.5352300429019,"Total road network density (intersections/sq mi)"
"Chanhassen","CITY","Hennepin","D3AAO",2.44899222439547,"Auto-oriented intersection density"
"Chanhassen","CITY","Hennepin","D3AMM",1.73764086402447,"Multi-modal link density"
"Chanhassen","CITY","Hennepin","D3APO",13.348596954482,"Pedestrian-oriented link density"
"Chanhassen","CITY","Hennepin","D3B",57.4987675486915,"Street intersection density (weighted, auto-oriented eliminated)"
"Chanhassen","CITY","Hennepin","D3BAO",2.38159405586212,"Auto-oriented intersections per sq mi"
"Chanhassen","CITY","Hennepin","D3BMM3",3.5390051150261,"Multi-modal 3-way intersections per sq mi"
"Chanhassen","CITY","Hennepin","D3BMM4",4.69680702329603,"Multi-modal 4+ way intersections per sq mi"
"Chanhassen","CITY","Hennepin","D3BPO3",63.3500164983312,"Pedestrian-oriented 3-way intersections per sq mi"
"Chanhassen","CITY","Hennepin","D3BPO4",8.18698310928614,"Pedestrian-oriented 4+ way intersections per sq mi"
"Chaska","CITY","Carver","D3A",12.2953567063588,"Total road network density (intersections/sq mi)"
"Chaska","CITY","Carver","D3AAO",1.26144632233914,"Auto-oriented intersection density"
"Chaska","CITY","Carver","D3AMM",1.8816819255853,"Multi-modal link density"
"Chaska","CITY","Carver","D3APO",9.15222845843435,"Pedestrian-oriented link density"
"Chaska","CITY","Carver","D3B",50.6571184171349,"Street intersection density (weighted, auto-oriented eliminated)"
"Chaska","CITY","Carver","D3BAO",1.41816162762372,"Auto-oriented intersections per sq mi"
"Chaska","CITY","Carver","D3BMM3",7.18594604471968,"Multi-modal 3-way intersections per sq mi"
"Chaska","CITY","Carver","D3BMM4",3.03861691304489,"Multi-modal 4+ way intersections per sq mi"
"Chaska","CITY","Carver","D3BPO3",48.4314433909352,"Pedestrian-oriented 3-way intersections per sq mi"
"Chaska","CITY","Carver","D3BPO4",10.5217027505082,"Pedestrian-oriented 4+ way intersections per sq mi"
"Circle Pines","CITY","Anoka","D3A",16.1791119493481,"Total road network density (intersections/sq mi)"
"Circle Pines","CITY","Anoka","D3AAO",1.86507637994596,"Auto-oriented intersection density"
"Circle Pines","CITY","Anoka","D3AMM",1.34285834694847,"Multi-modal link density"
"Circle Pines","CITY","Anoka","D3APO",12.9711772224537,"Pedestrian-oriented link density"
"Circle Pines","CITY","Anoka","D3B",57.3234901318147,"Street intersection density (weighted, auto-oriented eliminated)"
"Circle Pines","CITY","Anoka","D3BAO",3.79472514874682,"Auto-oriented intersections per sq mi"
"Circle Pines","CITY","Anoka","D3BMM3",5.63869063324665,"Multi-modal 3-way intersections per sq mi"
"Circle Pines","CITY","Anoka","D3BMM4",1.53168705335971,"Multi-modal 4+ way intersections per sq mi"
"Circle Pines","CITY","Anoka","D3BPO3",67.0117985987289,"Pedestrian-oriented 3-way intersections per sq mi"
"Circle Pines","CITY","Anoka","D3BPO4",7.33392676072724,"Pedestrian-oriented 4+ way intersections per sq mi"
"Coates","CITY","Dakota","D3A",2.73689009479887,"Total road network density (intersections/sq mi)"
"Coates","CITY","Dakota","D3AAO",0.963544569095894,"Auto-oriented intersection density"
"Coates","CITY","Dakota","D3AMM",0.237300432371155,"Multi-modal link density"
"Coates","CITY","Dakota","D3APO",1.53604509333182,"Pedestrian-oriented link density"
"Coates","CITY","Dakota","D3B",1.82198506149357,"Street intersection density (weighted, auto-oriented eliminated)"
"Coates","CITY","Dakota","D3BAO",1.35275260193733,"Auto-oriented intersections per sq mi"
"Coates","CITY","Dakota","D3BMM3",0.520419278114922,"Multi-modal 3-way intersections per sq mi"
"Coates","CITY","Dakota","D3BMM4",0.0520594683363902,"Multi-modal 4+ way intersections per sq mi"
"Coates","CITY","Dakota","D3BPO3",1.82102068864351,"Pedestrian-oriented 3-way intersections per sq mi"
"Coates","CITY","Dakota","D3BPO4",0.208185135329302,"Pedestrian-oriented 4+ way intersections per sq mi"
"Cologne","CITY","Carver","D3A",3.7872779757074,"Total road network density (intersections/sq mi)"
"Cologne","CITY","Carver","D3AAO",1.2957482629663,"Auto-oriented intersection density"
"Cologne","CITY","Carver","D3AMM",0.321763582723847,"Multi-modal link density"
"Cologne","CITY","Carver","D3APO",2.16976613001724,"Pedestrian-oriented link density"
"Cologne","CITY","Carver","D3B",7.36650002576827,"Street intersection density (weighted, auto-oriented eliminated)"
"Cologne","CITY","Carver","D3BAO",2.33561754496967,"Auto-oriented intersections per sq mi"
"Cologne","CITY","Carver","D3BMM3",1.36243443094404,"Multi-modal 3-way intersections per sq mi"
"Cologne","CITY","Carver","D3BMM4",0.194633459179622,"Multi-modal 4+ way intersections per sq mi"
"Cologne","CITY","Carver","D3BPO3",7.20145575795366,"Pedestrian-oriented 3-way intersections per sq mi"
"Cologne","CITY","Carver","D3BPO4",1.45975181059388,"Pedestrian-oriented 4+ way intersections per sq mi"
"Columbia Heights","CITY","Anoka","D3A",22.435541422379,"Total road network density (intersections/sq mi)"
"Columbia Heights","CITY","Anoka","D3AAO",0.593100074188918,"Auto-oriented intersection density"
"Columbia Heights","CITY","Anoka","D3AMM",1.45316930753696,"Multi-modal link density"
"Columbia Heights","CITY","Anoka","D3APO",20.3892720406532,"Pedestrian-oriented link density"
"Columbia Heights","CITY","Anoka","D3B",111.411107627825,"Street intersection density (weighted, auto-oriented eliminated)"
"Columbia Heights","CITY","Anoka","D3BAO",0.886542753952587,"Auto-oriented intersections per sq mi"
"Columbia Heights","CITY","Anoka","D3BMM3",2.66970810677061,"Multi-modal 3-way intersections per sq mi"
"Columbia Heights","CITY","Anoka","D3BMM4",5.37789265418149,"Multi-modal 4+ way intersections per sq mi"
"Columbia Heights","CITY","Anoka","D3BPO3",83.0772731555991,"Pedestrian-oriented 3-way intersections per sq mi"
"Columbia Heights","CITY","Anoka","D3BPO4",48.8399784716425,"Pedestrian-oriented 4+ way intersections per sq mi"
"Columbus","CITY","Anoka","D3A",2.9873258141396,"Total road network density (intersections/sq mi)"
"Columbus","CITY","Anoka","D3AAO",0.778911402518361,"Auto-oriented intersection density"
"Columbus","CITY","Anoka","D3AMM",0.348797543796051,"Multi-modal link density"
"Columbus","CITY","Anoka","D3APO",1.85961686782519,"Pedestrian-oriented link density"
"Columbus","CITY","Anoka","D3B",3.75256085590438,"Street intersection density (weighted, auto-oriented eliminated)"
"Columbus","CITY","Anoka","D3BAO",2.26751350825222,"Auto-oriented intersections per sq mi"
"Columbus","CITY","Anoka","D3BMM3",1.60860745748072,"Multi-modal 3-way intersections per sq mi"
"Columbus","CITY","Anoka","D3BMM4",0.0893426880349939,"Multi-modal 4+ way intersections per sq mi"
"Columbus","CITY","Anoka","D3BPO3",3.68113887669134,"Pedestrian-oriented 3-way intersections per sq mi"
"Columbus","CITY","Anoka","D3BPO4",0.134957362976619,"Pedestrian-oriented 4+ way intersections per sq mi"
"Coon Rapids","CITY","Anoka","D3A",17.1613755189076,"Total road network density (intersections/sq mi)"
"Coon Rapids","CITY","Anoka","D3AAO",3.12743380810228,"Auto-oriented intersection density"
"Coon Rapids","CITY","Anoka","D3AMM",1.72754193438216,"Multi-modal link density"
"Coon Rapids","CITY","Anoka","D3APO",12.3063997764232,"Pedestrian-oriented link density"
"Coon Rapids","CITY","Anoka","D3B",61.1334242379685,"Street intersection density (weighted, auto-oriented eliminated)"
"Coon Rapids","CITY","Anoka","D3BAO",5.83132755618159,"Auto-oriented intersections per sq mi"
"Coon Rapids","CITY","Anoka","D3BMM3",6.78661261125128,"Multi-modal 3-way intersections per sq mi"
"Coon Rapids","CITY","Anoka","D3BMM4",3.96953996520194,"Multi-modal 4+ way intersections per sq mi"
"Coon Rapids","CITY","Anoka","D3BPO3",60.5071930030184,"Pedestrian-oriented 3-way intersections per sq mi"
"Coon Rapids","CITY","Anoka","D3BPO4",12.2789159280487,"Pedestrian-oriented 4+ way intersections per sq mi"
"Corcoran","CITY","Hennepin","D3A",3.05112885708029,"Total road network density (intersections/sq mi)"
"Corcoran","CITY","Hennepin","D3AAO",0.679446818018046,"Auto-oriented intersection density"
"Corcoran","CITY","Hennepin","D3AMM",0.952873406717988,"Multi-modal link density"
"Corcoran","CITY","Hennepin","D3APO",1.41880863234425,"Pedestrian-oriented link density"
"Corcoran","CITY","Hennepin","D3B",3.084518906878,"Street intersection density (weighted, auto-oriented eliminated)"
"Corcoran","CITY","Hennepin","D3BAO",1.47953136979663,"Auto-oriented intersections per sq mi"
"Corcoran","CITY","Hennepin","D3BMM3",1.48145497496166,"Multi-modal 3-way intersections per sq mi"
"Corcoran","CITY","Hennepin","D3BMM4",0.419912934238761,"Multi-modal 4+ way intersections per sq mi"
"Corcoran","CITY","Hennepin","D3BPO3",2.30189659801123,"Pedestrian-oriented 3-way intersections per sq mi"
"Corcoran","CITY","Hennepin","D3BPO4",0.14111047346633,"Pedestrian-oriented 4+ way intersections per sq mi"
"Cottage Grove","CITY","Washington","D3A",7.25306628947835,"Total road network density (intersections/sq mi)"
"Cottage Grove","CITY","Washington","D3AAO",1.02429918607673,"Auto-oriented intersection density"
"Cottage Grove","CITY","Washington","D3AMM",0.865176156762245,"Multi-modal link density"
"Cottage Grove","CITY","Washington","D3APO",5.36359094663938,"Pedestrian-oriented link density"
"Cottage Grove","CITY","Washington","D3B",21.8904792138173,"Street intersection density (weighted, auto-oriented eliminated)"
"Cottage Grove","CITY","Washington","D3BAO",1.89533143907294,"Auto-oriented intersections per sq mi"
"Cottage Grove","CITY","Washington","D3BMM3",2.90605811031043,"Multi-modal 3-way intersections per sq mi"
"Cottage Grove","CITY","Washington","D3BMM4",1.01877662367323,"Multi-modal 4+ way intersections per sq mi"
"Cottage Grove","CITY","Washington","D3BPO3",22.1139612693151,"Pedestrian-oriented 3-way intersections per sq mi"
"Cottage Grove","CITY","Washington","D3BPO4",4.1833496639338,"Pedestrian-oriented 4+ way intersections per sq mi"
"Credit River","CITY","Scott","D3A",4.24076171263901,"Total road network density (intersections/sq mi)"
"Credit River","CITY","Scott","D3AAO",0.95417523032586,"Auto-oriented intersection density"
"Credit River","CITY","Scott","D3AMM",0.413298866440771,"Multi-modal link density"
"Credit River","CITY","Scott","D3APO",2.87328761587238,"Pedestrian-oriented link density"
"Credit River","CITY","Scott","D3B",5.34655532253653,"Street intersection density (weighted, auto-oriented eliminated)"
"Credit River","CITY","Scott","D3BAO",2.1129399135404,"Auto-oriented intersections per sq mi"
"Credit River","CITY","Scott","D3BMM3",1.38894383274253,"Multi-modal 3-way intersections per sq mi"
"Credit River","CITY","Scott","D3BMM4",0.219685347367322,"Multi-modal 4+ way intersections per sq mi"
"Credit River","CITY","Scott","D3BPO3",5.67067532673174,"Pedestrian-oriented 3-way intersections per sq mi"
"Credit River","CITY","Scott","D3BPO4",0.418103995799869,"Pedestrian-oriented 4+ way intersections per sq mi"
"Crystal","CITY","Hennepin","D3A",20.8090205168292,"Total road network density (intersections/sq mi)"
"Crystal","CITY","Hennepin","D3AAO",1.16594007495835,"Auto-oriented intersection density"
"Crystal","CITY","Hennepin","D3AMM",1.62716586060093,"Multi-modal link density"
"Crystal","CITY","Hennepin","D3APO",18.0159145812699,"Pedestrian-oriented link density"
"Crystal","CITY","Hennepin","D3B",102.851511973074,"Street intersection density (weighted, auto-oriented eliminated)"
"Crystal","CITY","Hennepin","D3BAO",1.32699532286263,"Auto-oriented intersections per sq mi"
"Crystal","CITY","Hennepin","D3BMM3",9.19557179327997,"Multi-modal 3-way intersections per sq mi"
"Crystal","CITY","Hennepin","D3BMM4",5.35727722466169,"Multi-modal 4+ way intersections per sq mi"
"Crystal","CITY","Hennepin","D3BPO3",79.9492389703167,"Pedestrian-oriented 3-way intersections per sq mi"
"Crystal","CITY","Hennepin","D3BPO4",38.0346459690933,"Pedestrian-oriented 4+ way intersections per sq mi"
"Dahlgren","TOWNSHIP","Carver","D3A",2.66213411851467,"Total road network density (intersections/sq mi)"
"Dahlgren","TOWNSHIP","Carver","D3AAO",0.952484730843975,"Auto-oriented intersection density"
"Dahlgren","TOWNSHIP","Carver","D3AMM",0.126995741095993,"Multi-modal link density"
"Dahlgren","TOWNSHIP","Carver","D3APO",1.5826536465747,"Pedestrian-oriented link density"
"Dahlgren","TOWNSHIP","Carver","D3B",2.23059772641254,"Street intersection density (weighted, auto-oriented eliminated)"
"Dahlgren","TOWNSHIP","Carver","D3BAO",1.81683236381053,"Auto-oriented intersections per sq mi"
"Dahlgren","TOWNSHIP","Carver","D3BMM3",0.258618045407793,"Multi-modal 3-way intersections per sq mi"
"Dahlgren","TOWNSHIP","Carver","D3BMM4",0.113820705384036,"Multi-modal 4+ way intersections per sq mi"
"Dahlgren","TOWNSHIP","Carver","D3BPO3",2.78918565923643,"Pedestrian-oriented 3-way intersections per sq mi"
"Dahlgren","TOWNSHIP","Carver","D3BPO4",0.0838919500308045,"Pedestrian-oriented 4+ way intersections per sq mi"
"Dayton","CITY","Hennepin","D3A",4.28574224199438,"Total road network density (intersections/sq mi)"
"Dayton","CITY","Hennepin","D3AAO",0.397194499446757,"Auto-oriented intersection density"
"Dayton","CITY","Hennepin","D3AMM",1.02135075652993,"Multi-modal link density"
"Dayton","CITY","Hennepin","D3APO",2.86719698601769,"Pedestrian-oriented link density"
"Dayton","CITY","Hennepin","D3B",6.99861420255998,"Street intersection density (weighted, auto-oriented eliminated)"
"Dayton","CITY","Hennepin","D3BAO",0.906301232053858,"Auto-oriented intersections per sq mi"
"Dayton","CITY","Hennepin","D3BMM3",1.69768633861953,"Multi-modal 3-way intersections per sq mi"
"Dayton","CITY","Hennepin","D3BMM4",0.736044126242956,"Multi-modal 4+ way intersections per sq mi"
"Dayton","CITY","Hennepin","D3BPO3",5.85378416286595,"Pedestrian-oriented 3-way intersections per sq mi"
"Dayton","CITY","Hennepin","D3BPO4",1.22573925182622,"Pedestrian-oriented 4+ way intersections per sq mi"
"Deephaven","CITY","Hennepin","D3A",13.7209346740777,"Total road network density (intersections/sq mi)"
"Deephaven","CITY","Hennepin","D3AAO",0.122628617795121,"Auto-oriented intersection density"
"Deephaven","CITY","Hennepin","D3AMM",2.08057910343325,"Multi-modal link density"
"Deephaven","CITY","Hennepin","D3APO",11.5177269528494,"Pedestrian-oriented link density"
"Deephaven","CITY","Hennepin","D3B",50.7261723683324,"Street intersection density (weighted, auto-oriented eliminated)"
"Deephaven","CITY","Hennepin","D3BAO",0.000687690685309374,"Auto-oriented intersections per sq mi"
"Deephaven","CITY","Hennepin","D3BMM3",16.3940111634569,"Multi-modal 3-way intersections per sq mi"
"Deephaven","CITY","Hennepin","D3BMM4",2.58089771884307,"Multi-modal 4+ way intersections per sq mi"
"Deephaven","CITY","Hennepin","D3BPO3",40.2486027752653,"Pedestrian-oriented 3-way intersections per sq mi"
"Deephaven","CITY","Hennepin","D3BPO4",10.3646511523616,"Pedestrian-oriented 4+ way intersections per sq mi"
"Dellwood","CITY","Washington","D3A",7.35197307580649,"Total road network density (intersections/sq mi)"
"Dellwood","CITY","Washington","D3AAO",0.0025606802340266,"Auto-oriented intersection density"
"Dellwood","CITY","Washington","D3AMM",1.18952023827162,"Multi-modal link density"
"Dellwood","CITY","Washington","D3APO",6.15989215730085,"Pedestrian-oriented link density"
"Dellwood","CITY","Washington","D3B",19.0512717776657,"Street intersection density (weighted, auto-oriented eliminated)"
"Dellwood","CITY","Washington","D3BAO",0.00938398575237789,"Auto-oriented intersections per sq mi"
"Dellwood","CITY","Washington","D3BMM3",6.60961680328208,"Multi-modal 3-way intersections per sq mi"
"Dellwood","CITY","Washington","D3BMM4",0.531280745054364,"Multi-modal 4+ way intersections per sq mi"
"Dellwood","CITY","Washington","D3BPO3",20.3077573249052,"Pedestrian-oriented 3-way intersections per sq mi"
"Dellwood","CITY","Washington","D3BPO4",0.566102489110443,"Pedestrian-oriented 4+ way intersections per sq mi"
"Denmark","TOWNSHIP","Washington","D3A",3.31247256556187,"Total road network density (intersections/sq mi)"
"Denmark","TOWNSHIP","Washington","D3AAO",0.941137539592274,"Auto-oriented intersection density"
"Denmark","TOWNSHIP","Washington","D3AMM",0.225208642539228,"Multi-modal link density"
"Denmark","TOWNSHIP","Washington","D3APO",2.14612638343037,"Pedestrian-oriented link density"
"Denmark","TOWNSHIP","Washington","D3B",3.39696334092165,"Street intersection density (weighted, auto-oriented eliminated)"
"Denmark","TOWNSHIP","Washington","D3BAO",2.46096146963797,"Auto-oriented intersections per sq mi"
"Denmark","TOWNSHIP","Washington","D3BMM3",0.587102072032361,"Multi-modal 3-way intersections per sq mi"
"Denmark","TOWNSHIP","Washington","D3BMM4",0.144942306116391,"Multi-modal 4+ way intersections per sq mi"
"Denmark","TOWNSHIP","Washington","D3BPO3",3.99951492571387,"Pedestrian-oriented 3-way intersections per sq mi"
"Denmark","TOWNSHIP","Washington","D3BPO4",0.192747497308528,"Pedestrian-oriented 4+ way intersections per sq mi"
"Douglas","TOWNSHIP","Dakota","D3A",1.81572107551599,"Total road network density (intersections/sq mi)"
"Douglas","TOWNSHIP","Dakota","D3AAO",0.405990861663408,"Auto-oriented intersection density"
"Douglas","TOWNSHIP","Dakota","D3AMM",0.0402383254734794,"Multi-modal link density"
"Douglas","TOWNSHIP","Dakota","D3APO",1.3694918883791,"Pedestrian-oriented link density"
"Douglas","TOWNSHIP","Dakota","D3B",0.672258197977166,"Street intersection density (weighted, auto-oriented eliminated)"
"Douglas","TOWNSHIP","Dakota","D3BAO",0.475936900604989,"Auto-oriented intersections per sq mi"
"Douglas","TOWNSHIP","Dakota","D3BMM3",0.167916867056645,"Multi-modal 3-way intersections per sq mi"
"Douglas","TOWNSHIP","Dakota","D3BMM4",0.0279707891925148,"Multi-modal 4+ way intersections per sq mi"
"Douglas","TOWNSHIP","Dakota","D3BPO3",0.587961034076438,"Pedestrian-oriented 3-way intersections per sq mi"
"Douglas","TOWNSHIP","Dakota","D3BPO4",0.140116848728885,"Pedestrian-oriented 4+ way intersections per sq mi"
"Eagan","CITY","Dakota","D3A",14.0449016656082,"Total road network density (intersections/sq mi)"
"Eagan","CITY","Dakota","D3AAO",3.15850567661633,"Auto-oriented intersection density"
"Eagan","CITY","Dakota","D3AMM",1.82013337929279,"Multi-modal link density"
"Eagan","CITY","Dakota","D3APO",9.06626260969905,"Pedestrian-oriented link density"
"Eagan","CITY","Dakota","D3B",46.5423969344727,"Street intersection density (weighted, auto-oriented eliminated)"
"Eagan","CITY","Dakota","D3BAO",4.76704774878145,"Auto-oriented intersections per sq mi"
"Eagan","CITY","Dakota","D3BMM3",8.63684745580151,"Multi-modal 3-way intersections per sq mi"
"Eagan","CITY","Dakota","D3BMM4",2.93289053003566,"Multi-modal 4+ way intersections per sq mi"
"Eagan","CITY","Dakota","D3BPO3",47.8968081152584,"Pedestrian-oriented 3-way intersections per sq mi"
"Eagan","CITY","Dakota","D3BPO4",5.90155813854004,"Pedestrian-oriented 4+ way intersections per sq mi"
"East Bethel","CITY","Anoka","D3A",4.46931069914452,"Total road network density (intersections/sq mi)"
"East Bethel","CITY","Anoka","D3AAO",1.36319445402164,"Auto-oriented intersection density"
"East Bethel","CITY","Anoka","D3AMM",0.434529258770133,"Multi-modal link density"
"East Bethel","CITY","Anoka","D3APO",2.67158698635275,"Pedestrian-oriented link density"
"East Bethel","CITY","Anoka","D3B",5.98032132748631,"Street intersection density (weighted, auto-oriented eliminated)"
"East Bethel","CITY","Anoka","D3BAO",4.22567959150062,"Auto-oriented intersections per sq mi"
"East Bethel","CITY","Anoka","D3BMM3",1.57011647455746,"Multi-modal 3-way intersections per sq mi"
"East Bethel","CITY","Anoka","D3BMM4",0.146365741215265,"Multi-modal 4+ way intersections per sq mi"
"East Bethel","CITY","Anoka","D3BPO3",6.11670557542667,"Pedestrian-oriented 3-way intersections per sq mi"
"East Bethel","CITY","Anoka","D3BPO4",0.706845278931631,"Pedestrian-oriented 4+ way intersections per sq mi"
"Eden Prairie","CITY","Hennepin","D3A",13.3471814451713,"Total road network density (intersections/sq mi)"
"Eden Prairie","CITY","Hennepin","D3AAO",2.36539961803506,"Auto-oriented intersection density"
"Eden Prairie","CITY","Hennepin","D3AMM",1.39537860045128,"Multi-modal link density"
"Eden Prairie","CITY","Hennepin","D3APO",9.58640322668491,"Pedestrian-oriented link density"
"Eden Prairie","CITY","Hennepin","D3B",44.6974312921156,"Street intersection density (weighted, auto-oriented eliminated)"
"Eden Prairie","CITY","Hennepin","D3BAO",3.9482918495543,"Auto-oriented intersections per sq mi"
"Eden Prairie","CITY","Hennepin","D3BMM3",4.35378940220912,"Multi-modal 3-way intersections per sq mi"
"Eden Prairie","CITY","Hennepin","D3BMM4",2.77897576753843,"Multi-modal 4+ way intersections per sq mi"
"Eden Prairie","CITY","Hennepin","D3BPO3",48.6361408260884,"Pedestrian-oriented 3-way intersections per sq mi"
"Eden Prairie","CITY","Hennepin","D3BPO4",6.57417206230268,"Pedestrian-oriented 4+ way intersections per sq mi"
"Edina","CITY","Hennepin","D3A",18.6571390248958,"Total road network density (intersections/sq mi)"
"Edina","CITY","Hennepin","D3AAO",2.39011870714418,"Auto-oriented intersection density"
"Edina","CITY","Hennepin","D3AMM",1.53258619178207,"Multi-modal link density"
"Edina","CITY","Hennepin","D3APO",14.7344341259696,"Pedestrian-oriented link density"
"Edina","CITY","Hennepin","D3B",74.8793187774256,"Street intersection density (weighted, auto-oriented eliminated)"
"Edina","CITY","Hennepin","D3BAO",3.8419018478526,"Auto-oriented intersections per sq mi"
"Edina","CITY","Hennepin","D3BMM3",5.81789286650957,"Multi-modal 3-way intersections per sq mi"
"Edina","CITY","Hennepin","D3BMM4",3.29258914208111,"Multi-modal 4+ way intersections per sq mi"
"Edina","CITY","Hennepin","D3BPO3",74.967572048685,"Pedestrian-oriented 3-way intersections per sq mi"
"Edina","CITY","Hennepin","D3BPO4",17.7028245369097,"Pedestrian-oriented 4+ way intersections per sq mi"
"Elko New Market","CITY","Scott","D3A",4.69419768739728,"Total road network density (intersections/sq mi)"
"Elko New Market","CITY","Scott","D3AAO",1.58795875573724,"Auto-oriented intersection density"
"Elko New Market","CITY","Scott","D3AMM",0.101984459353486,"Multi-modal link density"
"Elko New Market","CITY","Scott","D3APO",3.00425447230655,"Pedestrian-oriented link density"
"Elko New Market","CITY","Scott","D3B",7.25324220034746,"Street intersection density (weighted, auto-oriented eliminated)"
"Elko New Market","CITY","Scott","D3BAO",2.73414917970766,"Auto-oriented intersections per sq mi"
"Elko New Market","CITY","Scott","D3BMM3",0.243025798303898,"Multi-modal 3-way intersections per sq mi"
"Elko New Market","CITY","Scott","D3BMM4",0.0607564495759746,"Multi-modal 4+ way intersections per sq mi"
"Elko New Market","CITY","Scott","D3BPO3",8.44526117399605,"Pedestrian-oriented 3-way intersections per sq mi"
"Elko New Market","CITY","Scott","D3BPO4",1.39739834024741,"Pedestrian-oriented 4+ way intersections per sq mi"
"Empire","CITY","Dakota","D3A",2.78981603448965,"Total road network density (intersections/sq mi)"
"Empire","CITY","Dakota","D3AAO",0.808380769213017,"Auto-oriented intersection density"
"Empire","CITY","Dakota","D3AMM",0.189768724875974,"Multi-modal link density"
"Empire","CITY","Dakota","D3APO",1.79166654040066,"Pedestrian-oriented link density"
"Empire","CITY","Dakota","D3B",3.73186260917944,"Street intersection density (weighted, auto-oriented eliminated)"
"Empire","CITY","Dakota","D3BAO",1.20533416784365,"Auto-oriented intersections per sq mi"
"Empire","CITY","Dakota","D3BMM3",0.524389399565876,"Multi-modal 3-way intersections per sq mi"
"Empire","CITY","Dakota","D3BMM4",0.16428575015473,"Multi-modal 4+ way intersections per sq mi"
"Empire","CITY","Dakota","D3BPO3",3.29408948346583,"Pedestrian-oriented 3-way intersections per sq mi"
"Empire","CITY","Dakota","D3BPO4",1.02065144404257,"Pedestrian-oriented 4+ way intersections per sq mi"
"Eureka","TOWNSHIP","Dakota","D3A",2.09121629580376,"Total road network density (intersections/sq mi)"
"Eureka","TOWNSHIP","Dakota","D3AAO",0.402405732195699,"Auto-oriented intersection density"
"Eureka","TOWNSHIP","Dakota","D3AMM",0.0575155236197213,"Multi-modal link density"
"Eureka","TOWNSHIP","Dakota","D3APO",1.63129503998834,"Pedestrian-oriented link density"
"Eureka","TOWNSHIP","Dakota","D3B",1.40748922272,"Street intersection density (weighted, auto-oriented eliminated)"
"Eureka","TOWNSHIP","Dakota","D3BAO",0.697450834605364,"Auto-oriented intersections per sq mi"
"Eureka","TOWNSHIP","Dakota","D3BMM3",0.12251281860022,"Multi-modal 3-way intersections per sq mi"
"Eureka","TOWNSHIP","Dakota","D3BMM4",0.0216178150760421,"Multi-modal 4+ way intersections per sq mi"
"Eureka","TOWNSHIP","Dakota","D3BPO3",1.4697692220496,"Pedestrian-oriented 3-way intersections per sq mi"
"Eureka","TOWNSHIP","Dakota","D3BPO4",0.32381928653053,"Pedestrian-oriented 4+ way intersections per sq mi"
"Excelsior","CITY","Hennepin","D3A",21.6414672378203,"Total road network density (intersections/sq mi)"
"Excelsior","CITY","Hennepin","D3AAO",2.19761635258476,"Auto-oriented intersection density"
"Excelsior","CITY","Hennepin","D3AMM",1.1388887740834,"Multi-modal link density"
"Excelsior","CITY","Hennepin","D3APO",18.3049621111521,"Pedestrian-oriented link density"
"Excelsior","CITY","Hennepin","D3B",94.282814222331,"Street intersection density (weighted, auto-oriented eliminated)"
"Excelsior","CITY","Hennepin","D3BAO",5.95949934479257,"Auto-oriented intersections per sq mi"
"Excelsior","CITY","Hennepin","D3BMM3",11.4526831000816,"Multi-modal 3-way intersections per sq mi"
"Excelsior","CITY","Hennepin","D3BMM4",4.09342237825819,"Multi-modal 4+ way intersections per sq mi"
"Excelsior","CITY","Hennepin","D3BPO3",77.2587456871021,"Pedestrian-oriented 3-way intersections per sq mi"
"Excelsior","CITY","Hennepin","D3BPO4",31.0188688430213,"Pedestrian-oriented 4+ way intersections per sq mi"
"Falcon Heights","CITY","Ramsey","D3A",24.897424686953,"Total road network density (intersections/sq mi)"
"Falcon Heights","CITY","Ramsey","D3AAO",0.911875006810917,"Auto-oriented intersection density"
"Falcon Heights","CITY","Ramsey","D3AMM",4.26857471362404,"Multi-modal link density"
"Falcon Heights","CITY","Ramsey","D3APO",19.7169749665181,"Pedestrian-oriented link density"
"Falcon Heights","CITY","Ramsey","D3B",194.0311144331,"Street intersection density (weighted, auto-oriented eliminated)"
"Falcon Heights","CITY","Ramsey","D3BAO",2.68182691444481,"Auto-oriented intersections per sq mi"
"Falcon Heights","CITY","Ramsey","D3BMM3",12.0941272177627,"Multi-modal 3-way intersections per sq mi"
"Falcon Heights","CITY","Ramsey","D3BMM4",12.9577738883426,"Multi-modal 4+ way intersections per sq mi"
"Falcon Heights","CITY","Ramsey","D3BPO3",170.08037016606,"Pedestrian-oriented 3-way intersections per sq mi"
"Falcon Heights","CITY","Ramsey","D3BPO4",59.5629507897469,"Pedestrian-oriented 4+ way intersections per sq mi"
"Farmington","CITY","Dakota","D3A",7.59302532684417,"Total road network density (intersections/sq mi)"
"Farmington","CITY","Dakota","D3AAO",1.33690116326211,"Auto-oriented intersection density"
"Farmington","CITY","Dakota","D3AMM",0.644989590306367,"Multi-modal link density"
"Farmington","CITY","Dakota","D3APO",5.61113457327569,"Pedestrian-oriented link density"
"Farmington","CITY","Dakota","D3B",28.5219221598661,"Street intersection density (weighted, auto-oriented eliminated)"
"Farmington","CITY","Dakota","D3BAO",3.32668399496493,"Auto-oriented intersections per sq mi"
"Farmington","CITY","Dakota","D3BMM3",2.23009416829155,"Multi-modal 3-way intersections per sq mi"
"Farmington","CITY","Dakota","D3BMM4",0.865829134436885,"Multi-modal 4+ way intersections per sq mi"
"Farmington","CITY","Dakota","D3BPO3",26.496883959553,"Pedestrian-oriented 3-way intersections per sq mi"
"Farmington","CITY","Dakota","D3BPO4",8.49519861415695,"Pedestrian-oriented 4+ way intersections per sq mi"
"Forest Lake","CITY","Washington","D3A",6.93482349224838,"Total road network density (intersections/sq mi)"
"Forest Lake","CITY","Washington","D3AAO",0.805923609687233,"Auto-oriented intersection density"
"Forest Lake","CITY","Washington","D3AMM",1.1815019454057,"Multi-modal link density"
"Forest Lake","CITY","Washington","D3APO",4.94739793715546,"Pedestrian-oriented link density"
"Forest Lake","CITY","Washington","D3B",20.2545651617708,"Street intersection density (weighted, auto-oriented eliminated)"
"Forest Lake","CITY","Washington","D3BAO",3.37776126037658,"Auto-oriented intersections per sq mi"
"Forest Lake","CITY","Washington","D3BMM3",5.37627223477376,"Multi-modal 3-way intersections per sq mi"
"Forest Lake","CITY","Washington","D3BMM4",1.13505720622708,"Multi-modal 4+ way intersections per sq mi"
"Forest Lake","CITY","Washington","D3BPO3",18.2667780937398,"Pedestrian-oriented 3-way intersections per sq mi"
"Forest Lake","CITY","Washington","D3BPO4",3.34959338642518,"Pedestrian-oriented 4+ way intersections per sq mi"
"Fort Snelling","UNORGANIZED TERRITORY","Hennepin","D3A",14.4781641581038,"Total road network density (intersections/sq mi)"
"Fort Snelling","UNORGANIZED TERRITORY","Hennepin","D3AAO",5.35369625889533,"Auto-oriented intersection density"
"Fort Snelling","UNORGANIZED TERRITORY","Hennepin","D3AMM",1.34811666682542,"Multi-modal link density"
"Fort Snelling","UNORGANIZED TERRITORY","Hennepin","D3APO",7.77635123238308,"Pedestrian-oriented link density"
"Fort Snelling","UNORGANIZED TERRITORY","Hennepin","D3B",33.9319084409031,"Street intersection density (weighted, auto-oriented eliminated)"
"Fort Snelling","UNORGANIZED TERRITORY","Hennepin","D3BAO",8.77525945219293,"Auto-oriented intersections per sq mi"
"Fort Snelling","UNORGANIZED TERRITORY","Hennepin","D3BMM3",4.08271308918182,"Multi-modal 3-way intersections per sq mi"
"Fort Snelling","UNORGANIZED TERRITORY","Hennepin","D3BMM4",1.34267069989382,"Multi-modal 4+ way intersections per sq mi"
"Fort Snelling","UNORGANIZED TERRITORY","Hennepin","D3BPO3",33.5541524379898,"Pedestrian-oriented 3-way intersections per sq mi"
"Fort Snelling","UNORGANIZED TERRITORY","Hennepin","D3BPO4",7.4854484343858,"Pedestrian-oriented 4+ way intersections per sq mi"
"Fridley","CITY","Anoka","D3A",18.1975311400872,"Total road network density (intersections/sq mi)"
"Fridley","CITY","Anoka","D3AAO",3.06469907173089,"Auto-oriented intersection density"
"Fridley","CITY","Anoka","D3AMM",2.2877782447643,"Multi-modal link density"
"Fridley","CITY","Anoka","D3APO",12.8450538235921,"Pedestrian-oriented link density"
"Fridley","CITY","Anoka","D3B",60.9598241168299,"Street intersection density (weighted, auto-oriented eliminated)"
"Fridley","CITY","Anoka","D3BAO",5.79066371215048,"Auto-oriented intersections per sq mi"
"Fridley","CITY","Anoka","D3BMM3",9.33638623485427,"Multi-modal 3-way intersections per sq mi"
"Fridley","CITY","Anoka","D3BMM4",3.82376649776874,"Multi-modal 4+ way intersections per sq mi"
"Fridley","CITY","Anoka","D3BPO3",57.1847530996735,"Pedestrian-oriented 3-way intersections per sq mi"
"Fridley","CITY","Anoka","D3BPO4",12.7664576829311,"Pedestrian-oriented 4+ way intersections per sq mi"
"Gem Lake","CITY","Ramsey","D3A",9.21822441200542,"Total road network density (intersections/sq mi)"
"Gem Lake","CITY","Ramsey","D3AAO",1.64940417973171,"Auto-oriented intersection density"
"Gem Lake","CITY","Ramsey","D3AMM",2.92011801860651,"Multi-modal link density"
"Gem Lake","CITY","Ramsey","D3APO",4.64870221366719,"Pedestrian-oriented link density"
"Gem Lake","CITY","Ramsey","D3B",18.3555467350248,"Street intersection density (weighted, auto-oriented eliminated)"
"Gem Lake","CITY","Ramsey","D3BAO",2.16690900686772,"Auto-oriented intersections per sq mi"
"Gem Lake","CITY","Ramsey","D3BMM3",11.981380995186,"Multi-modal 3-way intersections per sq mi"
"Gem Lake","CITY","Ramsey","D3BMM4",1.7298141448391,"Multi-modal 4+ way intersections per sq mi"
"Gem Lake","CITY","Ramsey","D3BPO3",10.272968418547,"Pedestrian-oriented 3-way intersections per sq mi"
"Gem Lake","CITY","Ramsey","D3BPO4",1.78208153122582,"Pedestrian-oriented 4+ way intersections per sq mi"
"Golden Valley","CITY","Hennepin","D3A",18.9742114793577,"Total road network density (intersections/sq mi)"
"Golden Valley","CITY","Hennepin","D3AAO",3.76211749646396,"Auto-oriented intersection density"
"Golden Valley","CITY","Hennepin","D3AMM",1.59523253846818,"Multi-modal link density"
"Golden Valley","CITY","Hennepin","D3APO",13.6168614444256,"Pedestrian-oriented link density"
"Golden Valley","CITY","Hennepin","D3B",62.2517501476315,"Street intersection density (weighted, auto-oriented eliminated)"
"Golden Valley","CITY","Hennepin","D3BAO",6.82570913968317,"Auto-oriented intersections per sq mi"
"Golden Valley","CITY","Hennepin","D3BMM3",8.36617709525827,"Multi-modal 3-way intersections per sq mi"
"Golden Valley","CITY","Hennepin","D3BMM4",2.92286149401818,"Multi-modal 4+ way intersections per sq mi"
"Golden Valley","CITY","Hennepin","D3BPO3",58.5038953095736,"Pedestrian-oriented 3-way intersections per sq mi"
"Golden Valley","CITY","Hennepin","D3BPO4",14.7265503595905,"Pedestrian-oriented 4+ way intersections per sq mi"
"Grant","CITY","Washington","D3A",4.77742522403246,"Total road network density (intersections/sq mi)"
"Grant","CITY","Washington","D3AAO",0.524317163227902,"Auto-oriented intersection density"
"Grant","CITY","Washington","D3AMM",0.605519373299017,"Multi-modal link density"
"Grant","CITY","Washington","D3APO",3.64758868750554,"Pedestrian-oriented link density"
"Grant","CITY","Washington","D3B",9.01686125128077,"Street intersection density (weighted, auto-oriented eliminated)"
"Grant","CITY","Washington","D3BAO",1.97585578625247,"Auto-oriented intersections per sq mi"
"Grant","CITY","Washington","D3BMM3",2.89135457125167,"Multi-modal 3-way intersections per sq mi"
"Grant","CITY","Washington","D3BMM4",0.386012843820435,"Multi-modal 4+ way intersections per sq mi"
"Grant","CITY","Washington","D3BPO3",9.37263304884123,"Pedestrian-oriented 3-way intersections per sq mi"
"Grant","CITY","Washington","D3BPO4",0.450768664858379,"Pedestrian-oriented 4+ way intersections per sq mi"
"Greenfield","CITY","Hennepin","D3A",3.85433662765059,"Total road network density (intersections/sq mi)"
"Greenfield","CITY","Hennepin","D3AAO",0.704258902200765,"Auto-oriented intersection density"
"Greenfield","CITY","Hennepin","D3AMM",0.481404993457437,"Multi-modal link density"
"Greenfield","CITY","Hennepin","D3APO",2.66867273199239,"Pedestrian-oriented link density"
"Greenfield","CITY","Hennepin","D3B",4.43394740719974,"Street intersection density (weighted, auto-oriented eliminated)"
"Greenfield","CITY","Hennepin","D3BAO",1.98676522687279,"Auto-oriented intersections per sq mi"
"Greenfield","CITY","Hennepin","D3BMM3",1.46223119490015,"Multi-modal 3-way intersections per sq mi"
"Greenfield","CITY","Hennepin","D3BMM4",0.242117572596578,"Multi-modal 4+ way intersections per sq mi"
"Greenfield","CITY","Hennepin","D3BPO3",3.94363665556315,"Pedestrian-oriented 3-way intersections per sq mi"
"Greenfield","CITY","Hennepin","D3BPO4",0.586115978344146,"Pedestrian-oriented 4+ way intersections per sq mi"
"Greenvale","TOWNSHIP","Dakota","D3A",2.01076220810701,"Total road network density (intersections/sq mi)"
"Greenvale","TOWNSHIP","Dakota","D3AAO",0.391200874757339,"Auto-oriented intersection density"
"Greenvale","TOWNSHIP","Dakota","D3AMM",0.0854173704227624,"Multi-modal link density"
"Greenvale","TOWNSHIP","Dakota","D3APO",1.53414396292691,"Pedestrian-oriented link density"
"Greenvale","TOWNSHIP","Dakota","D3B",1.72679714767334,"Street intersection density (weighted, auto-oriented eliminated)"
"Greenvale","TOWNSHIP","Dakota","D3BAO",0.501850994665947,"Auto-oriented intersections per sq mi"
"Greenvale","TOWNSHIP","Dakota","D3BMM3",0.346736096135936,"Multi-modal 3-way intersections per sq mi"
"Greenvale","TOWNSHIP","Dakota","D3BMM4",0.069390930247481,"Multi-modal 4+ way intersections per sq mi"
"Greenvale","TOWNSHIP","Dakota","D3BPO3",1.64501089426883,"Pedestrian-oriented 3-way intersections per sq mi"
"Greenvale","TOWNSHIP","Dakota","D3BPO4",0.328910974825876,"Pedestrian-oriented 4+ way intersections per sq mi"
"Greenwood","CITY","Hennepin","D3A",21.517580801729,"Total road network density (intersections/sq mi)"
"Greenwood","CITY","Hennepin","D3AAO",4.0441912696749,"Auto-oriented intersection density"
"Greenwood","CITY","Hennepin","D3AMM",1.24781576897515,"Multi-modal link density"
"Greenwood","CITY","Hennepin","D3APO",16.2255737630789,"Pedestrian-oriented link density"
"Greenwood","CITY","Hennepin","D3B",64.1630396657056,"Street intersection density (weighted, auto-oriented eliminated)"
"Greenwood","CITY","Hennepin","D3BAO",11.3706186953619,"Auto-oriented intersections per sq mi"
"Greenwood","CITY","Hennepin","D3BMM3",7.65842755775543,"Multi-modal 3-way intersections per sq mi"
"Greenwood","CITY","Hennepin","D3BMM4",3.78895094315561,"Multi-modal 4+ way intersections per sq mi"
"Greenwood","CITY","Hennepin","D3BPO3",68.6278634905126,"Pedestrian-oriented 3-way intersections per sq mi"
"Greenwood","CITY","Hennepin","D3BPO4",9.49113259335516,"Pedestrian-oriented 4+ way intersections per sq mi"
"Grey Cloud Island","TOWNSHIP","Washington","D3A",3.43931544246661,"Total road network density (intersections/sq mi)"
"Grey Cloud Island","TOWNSHIP","Washington","D3AAO",0.29883968559743,"Auto-oriented intersection density"
"Grey Cloud Island","TOWNSHIP","Washington","D3AMM",0.60602310044228,"Multi-modal link density"
"Grey Cloud Island","TOWNSHIP","Washington","D3APO",2.5344526564269,"Pedestrian-oriented link density"
"Grey Cloud Island","TOWNSHIP","Washington","D3B",5.27434170333254,"Street intersection density (weighted, auto-oriented eliminated)"
"Grey Cloud Island","TOWNSHIP","Washington","D3BAO",0.594832241158119,"Auto-oriented intersections per sq mi"
"Grey Cloud Island","TOWNSHIP","Washington","D3BMM3",1.25149478998592,"Multi-modal 3-way intersections per sq mi"
"Grey Cloud Island","TOWNSHIP","Washington","D3BMM4",0.178777962057348,"Multi-modal 4+ way intersections per sq mi"
"Grey Cloud Island","TOWNSHIP","Washington","D3BPO3",6.13855400130103,"Pedestrian-oriented 3-way intersections per sq mi"
"Grey Cloud Island","TOWNSHIP","Washington","D3BPO4",0.166401197486796,"Pedestrian-oriented 4+ way intersections per sq mi"
"Ham Lake","CITY","Anoka","D3A",6.04364108666844,"Total road network density (intersections/sq mi)"
"Ham Lake","CITY","Anoka","D3AAO",1.15486375802702,"Auto-oriented intersection density"
"Ham Lake","CITY","Anoka","D3AMM",0.62502587519974,"Multi-modal link density"
"Ham Lake","CITY","Anoka","D3APO",4.26375145344168,"Pedestrian-oriented link density"
"Ham Lake","CITY","Anoka","D3B",11.4207512842752,"Street intersection density (weighted, auto-oriented eliminated)"
"Ham Lake","CITY","Anoka","D3BAO",4.12622778954845,"Auto-oriented intersections per sq mi"
"Ham Lake","CITY","Anoka","D3BMM3",3.10247004877866,"Multi-modal 3-way intersections per sq mi"
"Ham Lake","CITY","Anoka","D3BMM4",0.525133866904241,"Multi-modal 4+ way intersections per sq mi"
"Ham Lake","CITY","Anoka","D3BPO3",12.0307263590709,"Pedestrian-oriented 3-way intersections per sq mi"
"Ham Lake","CITY","Anoka","D3BPO4",0.801775413335334,"Pedestrian-oriented 4+ way intersections per sq mi"
"Hamburg","CITY","Carver","D3A",2.71721040745781,"Total road network density (intersections/sq mi)"
"Hamburg","CITY","Carver","D3AAO",1.09906783244961,"Auto-oriented intersection density"
"Hamburg","CITY","Carver","D3AMM",0.18373658789692,"Multi-modal link density"
"Hamburg","CITY","Carver","D3APO",1.43440598711128,"Pedestrian-oriented link density"
"Hamburg","CITY","Carver","D3B",2.49674073242757,"Street intersection density (weighted, auto-oriented eliminated)"
"Hamburg","CITY","Carver","D3BAO",2.06213735381379,"Auto-oriented intersections per sq mi"
"Hamburg","CITY","Carver","D3BMM3",0.126900760234695,"Multi-modal 3-way intersections per sq mi"
"Hamburg","CITY","Carver","D3BMM4",0.0951755701760213,"Multi-modal 4+ way intersections per sq mi"
"Hamburg","CITY","Carver","D3BPO3",2.95044267545666,"Pedestrian-oriented 3-way intersections per sq mi"
"Hamburg","CITY","Carver","D3BPO4",0.348977090645411,"Pedestrian-oriented 4+ way intersections per sq mi"
"Hampton","CITY","Dakota","D3A",2.72352617983497,"Total road network density (intersections/sq mi)"
"Hampton","CITY","Dakota","D3AAO",1.00977755382602,"Auto-oriented intersection density"
"Hampton","CITY","Dakota","D3AMM",0.158972277489072,"Multi-modal link density"
"Hampton","CITY","Dakota","D3APO",1.55477634851988,"Pedestrian-oriented link density"
"Hampton","CITY","Dakota","D3B",2.57993817105594,"Street intersection density (weighted, auto-oriented eliminated)"
"Hampton","CITY","Dakota","D3BAO",1.32201161289964,"Auto-oriented intersections per sq mi"
"Hampton","CITY","Dakota","D3BMM3",0.30341250132123,"Multi-modal 3-way intersections per sq mi"
"Hampton","CITY","Dakota","D3BMM4",0.021672321522945,"Multi-modal 4+ way intersections per sq mi"
"Hampton","CITY","Dakota","D3BPO3",2.49231697513867,"Pedestrian-oriented 3-way intersections per sq mi"
"Hampton","CITY","Dakota","D3BPO4",0.693514288734239,"Pedestrian-oriented 4+ way intersections per sq mi"
"Hampton","TOWNSHIP","Dakota","D3A",2.72258866152627,"Total road network density (intersections/sq mi)"
"Hampton","TOWNSHIP","Dakota","D3AAO",1.0086544267115,"Auto-oriented intersection density"
"Hampton","TOWNSHIP","Dakota","D3AMM",0.15900400897307,"Multi-modal link density"
"Hampton","TOWNSHIP","Dakota","D3APO",1.5549302258417,"Pedestrian-oriented link density"
"Hampton","TOWNSHIP","Dakota","D3B",2.57850727500566,"Street intersection density (weighted, auto-oriented eliminated)"
"Hampton","TOWNSHIP","Dakota","D3BAO",1.32076061377655,"Auto-oriented intersections per sq mi"
"Hampton","TOWNSHIP","Dakota","D3BMM3",0.303500874253478,"Multi-modal 3-way intersections per sq mi"
"Hampton","TOWNSHIP","Dakota","D3BMM4",0.0217865570053676,"Multi-modal 4+ way intersections per sq mi"
"Hampton","TOWNSHIP","Dakota","D3BPO3",2.49080306857313,"Pedestrian-oriented 3-way intersections per sq mi"
"Hampton","TOWNSHIP","Dakota","D3BPO4",0.692919988134939,"Pedestrian-oriented 4+ way intersections per sq mi"
"Hancock","TOWNSHIP","Carver","D3A",2.34673382550505,"Total road network density (intersections/sq mi)"
"Hancock","TOWNSHIP","Carver","D3AAO",0.864745706903547,"Auto-oriented intersection density"
"Hancock","TOWNSHIP","Carver","D3AMM",0.0255740358265403,"Multi-modal link density"
"Hancock","TOWNSHIP","Carver","D3APO",1.45641408277496,"Pedestrian-oriented link density"
"Hancock","TOWNSHIP","Carver","D3B",1.4052478315797,"Street intersection density (weighted, auto-oriented eliminated)"
"Hancock","TOWNSHIP","Carver","D3BAO",1.74979447979441,"Auto-oriented intersections per sq mi"
"Hancock","TOWNSHIP","Carver","D3BMM3",0.0270131505995669,"Multi-modal 3-way intersections per sq mi"
"Hancock","TOWNSHIP","Carver","D3BMM4",0.000503120033775044,"Multi-modal 4+ way intersections per sq mi"
"Hancock","TOWNSHIP","Carver","D3BPO3",1.93717431944841,"Pedestrian-oriented 3-way intersections per sq mi"
"Hancock","TOWNSHIP","Carver","D3BPO4",0.0946316690239275,"Pedestrian-oriented 4+ way intersections per sq mi"
"Hanover","CITY","Hennepin","D3A",3.48549319585369,"Total road network density (intersections/sq mi)"
"Hanover","CITY","Hennepin","D3AAO",0.242329177469408,"Auto-oriented intersection density"
"Hanover","CITY","Hennepin","D3AMM",1.0241197562316,"Multi-modal link density"
"Hanover","CITY","Hennepin","D3APO",2.21904426215268,"Pedestrian-oriented link density"
"Hanover","CITY","Hennepin","D3B",3.97416665826162,"Street intersection density (weighted, auto-oriented eliminated)"
"Hanover","CITY","Hennepin","D3BAO",1.1235549496526,"Auto-oriented intersections per sq mi"
"Hanover","CITY","Hennepin","D3BMM3",1.86067071805602,"Multi-modal 3-way intersections per sq mi"
"Hanover","CITY","Hennepin","D3BMM4",0.446513717239651,"Multi-modal 4+ way intersections per sq mi"
"Hanover","CITY","Hennepin","D3BPO3",3.16371532056525,"Pedestrian-oriented 3-way intersections per sq mi"
"Hanover","CITY","Hennepin","D3BPO4",0.176387453261574,"Pedestrian-oriented 4+ way intersections per sq mi"
"Hastings","CITY","Dakota","D3A",10.1693931842518,"Total road network density (intersections/sq mi)"
"Hastings","CITY","Dakota","D3AAO",0.551204001701369,"Auto-oriented intersection density"
"Hastings","CITY","Dakota","D3AMM",1.06841186697167,"Multi-modal link density"
"Hastings","CITY","Dakota","D3APO",8.54977731557873,"Pedestrian-oriented link density"
"Hastings","CITY","Dakota","D3B",47.2549981162339,"Street intersection density (weighted, auto-oriented eliminated)"
"Hastings","CITY","Dakota","D3BAO",0.924191218829706,"Auto-oriented intersections per sq mi"
"Hastings","CITY","Dakota","D3BMM3",3.50485180259015,"Multi-modal 3-way intersections per sq mi"
"Hastings","CITY","Dakota","D3BMM4",3.08593146572272,"Multi-modal 4+ way intersections per sq mi"
"Hastings","CITY","Dakota","D3BPO3",33.9585221118885,"Pedestrian-oriented 3-way intersections per sq mi"
"Hastings","CITY","Dakota","D3BPO4",19.1809962495539,"Pedestrian-oriented 4+ way intersections per sq mi"
"Hastings","CITY","Washington","D3A",3.65939849725054,"Total road network density (intersections/sq mi)"
"Hastings","CITY","Washington","D3AAO",0.90780888438654,"Auto-oriented intersection density"
"Hastings","CITY","Washington","D3AMM",0.292049467669856,"Multi-modal link density"
"Hastings","CITY","Washington","D3APO",2.45954014519415,"Pedestrian-oriented link density"
"Hastings","CITY","Washington","D3B",5.68970475637953,"Street intersection density (weighted, auto-oriented eliminated)"
"Hastings","CITY","Washington","D3BAO",2.32158909184498,"Auto-oriented intersections per sq mi"
"Hastings","CITY","Washington","D3BMM3",0.892197403037401,"Multi-modal 3-way intersections per sq mi"
"Hastings","CITY","Washington","D3BMM4",0.293017223319174,"Multi-modal 4+ way intersections per sq mi"
"Hastings","CITY","Washington","D3BPO3",5.33827647268823,"Pedestrian-oriented 3-way intersections per sq mi"
"Hastings","CITY","Washington","D3BPO4",1.24096145795136,"Pedestrian-oriented 4+ way intersections per sq mi"
"Helena","TOWNSHIP","Scott","D3A",2.67931807641217,"Total road network density (intersections/sq mi)"
"Helena","TOWNSHIP","Scott","D3AAO",1.194364055848,"Auto-oriented intersection density"
"Helena","TOWNSHIP","Scott","D3AMM",0.0962892813504912,"Multi-modal link density"
"Helena","TOWNSHIP","Scott","D3APO",1.38866473921368,"Pedestrian-oriented link density"
"Helena","TOWNSHIP","Scott","D3B",3.06411774094756,"Street intersection density (weighted, auto-oriented eliminated)"
"Helena","TOWNSHIP","Scott","D3BAO",1.70013967347561,"Auto-oriented intersections per sq mi"
"Helena","TOWNSHIP","Scott","D3BMM3",0.374067209090202,"Multi-modal 3-way intersections per sq mi"
"Helena","TOWNSHIP","Scott","D3BMM4",0.10575682321177,"Multi-modal 4+ way intersections per sq mi"
"Helena","TOWNSHIP","Scott","D3BPO3",3.15926700388144,"Pedestrian-oriented 3-way intersections per sq mi"
"Helena","TOWNSHIP","Scott","D3BPO4",0.601626997683706,"Pedestrian-oriented 4+ way intersections per sq mi"
"Hilltop","CITY","Anoka","D3A",26.9805168171307,"Total road network density (intersections/sq mi)"
"Hilltop","CITY","Anoka","D3AAO",0,"Auto-oriented intersection density"
"Hilltop","CITY","Anoka","D3AMM",0.161502969170863,"Multi-modal link density"
"Hilltop","CITY","Anoka","D3APO",26.8190138479598,"Pedestrian-oriented link density"
"Hilltop","CITY","Anoka","D3B",211.820703073941,"Street intersection density (weighted, auto-oriented eliminated)"
"Hilltop","CITY","Anoka","D3BAO",0,"Auto-oriented intersections per sq mi"
"Hilltop","CITY","Anoka","D3BMM3",0.370883451229691,"Multi-modal 3-way intersections per sq mi"
"Hilltop","CITY","Anoka","D3BMM4",0.49512325284568,"Multi-modal 4+ way intersections per sq mi"
"Hilltop","CITY","Anoka","D3BPO3",232.039064709988,"Pedestrian-oriented 3-way intersections per sq mi"
"Hilltop","CITY","Anoka","D3BPO4",56.308144397563,"Pedestrian-oriented 4+ way intersections per sq mi"
"Hollywood","TOWNSHIP","Carver","D3A",2.64643085156619,"Total road network density (intersections/sq mi)"
"Hollywood","TOWNSHIP","Carver","D3AAO",0.838205675443109,"Auto-oriented intersection density"
"Hollywood","TOWNSHIP","Carver","D3AMM",0.0393803649286812,"Multi-modal link density"
"Hollywood","TOWNSHIP","Carver","D3APO",1.7688448111944,"Pedestrian-oriented link density"
"Hollywood","TOWNSHIP","Carver","D3B",1.73582894460688,"Street intersection density (weighted, auto-oriented eliminated)"
"Hollywood","TOWNSHIP","Carver","D3BAO",1.75309975840571,"Auto-oriented intersections per sq mi"
"Hollywood","TOWNSHIP","Carver","D3BMM3",0.0319824714459874,"Multi-modal 3-way intersections per sq mi"
"Hollywood","TOWNSHIP","Carver","D3BMM4",0.000833209765923087,"Multi-modal 4+ way intersections per sq mi"
"Hollywood","TOWNSHIP","Carver","D3BPO3",2.05478174947812,"Pedestrian-oriented 3-way intersections per sq mi"
"Hollywood","TOWNSHIP","Carver","D3BPO4",0.34312399948458,"Pedestrian-oriented 4+ way intersections per sq mi"
"Hopkins","CITY","Hennepin","D3A",18.9620837524563,"Total road network density (intersections/sq mi)"
"Hopkins","CITY","Hennepin","D3AAO",2.44231880459976,"Auto-oriented intersection density"
"Hopkins","CITY","Hennepin","D3AMM",2.22086988736523,"Multi-modal link density"
"Hopkins","CITY","Hennepin","D3APO",14.2988950604913,"Pedestrian-oriented link density"
"Hopkins","CITY","Hennepin","D3B",73.3338979972619,"Street intersection density (weighted, auto-oriented eliminated)"
"Hopkins","CITY","Hennepin","D3BAO",3.93559190706044,"Auto-oriented intersections per sq mi"
"Hopkins","CITY","Hennepin","D3BMM3",6.90538537725608,"Multi-modal 3-way intersections per sq mi"
"Hopkins","CITY","Hennepin","D3BMM4",4.65823867890841,"Multi-modal 4+ way intersections per sq mi"
"Hopkins","CITY","Hennepin","D3BPO3",55.5729278266682,"Pedestrian-oriented 3-way intersections per sq mi"
"Hopkins","CITY","Hennepin","D3BPO4",27.002624411336,"Pedestrian-oriented 4+ way intersections per sq mi"
"Hugo","CITY","Washington","D3A",4.75955768354597,"Total road network density (intersections/sq mi)"
"Hugo","CITY","Washington","D3AAO",0.663056507006049,"Auto-oriented intersection density"
"Hugo","CITY","Washington","D3AMM",0.64387240870137,"Multi-modal link density"
"Hugo","CITY","Washington","D3APO",3.45262876783855,"Pedestrian-oriented link density"
"Hugo","CITY","Washington","D3B",10.6437205677543,"Street intersection density (weighted, auto-oriented eliminated)"
"Hugo","CITY","Washington","D3BAO",2.57035827839176,"Auto-oriented intersections per sq mi"
"Hugo","CITY","Washington","D3BMM3",2.28057657789797,"Multi-modal 3-way intersections per sq mi"
"Hugo","CITY","Washington","D3BMM4",0.44909986323839,"Multi-modal 4+ way intersections per sq mi"
"Hugo","CITY","Washington","D3BPO3",11.1368772603688,"Pedestrian-oriented 3-way intersections per sq mi"
"Hugo","CITY","Washington","D3BPO4",1.24517899439201,"Pedestrian-oriented 4+ way intersections per sq mi"
"Independence","CITY","Hennepin","D3A",3.53659298663588,"Total road network density (intersections/sq mi)"
"Independence","CITY","Hennepin","D3AAO",0.56785976526782,"Auto-oriented intersection density"
"Independence","CITY","Hennepin","D3AMM",1.55272067838435,"Multi-modal link density"
"Independence","CITY","Hennepin","D3APO",1.41601254298371,"Pedestrian-oriented link density"
"Independence","CITY","Hennepin","D3B",4.11269427598322,"Street intersection density (weighted, auto-oriented eliminated)"
"Independence","CITY","Hennepin","D3BAO",1.2519033272956,"Auto-oriented intersections per sq mi"
"Independence","CITY","Hennepin","D3BMM3",2.21157549489367,"Multi-modal 3-way intersections per sq mi"
"Independence","CITY","Hennepin","D3BMM4",0.620358817086104,"Multi-modal 4+ way intersections per sq mi"
"Independence","CITY","Hennepin","D3BPO3",2.65497488939985,"Pedestrian-oriented 3-way intersections per sq mi"
"Independence","CITY","Hennepin","D3BPO4",0.246346352573343,"Pedestrian-oriented 4+ way intersections per sq mi"
"Inver Grove Heights","CITY","Dakota","D3A",10.2535239962531,"Total road network density (intersections/sq mi)"
"Inver Grove Heights","CITY","Dakota","D3AAO",1.96672576086695,"Auto-oriented intersection density"
"Inver Grove Heights","CITY","Dakota","D3AMM",1.85809544913476,"Multi-modal link density"
"Inver Grove Heights","CITY","Dakota","D3APO",6.42870278625136,"Pedestrian-oriented link density"
"Inver Grove Heights","CITY","Dakota","D3B",29.6131456971796,"Street intersection density (weighted, auto-oriented eliminated)"
"Inver Grove Heights","CITY","Dakota","D3BAO",3.08040064390704,"Auto-oriented intersections per sq mi"
"Inver Grove Heights","CITY","Dakota","D3BMM3",7.78945878731456,"Multi-modal 3-way intersections per sq mi"
"Inver Grove Heights","CITY","Dakota","D3BMM4",2.69740945037646,"Multi-modal 4+ way intersections per sq mi"
"Inver Grove Heights","CITY","Dakota","D3BPO3",27.4133945855415,"Pedestrian-oriented 3-way intersections per sq mi"
"Inver Grove Heights","CITY","Dakota","D3BPO4",3.43543304710815,"Pedestrian-oriented 4+ way intersections per sq mi"
"Jackson","TOWNSHIP","Scott","D3A",4.15524326674405,"Total road network density (intersections/sq mi)"
"Jackson","TOWNSHIP","Scott","D3AAO",1.74553700381403,"Auto-oriented intersection density"
"Jackson","TOWNSHIP","Scott","D3AMM",0.18577374866155,"Multi-modal link density"
"Jackson","TOWNSHIP","Scott","D3APO",2.22393251426847,"Pedestrian-oriented link density"
"Jackson","TOWNSHIP","Scott","D3B",5.65278730385613,"Street intersection density (weighted, auto-oriented eliminated)"
"Jackson","TOWNSHIP","Scott","D3BAO",2.92908586256578,"Auto-oriented intersections per sq mi"
"Jackson","TOWNSHIP","Scott","D3BMM3",0.280208070825668,"Multi-modal 3-way intersections per sq mi"
"Jackson","TOWNSHIP","Scott","D3BMM4",0.0027991481806414,"Multi-modal 4+ way intersections per sq mi"
"Jackson","TOWNSHIP","Scott","D3BPO3",5.96926800608846,"Pedestrian-oriented 3-way intersections per sq mi"
"Jackson","TOWNSHIP","Scott","D3BPO4",1.48158761237377,"Pedestrian-oriented 4+ way intersections per sq mi"
"Jordan","CITY","Scott","D3A",11.824365486509,"Total road network density (intersections/sq mi)"
"Jordan","CITY","Scott","D3AAO",1.09922912468583,"Auto-oriented intersection density"
"Jordan","CITY","Scott","D3AMM",0.717284372336993,"Multi-modal link density"
"Jordan","CITY","Scott","D3APO",10.0078519894862,"Pedestrian-oriented link density"
"Jordan","CITY","Scott","D3B",49.2169872885828,"Street intersection density (weighted, auto-oriented eliminated)"
"Jordan","CITY","Scott","D3BAO",2.325565484174,"Auto-oriented intersections per sq mi"
"Jordan","CITY","Scott","D3BMM3",3.2035968741687,"Multi-modal 3-way intersections per sq mi"
"Jordan","CITY","Scott","D3BMM4",1.06708031234042,"Multi-modal 4+ way intersections per sq mi"
"Jordan","CITY","Scott","D3BPO3",49.3533423504115,"Pedestrian-oriented 3-way intersections per sq mi"
"Jordan","CITY","Scott","D3BPO4",13.0944285134474,"Pedestrian-oriented 4+ way intersections per sq mi"
"Lake Elmo","CITY","Washington","D3A",7.75485037629697,"Total road network density (intersections/sq mi)"
"Lake Elmo","CITY","Washington","D3AAO",1.43265290224977,"Auto-oriented intersection density"
"Lake Elmo","CITY","Washington","D3AMM",0.788394085730812,"Multi-modal link density"
"Lake Elmo","CITY","Washington","D3APO",5.53380338831639,"Pedestrian-oriented link density"
"Lake Elmo","CITY","Washington","D3B",18.0416598881579,"Street intersection density (weighted, auto-oriented eliminated)"
"Lake Elmo","CITY","Washington","D3BAO",3.31018379467783,"Auto-oriented intersections per sq mi"
"Lake Elmo","CITY","Washington","D3BMM3",3.00322273604902,"Multi-modal 3-way intersections per sq mi"
"Lake Elmo","CITY","Washington","D3BMM4",0.455594046536642,"Multi-modal 4+ way intersections per sq mi"
"Lake Elmo","CITY","Washington","D3BPO3",17.3540090676219,"Pedestrian-oriented 3-way intersections per sq mi"
"Lake Elmo","CITY","Washington","D3BPO4",4.00779222857276,"Pedestrian-oriented 4+ way intersections per sq mi"
"Lake Saint Croix Beach","CITY","Washington","D3A",18.2434905393582,"Total road network density (intersections/sq mi)"
"Lake Saint Croix Beach","CITY","Washington","D3AAO",0.0135860271211201,"Auto-oriented intersection density"
"Lake Saint Croix Beach","CITY","Washington","D3AMM",2.06194851999282,"Multi-modal link density"
"Lake Saint Croix Beach","CITY","Washington","D3APO",16.1679559922442,"Pedestrian-oriented link density"
"Lake Saint Croix Beach","CITY","Washington","D3B",91.1998509379588,"Street intersection density (weighted, auto-oriented eliminated)"
"Lake Saint Croix Beach","CITY","Washington","D3BAO",0.00966330903654115,"Auto-oriented intersections per sq mi"
"Lake Saint Croix Beach","CITY","Washington","D3BMM3",9.72702347023201,"Multi-modal 3-way intersections per sq mi"
"Lake Saint Croix Beach","CITY","Washington","D3BMM4",3.15815141547728,"Multi-modal 4+ way intersections per sq mi"
"Lake Saint Croix Beach","CITY","Washington","D3BPO3",50.195743298233,"Pedestrian-oriented 3-way intersections per sq mi"
"Lake Saint Croix Beach","CITY","Washington","D3BPO4",48.0732140879154,"Pedestrian-oriented 4+ way intersections per sq mi"
"Lakeland","CITY","Washington","D3A",15.2265256078575,"Total road network density (intersections/sq mi)"
"Lakeland","CITY","Washington","D3AAO",1.97455879765196,"Auto-oriented intersection density"
"Lakeland","CITY","Washington","D3AMM",1.74323944611873,"Multi-modal link density"
"Lakeland","CITY","Washington","D3APO",11.5087273640868,"Pedestrian-oriented link density"
"Lakeland","CITY","Washington","D3B",59.850806248116,"Street intersection density (weighted, auto-oriented eliminated)"
"Lakeland","CITY","Washington","D3BAO",2.04099328932089,"Auto-oriented intersections per sq mi"
"Lakeland","CITY","Washington","D3BMM3",12.1978169696714,"Multi-modal 3-way intersections per sq mi"
"Lakeland","CITY","Washington","D3BMM4",2.46722637117806,"Multi-modal 4+ way intersections per sq mi"
"Lakeland","CITY","Washington","D3BPO3",35.741879709139,"Pedestrian-oriented 3-way intersections per sq mi"
"Lakeland","CITY","Washington","D3BPO4",25.4078021921713,"Pedestrian-oriented 4+ way intersections per sq mi"
"Lakeland Shores","CITY","Washington","D3A",16.099898546798,"Total road network density (intersections/sq mi)"
"Lakeland Shores","CITY","Washington","D3AAO",3.79348998721753,"Auto-oriented intersection density"
"Lakeland Shores","CITY","Washington","D3AMM",1.08691200541588,"Multi-modal link density"
"Lakeland Shores","CITY","Washington","D3APO",11.2194965541646,"Pedestrian-oriented link density"
"Lakeland Shores","CITY","Washington","D3B",58.472601089233,"Street intersection density (weighted, auto-oriented eliminated)"
"Lakeland Shores","CITY","Washington","D3BAO",4.34095034070029,"Auto-oriented intersections per sq mi"
"Lakeland Shores","CITY","Washington","D3BMM3",12.1546609539608,"Multi-modal 3-way intersections per sq mi"
"Lakeland Shores","CITY","Washington","D3BMM4",1.73638013628012,"Multi-modal 4+ way intersections per sq mi"
"Lakeland Shores","CITY","Washington","D3BPO3",31.2548424530421,"Pedestrian-oriented 3-way intersections per sq mi"
"Lakeland Shores","CITY","Washington","D3BPO4",27.7820821804819,"Pedestrian-oriented 4+ way intersections per sq mi"
"Laketown","TOWNSHIP","Carver","D3A",4.12385245790918,"Total road network density (intersections/sq mi)"
"Laketown","TOWNSHIP","Carver","D3AAO",0.585970712989031,"Auto-oriented intersection density"
"Laketown","TOWNSHIP","Carver","D3AMM",0.484482275214543,"Multi-modal link density"
"Laketown","TOWNSHIP","Carver","D3APO",3.0533994697056,"Pedestrian-oriented link density"
"Laketown","TOWNSHIP","Carver","D3B",8.95038732402541,"Street intersection density (weighted, auto-oriented eliminated)"
"Laketown","TOWNSHIP","Carver","D3BAO",1.27109846070894,"Auto-oriented intersections per sq mi"
"Laketown","TOWNSHIP","Carver","D3BMM3",1.60174169351566,"Multi-modal 3-way intersections per sq mi"
"Laketown","TOWNSHIP","Carver","D3BMM4",0.361142041594226,"Multi-modal 4+ way intersections per sq mi"
"Laketown","TOWNSHIP","Carver","D3BPO3",9.24549989928108,"Pedestrian-oriented 3-way intersections per sq mi"
"Laketown","TOWNSHIP","Carver","D3BPO4",1.35413514003576,"Pedestrian-oriented 4+ way intersections per sq mi"
"Lakeville","CITY","Dakota","D3A",11.7127658515949,"Total road network density (intersections/sq mi)"
"Lakeville","CITY","Dakota","D3AAO",2.12056303318673,"Auto-oriented intersection density"
"Lakeville","CITY","Dakota","D3AMM",1.39694952644323,"Multi-modal link density"
"Lakeville","CITY","Dakota","D3APO",8.19525329196492,"Pedestrian-oriented link density"
"Lakeville","CITY","Dakota","D3B",39.8649158805292,"Street intersection density (weighted, auto-oriented eliminated)"
"Lakeville","CITY","Dakota","D3BAO",4.26873393699187,"Auto-oriented intersections per sq mi"
"Lakeville","CITY","Dakota","D3BMM3",4.84781343268159,"Multi-modal 3-way intersections per sq mi"
"Lakeville","CITY","Dakota","D3BMM4",2.64098145278731,"Multi-modal 4+ way intersections per sq mi"
"Lakeville","CITY","Dakota","D3BPO3",38.6414859088343,"Pedestrian-oriented 3-way intersections per sq mi"
"Lakeville","CITY","Dakota","D3BPO4",8.21657176695075,"Pedestrian-oriented 4+ way intersections per sq mi"
"Landfall","CITY","Washington","D3A",24.4251997461042,"Total road network density (intersections/sq mi)"
"Landfall","CITY","Washington","D3AAO",1.58519271067766,"Auto-oriented intersection density"
"Landfall","CITY","Washington","D3AMM",2.64184712137647,"Multi-modal link density"
"Landfall","CITY","Washington","D3APO",20.19815991405,"Pedestrian-oriented link density"
"Landfall","CITY","Washington","D3B",119.699601736066,"Street intersection density (weighted, auto-oriented eliminated)"
"Landfall","CITY","Washington","D3BAO",0,"Auto-oriented intersections per sq mi"
"Landfall","CITY","Washington","D3BMM3",11.8526192431,"Multi-modal 3-way intersections per sq mi"
"Landfall","CITY","Washington","D3BMM4",3.3864626408857,"Multi-modal 4+ way intersections per sq mi"
"Landfall","CITY","Washington","D3BPO3",121.912655071885,"Pedestrian-oriented 3-way intersections per sq mi"
"Landfall","CITY","Washington","D3BPO4",27.0917011270856,"Pedestrian-oriented 4+ way intersections per sq mi"
"Lauderdale","CITY","Ramsey","D3A",24.3680957349814,"Total road network density (intersections/sq mi)"
"Lauderdale","CITY","Ramsey","D3AAO",6.21563946857344,"Auto-oriented intersection density"
"Lauderdale","CITY","Ramsey","D3AMM",2.02939266739128,"Multi-modal link density"
"Lauderdale","CITY","Ramsey","D3APO",16.1230635990167,"Pedestrian-oriented link density"
"Lauderdale","CITY","Ramsey","D3B",95.7011648058075,"Street intersection density (weighted, auto-oriented eliminated)"
"Lauderdale","CITY","Ramsey","D3BAO",9.44000374155248,"Auto-oriented intersections per sq mi"
"Lauderdale","CITY","Ramsey","D3BMM3",2.41558953134,"Multi-modal 3-way intersections per sq mi"
"Lauderdale","CITY","Ramsey","D3BMM4",9.50835458059632,"Multi-modal 4+ way intersections per sq mi"
"Lauderdale","CITY","Ramsey","D3BPO3",59.3850144263703,"Pedestrian-oriented 3-way intersections per sq mi"
"Lauderdale","CITY","Ramsey","D3BPO4",44.9718073854184,"Pedestrian-oriented 4+ way intersections per sq mi"
"Lexington","CITY","Anoka","D3A",15.7174574362578,"Total road network density (intersections/sq mi)"
"Lexington","CITY","Anoka","D3AAO",0.586486054819407,"Auto-oriented intersection density"
"Lexington","CITY","Anoka","D3AMM",3.02827853640564,"Multi-modal link density"
"Lexington","CITY","Anoka","D3APO",12.1026928450327,"Pedestrian-oriented link density"
"Lexington","CITY","Anoka","D3B",60.7003403445038,"Street intersection density (weighted, auto-oriented eliminated)"
"Lexington","CITY","Anoka","D3BAO",2.07919904316167,"Auto-oriented intersections per sq mi"
"Lexington","CITY","Anoka","D3BMM3",23.2384325730867,"Multi-modal 3-way intersections per sq mi"
"Lexington","CITY","Anoka","D3BMM4",6.92436109426455,"Multi-modal 4+ way intersections per sq mi"
"Lexington","CITY","Anoka","D3BPO3",38.5196991516601,"Pedestrian-oriented 3-way intersections per sq mi"
"Lexington","CITY","Anoka","D3BPO4",12.5833053898331,"Pedestrian-oriented 4+ way intersections per sq mi"
"Lilydale","CITY","Dakota","D3A",11.3806839220701,"Total road network density (intersections/sq mi)"
"Lilydale","CITY","Dakota","D3AAO",1.28527018526671,"Auto-oriented intersection density"
"Lilydale","CITY","Dakota","D3AMM",1.9926124552424,"Multi-modal link density"
"Lilydale","CITY","Dakota","D3APO",8.10280128156097,"Pedestrian-oriented link density"
"Lilydale","CITY","Dakota","D3B",36.2177172845056,"Street intersection density (weighted, auto-oriented eliminated)"
"Lilydale","CITY","Dakota","D3BAO",1.99563771916936,"Auto-oriented intersections per sq mi"
"Lilydale","CITY","Dakota","D3BMM3",17.4599725937181,"Multi-modal 3-way intersections per sq mi"
"Lilydale","CITY","Dakota","D3BMM4",1.65769853065705,"Multi-modal 4+ way intersections per sq mi"
"Lilydale","CITY","Dakota","D3BPO3",25.0257824587827,"Pedestrian-oriented 3-way intersections per sq mi"
"Lilydale","CITY","Dakota","D3BPO4",6.22202013383043,"Pedestrian-oriented 4+ way intersections per sq mi"
"Lino Lakes","CITY","Anoka","D3A",6.79049072365366,"Total road network density (intersections/sq mi)"
"Lino Lakes","CITY","Anoka","D3AAO",1.41402437450752,"Auto-oriented intersection density"
"Lino Lakes","CITY","Anoka","D3AMM",1.17450154185924,"Multi-modal link density"
"Lino Lakes","CITY","Anoka","D3APO",4.2019648072869,"Pedestrian-oriented link density"
"Lino Lakes","CITY","Anoka","D3B",15.7793084121941,"Street intersection density (weighted, auto-oriented eliminated)"
"Lino Lakes","CITY","Anoka","D3BAO",1.74624300987528,"Auto-oriented intersections per sq mi"
"Lino Lakes","CITY","Anoka","D3BMM3",5.64615836024847,"Multi-modal 3-way intersections per sq mi"
"Lino Lakes","CITY","Anoka","D3BMM4",0.862290801374221,"Multi-modal 4+ way intersections per sq mi"
"Lino Lakes","CITY","Anoka","D3BPO3",14.091169180859,"Pedestrian-oriented 3-way intersections per sq mi"
"Lino Lakes","CITY","Anoka","D3BPO4",1.75222014090125,"Pedestrian-oriented 4+ way intersections per sq mi"
"Linwood","TOWNSHIP","Anoka","D3A",3.05770784072973,"Total road network density (intersections/sq mi)"
"Linwood","TOWNSHIP","Anoka","D3AAO",0.482482887499059,"Auto-oriented intersection density"
"Linwood","TOWNSHIP","Anoka","D3AMM",0.463952386695733,"Multi-modal link density"
"Linwood","TOWNSHIP","Anoka","D3APO",2.11127256653494,"Pedestrian-oriented link density"
"Linwood","TOWNSHIP","Anoka","D3B",4.80006667408657,"Street intersection density (weighted, auto-oriented eliminated)"
"Linwood","TOWNSHIP","Anoka","D3BAO",1.83928136932835,"Auto-oriented intersections per sq mi"
"Linwood","TOWNSHIP","Anoka","D3BMM3",1.37896304465754,"Multi-modal 3-way intersections per sq mi"
"Linwood","TOWNSHIP","Anoka","D3BMM4",0.118810637295635,"Multi-modal 4+ way intersections per sq mi"
"Linwood","TOWNSHIP","Anoka","D3BPO3",5.06698497345887,"Pedestrian-oriented 3-way intersections per sq mi"
"Linwood","TOWNSHIP","Anoka","D3BPO4",0.381808708707289,"Pedestrian-oriented 4+ way intersections per sq mi"
"Little Canada","CITY","Ramsey","D3A",17.6020347634194,"Total road network density (intersections/sq mi)"
"Little Canada","CITY","Ramsey","D3AAO",3.94007732753023,"Auto-oriented intersection density"
"Little Canada","CITY","Ramsey","D3AMM",2.49269164948867,"Multi-modal link density"
"Little Canada","CITY","Ramsey","D3APO",11.1692657864005,"Pedestrian-oriented link density"
"Little Canada","CITY","Ramsey","D3B",51.2545779892692,"Street intersection density (weighted, auto-oriented eliminated)"
"Little Canada","CITY","Ramsey","D3BAO",4.68546825330246,"Auto-oriented intersections per sq mi"
"Little Canada","CITY","Ramsey","D3BMM3",12.8606019575612,"Multi-modal 3-way intersections per sq mi"
"Little Canada","CITY","Ramsey","D3BMM4",2.39296260147792,"Multi-modal 4+ way intersections per sq mi"
"Little Canada","CITY","Ramsey","D3BPO3",48.7796104200027,"Pedestrian-oriented 3-way intersections per sq mi"
"Little Canada","CITY","Ramsey","D3BPO4",7.74759373195617,"Pedestrian-oriented 4+ way intersections per sq mi"
"Long Lake","CITY","Hennepin","D3A",15.0349019604649,"Total road network density (intersections/sq mi)"
"Long Lake","CITY","Hennepin","D3AAO",1.41192884726247,"Auto-oriented intersection density"
"Long Lake","CITY","Hennepin","D3AMM",2.04201346179908,"Multi-modal link density"
"Long Lake","CITY","Hennepin","D3APO",11.5809596514033,"Pedestrian-oriented link density"
"Long Lake","CITY","Hennepin","D3B",58.9456030858434,"Street intersection density (weighted, auto-oriented eliminated)"
"Long Lake","CITY","Hennepin","D3BAO",0.0139502519823616,"Auto-oriented intersections per sq mi"
"Long Lake","CITY","Hennepin","D3BMM3",14.6572813461348,"Multi-modal 3-way intersections per sq mi"
"Long Lake","CITY","Hennepin","D3BMM4",2.44916561923446,"Multi-modal 4+ way intersections per sq mi"
"Long Lake","CITY","Hennepin","D3BPO3",58.2893760310867,"Pedestrian-oriented 3-way intersections per sq mi"
"Long Lake","CITY","Hennepin","D3BPO4",7.84101699600218,"Pedestrian-oriented 4+ way intersections per sq mi"
"Loretto","CITY","Hennepin","D3A",5.95951732411996,"Total road network density (intersections/sq mi)"
"Loretto","CITY","Hennepin","D3AAO",1.06278762387483,"Auto-oriented intersection density"
"Loretto","CITY","Hennepin","D3AMM",1.42221203046685,"Multi-modal link density"
"Loretto","CITY","Hennepin","D3APO",3.47451766977829,"Pedestrian-oriented link density"
"Loretto","CITY","Hennepin","D3B",12.9144505618842,"Street intersection density (weighted, auto-oriented eliminated)"
"Loretto","CITY","Hennepin","D3BAO",2.02666592804004,"Auto-oriented intersections per sq mi"
"Loretto","CITY","Hennepin","D3BMM3",3.57492091659631,"Multi-modal 3-way intersections per sq mi"
"Loretto","CITY","Hennepin","D3BMM4",0.953784695229393,"Multi-modal 4+ way intersections per sq mi"
"Loretto","CITY","Hennepin","D3BPO3",12.7492014097543,"Pedestrian-oriented 3-way intersections per sq mi"
"Loretto","CITY","Hennepin","D3BPO4",1.07247627497889,"Pedestrian-oriented 4+ way intersections per sq mi"
"Louisville","TOWNSHIP","Scott","D3A",2.95437763317239,"Total road network density (intersections/sq mi)"
"Louisville","TOWNSHIP","Scott","D3AAO",1.14508595095332,"Auto-oriented intersection density"
"Louisville","TOWNSHIP","Scott","D3AMM",0.0892187064124923,"Multi-modal link density"
"Louisville","TOWNSHIP","Scott","D3APO",1.72007297580657,"Pedestrian-oriented link density"
"Louisville","TOWNSHIP","Scott","D3B",2.5253073716296,"Street intersection density (weighted, auto-oriented eliminated)"
"Louisville","TOWNSHIP","Scott","D3BAO",1.86208784720438,"Auto-oriented intersections per sq mi"
"Louisville","TOWNSHIP","Scott","D3BMM3",0.171821836911581,"Multi-modal 3-way intersections per sq mi"
"Louisville","TOWNSHIP","Scott","D3BMM4",0.0000926217358107516,"Multi-modal 4+ way intersections per sq mi"
"Louisville","TOWNSHIP","Scott","D3BPO3",2.77353663764979,"Pedestrian-oriented 3-way intersections per sq mi"
"Louisville","TOWNSHIP","Scott","D3BPO4",0.560660647361348,"Pedestrian-oriented 4+ way intersections per sq mi"
"Mahtomedi","CITY","Washington","D3A",15.7299554882338,"Total road network density (intersections/sq mi)"
"Mahtomedi","CITY","Washington","D3AAO",0.953354536310856,"Auto-oriented intersection density"
"Mahtomedi","CITY","Washington","D3AMM",1.65415051916632,"Multi-modal link density"
"Mahtomedi","CITY","Washington","D3APO",13.1224504327566,"Pedestrian-oriented link density"
"Mahtomedi","CITY","Washington","D3B",74.2156828384092,"Street intersection density (weighted, auto-oriented eliminated)"
"Mahtomedi","CITY","Washington","D3BAO",1.99546967943242,"Auto-oriented intersections per sq mi"
"Mahtomedi","CITY","Washington","D3BMM3",12.0114310360198,"Multi-modal 3-way intersections per sq mi"
"Mahtomedi","CITY","Washington","D3BMM4",1.75869141710159,"Multi-modal 4+ way intersections per sq mi"
"Mahtomedi","CITY","Washington","D3BPO3",77.8141442594154,"Pedestrian-oriented 3-way intersections per sq mi"
"Mahtomedi","CITY","Washington","D3BPO4",12.5433326992523,"Pedestrian-oriented 4+ way intersections per sq mi"
"Maple Grove","CITY","Hennepin","D3A",14.6246503194201,"Total road network density (intersections/sq mi)"
"Maple Grove","CITY","Hennepin","D3AAO",2.828651524764,"Auto-oriented intersection density"
"Maple Grove","CITY","Hennepin","D3AMM",1.67963400834214,"Multi-modal link density"
"Maple Grove","CITY","Hennepin","D3APO",10.116364786314,"Pedestrian-oriented link density"
"Maple Grove","CITY","Hennepin","D3B",52.3305254339504,"Street intersection density (weighted, auto-oriented eliminated)"
"Maple Grove","CITY","Hennepin","D3BAO",5.26405601444613,"Auto-oriented intersections per sq mi"
"Maple Grove","CITY","Hennepin","D3BMM3",5.9432004051894,"Multi-modal 3-way intersections per sq mi"
"Maple Grove","CITY","Hennepin","D3BMM4",2.9123908032767,"Multi-modal 4+ way intersections per sq mi"
"Maple Grove","CITY","Hennepin","D3BPO3",52.865473432925,"Pedestrian-oriented 3-way intersections per sq mi"
"Maple Grove","CITY","Hennepin","D3BPO4",10.1927491806514,"Pedestrian-oriented 4+ way intersections per sq mi"
"Maple Plain","CITY","Hennepin","D3A",3.472660758502,"Total road network density (intersections/sq mi)"
"Maple Plain","CITY","Hennepin","D3AAO",0.600234534822215,"Auto-oriented intersection density"
"Maple Plain","CITY","Hennepin","D3AMM",1.70569436353769,"Multi-modal link density"
"Maple Plain","CITY","Hennepin","D3APO",1.16673186014209,"Pedestrian-oriented link density"
"Maple Plain","CITY","Hennepin","D3B",5.27068891835873,"Street intersection density (weighted, auto-oriented eliminated)"
"Maple Plain","CITY","Hennepin","D3BAO",1.34404405444959,"Auto-oriented intersections per sq mi"
"Maple Plain","CITY","Hennepin","D3BMM3",2.3526582485901,"Multi-modal 3-way intersections per sq mi"
"Maple Plain","CITY","Hennepin","D3BMM4",0.859767500556027,"Multi-modal 4+ way intersections per sq mi"
"Maple Plain","CITY","Hennepin","D3BPO3",3.47555820868948,"Pedestrian-oriented 3-way intersections per sq mi"
"Maple Plain","CITY","Hennepin","D3BPO4",0.523501040797223,"Pedestrian-oriented 4+ way intersections per sq mi"
"Maplewood","CITY","Ramsey","D3A",16.8083069358885,"Total road network density (intersections/sq mi)"
"Maplewood","CITY","Ramsey","D3AAO",1.97602358153241,"Auto-oriented intersection density"
"Maplewood","CITY","Ramsey","D3AMM",2.92907045436196,"Multi-modal link density"
"Maplewood","CITY","Ramsey","D3APO",11.9032128999941,"Pedestrian-oriented link density"
"Maplewood","CITY","Ramsey","D3B",65.8357664477232,"Street intersection density (weighted, auto-oriented eliminated)"
"Maplewood","CITY","Ramsey","D3BAO",3.49009627962815,"Auto-oriented intersections per sq mi"
"Maplewood","CITY","Ramsey","D3BMM3",12.9720994841621,"Multi-modal 3-way intersections per sq mi"
"Maplewood","CITY","Ramsey","D3BMM4",4.56987051857331,"Multi-modal 4+ way intersections per sq mi"
"Maplewood","CITY","Ramsey","D3BPO3",60.4934408292287,"Pedestrian-oriented 3-way intersections per sq mi"
"Maplewood","CITY","Ramsey","D3BPO4",12.2643805401182,"Pedestrian-oriented 4+ way intersections per sq mi"
"Marine on Saint Croix","CITY","Washington","D3A",4.56769462551198,"Total road network density (intersections/sq mi)"
"Marine on Saint Croix","CITY","Washington","D3AAO",0.625587683511037,"Auto-oriented intersection density"
"Marine on Saint Croix","CITY","Washington","D3AMM",0.94062363341663,"Multi-modal link density"
"Marine on Saint Croix","CITY","Washington","D3APO",3.00148330858431,"Pedestrian-oriented link density"
"Marine on Saint Croix","CITY","Washington","D3B",11.0745111152292,"Street intersection density (weighted, auto-oriented eliminated)"
"Marine on Saint Croix","CITY","Washington","D3BAO",1.79361579901256,"Auto-oriented intersections per sq mi"
"Marine on Saint Croix","CITY","Washington","D3BMM3",2.29929409780818,"Multi-modal 3-way intersections per sq mi"
"Marine on Saint Croix","CITY","Washington","D3BMM4",0.510793059649575,"Multi-modal 4+ way intersections per sq mi"
"Marine on Saint Croix","CITY","Washington","D3BPO3",12.7723378869079,"Pedestrian-oriented 3-way intersections per sq mi"
"Marine on Saint Croix","CITY","Washington","D3BPO4",0.510939521773963,"Pedestrian-oriented 4+ way intersections per sq mi"
"Marshan","TOWNSHIP","Dakota","D3A",2.72435905033144,"Total road network density (intersections/sq mi)"
"Marshan","TOWNSHIP","Dakota","D3AAO",0.694560229786931,"Auto-oriented intersection density"
"Marshan","TOWNSHIP","Dakota","D3AMM",0.0800087257228497,"Multi-modal link density"
"Marshan","TOWNSHIP","Dakota","D3APO",1.94979009482166,"Pedestrian-oriented link density"
"Marshan","TOWNSHIP","Dakota","D3B",4.8530271438862,"Street intersection density (weighted, auto-oriented eliminated)"
"Marshan","TOWNSHIP","Dakota","D3BAO",0.91034743608227,"Auto-oriented intersections per sq mi"
"Marshan","TOWNSHIP","Dakota","D3BMM3",0.279174541330946,"Multi-modal 3-way intersections per sq mi"
"Marshan","TOWNSHIP","Dakota","D3BMM4",0.184781797109898,"Multi-modal 4+ way intersections per sq mi"
"Marshan","TOWNSHIP","Dakota","D3BPO3",4.84452394954544,"Pedestrian-oriented 3-way intersections per sq mi"
"Marshan","TOWNSHIP","Dakota","D3BPO4",1.25073845336175,"Pedestrian-oriented 4+ way intersections per sq mi"
"May","TOWNSHIP","Washington","D3A",3.12597563847358,"Total road network density (intersections/sq mi)"
"May","TOWNSHIP","Washington","D3AAO",0.771215180730604,"Auto-oriented intersection density"
"May","TOWNSHIP","Washington","D3AMM",0.520873659352643,"Multi-modal link density"
"May","TOWNSHIP","Washington","D3APO",1.83388679839033,"Pedestrian-oriented link density"
"May","TOWNSHIP","Washington","D3B",3.9924135132314,"Street intersection density (weighted, auto-oriented eliminated)"
"May","TOWNSHIP","Washington","D3BAO",2.18701031376524,"Auto-oriented intersections per sq mi"
"May","TOWNSHIP","Washington","D3BMM3",1.30850427475676,"Multi-modal 3-way intersections per sq mi"
"May","TOWNSHIP","Washington","D3BMM4",0.0947302842855965,"Multi-modal 4+ way intersections per sq mi"
"May","TOWNSHIP","Washington","D3BPO3",4.26794063526098,"Pedestrian-oriented 3-way intersections per sq mi"
"May","TOWNSHIP","Washington","D3BPO4",0.178194473963967,"Pedestrian-oriented 4+ way intersections per sq mi"
"Mayer","CITY","Carver","D3A",2.79314811973634,"Total road network density (intersections/sq mi)"
"Mayer","CITY","Carver","D3AAO",0.694677007477773,"Auto-oriented intersection density"
"Mayer","CITY","Carver","D3AMM",0.0794813780374817,"Multi-modal link density"
"Mayer","CITY","Carver","D3APO",2.01898973422109,"Pedestrian-oriented link density"
"Mayer","CITY","Carver","D3B",4.09178908347948,"Street intersection density (weighted, auto-oriented eliminated)"
"Mayer","CITY","Carver","D3BAO",1.60280741030388,"Auto-oriented intersections per sq mi"
"Mayer","CITY","Carver","D3BMM3",0.24926589381175,"Multi-modal 3-way intersections per sq mi"
"Mayer","CITY","Carver","D3BMM4",0.0617342081001961,"Multi-modal 4+ way intersections per sq mi"
"Mayer","CITY","Carver","D3BPO3",4.86692163842928,"Pedestrian-oriented 3-way intersections per sq mi"
"Mayer","CITY","Carver","D3BPO4",0.617557791374515,"Pedestrian-oriented 4+ way intersections per sq mi"
"Medicine Lake","CITY","Hennepin","D3A",11.269973671158,"Total road network density (intersections/sq mi)"
"Medicine Lake","CITY","Hennepin","D3AAO",0.139232693094075,"Auto-oriented intersection density"
"Medicine Lake","CITY","Hennepin","D3AMM",0.0587210896463716,"Multi-modal link density"
"Medicine Lake","CITY","Hennepin","D3APO",11.0720198884175,"Pedestrian-oriented link density"
"Medicine Lake","CITY","Hennepin","D3B",39.5153590143667,"Street intersection density (weighted, auto-oriented eliminated)"
"Medicine Lake","CITY","Hennepin","D3BAO",0.358592484743558,"Auto-oriented intersections per sq mi"
"Medicine Lake","CITY","Hennepin","D3BMM3",0.133080638508743,"Multi-modal 3-way intersections per sq mi"
"Medicine Lake","CITY","Hennepin","D3BMM4",0.0180664136811876,"Multi-modal 4+ way intersections per sq mi"
"Medicine Lake","CITY","Hennepin","D3BPO3",52.6073551955847,"Pedestrian-oriented 3-way intersections per sq mi"
"Medicine Lake","CITY","Hennepin","D3BPO4",4.31942189934525,"Pedestrian-oriented 4+ way intersections per sq mi"
"Medina","CITY","Hennepin","D3A",4.4210011815754,"Total road network density (intersections/sq mi)"
"Medina","CITY","Hennepin","D3AAO",0.599236506876799,"Auto-oriented intersection density"
"Medina","CITY","Hennepin","D3AMM",1.18158674393325,"Multi-modal link density"
"Medina","CITY","Hennepin","D3APO",2.64017793076535,"Pedestrian-oriented link density"
"Medina","CITY","Hennepin","D3B",7.36298810559364,"Street intersection density (weighted, auto-oriented eliminated)"
"Medina","CITY","Hennepin","D3BAO",1.45317509990272,"Auto-oriented intersections per sq mi"
"Medina","CITY","Hennepin","D3BMM3",2.56894538651977,"Multi-modal 3-way intersections per sq mi"
"Medina","CITY","Hennepin","D3BMM4",0.613624526189782,"Multi-modal 4+ way intersections per sq mi"
"Medina","CITY","Hennepin","D3BPO3",6.69803311672436,"Pedestrian-oriented 3-way intersections per sq mi"
"Medina","CITY","Hennepin","D3BPO4",0.568288917740021,"Pedestrian-oriented 4+ way intersections per sq mi"
"Mendota","CITY","Dakota","D3A",12.9069747060685,"Total road network density (intersections/sq mi)"
"Mendota","CITY","Dakota","D3AAO",1.37391981580732,"Auto-oriented intersection density"
"Mendota","CITY","Dakota","D3AMM",3.0859271545823,"Multi-modal link density"
"Mendota","CITY","Dakota","D3APO",8.44712773567891,"Pedestrian-oriented link density"
"Mendota","CITY","Dakota","D3B",37.9490849861376,"Street intersection density (weighted, auto-oriented eliminated)"
"Mendota","CITY","Dakota","D3BAO",0.366872766545658,"Auto-oriented intersections per sq mi"
"Mendota","CITY","Dakota","D3BMM3",22.2777999487726,"Multi-modal 3-way intersections per sq mi"
"Mendota","CITY","Dakota","D3BMM4",2.52758785654757,"Multi-modal 4+ way intersections per sq mi"
"Mendota","CITY","Dakota","D3BPO3",23.226669090329,"Pedestrian-oriented 3-way intersections per sq mi"
"Mendota","CITY","Dakota","D3BPO4",5.0700162805092,"Pedestrian-oriented 4+ way intersections per sq mi"
"Mendota Heights","CITY","Dakota","D3A",13.8690758642022,"Total road network density (intersections/sq mi)"
"Mendota Heights","CITY","Dakota","D3AAO",2.98587824904862,"Auto-oriented intersection density"
"Mendota Heights","CITY","Dakota","D3AMM",2.514577366283,"Multi-modal link density"
"Mendota Heights","CITY","Dakota","D3APO",8.36862024887053,"Pedestrian-oriented link density"
"Mendota Heights","CITY","Dakota","D3B",44.1801985342313,"Street intersection density (weighted, auto-oriented eliminated)"
"Mendota Heights","CITY","Dakota","D3BAO",3.24282488042178,"Auto-oriented intersections per sq mi"
"Mendota Heights","CITY","Dakota","D3BMM3",14.1315167838853,"Multi-modal 3-way intersections per sq mi"
"Mendota Heights","CITY","Dakota","D3BMM4",3.17898698191059,"Multi-modal 4+ way intersections per sq mi"
"Mendota Heights","CITY","Dakota","D3BPO3",38.876228810449,"Pedestrian-oriented 3-way intersections per sq mi"
"Mendota Heights","CITY","Dakota","D3BPO4",5.64504524089972,"Pedestrian-oriented 4+ way intersections per sq mi"
"Miesville","CITY","Dakota","D3A",1.81508829202007,"Total road network density (intersections/sq mi)"
"Miesville","CITY","Dakota","D3AAO",0.405515434704491,"Auto-oriented intersection density"
"Miesville","CITY","Dakota","D3AMM",0.0399885571761229,"Multi-modal link density"
"Miesville","CITY","Dakota","D3APO",1.36958430013945,"Pedestrian-oriented link density"
"Miesville","CITY","Dakota","D3B",0.671155835404659,"Street intersection density (weighted, auto-oriented eliminated)"
"Miesville","CITY","Dakota","D3BAO",0.475223841137873,"Auto-oriented intersections per sq mi"
"Miesville","CITY","Dakota","D3BMM3",0.167726061578073,"Multi-modal 3-way intersections per sq mi"
"Miesville","CITY","Dakota","D3BMM4",0.0279543435963455,"Multi-modal 4+ way intersections per sq mi"
"Miesville","CITY","Dakota","D3BPO3",0.587041215523255,"Pedestrian-oriented 3-way intersections per sq mi"
"Miesville","CITY","Dakota","D3BPO4",0.139771717981727,"Pedestrian-oriented 4+ way intersections per sq mi"
"Minneapolis","CITY","Hennepin","D3A",26.1372667236094,"Total road network density (intersections/sq mi)"
"Minneapolis","CITY","Hennepin","D3AAO",2.11517752944502,"Auto-oriented intersection density"
"Minneapolis","CITY","Hennepin","D3AMM",3.28809579396865,"Multi-modal link density"
"Minneapolis","CITY","Hennepin","D3APO",20.7339934001957,"Pedestrian-oriented link density"
"Minneapolis","CITY","Hennepin","D3B",141.748342195735,"Street intersection density (weighted, auto-oriented eliminated)"
"Minneapolis","CITY","Hennepin","D3BAO",5.48681455599149,"Auto-oriented intersections per sq mi"
"Minneapolis","CITY","Hennepin","D3BMM3",9.90764996536,"Multi-modal 3-way intersections per sq mi"
"Minneapolis","CITY","Hennepin","D3BMM4",11.3890740928885,"Multi-modal 4+ way intersections per sq mi"
"Minneapolis","CITY","Hennepin","D3BPO3",84.8910220498085,"Pedestrian-oriented 3-way intersections per sq mi"
"Minneapolis","CITY","Hennepin","D3BPO4",67.1285538687286,"Pedestrian-oriented 4+ way intersections per sq mi"
"Minnetonka","CITY","Hennepin","D3A",15.3642192971885,"Total road network density (intersections/sq mi)"
"Minnetonka","CITY","Hennepin","D3AAO",2.24721169587791,"Auto-oriented intersection density"
"Minnetonka","CITY","Hennepin","D3AMM",1.79761275534056,"Multi-modal link density"
"Minnetonka","CITY","Hennepin","D3APO",11.31939484597,"Pedestrian-oriented link density"
"Minnetonka","CITY","Hennepin","D3B",52.0030789965221,"Street intersection density (weighted, auto-oriented eliminated)"
"Minnetonka","CITY","Hennepin","D3BAO",3.05851295329837,"Auto-oriented intersections per sq mi"
"Minnetonka","CITY","Hennepin","D3BMM3",9.25073709829406,"Multi-modal 3-way intersections per sq mi"
"Minnetonka","CITY","Hennepin","D3BMM4",3.13281485047016,"Multi-modal 4+ way intersections per sq mi"
"Minnetonka","CITY","Hennepin","D3BPO3",55.7092577876624,"Pedestrian-oriented 3-way intersections per sq mi"
"Minnetonka","CITY","Hennepin","D3BPO4",5.54194755711895,"Pedestrian-oriented 4+ way intersections per sq mi"
"Minnetonka Beach","CITY","Hennepin","D3A",15.3564973852813,"Total road network density (intersections/sq mi)"
"Minnetonka Beach","CITY","Hennepin","D3AAO",0,"Auto-oriented intersection density"
"Minnetonka Beach","CITY","Hennepin","D3AMM",2.51536205682181,"Multi-modal link density"
"Minnetonka Beach","CITY","Hennepin","D3APO",12.8411353284595,"Pedestrian-oriented link density"
"Minnetonka Beach","CITY","Hennepin","D3B",55.7216749946685,"Street intersection density (weighted, auto-oriented eliminated)"
"Minnetonka Beach","CITY","Hennepin","D3BAO",0,"Auto-oriented intersections per sq mi"
"Minnetonka Beach","CITY","Hennepin","D3BMM3",14.5878151970207,"Multi-modal 3-way intersections per sq mi"
"Minnetonka Beach","CITY","Hennepin","D3BMM4",4.27389636586373,"Multi-modal 4+ way intersections per sq mi"
"Minnetonka Beach","CITY","Hennepin","D3BPO3",44.2222519926468,"Pedestrian-oriented 3-way intersections per sq mi"
"Minnetonka Beach","CITY","Hennepin","D3BPO4",12.2214638132965,"Pedestrian-oriented 4+ way intersections per sq mi"
"Minnetrista","CITY","Hennepin","D3A",5.23898577426218,"Total road network density (intersections/sq mi)"
"Minnetrista","CITY","Hennepin","D3AAO",0.452199425437873,"Auto-oriented intersection density"
"Minnetrista","CITY","Hennepin","D3AMM",1.06503658489215,"Multi-modal link density"
"Minnetrista","CITY","Hennepin","D3APO",3.72174976393216,"Pedestrian-oriented link density"
"Minnetrista","CITY","Hennepin","D3B",12.430181179018,"Street intersection density (weighted, auto-oriented eliminated)"
"Minnetrista","CITY","Hennepin","D3BAO",1.03975917987839,"Auto-oriented intersections per sq mi"
"Minnetrista","CITY","Hennepin","D3BMM3",3.01960961801573,"Multi-modal 3-way intersections per sq mi"
"Minnetrista","CITY","Hennepin","D3BMM4",0.609543403116613,"Multi-modal 4+ way intersections per sq mi"
"Minnetrista","CITY","Hennepin","D3BPO3",12.1308458112558,"Pedestrian-oriented 3-way intersections per sq mi"
"Minnetrista","CITY","Hennepin","D3BPO4",1.71528400457727,"Pedestrian-oriented 4+ way intersections per sq mi"
"Mound","CITY","Hennepin","D3A",18.4147413233501,"Total road network density (intersections/sq mi)"
"Mound","CITY","Hennepin","D3AAO",0.000774681113425361,"Auto-oriented intersection density"
"Mound","CITY","Hennepin","D3AMM",0.92106622780407,"Multi-modal link density"
"Mound","CITY","Hennepin","D3APO",17.4929004144326,"Pedestrian-oriented link density"
"Mound","CITY","Hennepin","D3B",94.0868958425366,"Street intersection density (weighted, auto-oriented eliminated)"
"Mound","CITY","Hennepin","D3BAO",0.00147974382452537,"Auto-oriented intersections per sq mi"
"Mound","CITY","Hennepin","D3BMM3",5.13833905115486,"Multi-modal 3-way intersections per sq mi"
"Mound","CITY","Hennepin","D3BMM4",2.78209374805513,"Multi-modal 4+ way intersections per sq mi"
"Mound","CITY","Hennepin","D3BPO3",105.362288813461,"Pedestrian-oriented 3-way intersections per sq mi"
"Mound","CITY","Hennepin","D3BPO4",17.6008833087825,"Pedestrian-oriented 4+ way intersections per sq mi"
"Mounds View","CITY","Ramsey","D3A",17.143467816009,"Total road network density (intersections/sq mi)"
"Mounds View","CITY","Ramsey","D3AAO",2.54375118140889,"Auto-oriented intersection density"
"Mounds View","CITY","Ramsey","D3AMM",1.51115316428679,"Multi-modal link density"
"Mounds View","CITY","Ramsey","D3APO",13.0885634703134,"Pedestrian-oriented link density"
"Mounds View","CITY","Ramsey","D3B",51.5537294959352,"Street intersection density (weighted, auto-oriented eliminated)"
"Mounds View","CITY","Ramsey","D3BAO",4.16684166215244,"Auto-oriented intersections per sq mi"
"Mounds View","CITY","Ramsey","D3BMM3",11.1797027886005,"Multi-modal 3-way intersections per sq mi"
"Mounds View","CITY","Ramsey","D3BMM4",2.89309635321002,"Multi-modal 4+ way intersections per sq mi"
"Mounds View","CITY","Ramsey","D3BPO3",40.9360475079291,"Pedestrian-oriented 3-way intersections per sq mi"
"Mounds View","CITY","Ramsey","D3BPO4",13.89942769494,"Pedestrian-oriented 4+ way intersections per sq mi"
"New Brighton","CITY","Ramsey","D3A",17.6393074578502,"Total road network density (intersections/sq mi)"
"New Brighton","CITY","Ramsey","D3AAO",2.00942106274751,"Auto-oriented intersection density"
"New Brighton","CITY","Ramsey","D3AMM",2.16999750267667,"Multi-modal link density"
"New Brighton","CITY","Ramsey","D3APO",13.459888892426,"Pedestrian-oriented link density"
"New Brighton","CITY","Ramsey","D3B",73.4398574623153,"Street intersection density (weighted, auto-oriented eliminated)"
"New Brighton","CITY","Ramsey","D3BAO",2.86982005601685,"Auto-oriented intersections per sq mi"
"New Brighton","CITY","Ramsey","D3BMM3",11.5354717722106,"Multi-modal 3-way intersections per sq mi"
"New Brighton","CITY","Ramsey","D3BMM4",5.27554994342032,"Multi-modal 4+ way intersections per sq mi"
"New Brighton","CITY","Ramsey","D3BPO3",71.5389867987478,"Pedestrian-oriented 3-way intersections per sq mi"
"New Brighton","CITY","Ramsey","D3BPO4",12.7536436520657,"Pedestrian-oriented 4+ way intersections per sq mi"
"New Germany","CITY","Carver","D3A",2.72942417894519,"Total road network density (intersections/sq mi)"
"New Germany","CITY","Carver","D3AAO",0.738550349286814,"Auto-oriented intersection density"
"New Germany","CITY","Carver","D3AMM",0.0573824648920278,"Multi-modal link density"
"New Germany","CITY","Carver","D3APO",1.93349136476635,"Pedestrian-oriented link density"
"New Germany","CITY","Carver","D3B",2.87482017277502,"Street intersection density (weighted, auto-oriented eliminated)"
"New Germany","CITY","Carver","D3BAO",1.59077920382627,"Auto-oriented intersections per sq mi"
"New Germany","CITY","Carver","D3BMM3",0.136502705867683,"Multi-modal 3-way intersections per sq mi"
"New Germany","CITY","Carver","D3BMM4",0.0271271170172657,"Multi-modal 4+ way intersections per sq mi"
"New Germany","CITY","Carver","D3BPO3",3.40427081406934,"Pedestrian-oriented 3-way intersections per sq mi"
"New Germany","CITY","Carver","D3BPO4",0.485997117959759,"Pedestrian-oriented 4+ way intersections per sq mi"
"New Hope","CITY","Hennepin","D3A",16.9754852564844,"Total road network density (intersections/sq mi)"
"New Hope","CITY","Hennepin","D3AAO",0.665901536335053,"Auto-oriented intersection density"
"New Hope","CITY","Hennepin","D3AMM",1.55843040312834,"Multi-modal link density"
"New Hope","CITY","Hennepin","D3APO",14.751153317021,"Pedestrian-oriented link density"
"New Hope","CITY","Hennepin","D3B",81.8452540186463,"Street intersection density (weighted, auto-oriented eliminated)"
"New Hope","CITY","Hennepin","D3BAO",0.798982150116346,"Auto-oriented intersections per sq mi"
"New Hope","CITY","Hennepin","D3BMM3",9.92011082315385,"Multi-modal 3-way intersections per sq mi"
"New Hope","CITY","Hennepin","D3BMM4",4.50401536937706,"Multi-modal 4+ way intersections per sq mi"
"New Hope","CITY","Hennepin","D3BPO3",82.5507418924957,"Pedestrian-oriented 3-way intersections per sq mi"
"New Hope","CITY","Hennepin","D3BPO4",15.663179887931,"Pedestrian-oriented 4+ way intersections per sq mi"
"New Market","TOWNSHIP","Scott","D3A",3.63155118733845,"Total road network density (intersections/sq mi)"
"New Market","TOWNSHIP","Scott","D3AAO",1.24933537990287,"Auto-oriented intersection density"
"New Market","TOWNSHIP","Scott","D3AMM",0.0406946681912434,"Multi-modal link density"
"New Market","TOWNSHIP","Scott","D3APO",2.34152113924433,"Pedestrian-oriented link density"
"New Market","TOWNSHIP","Scott","D3B",3.80412002761808,"Street intersection density (weighted, auto-oriented eliminated)"
"New Market","TOWNSHIP","Scott","D3BAO",2.25271769643508,"Auto-oriented intersections per sq mi"
"New Market","TOWNSHIP","Scott","D3BMM3",0.0968160823822893,"Multi-modal 3-way intersections per sq mi"
"New Market","TOWNSHIP","Scott","D3BMM4",0.0241397395076918,"Multi-modal 4+ way intersections per sq mi"
"New Market","TOWNSHIP","Scott","D3BPO3",4.64782536434077,"Pedestrian-oriented 3-way intersections per sq mi"
"New Market","TOWNSHIP","Scott","D3BPO4",0.615304443146106,"Pedestrian-oriented 4+ way intersections per sq mi"
"New Prague","CITY","Scott","D3A",9.37624051949656,"Total road network density (intersections/sq mi)"
"New Prague","CITY","Scott","D3AAO",0.650980410121474,"Auto-oriented intersection density"
"New Prague","CITY","Scott","D3AMM",1.25030740299236,"Multi-modal link density"
"New Prague","CITY","Scott","D3APO",7.47495270638272,"Pedestrian-oriented link density"
"New Prague","CITY","Scott","D3B",43.8051516279002,"Street intersection density (weighted, auto-oriented eliminated)"
"New Prague","CITY","Scott","D3BAO",1.04632555239032,"Auto-oriented intersections per sq mi"
"New Prague","CITY","Scott","D3BMM3",5.98599856784029,"Multi-modal 3-way intersections per sq mi"
"New Prague","CITY","Scott","D3BMM4",4.59273422327604,"Multi-modal 4+ way intersections per sq mi"
"New Prague","CITY","Scott","D3BPO3",29.8029704672766,"Pedestrian-oriented 3-way intersections per sq mi"
"New Prague","CITY","Scott","D3BPO4",15.3411750582012,"Pedestrian-oriented 4+ way intersections per sq mi"
"New Trier","CITY","Dakota","D3A",2.72352617983497,"Total road network density (intersections/sq mi)"
"New Trier","CITY","Dakota","D3AAO",1.00977755382602,"Auto-oriented intersection density"
"New Trier","CITY","Dakota","D3AMM",0.158972277489072,"Multi-modal link density"
"New Trier","CITY","Dakota","D3APO",1.55477634851988,"Pedestrian-oriented link density"
"New Trier","CITY","Dakota","D3B",2.57993817105594,"Street intersection density (weighted, auto-oriented eliminated)"
"New Trier","CITY","Dakota","D3BAO",1.32201161289964,"Auto-oriented intersections per sq mi"
"New Trier","CITY","Dakota","D3BMM3",0.30341250132123,"Multi-modal 3-way intersections per sq mi"
"New Trier","CITY","Dakota","D3BMM4",0.021672321522945,"Multi-modal 4+ way intersections per sq mi"
"New Trier","CITY","Dakota","D3BPO3",2.49231697513867,"Pedestrian-oriented 3-way intersections per sq mi"
"New Trier","CITY","Dakota","D3BPO4",0.693514288734239,"Pedestrian-oriented 4+ way intersections per sq mi"
"Newport","CITY","Washington","D3A",13.1755968486496,"Total road network density (intersections/sq mi)"
"Newport","CITY","Washington","D3AAO",4.2591125038389,"Auto-oriented intersection density"
"Newport","CITY","Washington","D3AMM",1.23326867409139,"Multi-modal link density"
"Newport","CITY","Washington","D3APO",7.68321567071933,"Pedestrian-oriented link density"
"Newport","CITY","Washington","D3B",34.2288958142905,"Street intersection density (weighted, auto-oriented eliminated)"
"Newport","CITY","Washington","D3BAO",4.08135198704974,"Auto-oriented intersections per sq mi"
"Newport","CITY","Washington","D3BMM3",4.31714576868799,"Multi-modal 3-way intersections per sq mi"
"Newport","CITY","Washington","D3BMM4",0.546962308460608,"Multi-modal 4+ way intersections per sq mi"
"Newport","CITY","Washington","D3BPO3",25.8581246674278,"Pedestrian-oriented 3-way intersections per sq mi"
"Newport","CITY","Washington","D3BPO4",13.5550281249407,"Pedestrian-oriented 4+ way intersections per sq mi"
"Nininger","TOWNSHIP","Dakota","D3A",3.48487615930558,"Total road network density (intersections/sq mi)"
"Nininger","TOWNSHIP","Dakota","D3AAO",0.931315436714744,"Auto-oriented intersection density"
"Nininger","TOWNSHIP","Dakota","D3AMM",0.2820371891936,"Multi-modal link density"
"Nininger","TOWNSHIP","Dakota","D3APO",2.27152353339723,"Pedestrian-oriented link density"
"Nininger","TOWNSHIP","Dakota","D3B",6.35533948778414,"Street intersection density (weighted, auto-oriented eliminated)"
"Nininger","TOWNSHIP","Dakota","D3BAO",1.34968371485495,"Auto-oriented intersections per sq mi"
"Nininger","TOWNSHIP","Dakota","D3BMM3",0.747690742600769,"Multi-modal 3-way intersections per sq mi"
"Nininger","TOWNSHIP","Dakota","D3BMM4",0.135800340227467,"Multi-modal 4+ way intersections per sq mi"
"Nininger","TOWNSHIP","Dakota","D3BPO3",5.98703424332699,"Pedestrian-oriented 3-way intersections per sq mi"
"Nininger","TOWNSHIP","Dakota","D3BPO4",1.72747758194286,"Pedestrian-oriented 4+ way intersections per sq mi"
"North Oaks","CITY","Ramsey","D3A",10.1535998616671,"Total road network density (intersections/sq mi)"
"North Oaks","CITY","Ramsey","D3AAO",0.374283806651517,"Auto-oriented intersection density"
"North Oaks","CITY","Ramsey","D3AMM",1.12092122674207,"Multi-modal link density"
"North Oaks","CITY","Ramsey","D3APO",8.65839482827347,"Pedestrian-oriented link density"
"North Oaks","CITY","Ramsey","D3B",30.1597338259606,"Street intersection density (weighted, auto-oriented eliminated)"
"North Oaks","CITY","Ramsey","D3BAO",0.695287115353076,"Auto-oriented intersections per sq mi"
"North Oaks","CITY","Ramsey","D3BMM3",3.42864855308719,"Multi-modal 3-way intersections per sq mi"
"North Oaks","CITY","Ramsey","D3BMM4",1.02610842356639,"Multi-modal 4+ way intersections per sq mi"
"North Oaks","CITY","Ramsey","D3BPO3",34.0513482951051,"Pedestrian-oriented 3-way intersections per sq mi"
"North Oaks","CITY","Ramsey","D3BPO4",4.13446750464996,"Pedestrian-oriented 4+ way intersections per sq mi"
"North Saint Paul","CITY","Ramsey","D3A",21.462069264317,"Total road network density (intersections/sq mi)"
"North Saint Paul","CITY","Ramsey","D3AAO",1.61438341279784,"Auto-oriented intersection density"
"North Saint Paul","CITY","Ramsey","D3AMM",2.42718789707997,"Multi-modal link density"
"North Saint Paul","CITY","Ramsey","D3APO",17.4204979544392,"Pedestrian-oriented link density"
"North Saint Paul","CITY","Ramsey","D3B",95.6797912070421,"Street intersection density (weighted, auto-oriented eliminated)"
"North Saint Paul","CITY","Ramsey","D3BAO",2.33889328523905,"Auto-oriented intersections per sq mi"
"North Saint Paul","CITY","Ramsey","D3BMM3",13.6871201739373,"Multi-modal 3-way intersections per sq mi"
"North Saint Paul","CITY","Ramsey","D3BMM4",9.60119763821336,"Multi-modal 4+ way intersections per sq mi"
"North Saint Paul","CITY","Ramsey","D3BPO3",69.3288120182439,"Pedestrian-oriented 3-way intersections per sq mi"
"North Saint Paul","CITY","Ramsey","D3BPO4",30.7069667966439,"Pedestrian-oriented 4+ way intersections per sq mi"
"Northfield","CITY","Dakota","D3A",2.066936099475,"Total road network density (intersections/sq mi)"
"Northfield","CITY","Dakota","D3AAO",0.390503569727146,"Auto-oriented intersection density"
"Northfield","CITY","Dakota","D3AMM",0.0965235740318836,"Multi-modal link density"
"Northfield","CITY","Dakota","D3APO",1.57990895571597,"Pedestrian-oriented link density"
"Northfield","CITY","Dakota","D3B",2.42930609904285,"Street intersection density (weighted, auto-oriented eliminated)"
"Northfield","CITY","Dakota","D3BAO",0.508079199752799,"Auto-oriented intersections per sq mi"
"Northfield","CITY","Dakota","D3BMM3",0.398060892654431,"Multi-modal 3-way intersections per sq mi"
"Northfield","CITY","Dakota","D3BMM4",0.0786718937060265,"Multi-modal 4+ way intersections per sq mi"
"Northfield","CITY","Dakota","D3BPO3",2.32291029861124,"Pedestrian-oriented 3-way intersections per sq mi"
"Northfield","CITY","Dakota","D3BPO4",0.535746420762622,"Pedestrian-oriented 4+ way intersections per sq mi"
"Norwood Young America","CITY","Carver","D3A",7.12230307690971,"Total road network density (intersections/sq mi)"
"Norwood Young America","CITY","Carver","D3AAO",1.32437848560474,"Auto-oriented intersection density"
"Norwood Young America","CITY","Carver","D3AMM",0.258186149148192,"Multi-modal link density"
"Norwood Young America","CITY","Carver","D3APO",5.53973844215678,"Pedestrian-oriented link density"
"Norwood Young America","CITY","Carver","D3B",20.800820758339,"Street intersection density (weighted, auto-oriented eliminated)"
"Norwood Young America","CITY","Carver","D3BAO",3.16276749701269,"Auto-oriented intersections per sq mi"
"Norwood Young America","CITY","Carver","D3BMM3",0.249997935240803,"Multi-modal 3-way intersections per sq mi"
"Norwood Young America","CITY","Carver","D3BMM4",0.0287280483746569,"Multi-modal 4+ way intersections per sq mi"
"Norwood Young America","CITY","Carver","D3BPO3",21.2131810907754,"Pedestrian-oriented 3-way intersections per sq mi"
"Norwood Young America","CITY","Carver","D3BPO4",6.45615229961156,"Pedestrian-oriented 4+ way intersections per sq mi"
"Nowthen","CITY","Anoka","D3A",3.85223526658875,"Total road network density (intersections/sq mi)"
"Nowthen","CITY","Anoka","D3AAO",1.2905610262295,"Auto-oriented intersection density"
"Nowthen","CITY","Anoka","D3AMM",0.0355763965345925,"Multi-modal link density"
"Nowthen","CITY","Anoka","D3APO",2.52609784382466,"Pedestrian-oriented link density"
"Nowthen","CITY","Anoka","D3B",4.12365119375727,"Street intersection density (weighted, auto-oriented eliminated)"
"Nowthen","CITY","Anoka","D3BAO",4.86900505243439,"Auto-oriented intersections per sq mi"
"Nowthen","CITY","Anoka","D3BMM3",0.117621631016917,"Multi-modal 3-way intersections per sq mi"
"Nowthen","CITY","Anoka","D3BMM4",0.00028354883863171,"Multi-modal 4+ way intersections per sq mi"
"Nowthen","CITY","Anoka","D3BPO3",5.61796357879966,"Pedestrian-oriented 3-way intersections per sq mi"
"Nowthen","CITY","Anoka","D3BPO4",0.297732309970982,"Pedestrian-oriented 4+ way intersections per sq mi"
"Oak Grove","CITY","Anoka","D3A",4.69407202820036,"Total road network density (intersections/sq mi)"
"Oak Grove","CITY","Anoka","D3AAO",0.905744684583491,"Auto-oriented intersection density"
"Oak Grove","CITY","Anoka","D3AMM",0.366251776745623,"Multi-modal link density"
"Oak Grove","CITY","Anoka","D3APO",3.42207556687124,"Pedestrian-oriented link density"
"Oak Grove","CITY","Anoka","D3B",7.71364628736818,"Street intersection density (weighted, auto-oriented eliminated)"
"Oak Grove","CITY","Anoka","D3BAO",4.43242894806673,"Auto-oriented intersections per sq mi"
"Oak Grove","CITY","Anoka","D3BMM3",1.70723196646933,"Multi-modal 3-way intersections per sq mi"
"Oak Grove","CITY","Anoka","D3BMM4",0.188348884615965,"Multi-modal 4+ way intersections per sq mi"
"Oak Grove","CITY","Anoka","D3BPO3",8.36642429578871,"Pedestrian-oriented 3-way intersections per sq mi"
"Oak Grove","CITY","Anoka","D3BPO4",0.806168675826102,"Pedestrian-oriented 4+ way intersections per sq mi"
"Oak Park Heights","CITY","Washington","D3A",11.2614078619888,"Total road network density (intersections/sq mi)"
"Oak Park Heights","CITY","Washington","D3AAO",1.76478946846509,"Auto-oriented intersection density"
"Oak Park Heights","CITY","Washington","D3AMM",2.02287403107939,"Multi-modal link density"
"Oak Park Heights","CITY","Washington","D3APO",7.47374436244428,"Pedestrian-oriented link density"
"Oak Park Heights","CITY","Washington","D3B",32.5359078158072,"Street intersection density (weighted, auto-oriented eliminated)"
"Oak Park Heights","CITY","Washington","D3BAO",2.98396305880619,"Auto-oriented intersections per sq mi"
"Oak Park Heights","CITY","Washington","D3BMM3",7.08427477178568,"Multi-modal 3-way intersections per sq mi"
"Oak Park Heights","CITY","Washington","D3BMM4",1.99243772824738,"Multi-modal 4+ way intersections per sq mi"
"Oak Park Heights","CITY","Washington","D3BPO3",29.3727380866869,"Pedestrian-oriented 3-way intersections per sq mi"
"Oak Park Heights","CITY","Washington","D3BPO4",6.22664251095861,"Pedestrian-oriented 4+ way intersections per sq mi"
"Oakdale","CITY","Washington","D3A",15.0214461279772,"Total road network density (intersections/sq mi)"
"Oakdale","CITY","Washington","D3AAO",2.59510263283488,"Auto-oriented intersection density"
"Oakdale","CITY","Washington","D3AMM",1.75925965004665,"Multi-modal link density"
"Oakdale","CITY","Washington","D3APO",10.6670838450957,"Pedestrian-oriented link density"
"Oakdale","CITY","Washington","D3B",53.2512348466351,"Street intersection density (weighted, auto-oriented eliminated)"
"Oakdale","CITY","Washington","D3BAO",2.25485810467023,"Auto-oriented intersections per sq mi"
"Oakdale","CITY","Washington","D3BMM3",9.81644663998703,"Multi-modal 3-way intersections per sq mi"
"Oakdale","CITY","Washington","D3BMM4",2.78360154247464,"Multi-modal 4+ way intersections per sq mi"
"Oakdale","CITY","Washington","D3BPO3",53.3943022459407,"Pedestrian-oriented 3-way intersections per sq mi"
"Oakdale","CITY","Washington","D3BPO4",8.3060637972467,"Pedestrian-oriented 4+ way intersections per sq mi"
"Orono","CITY","Hennepin","D3A",7.98130310455561,"Total road network density (intersections/sq mi)"
"Orono","CITY","Hennepin","D3AAO",0.607897211568808,"Auto-oriented intersection density"
"Orono","CITY","Hennepin","D3AMM",1.81274346273639,"Multi-modal link density"
"Orono","CITY","Hennepin","D3APO",5.56066243025041,"Pedestrian-oriented link density"
"Orono","CITY","Hennepin","D3B",17.7830793522218,"Street intersection density (weighted, auto-oriented eliminated)"
"Orono","CITY","Hennepin","D3BAO",1.50160073557982,"Auto-oriented intersections per sq mi"
"Orono","CITY","Hennepin","D3BMM3",6.3088059701501,"Multi-modal 3-way intersections per sq mi"
"Orono","CITY","Hennepin","D3BMM4",1.58933455318572,"Multi-modal 4+ way intersections per sq mi"
"Orono","CITY","Hennepin","D3BPO3",14.819193043734,"Pedestrian-oriented 3-way intersections per sq mi"
"Orono","CITY","Hennepin","D3BPO4",2.10136945677534,"Pedestrian-oriented 4+ way intersections per sq mi"
"Osseo","CITY","Hennepin","D3A",26.8280672137464,"Total road network density (intersections/sq mi)"
"Osseo","CITY","Hennepin","D3AAO",4.49070342862823,"Auto-oriented intersection density"
"Osseo","CITY","Hennepin","D3AMM",1.60945210203131,"Multi-modal link density"
"Osseo","CITY","Hennepin","D3APO",20.7279116830869,"Pedestrian-oriented link density"
"Osseo","CITY","Hennepin","D3B",139.347568181574,"Street intersection density (weighted, auto-oriented eliminated)"
"Osseo","CITY","Hennepin","D3BAO",10.8188043148592,"Auto-oriented intersections per sq mi"
"Osseo","CITY","Hennepin","D3BMM3",8.20140466619167,"Multi-modal 3-way intersections per sq mi"
"Osseo","CITY","Hennepin","D3BMM4",0.00223337047489676,"Multi-modal 4+ way intersections per sq mi"
"Osseo","CITY","Hennepin","D3BPO3",95.5380347720943,"Pedestrian-oriented 3-way intersections per sq mi"
"Osseo","CITY","Hennepin","D3BPO4",70.1511287057622,"Pedestrian-oriented 4+ way intersections per sq mi"
"Pine Springs","CITY","Washington","D3A",14.9175615994643,"Total road network density (intersections/sq mi)"
"Pine Springs","CITY","Washington","D3AAO",3.46286542725081,"Auto-oriented intersection density"
"Pine Springs","CITY","Washington","D3AMM",1.75408485477958,"Multi-modal link density"
"Pine Springs","CITY","Washington","D3APO",9.70061131743391,"Pedestrian-oriented link density"
"Pine Springs","CITY","Washington","D3B",40.0106710567141,"Street intersection density (weighted, auto-oriented eliminated)"
"Pine Springs","CITY","Washington","D3BAO",7.41253435030932,"Auto-oriented intersections per sq mi"
"Pine Springs","CITY","Washington","D3BMM3",4.6315432780388,"Multi-modal 3-way intersections per sq mi"
"Pine Springs","CITY","Washington","D3BMM4",1.85149813312413,"Multi-modal 4+ way intersections per sq mi"
"Pine Springs","CITY","Washington","D3BPO3",42.1650295556439,"Pedestrian-oriented 3-way intersections per sq mi"
"Pine Springs","CITY","Washington","D3BPO4",6.94585884352359,"Pedestrian-oriented 4+ way intersections per sq mi"
"Plymouth","CITY","Hennepin","D3A",15.0048158164904,"Total road network density (intersections/sq mi)"
"Plymouth","CITY","Hennepin","D3AAO",2.25158127674866,"Auto-oriented intersection density"
"Plymouth","CITY","Hennepin","D3AMM",1.88040024032666,"Multi-modal link density"
"Plymouth","CITY","Hennepin","D3APO",10.8728342994151,"Pedestrian-oriented link density"
"Plymouth","CITY","Hennepin","D3B",53.6372007512069,"Street intersection density (weighted, auto-oriented eliminated)"
"Plymouth","CITY","Hennepin","D3BAO",3.84617932418005,"Auto-oriented intersections per sq mi"
"Plymouth","CITY","Hennepin","D3BMM3",7.40060479848733,"Multi-modal 3-way intersections per sq mi"
"Plymouth","CITY","Hennepin","D3BMM4",3.47945765406351,"Multi-modal 4+ way intersections per sq mi"
"Plymouth","CITY","Hennepin","D3BPO3",57.0092974067476,"Pedestrian-oriented 3-way intersections per sq mi"
"Plymouth","CITY","Hennepin","D3BPO4",7.19633832625169,"Pedestrian-oriented 4+ way intersections per sq mi"
"Prior Lake","CITY","Scott","D3A",11.5129764470521,"Total road network density (intersections/sq mi)"
"Prior Lake","CITY","Scott","D3AAO",1.88107759442112,"Auto-oriented intersection density"
"Prior Lake","CITY","Scott","D3AMM",0.92980237014714,"Multi-modal link density"
"Prior Lake","CITY","Scott","D3APO",8.70209648248383,"Pedestrian-oriented link density"
"Prior Lake","CITY","Scott","D3B",36.5721905388173,"Street intersection density (weighted, auto-oriented eliminated)"
"Prior Lake","CITY","Scott","D3BAO",3.82050042217416,"Auto-oriented intersections per sq mi"
"Prior Lake","CITY","Scott","D3BMM3",3.80296288410313,"Multi-modal 3-way intersections per sq mi"
"Prior Lake","CITY","Scott","D3BMM4",1.49619018952936,"Multi-modal 4+ way intersections per sq mi"
"Prior Lake","CITY","Scott","D3BPO3",40.2315779897295,"Pedestrian-oriented 3-way intersections per sq mi"
"Prior Lake","CITY","Scott","D3BPO4",5.70496158644155,"Pedestrian-oriented 4+ way intersections per sq mi"
"Ramsey","CITY","Anoka","D3A",8.62074296122697,"Total road network density (intersections/sq mi)"
"Ramsey","CITY","Anoka","D3AAO",1.50928183896911,"Auto-oriented intersection density"
"Ramsey","CITY","Anoka","D3AMM",0.88305316953241,"Multi-modal link density"
"Ramsey","CITY","Anoka","D3APO",6.22840795272544,"Pedestrian-oriented link density"
"Ramsey","CITY","Anoka","D3B",23.3457399203453,"Street intersection density (weighted, auto-oriented eliminated)"
"Ramsey","CITY","Anoka","D3BAO",4.41892758153334,"Auto-oriented intersections per sq mi"
"Ramsey","CITY","Anoka","D3BMM3",4.07859803579813,"Multi-modal 3-way intersections per sq mi"
"Ramsey","CITY","Anoka","D3BMM4",1.19270509160451,"Multi-modal 4+ way intersections per sq mi"
"Ramsey","CITY","Anoka","D3BPO3",24.0659815799723,"Pedestrian-oriented 3-way intersections per sq mi"
"Ramsey","CITY","Anoka","D3BPO4",3.38060022502195,"Pedestrian-oriented 4+ way intersections per sq mi"
"Randolph","CITY","Dakota","D3A",2.72352617983497,"Total road network density (intersections/sq mi)"
"Randolph","CITY","Dakota","D3AAO",1.00977755382602,"Auto-oriented intersection density"
"Randolph","CITY","Dakota","D3AMM",0.158972277489072,"Multi-modal link density"
"Randolph","CITY","Dakota","D3APO",1.55477634851988,"Pedestrian-oriented link density"
"Randolph","CITY","Dakota","D3B",2.57993817105594,"Street intersection density (weighted, auto-oriented eliminated)"
"Randolph","CITY","Dakota","D3BAO",1.32201161289964,"Auto-oriented intersections per sq mi"
"Randolph","CITY","Dakota","D3BMM3",0.30341250132123,"Multi-modal 3-way intersections per sq mi"
"Randolph","CITY","Dakota","D3BMM4",0.021672321522945,"Multi-modal 4+ way intersections per sq mi"
"Randolph","CITY","Dakota","D3BPO3",2.49231697513867,"Pedestrian-oriented 3-way intersections per sq mi"
"Randolph","CITY","Dakota","D3BPO4",0.693514288734239,"Pedestrian-oriented 4+ way intersections per sq mi"
"Randolph","TOWNSHIP","Dakota","D3A",2.71364450043957,"Total road network density (intersections/sq mi)"
"Randolph","TOWNSHIP","Dakota","D3AAO",1.00072526441207,"Auto-oriented intersection density"
"Randolph","TOWNSHIP","Dakota","D3AMM",0.178866813358758,"Multi-modal link density"
"Randolph","TOWNSHIP","Dakota","D3APO",1.53405242266874,"Pedestrian-oriented link density"
"Randolph","TOWNSHIP","Dakota","D3B",2.56104596125442,"Street intersection density (weighted, auto-oriented eliminated)"
"Randolph","TOWNSHIP","Dakota","D3BAO",1.3141289195316,"Auto-oriented intersections per sq mi"
"Randolph","TOWNSHIP","Dakota","D3BMM3",0.327303446338413,"Multi-modal 3-way intersections per sq mi"
"Randolph","TOWNSHIP","Dakota","D3BMM4",0.0220451218230571,"Multi-modal 4+ way intersections per sq mi"
"Randolph","TOWNSHIP","Dakota","D3BPO3",2.45420169809884,"Pedestrian-oriented 3-way intersections per sq mi"
"Randolph","TOWNSHIP","Dakota","D3BPO4",0.683736908091716,"Pedestrian-oriented 4+ way intersections per sq mi"
"Ravenna","TOWNSHIP","Dakota","D3A",2.40447133147426,"Total road network density (intersections/sq mi)"
"Ravenna","TOWNSHIP","Dakota","D3AAO",0.564646414540207,"Auto-oriented intersection density"
"Ravenna","TOWNSHIP","Dakota","D3AMM",0.0996171299347221,"Multi-modal link density"
"Ravenna","TOWNSHIP","Dakota","D3APO",1.74020778699933,"Pedestrian-oriented link density"
"Ravenna","TOWNSHIP","Dakota","D3B",1.89579685027868,"Street intersection density (weighted, auto-oriented eliminated)"
"Ravenna","TOWNSHIP","Dakota","D3BAO",0.848421432587652,"Auto-oriented intersections per sq mi"
"Ravenna","TOWNSHIP","Dakota","D3BMM3",0.199556529383636,"Multi-modal 3-way intersections per sq mi"
"Ravenna","TOWNSHIP","Dakota","D3BMM4",0.0000490858850062848,"Multi-modal 4+ way intersections per sq mi"
"Ravenna","TOWNSHIP","Dakota","D3BPO3",2.49288906957426,"Pedestrian-oriented 3-way intersections per sq mi"
"Ravenna","TOWNSHIP","Dakota","D3BPO4",0.0998865498887507,"Pedestrian-oriented 4+ way intersections per sq mi"
"Richfield","CITY","Hennepin","D3A",27.677025962098,"Total road network density (intersections/sq mi)"
"Richfield","CITY","Hennepin","D3AAO",3.28942098665673,"Auto-oriented intersection density"
"Richfield","CITY","Hennepin","D3AMM",3.36115394249737,"Multi-modal link density"
"Richfield","CITY","Hennepin","D3APO",21.0264510329439,"Pedestrian-oriented link density"
"Richfield","CITY","Hennepin","D3B",132.749687167998,"Street intersection density (weighted, auto-oriented eliminated)"
"Richfield","CITY","Hennepin","D3BAO",4.8613664305498,"Auto-oriented intersections per sq mi"
"Richfield","CITY","Hennepin","D3BMM3",11.2159194367466,"Multi-modal 3-way intersections per sq mi"
"Richfield","CITY","Hennepin","D3BMM4",12.4298753049251,"Multi-modal 4+ way intersections per sq mi"
"Richfield","CITY","Hennepin","D3BPO3",72.4004749876866,"Pedestrian-oriented 3-way intersections per sq mi"
"Richfield","CITY","Hennepin","D3BPO4",64.547676781976,"Pedestrian-oriented 4+ way intersections per sq mi"
"Robbinsdale","CITY","Hennepin","D3A",27.6669188254515,"Total road network density (intersections/sq mi)"
"Robbinsdale","CITY","Hennepin","D3AAO",2.49588852229893,"Auto-oriented intersection density"
"Robbinsdale","CITY","Hennepin","D3AMM",3.58314446889272,"Multi-modal link density"
"Robbinsdale","CITY","Hennepin","D3APO",21.5878858342598,"Pedestrian-oriented link density"
"Robbinsdale","CITY","Hennepin","D3B",135.894870534063,"Street intersection density (weighted, auto-oriented eliminated)"
"Robbinsdale","CITY","Hennepin","D3BAO",3.6075815291319,"Auto-oriented intersections per sq mi"
"Robbinsdale","CITY","Hennepin","D3BMM3",7.27971674561931,"Multi-modal 3-way intersections per sq mi"
"Robbinsdale","CITY","Hennepin","D3BMM4",11.9955851347626,"Multi-modal 4+ way intersections per sq mi"
"Robbinsdale","CITY","Hennepin","D3BPO3",105.945790326355,"Pedestrian-oriented 3-way intersections per sq mi"
"Robbinsdale","CITY","Hennepin","D3BPO4",48.3778721822937,"Pedestrian-oriented 4+ way intersections per sq mi"
"Rockford","CITY","Hennepin","D3A",4.96605967765655,"Total road network density (intersections/sq mi)"
"Rockford","CITY","Hennepin","D3AAO",0.828682818842639,"Auto-oriented intersection density"
"Rockford","CITY","Hennepin","D3AMM",0.633126494516537,"Multi-modal link density"
"Rockford","CITY","Hennepin","D3APO",3.50425036429737,"Pedestrian-oriented link density"
"Rockford","CITY","Hennepin","D3B",7.70734967588976,"Street intersection density (weighted, auto-oriented eliminated)"
"Rockford","CITY","Hennepin","D3BAO",2.33349343307983,"Auto-oriented intersections per sq mi"
"Rockford","CITY","Hennepin","D3BMM3",2.43277107145309,"Multi-modal 3-way intersections per sq mi"
"Rockford","CITY","Hennepin","D3BMM4",0.238473728810798,"Multi-modal 4+ way intersections per sq mi"
"Rockford","CITY","Hennepin","D3BPO3",6.76859506436016,"Pedestrian-oriented 3-way intersections per sq mi"
"Rockford","CITY","Hennepin","D3BPO4",1.33156473449153,"Pedestrian-oriented 4+ way intersections per sq mi"
"Rogers","CITY","Hennepin","D3A",6.38866515608603,"Total road network density (intersections/sq mi)"
"Rogers","CITY","Hennepin","D3AAO",1.14623407788073,"Auto-oriented intersection density"
"Rogers","CITY","Hennepin","D3AMM",1.32526703088594,"Multi-modal link density"
"Rogers","CITY","Hennepin","D3APO",3.91716404731936,"Pedestrian-oriented link density"
"Rogers","CITY","Hennepin","D3B",15.5012098073517,"Street intersection density (weighted, auto-oriented eliminated)"
"Rogers","CITY","Hennepin","D3BAO",1.63123759049958,"Auto-oriented intersections per sq mi"
"Rogers","CITY","Hennepin","D3BMM3",3.13809984949843,"Multi-modal 3-way intersections per sq mi"
"Rogers","CITY","Hennepin","D3BMM4",0.980038627713118,"Multi-modal 4+ way intersections per sq mi"
"Rogers","CITY","Hennepin","D3BPO3",15.5600722019024,"Pedestrian-oriented 3-way intersections per sq mi"
"Rogers","CITY","Hennepin","D3BPO4",2.04949042135426,"Pedestrian-oriented 4+ way intersections per sq mi"
"Rosemount","CITY","Dakota","D3A",6.07674103186264,"Total road network density (intersections/sq mi)"
"Rosemount","CITY","Dakota","D3AAO",1.05888822382834,"Auto-oriented intersection density"
"Rosemount","CITY","Dakota","D3AMM",0.758742351433147,"Multi-modal link density"
"Rosemount","CITY","Dakota","D3APO",4.25911045660115,"Pedestrian-oriented link density"
"Rosemount","CITY","Dakota","D3B",17.3987850144345,"Street intersection density (weighted, auto-oriented eliminated)"
"Rosemount","CITY","Dakota","D3BAO",1.89507179871105,"Auto-oriented intersections per sq mi"
"Rosemount","CITY","Dakota","D3BMM3",2.58569335753693,"Multi-modal 3-way intersections per sq mi"
"Rosemount","CITY","Dakota","D3BMM4",1.13706981357424,"Multi-modal 4+ way intersections per sq mi"
"Rosemount","CITY","Dakota","D3BPO3",16.7208749186149,"Pedestrian-oriented 3-way intersections per sq mi"
"Rosemount","CITY","Dakota","D3BPO4",3.38423416066699,"Pedestrian-oriented 4+ way intersections per sq mi"
"Roseville","CITY","Ramsey","D3A",18.0681494637684,"Total road network density (intersections/sq mi)"
"Roseville","CITY","Ramsey","D3AAO",3.03629041854349,"Auto-oriented intersection density"
"Roseville","CITY","Ramsey","D3AMM",2.64525485073844,"Multi-modal link density"
"Roseville","CITY","Ramsey","D3APO",12.3866041944865,"Pedestrian-oriented link density"
"Roseville","CITY","Ramsey","D3B",67.2064896628698,"Street intersection density (weighted, auto-oriented eliminated)"
"Roseville","CITY","Ramsey","D3BAO",5.1747281616496,"Auto-oriented intersections per sq mi"
"Roseville","CITY","Ramsey","D3BMM3",16.6033081643956,"Multi-modal 3-way intersections per sq mi"
"Roseville","CITY","Ramsey","D3BMM4",6.38360162169632,"Multi-modal 4+ way intersections per sq mi"
"Roseville","CITY","Ramsey","D3BPO3",59.0553965700385,"Pedestrian-oriented 3-way intersections per sq mi"
"Roseville","CITY","Ramsey","D3BPO4",10.3585319833059,"Pedestrian-oriented 4+ way intersections per sq mi"
"Saint Anthony","CITY","Hennepin","D3A",20.3425113130777,"Total road network density (intersections/sq mi)"
"Saint Anthony","CITY","Hennepin","D3AAO",1.48297418940746,"Auto-oriented intersection density"
"Saint Anthony","CITY","Hennepin","D3AMM",1.97693723247224,"Multi-modal link density"
"Saint Anthony","CITY","Hennepin","D3APO",16.882599891198,"Pedestrian-oriented link density"
"Saint Anthony","CITY","Hennepin","D3B",86.7383380114548,"Street intersection density (weighted, auto-oriented eliminated)"
"Saint Anthony","CITY","Hennepin","D3BAO",3.56522254817108,"Auto-oriented intersections per sq mi"
"Saint Anthony","CITY","Hennepin","D3BMM3",4.75889732534788,"Multi-modal 3-way intersections per sq mi"
"Saint Anthony","CITY","Hennepin","D3BMM4",2.37448095119737,"Multi-modal 4+ way intersections per sq mi"
"Saint Anthony","CITY","Hennepin","D3BPO3",77.2329136751626,"Pedestrian-oriented 3-way intersections per sq mi"
"Saint Anthony","CITY","Hennepin","D3BPO4",29.675319122917,"Pedestrian-oriented 4+ way intersections per sq mi"
"Saint Anthony","CITY","Ramsey","D3A",26.8217098251498,"Total road network density (intersections/sq mi)"
"Saint Anthony","CITY","Ramsey","D3AAO",0.00584878672827823,"Auto-oriented intersection density"
"Saint Anthony","CITY","Ramsey","D3AMM",3.47406764038447,"Multi-modal link density"
"Saint Anthony","CITY","Ramsey","D3APO",23.341793398037,"Pedestrian-oriented link density"
"Saint Anthony","CITY","Ramsey","D3B",175.546887544233,"Street intersection density (weighted, auto-oriented eliminated)"
"Saint Anthony","CITY","Ramsey","D3BAO",0.00500995526601638,"Auto-oriented intersections per sq mi"
"Saint Anthony","CITY","Ramsey","D3BMM3",17.2784631514239,"Multi-modal 3-way intersections per sq mi"
"Saint Anthony","CITY","Ramsey","D3BMM4",9.5828167726936,"Multi-modal 4+ way intersections per sq mi"
"Saint Anthony","CITY","Ramsey","D3BPO3",168.930591182607,"Pedestrian-oriented 3-way intersections per sq mi"
"Saint Anthony","CITY","Ramsey","D3BPO4",41.7626315307404,"Pedestrian-oriented 4+ way intersections per sq mi"
"Saint Bonifacius","CITY","Hennepin","D3A",8.71701839748742,"Total road network density (intersections/sq mi)"
"Saint Bonifacius","CITY","Hennepin","D3AAO",0.1523613338557,"Auto-oriented intersection density"
"Saint Bonifacius","CITY","Hennepin","D3AMM",1.03791719976214,"Multi-modal link density"
"Saint Bonifacius","CITY","Hennepin","D3APO",7.52673986386958,"Pedestrian-oriented link density"
"Saint Bonifacius","CITY","Hennepin","D3B",31.2472607903128,"Street intersection density (weighted, auto-oriented eliminated)"
"Saint Bonifacius","CITY","Hennepin","D3BAO",0.17004966101468,"Auto-oriented intersections per sq mi"
"Saint Bonifacius","CITY","Hennepin","D3BMM3",5.19745712832311,"Multi-modal 3-way intersections per sq mi"
"Saint Bonifacius","CITY","Hennepin","D3BMM4",1.5874449091061,"Multi-modal 4+ way intersections per sq mi"
"Saint Bonifacius","CITY","Hennepin","D3BPO3",26.3203782460116,"Pedestrian-oriented 3-way intersections per sq mi"
"Saint Bonifacius","CITY","Hennepin","D3BPO4",8.63741968652545,"Pedestrian-oriented 4+ way intersections per sq mi"
"Saint Francis","CITY","Anoka","D3A",4.15162723979607,"Total road network density (intersections/sq mi)"
"Saint Francis","CITY","Anoka","D3AAO",0.92761066219178,"Auto-oriented intersection density"
"Saint Francis","CITY","Anoka","D3AMM",0.348832453294667,"Multi-modal link density"
"Saint Francis","CITY","Anoka","D3APO",2.87518412430962,"Pedestrian-oriented link density"
"Saint Francis","CITY","Anoka","D3B",8.4532650193841,"Street intersection density (weighted, auto-oriented eliminated)"
"Saint Francis","CITY","Anoka","D3BAO",3.43637065589366,"Auto-oriented intersections per sq mi"
"Saint Francis","CITY","Anoka","D3BMM3",1.70042798717305,"Multi-modal 3-way intersections per sq mi"
"Saint Francis","CITY","Anoka","D3BMM4",0.258886427525652,"Multi-modal 4+ way intersections per sq mi"
"Saint Francis","CITY","Anoka","D3BPO3",8.90023902845671,"Pedestrian-oriented 3-way intersections per sq mi"
"Saint Francis","CITY","Anoka","D3BPO4",1.1237336924334,"Pedestrian-oriented 4+ way intersections per sq mi"
"Saint Lawrence","TOWNSHIP","Scott","D3A",2.30239020031391,"Total road network density (intersections/sq mi)"
"Saint Lawrence","TOWNSHIP","Scott","D3AAO",1.14554288516742,"Auto-oriented intersection density"
"Saint Lawrence","TOWNSHIP","Scott","D3AMM",0.00526886084273578,"Multi-modal link density"
"Saint Lawrence","TOWNSHIP","Scott","D3APO",1.15157845430376,"Pedestrian-oriented link density"
"Saint Lawrence","TOWNSHIP","Scott","D3B",1.08808627012799,"Street intersection density (weighted, auto-oriented eliminated)"
"Saint Lawrence","TOWNSHIP","Scott","D3BAO",1.29260077691098,"Auto-oriented intersections per sq mi"
"Saint Lawrence","TOWNSHIP","Scott","D3BMM3",0.00238152849018141,"Multi-modal 3-way intersections per sq mi"
"Saint Lawrence","TOWNSHIP","Scott","D3BMM4",0.000812822911799143,"Multi-modal 4+ way intersections per sq mi"
"Saint Lawrence","TOWNSHIP","Scott","D3BPO3",1.38786048811167,"Pedestrian-oriented 3-way intersections per sq mi"
"Saint Lawrence","TOWNSHIP","Scott","D3BPO4",0.159982022142759,"Pedestrian-oriented 4+ way intersections per sq mi"
"Saint Louis Park","CITY","Hennepin","D3A",22.4888308536068,"Total road network density (intersections/sq mi)"
"Saint Louis Park","CITY","Hennepin","D3AAO",3.22239686602356,"Auto-oriented intersection density"
"Saint Louis Park","CITY","Hennepin","D3AMM",2.29732942108758,"Multi-modal link density"
"Saint Louis Park","CITY","Hennepin","D3APO",16.9691045664956,"Pedestrian-oriented link density"
"Saint Louis Park","CITY","Hennepin","D3B",93.322573591654,"Street intersection density (weighted, auto-oriented eliminated)"
"Saint Louis Park","CITY","Hennepin","D3BAO",6.7519526783166,"Auto-oriented intersections per sq mi"
"Saint Louis Park","CITY","Hennepin","D3BMM3",10.2030620513129,"Multi-modal 3-way intersections per sq mi"
"Saint Louis Park","CITY","Hennepin","D3BMM4",6.69749709568314,"Multi-modal 4+ way intersections per sq mi"
"Saint Louis Park","CITY","Hennepin","D3BPO3",74.5654437953647,"Pedestrian-oriented 3-way intersections per sq mi"
"Saint Louis Park","CITY","Hennepin","D3BPO4",30.0844830962369,"Pedestrian-oriented 4+ way intersections per sq mi"
"Saint Marys Point","CITY","Washington","D3A",16.4542090559564,"Total road network density (intersections/sq mi)"
"Saint Marys Point","CITY","Washington","D3AAO",0.000694313279820503,"Auto-oriented intersection density"
"Saint Marys Point","CITY","Washington","D3AMM",0.782295487042989,"Multi-modal link density"
"Saint Marys Point","CITY","Washington","D3APO",15.6712192556336,"Pedestrian-oriented link density"
"Saint Marys Point","CITY","Washington","D3B",89.448850600547,"Street intersection density (weighted, auto-oriented eliminated)"
"Saint Marys Point","CITY","Washington","D3BAO",0.00234868055113087,"Auto-oriented intersections per sq mi"
"Saint Marys Point","CITY","Washington","D3BMM3",2.01935157507891,"Multi-modal 3-way intersections per sq mi"
"Saint Marys Point","CITY","Washington","D3BMM4",4.03410365074519,"Multi-modal 4+ way intersections per sq mi"
"Saint Marys Point","CITY","Washington","D3BPO3",74.6335108735612,"Pedestrian-oriented 3-way intersections per sq mi"
"Saint Marys Point","CITY","Washington","D3BPO4",34.2872876965589,"Pedestrian-oriented 4+ way intersections per sq mi"
"Saint Paul","CITY","Ramsey","D3A",21.3615622691405,"Total road network density (intersections/sq mi)"
"Saint Paul","CITY","Ramsey","D3AAO",2.1737977602589,"Auto-oriented intersection density"
"Saint Paul","CITY","Ramsey","D3AMM",2.83577067936236,"Multi-modal link density"
"Saint Paul","CITY","Ramsey","D3APO",16.3519938295192,"Pedestrian-oriented link density"
"Saint Paul","CITY","Ramsey","D3B",108.268514884955,"Street intersection density (weighted, auto-oriented eliminated)"
"Saint Paul","CITY","Ramsey","D3BAO",4.76595034260571,"Auto-oriented intersections per sq mi"
"Saint Paul","CITY","Ramsey","D3BMM3",9.29812296557289,"Multi-modal 3-way intersections per sq mi"
"Saint Paul","CITY","Ramsey","D3BMM4",9.00900861637621,"Multi-modal 4+ way intersections per sq mi"
"Saint Paul","CITY","Ramsey","D3BPO3",66.9843894945016,"Pedestrian-oriented 3-way intersections per sq mi"
"Saint Paul","CITY","Ramsey","D3BPO4",48.3790704577088,"Pedestrian-oriented 4+ way intersections per sq mi"
"Saint Paul Park","CITY","Washington","D3A",12.200411639317,"Total road network density (intersections/sq mi)"
"Saint Paul Park","CITY","Washington","D3AAO",0.659275934744891,"Auto-oriented intersection density"
"Saint Paul Park","CITY","Washington","D3AMM",1.16703647523241,"Multi-modal link density"
"Saint Paul Park","CITY","Washington","D3APO",10.3740992293396,"Pedestrian-oriented link density"
"Saint Paul Park","CITY","Washington","D3B",47.2839712171097,"Street intersection density (weighted, auto-oriented eliminated)"
"Saint Paul Park","CITY","Washington","D3BAO",1.01522817086211,"Auto-oriented intersections per sq mi"
"Saint Paul Park","CITY","Washington","D3BMM3",3.85983448902219,"Multi-modal 3-way intersections per sq mi"
"Saint Paul Park","CITY","Washington","D3BMM4",2.61597827694331,"Multi-modal 4+ way intersections per sq mi"
"Saint Paul Park","CITY","Washington","D3BPO3",26.4038895207844,"Pedestrian-oriented 3-way intersections per sq mi"
"Saint Paul Park","CITY","Washington","D3BPO4",24.4820890256254,"Pedestrian-oriented 4+ way intersections per sq mi"
"San Francisco","TOWNSHIP","Carver","D3A",3.13925545259248,"Total road network density (intersections/sq mi)"
"San Francisco","TOWNSHIP","Carver","D3AAO",0.722037645054088,"Auto-oriented intersection density"
"San Francisco","TOWNSHIP","Carver","D3AMM",0.173957989253213,"Multi-modal link density"
"San Francisco","TOWNSHIP","Carver","D3APO",2.24325981828518,"Pedestrian-oriented link density"
"San Francisco","TOWNSHIP","Carver","D3B",4.95075658648985,"Street intersection density (weighted, auto-oriented eliminated)"
"San Francisco","TOWNSHIP","Carver","D3BAO",1.2973508195846,"Auto-oriented intersections per sq mi"
"San Francisco","TOWNSHIP","Carver","D3BMM3",0.356801671635711,"Multi-modal 3-way intersections per sq mi"
"San Francisco","TOWNSHIP","Carver","D3BMM4",0.111079392801728,"Multi-modal 4+ way intersections per sq mi"
"San Francisco","TOWNSHIP","Carver","D3BPO3",5.61872428586196,"Pedestrian-oriented 3-way intersections per sq mi"
"San Francisco","TOWNSHIP","Carver","D3BPO4",0.854001380037173,"Pedestrian-oriented 4+ way intersections per sq mi"
"Sand Creek","TOWNSHIP","Scott","D3A",2.35896401174552,"Total road network density (intersections/sq mi)"
"Sand Creek","TOWNSHIP","Scott","D3AAO",0.832961707941766,"Auto-oriented intersection density"
"Sand Creek","TOWNSHIP","Scott","D3AMM",0.0391162307142458,"Multi-modal link density"
"Sand Creek","TOWNSHIP","Scott","D3APO",1.48688607308951,"Pedestrian-oriented link density"
"Sand Creek","TOWNSHIP","Scott","D3B",1.09535082068191,"Street intersection density (weighted, auto-oriented eliminated)"
"Sand Creek","TOWNSHIP","Scott","D3BAO",1.32092228097106,"Auto-oriented intersections per sq mi"
"Sand Creek","TOWNSHIP","Scott","D3BMM3",0.127037525723859,"Multi-modal 3-way intersections per sq mi"
"Sand Creek","TOWNSHIP","Scott","D3BMM4",0.00166492490291837,"Multi-modal 4+ way intersections per sq mi"
"Sand Creek","TOWNSHIP","Scott","D3BPO3",1.29914708537441,"Pedestrian-oriented 3-way intersections per sq mi"
"Sand Creek","TOWNSHIP","Scott","D3BPO4",0.14242076017645,"Pedestrian-oriented 4+ way intersections per sq mi"
"Savage","CITY","Scott","D3A",11.5976117457787,"Total road network density (intersections/sq mi)"
"Savage","CITY","Scott","D3AAO",2.06316351715917,"Auto-oriented intersection density"
"Savage","CITY","Scott","D3AMM",1.07578798875553,"Multi-modal link density"
"Savage","CITY","Scott","D3APO",8.45866023986397,"Pedestrian-oriented link density"
"Savage","CITY","Scott","D3B",40.9992246915003,"Street intersection density (weighted, auto-oriented eliminated)"
"Savage","CITY","Scott","D3BAO",3.60297016075592,"Auto-oriented intersections per sq mi"
"Savage","CITY","Scott","D3BMM3",5.67730805226273,"Multi-modal 3-way intersections per sq mi"
"Savage","CITY","Scott","D3BMM4",2.29426564283814,"Multi-modal 4+ way intersections per sq mi"
"Savage","CITY","Scott","D3BPO3",40.8433639045854,"Pedestrian-oriented 3-way intersections per sq mi"
"Savage","CITY","Scott","D3BPO4",7.67567085344444,"Pedestrian-oriented 4+ way intersections per sq mi"
"Scandia","CITY","Washington","D3A",3.94759596495725,"Total road network density (intersections/sq mi)"
"Scandia","CITY","Washington","D3AAO",0.763441645712821,"Auto-oriented intersection density"
"Scandia","CITY","Washington","D3AMM",0.149987883627739,"Multi-modal link density"
"Scandia","CITY","Washington","D3APO",3.03416643561669,"Pedestrian-oriented link density"
"Scandia","CITY","Washington","D3B",5.47008536758473,"Street intersection density (weighted, auto-oriented eliminated)"
"Scandia","CITY","Washington","D3BAO",2.91766688332394,"Auto-oriented intersections per sq mi"
"Scandia","CITY","Washington","D3BMM3",0.469322131615634,"Multi-modal 3-way intersections per sq mi"
"Scandia","CITY","Washington","D3BMM4",0.10975506442543,"Multi-modal 4+ way intersections per sq mi"
"Scandia","CITY","Washington","D3BPO3",6.9588344811892,"Pedestrian-oriented 3-way intersections per sq mi"
"Scandia","CITY","Washington","D3BPO4",0.405749842418468,"Pedestrian-oriented 4+ way intersections per sq mi"
"Sciota","TOWNSHIP","Dakota","D3A",2.01111166970136,"Total road network density (intersections/sq mi)"
"Sciota","TOWNSHIP","Dakota","D3AAO",0.39165407139907,"Auto-oriented intersection density"
"Sciota","TOWNSHIP","Dakota","D3AMM",0.0920568810923009,"Multi-modal link density"
"Sciota","TOWNSHIP","Dakota","D3APO",1.52740071720999,"Pedestrian-oriented link density"
"Sciota","TOWNSHIP","Dakota","D3B",1.72340325663491,"Street intersection density (weighted, auto-oriented eliminated)"
"Sciota","TOWNSHIP","Dakota","D3BAO",0.503558470019625,"Auto-oriented intersections per sq mi"
"Sciota","TOWNSHIP","Dakota","D3BMM3",0.353209783862754,"Multi-modal 3-way intersections per sq mi"
"Sciota","TOWNSHIP","Dakota","D3BMM4",0.069192653341637,"Multi-modal 4+ way intersections per sq mi"
"Sciota","TOWNSHIP","Dakota","D3BPO3",1.63591723027724,"Pedestrian-oriented 3-way intersections per sq mi"
"Sciota","TOWNSHIP","Dakota","D3BPO4",0.327462884861893,"Pedestrian-oriented 4+ way intersections per sq mi"
"Shakopee","CITY","Scott","D3A",10.6152671664325,"Total road network density (intersections/sq mi)"
"Shakopee","CITY","Scott","D3AAO",2.57717702150069,"Auto-oriented intersection density"
"Shakopee","CITY","Scott","D3AMM",0.944598800391388,"Multi-modal link density"
"Shakopee","CITY","Scott","D3APO",7.09349134454046,"Pedestrian-oriented link density"
"Shakopee","CITY","Scott","D3B",35.5539480426153,"Street intersection density (weighted, auto-oriented eliminated)"
"Shakopee","CITY","Scott","D3BAO",3.46646327896104,"Auto-oriented intersections per sq mi"
"Shakopee","CITY","Scott","D3BMM3",2.97953577135591,"Multi-modal 3-way intersections per sq mi"
"Shakopee","CITY","Scott","D3BMM4",1.99055495990302,"Multi-modal 4+ way intersections per sq mi"
"Shakopee","CITY","Scott","D3BPO3",31.3915980962045,"Pedestrian-oriented 3-way intersections per sq mi"
"Shakopee","CITY","Scott","D3BPO4",10.6378467930495,"Pedestrian-oriented 4+ way intersections per sq mi"
"Shoreview","CITY","Ramsey","D3A",12.8531868230273,"Total road network density (intersections/sq mi)"
"Shoreview","CITY","Ramsey","D3AAO",1.23674053598354,"Auto-oriented intersection density"
"Shoreview","CITY","Ramsey","D3AMM",2.0611891591654,"Multi-modal link density"
"Shoreview","CITY","Ramsey","D3APO",9.55525712787831,"Pedestrian-oriented link density"
"Shoreview","CITY","Ramsey","D3B",43.458083918117,"Street intersection density (weighted, auto-oriented eliminated)"
"Shoreview","CITY","Ramsey","D3BAO",1.95106116287699,"Auto-oriented intersections per sq mi"
"Shoreview","CITY","Ramsey","D3BMM3",10.7624487643706,"Multi-modal 3-way intersections per sq mi"
"Shoreview","CITY","Ramsey","D3BMM4",3.10077540720868,"Multi-modal 4+ way intersections per sq mi"
"Shoreview","CITY","Ramsey","D3BPO3",42.7558949701676,"Pedestrian-oriented 3-way intersections per sq mi"
"Shoreview","CITY","Ramsey","D3BPO4",4.66057323997132,"Pedestrian-oriented 4+ way intersections per sq mi"
"Shorewood","CITY","Carver","D3A",12.3968974122175,"Total road network density (intersections/sq mi)"
"Shorewood","CITY","Carver","D3AAO",1.2526395178156,"Auto-oriented intersection density"
"Shorewood","CITY","Carver","D3AMM",0.427144303027867,"Multi-modal link density"
"Shorewood","CITY","Carver","D3APO",10.717113591374,"Pedestrian-oriented link density"
"Shorewood","CITY","Carver","D3B",35.6971076467027,"Street intersection density (weighted, auto-oriented eliminated)"
"Shorewood","CITY","Carver","D3BAO",5.54415492165317,"Auto-oriented intersections per sq mi"
"Shorewood","CITY","Carver","D3BMM3",1.70589382204713,"Multi-modal 3-way intersections per sq mi"
"Shorewood","CITY","Carver","D3BMM4",0.426473455511782,"Multi-modal 4+ way intersections per sq mi"
"Shorewood","CITY","Carver","D3BPO3",44.7797128287372,"Pedestrian-oriented 3-way intersections per sq mi"
"Shorewood","CITY","Carver","D3BPO4",4.26473455511782,"Pedestrian-oriented 4+ way intersections per sq mi"
"Shorewood","CITY","Hennepin","D3A",12.4393322027713,"Total road network density (intersections/sq mi)"
"Shorewood","CITY","Hennepin","D3AAO",1.06534751060068,"Auto-oriented intersection density"
"Shorewood","CITY","Hennepin","D3AMM",0.668546709362715,"Multi-modal link density"
"Shorewood","CITY","Hennepin","D3APO",10.7054379828079,"Pedestrian-oriented link density"
"Shorewood","CITY","Hennepin","D3B",39.1599502433285,"Street intersection density (weighted, auto-oriented eliminated)"
"Shorewood","CITY","Hennepin","D3BAO",2.15420977619815,"Auto-oriented intersections per sq mi"
"Shorewood","CITY","Hennepin","D3BMM3",4.36576573331723,"Multi-modal 3-way intersections per sq mi"
"Shorewood","CITY","Hennepin","D3BMM4",0.95608231058455,"Multi-modal 4+ way intersections per sq mi"
"Shorewood","CITY","Hennepin","D3BPO3",45.6946733333424,"Pedestrian-oriented 3-way intersections per sq mi"
"Shorewood","CITY","Hennepin","D3BPO4",4.81355507528203,"Pedestrian-oriented 4+ way intersections per sq mi"
"South Saint Paul","CITY","Dakota","D3A",18.0136906317211,"Total road network density (intersections/sq mi)"
"South Saint Paul","CITY","Dakota","D3AAO",1.68982342890443,"Auto-oriented intersection density"
"South Saint Paul","CITY","Dakota","D3AMM",2.35856147188417,"Multi-modal link density"
"South Saint Paul","CITY","Dakota","D3APO",13.9653057309325,"Pedestrian-oriented link density"
"South Saint Paul","CITY","Dakota","D3B",74.8500411081929,"Street intersection density (weighted, auto-oriented eliminated)"
"South Saint Paul","CITY","Dakota","D3BAO",2.10756761950538,"Auto-oriented intersections per sq mi"
"South Saint Paul","CITY","Dakota","D3BMM3",6.22602341744503,"Multi-modal 3-way intersections per sq mi"
"South Saint Paul","CITY","Dakota","D3BMM4",7.5582712839818,"Multi-modal 4+ way intersections per sq mi"
"South Saint Paul","CITY","Dakota","D3BPO3",48.8161528954081,"Pedestrian-oriented 3-way intersections per sq mi"
"South Saint Paul","CITY","Dakota","D3BPO4",30.5786382235381,"Pedestrian-oriented 4+ way intersections per sq mi"
"Spring Lake","TOWNSHIP","Scott","D3A",3.7049709360268,"Total road network density (intersections/sq mi)"
"Spring Lake","TOWNSHIP","Scott","D3AAO",1.07388769581927,"Auto-oriented intersection density"
"Spring Lake","TOWNSHIP","Scott","D3AMM",0.184981564059139,"Multi-modal link density"
"Spring Lake","TOWNSHIP","Scott","D3APO",2.4461016761484,"Pedestrian-oriented link density"
"Spring Lake","TOWNSHIP","Scott","D3B",4.0695647019514,"Street intersection density (weighted, auto-oriented eliminated)"
"Spring Lake","TOWNSHIP","Scott","D3BAO",2.58540050917489,"Auto-oriented intersections per sq mi"
"Spring Lake","TOWNSHIP","Scott","D3BMM3",0.652277410594512,"Multi-modal 3-way intersections per sq mi"
"Spring Lake","TOWNSHIP","Scott","D3BMM4",0.0473323592899029,"Multi-modal 4+ way intersections per sq mi"
"Spring Lake","TOWNSHIP","Scott","D3BPO3",4.31964819617106,"Pedestrian-oriented 3-way intersections per sq mi"
"Spring Lake","TOWNSHIP","Scott","D3BPO4",0.705957962948865,"Pedestrian-oriented 4+ way intersections per sq mi"
"Spring Lake Park","CITY","Anoka","D3A",21.1893921015786,"Total road network density (intersections/sq mi)"
"Spring Lake Park","CITY","Anoka","D3AAO",3.92846652320734,"Auto-oriented intersection density"
"Spring Lake Park","CITY","Anoka","D3AMM",0.833883128577337,"Multi-modal link density"
"Spring Lake Park","CITY","Anoka","D3APO",16.4270424497939,"Pedestrian-oriented link density"
"Spring Lake Park","CITY","Anoka","D3B",84.7538557505773,"Street intersection density (weighted, auto-oriented eliminated)"
"Spring Lake Park","CITY","Anoka","D3BAO",7.9911978715197,"Auto-oriented intersections per sq mi"
"Spring Lake Park","CITY","Anoka","D3BMM3",6.51626297784131,"Multi-modal 3-way intersections per sq mi"
"Spring Lake Park","CITY","Anoka","D3BMM4",1.56865745279406,"Multi-modal 4+ way intersections per sq mi"
"Spring Lake Park","CITY","Anoka","D3BPO3",82.3916591513937,"Pedestrian-oriented 3-way intersections per sq mi"
"Spring Lake Park","CITY","Anoka","D3BPO4",23.8836142375835,"Pedestrian-oriented 4+ way intersections per sq mi"
"Spring Lake Park","CITY","Ramsey","D3A",15.5841535211863,"Total road network density (intersections/sq mi)"
"Spring Lake Park","CITY","Ramsey","D3AAO",2.2087378117297,"Auto-oriented intersection density"
"Spring Lake Park","CITY","Ramsey","D3AMM",0.299798399770508,"Multi-modal link density"
"Spring Lake Park","CITY","Ramsey","D3APO",13.0756173096861,"Pedestrian-oriented link density"
"Spring Lake Park","CITY","Ramsey","D3B",30.6080823293074,"Street intersection density (weighted, auto-oriented eliminated)"
"Spring Lake Park","CITY","Ramsey","D3BAO",7.19893745617861,"Auto-oriented intersections per sq mi"
"Spring Lake Park","CITY","Ramsey","D3BMM3",0,"Multi-modal 3-way intersections per sq mi"
"Spring Lake Park","CITY","Ramsey","D3BMM4",0,"Multi-modal 4+ way intersections per sq mi"
"Spring Lake Park","CITY","Ramsey","D3BPO3",37.7944216449377,"Pedestrian-oriented 3-way intersections per sq mi"
"Spring Lake Park","CITY","Ramsey","D3BPO4",5.39920309213396,"Pedestrian-oriented 4+ way intersections per sq mi"
"Spring Park","CITY","Hennepin","D3A",17.7825203898488,"Total road network density (intersections/sq mi)"
"Spring Park","CITY","Hennepin","D3AAO",0,"Auto-oriented intersection density"
"Spring Park","CITY","Hennepin","D3AMM",3.551699520159,"Multi-modal link density"
"Spring Park","CITY","Hennepin","D3APO",14.2308208696898,"Pedestrian-oriented link density"
"Spring Park","CITY","Hennepin","D3B",55.1594708519979,"Street intersection density (weighted, auto-oriented eliminated)"
"Spring Park","CITY","Hennepin","D3BAO",0,"Auto-oriented intersections per sq mi"
"Spring Park","CITY","Hennepin","D3BMM3",10.2572940413705,"Multi-modal 3-way intersections per sq mi"
"Spring Park","CITY","Hennepin","D3BMM4",10.0016957999088,"Multi-modal 4+ way intersections per sq mi"
"Spring Park","CITY","Hennepin","D3BPO3",33.6819420350534,"Pedestrian-oriented 3-way intersections per sq mi"
"Spring Park","CITY","Hennepin","D3BPO4",15.8503045891144,"Pedestrian-oriented 4+ way intersections per sq mi"
"Stillwater","CITY","Washington","D3A",15.1156243579988,"Total road network density (intersections/sq mi)"
"Stillwater","CITY","Washington","D3AAO",1.14242796419087,"Auto-oriented intersection density"
"Stillwater","CITY","Washington","D3AMM",1.17562861216346,"Multi-modal link density"
"Stillwater","CITY","Washington","D3APO",12.7975677816445,"Pedestrian-oriented link density"
"Stillwater","CITY","Washington","D3B",69.891891384983,"Street intersection density (weighted, auto-oriented eliminated)"
"Stillwater","CITY","Washington","D3BAO",2.9380433264187,"Auto-oriented intersections per sq mi"
"Stillwater","CITY","Washington","D3BMM3",5.65337950331804,"Multi-modal 3-way intersections per sq mi"
"Stillwater","CITY","Washington","D3BMM4",1.46666474273051,"Multi-modal 4+ way intersections per sq mi"
"Stillwater","CITY","Washington","D3BPO3",58.4975020614962,"Pedestrian-oriented 3-way intersections per sq mi"
"Stillwater","CITY","Washington","D3BPO4",25.6365886385214,"Pedestrian-oriented 4+ way intersections per sq mi"
"Stillwater","TOWNSHIP","Washington","D3A",4.8323503226134,"Total road network density (intersections/sq mi)"
"Stillwater","TOWNSHIP","Washington","D3AAO",0.727382214429826,"Auto-oriented intersection density"
"Stillwater","TOWNSHIP","Washington","D3AMM",0.790170824671728,"Multi-modal link density"
"Stillwater","TOWNSHIP","Washington","D3APO",3.31479728351184,"Pedestrian-oriented link density"
"Stillwater","TOWNSHIP","Washington","D3B",9.0053739831608,"Street intersection density (weighted, auto-oriented eliminated)"
"Stillwater","TOWNSHIP","Washington","D3BAO",3.34387584576202,"Auto-oriented intersections per sq mi"
"Stillwater","TOWNSHIP","Washington","D3BMM3",2.86125887689869,"Multi-modal 3-way intersections per sq mi"
"Stillwater","TOWNSHIP","Washington","D3BMM4",0.266014956281705,"Multi-modal 4+ way intersections per sq mi"
"Stillwater","TOWNSHIP","Washington","D3BPO3",9.10130945928861,"Pedestrian-oriented 3-way intersections per sq mi"
"Stillwater","TOWNSHIP","Washington","D3BPO4",0.760325946642166,"Pedestrian-oriented 4+ way intersections per sq mi"
"Sunfish Lake","CITY","Dakota","D3A",9.97773263140517,"Total road network density (intersections/sq mi)"
"Sunfish Lake","CITY","Dakota","D3AAO",4.99691849073041,"Auto-oriented intersection density"
"Sunfish Lake","CITY","Dakota","D3AMM",1.44626676818233,"Multi-modal link density"
"Sunfish Lake","CITY","Dakota","D3APO",3.53454737249243,"Pedestrian-oriented link density"
"Sunfish Lake","CITY","Dakota","D3B",7.74550175969333,"Street intersection density (weighted, auto-oriented eliminated)"
"Sunfish Lake","CITY","Dakota","D3BAO",9.91192841439898,"Auto-oriented intersections per sq mi"
"Sunfish Lake","CITY","Dakota","D3BMM3",5.51621318924658,"Multi-modal 3-way intersections per sq mi"
"Sunfish Lake","CITY","Dakota","D3BMM4",0.0891529947714669,"Multi-modal 4+ way intersections per sq mi"
"Sunfish Lake","CITY","Dakota","D3BPO3",5.8567036737629,"Pedestrian-oriented 3-way intersections per sq mi"
"Sunfish Lake","CITY","Dakota","D3BPO4",0.0706132172945404,"Pedestrian-oriented 4+ way intersections per sq mi"
"Tonka Bay","CITY","Hennepin","D3A",13.0822994787098,"Total road network density (intersections/sq mi)"
"Tonka Bay","CITY","Hennepin","D3AAO",0.00055929125283925,"Auto-oriented intersection density"
"Tonka Bay","CITY","Hennepin","D3AMM",2.20093833805794,"Multi-modal link density"
"Tonka Bay","CITY","Hennepin","D3APO",10.8808018493991,"Pedestrian-oriented link density"
"Tonka Bay","CITY","Hennepin","D3B",51.8096393672307,"Street intersection density (weighted, auto-oriented eliminated)"
"Tonka Bay","CITY","Hennepin","D3BAO",0.00203134191483294,"Auto-oriented intersections per sq mi"
"Tonka Bay","CITY","Hennepin","D3BMM3",10.6711965626369,"Multi-modal 3-way intersections per sq mi"
"Tonka Bay","CITY","Hennepin","D3BMM4",5.32050756558569,"Multi-modal 4+ way intersections per sq mi"
"Tonka Bay","CITY","Hennepin","D3BPO3",54.2489696564615,"Pedestrian-oriented 3-way intersections per sq mi"
"Tonka Bay","CITY","Hennepin","D3BPO4",3.18738093350637,"Pedestrian-oriented 4+ way intersections per sq mi"
"Vadnais Heights","CITY","Ramsey","D3A",12.5696460668031,"Total road network density (intersections/sq mi)"
"Vadnais Heights","CITY","Ramsey","D3AAO",2.7024720937458,"Auto-oriented intersection density"
"Vadnais Heights","CITY","Ramsey","D3AMM",1.8993349966385,"Multi-modal link density"
"Vadnais Heights","CITY","Ramsey","D3APO",7.96783897641879,"Pedestrian-oriented link density"
"Vadnais Heights","CITY","Ramsey","D3B",34.3063128238329,"Street intersection density (weighted, auto-oriented eliminated)"
"Vadnais Heights","CITY","Ramsey","D3BAO",3.1697265982769,"Auto-oriented intersections per sq mi"
"Vadnais Heights","CITY","Ramsey","D3BMM3",9.36634753459635,"Multi-modal 3-way intersections per sq mi"
"Vadnais Heights","CITY","Ramsey","D3BMM4",1.61704769044817,"Multi-modal 4+ way intersections per sq mi"
"Vadnais Heights","CITY","Ramsey","D3BPO3",32.7960855972413,"Pedestrian-oriented 3-way intersections per sq mi"
"Vadnais Heights","CITY","Ramsey","D3BPO4",4.56692223444906,"Pedestrian-oriented 4+ way intersections per sq mi"
"Vermillion","CITY","Dakota","D3A",2.34936237223444,"Total road network density (intersections/sq mi)"
"Vermillion","CITY","Dakota","D3AAO",0.816536367241098,"Auto-oriented intersection density"
"Vermillion","CITY","Dakota","D3AMM",0.166471670083513,"Multi-modal link density"
"Vermillion","CITY","Dakota","D3APO",1.36635433490983,"Pedestrian-oriented link density"
"Vermillion","CITY","Dakota","D3B",1.4029662334872,"Street intersection density (weighted, auto-oriented eliminated)"
"Vermillion","CITY","Dakota","D3BAO",1.11002662612244,"Auto-oriented intersections per sq mi"
"Vermillion","CITY","Dakota","D3BMM3",0.322265794680707,"Multi-modal 3-way intersections per sq mi"
"Vermillion","CITY","Dakota","D3BMM4",0.107421931560236,"Multi-modal 4+ way intersections per sq mi"
"Vermillion","CITY","Dakota","D3BPO3",1.21744855768267,"Pedestrian-oriented 3-way intersections per sq mi"
"Vermillion","CITY","Dakota","D3BPO4",0.268554828900589,"Pedestrian-oriented 4+ way intersections per sq mi"
"Vermillion","TOWNSHIP","Dakota","D3A",2.40880090864287,"Total road network density (intersections/sq mi)"
"Vermillion","TOWNSHIP","Dakota","D3AAO",0.839127375652021,"Auto-oriented intersection density"
"Vermillion","TOWNSHIP","Dakota","D3AMM",0.177248371457694,"Multi-modal link density"
"Vermillion","TOWNSHIP","Dakota","D3APO",1.39242516153316,"Pedestrian-oriented link density"
"Vermillion","TOWNSHIP","Dakota","D3B",1.4676539960589,"Street intersection density (weighted, auto-oriented eliminated)"
"Vermillion","TOWNSHIP","Dakota","D3BAO",1.14725013060142,"Auto-oriented intersections per sq mi"
"Vermillion","TOWNSHIP","Dakota","D3BMM3",0.352437953050177,"Multi-modal 3-way intersections per sq mi"
"Vermillion","TOWNSHIP","Dakota","D3BMM4",0.0988556403492203,"Multi-modal 4+ way intersections per sq mi"
"Vermillion","TOWNSHIP","Dakota","D3BPO3",1.31050721436581,"Pedestrian-oriented 3-way intersections per sq mi"
"Vermillion","TOWNSHIP","Dakota","D3BPO4",0.259613929043217,"Pedestrian-oriented 4+ way intersections per sq mi"
"Victoria","CITY","Carver","D3A",6.07188361690318,"Total road network density (intersections/sq mi)"
"Victoria","CITY","Carver","D3AAO",0.785962047238791,"Auto-oriented intersection density"
"Victoria","CITY","Carver","D3AMM",0.594087161102728,"Multi-modal link density"
"Victoria","CITY","Carver","D3APO",4.69183440856166,"Pedestrian-oriented link density"
"Victoria","CITY","Carver","D3B",15.9605436927545,"Street intersection density (weighted, auto-oriented eliminated)"
"Victoria","CITY","Carver","D3BAO",2.2687470920443,"Auto-oriented intersections per sq mi"
"Victoria","CITY","Carver","D3BMM3",2.351981701491,"Multi-modal 3-way intersections per sq mi"
"Victoria","CITY","Carver","D3BMM4",0.785344046073384,"Multi-modal 4+ way intersections per sq mi"
"Victoria","CITY","Carver","D3BPO3",16.2082520013744,"Pedestrian-oriented 3-way intersections per sq mi"
"Victoria","CITY","Carver","D3BPO4",2.79552376686986,"Pedestrian-oriented 4+ way intersections per sq mi"
"Waconia","CITY","Carver","D3A",6.96789102260319,"Total road network density (intersections/sq mi)"
"Waconia","CITY","Carver","D3AAO",0.518469967589149,"Auto-oriented intersection density"
"Waconia","CITY","Carver","D3AMM",0.780663401474505,"Multi-modal link density"
"Waconia","CITY","Carver","D3APO",5.66875765353953,"Pedestrian-oriented link density"
"Waconia","CITY","Carver","D3B",24.0212538263778,"Street intersection density (weighted, auto-oriented eliminated)"
"Waconia","CITY","Carver","D3BAO",1.14236139945467,"Auto-oriented intersections per sq mi"
"Waconia","CITY","Carver","D3BMM3",2.51355737005518,"Multi-modal 3-way intersections per sq mi"
"Waconia","CITY","Carver","D3BMM4",1.47284949626815,"Multi-modal 4+ way intersections per sq mi"
"Waconia","CITY","Carver","D3BPO3",21.2505479771091,"Pedestrian-oriented 3-way intersections per sq mi"
"Waconia","CITY","Carver","D3BPO4",6.69774606355111,"Pedestrian-oriented 4+ way intersections per sq mi"
"Waconia","TOWNSHIP","Carver","D3A",5.12820472324358,"Total road network density (intersections/sq mi)"
"Waconia","TOWNSHIP","Carver","D3AAO",0.882445969533935,"Auto-oriented intersection density"
"Waconia","TOWNSHIP","Carver","D3AMM",0.365964002201411,"Multi-modal link density"
"Waconia","TOWNSHIP","Carver","D3APO",3.87979475150823,"Pedestrian-oriented link density"
"Waconia","TOWNSHIP","Carver","D3B",14.824396151496,"Street intersection density (weighted, auto-oriented eliminated)"
"Waconia","TOWNSHIP","Carver","D3BAO",1.84549342294909,"Auto-oriented intersections per sq mi"
"Waconia","TOWNSHIP","Carver","D3BMM3",1.36594114524966,"Multi-modal 3-way intersections per sq mi"
"Waconia","TOWNSHIP","Carver","D3BMM4",0.576266590643413,"Multi-modal 4+ way intersections per sq mi"
"Waconia","TOWNSHIP","Carver","D3BPO3",12.3768495622913,"Pedestrian-oriented 3-way intersections per sq mi"
"Waconia","TOWNSHIP","Carver","D3BPO4",5.08168815892274,"Pedestrian-oriented 4+ way intersections per sq mi"
"Waterford","TOWNSHIP","Dakota","D3A",2.01252165517385,"Total road network density (intersections/sq mi)"
"Waterford","TOWNSHIP","Dakota","D3AAO",0.391124650175416,"Auto-oriented intersection density"
"Waterford","TOWNSHIP","Dakota","D3AMM",0.0857111905175047,"Multi-modal link density"
"Waterford","TOWNSHIP","Dakota","D3APO",1.53568581448093,"Pedestrian-oriented link density"
"Waterford","TOWNSHIP","Dakota","D3B",1.74900284749115,"Street intersection density (weighted, auto-oriented eliminated)"
"Waterford","TOWNSHIP","Dakota","D3BAO",0.501666036151011,"Auto-oriented intersections per sq mi"
"Waterford","TOWNSHIP","Dakota","D3BMM3",0.348480641821501,"Multi-modal 3-way intersections per sq mi"
"Waterford","TOWNSHIP","Dakota","D3BMM4",0.070261179837192,"Multi-modal 4+ way intersections per sq mi"
"Waterford","TOWNSHIP","Dakota","D3BPO3",1.66754563362648,"Pedestrian-oriented 3-way intersections per sq mi"
"Waterford","TOWNSHIP","Dakota","D3BPO4",0.334052141930158,"Pedestrian-oriented 4+ way intersections per sq mi"
"Watertown","CITY","Carver","D3A",6.00665716852367,"Total road network density (intersections/sq mi)"
"Watertown","CITY","Carver","D3AAO",0.813582901544312,"Auto-oriented intersection density"
"Watertown","CITY","Carver","D3AMM",0.555657576274648,"Multi-modal link density"
"Watertown","CITY","Carver","D3APO",4.63741669070471,"Pedestrian-oriented link density"
"Watertown","CITY","Carver","D3B",19.8452841163519,"Street intersection density (weighted, auto-oriented eliminated)"
"Watertown","CITY","Carver","D3BAO",2.04122393596195,"Auto-oriented intersections per sq mi"
"Watertown","CITY","Carver","D3BMM3",2.13177348852133,"Multi-modal 3-way intersections per sq mi"
"Watertown","CITY","Carver","D3BMM4",1.63129906872681,"Multi-modal 4+ way intersections per sq mi"
"Watertown","CITY","Carver","D3BPO3",12.3564679288823,"Pedestrian-oriented 3-way intersections per sq mi"
"Watertown","CITY","Carver","D3BPO4",8.55032802221693,"Pedestrian-oriented 4+ way intersections per sq mi"
"Watertown","TOWNSHIP","Carver","D3A",3.25071479094579,"Total road network density (intersections/sq mi)"
"Watertown","TOWNSHIP","Carver","D3AAO",0.871512685943044,"Auto-oriented intersection density"
"Watertown","TOWNSHIP","Carver","D3AMM",0.241968663974047,"Multi-modal link density"
"Watertown","TOWNSHIP","Carver","D3APO",2.1372334410287,"Pedestrian-oriented link density"
"Watertown","TOWNSHIP","Carver","D3B",5.62763698654362,"Street intersection density (weighted, auto-oriented eliminated)"
"Watertown","TOWNSHIP","Carver","D3BAO",2.217758779631,"Auto-oriented intersections per sq mi"
"Watertown","TOWNSHIP","Carver","D3BMM3",0.833283689390091,"Multi-modal 3-way intersections per sq mi"
"Watertown","TOWNSHIP","Carver","D3BMM4",0.395318608786244,"Multi-modal 4+ way intersections per sq mi"
"Watertown","TOWNSHIP","Carver","D3BPO3",5.61874650086202,"Pedestrian-oriented 3-way intersections per sq mi"
"Watertown","TOWNSHIP","Carver","D3BPO4",0.928814240859217,"Pedestrian-oriented 4+ way intersections per sq mi"
"Wayzata","CITY","Hennepin","D3A",15.9277887348165,"Total road network density (intersections/sq mi)"
"Wayzata","CITY","Hennepin","D3AAO",4.23344316108093,"Auto-oriented intersection density"
"Wayzata","CITY","Hennepin","D3AMM",2.46165913963413,"Multi-modal link density"
"Wayzata","CITY","Hennepin","D3APO",9.23268643410143,"Pedestrian-oriented link density"
"Wayzata","CITY","Hennepin","D3B",46.0381773197413,"Street intersection density (weighted, auto-oriented eliminated)"
"Wayzata","CITY","Hennepin","D3BAO",5.48653159220028,"Auto-oriented intersections per sq mi"
"Wayzata","CITY","Hennepin","D3BMM3",11.6623521964697,"Multi-modal 3-way intersections per sq mi"
"Wayzata","CITY","Hennepin","D3BMM4",4.88062768570631,"Multi-modal 4+ way intersections per sq mi"
"Wayzata","CITY","Hennepin","D3BPO3",38.4416042709015,"Pedestrian-oriented 3-way intersections per sq mi"
"Wayzata","CITY","Hennepin","D3BPO4",7.73821067029841,"Pedestrian-oriented 4+ way intersections per sq mi"
"West Lakeland","TOWNSHIP","Washington","D3A",6.934606522902,"Total road network density (intersections/sq mi)"
"West Lakeland","TOWNSHIP","Washington","D3AAO",1.65508851040491,"Auto-oriented intersection density"
"West Lakeland","TOWNSHIP","Washington","D3AMM",0.692272634537795,"Multi-modal link density"
"West Lakeland","TOWNSHIP","Washington","D3APO",4.5872453779593,"Pedestrian-oriented link density"
"West Lakeland","TOWNSHIP","Washington","D3B",12.8709865497184,"Street intersection density (weighted, auto-oriented eliminated)"
"West Lakeland","TOWNSHIP","Washington","D3BAO",4.23607514699452,"Auto-oriented intersections per sq mi"
"West Lakeland","TOWNSHIP","Washington","D3BMM3",3.09987903149321,"Multi-modal 3-way intersections per sq mi"
"West Lakeland","TOWNSHIP","Washington","D3BMM4",0.331769873847016,"Multi-modal 4+ way intersections per sq mi"
"West Lakeland","TOWNSHIP","Washington","D3BPO3",14.7438510596489,"Pedestrian-oriented 3-way intersections per sq mi"
"West Lakeland","TOWNSHIP","Washington","D3BPO4",0.637448705079584,"Pedestrian-oriented 4+ way intersections per sq mi"
"West Saint Paul","CITY","Dakota","D3A",17.198117498317,"Total road network density (intersections/sq mi)"
"West Saint Paul","CITY","Dakota","D3AAO",0.816963561366141,"Auto-oriented intersection density"
"West Saint Paul","CITY","Dakota","D3AMM",1.69243488974738,"Multi-modal link density"
"West Saint Paul","CITY","Dakota","D3APO",14.6887190472035,"Pedestrian-oriented link density"
"West Saint Paul","CITY","Dakota","D3B",82.3442625480104,"Street intersection density (weighted, auto-oriented eliminated)"
"West Saint Paul","CITY","Dakota","D3BAO",1.22627857236129,"Auto-oriented intersections per sq mi"
"West Saint Paul","CITY","Dakota","D3BMM3",10.9790561541066,"Multi-modal 3-way intersections per sq mi"
"West Saint Paul","CITY","Dakota","D3BMM4",6.4942683364462,"Multi-modal 4+ way intersections per sq mi"
"West Saint Paul","CITY","Dakota","D3BPO3",67.2541582770216,"Pedestrian-oriented 3-way intersections per sq mi"
"West Saint Paul","CITY","Dakota","D3BPO4",23.6684401860017,"Pedestrian-oriented 4+ way intersections per sq mi"
"White Bear","TOWNSHIP","Ramsey","D3A",14.7142920493178,"Total road network density (intersections/sq mi)"
"White Bear","TOWNSHIP","Ramsey","D3AAO",1.05555301051901,"Auto-oriented intersection density"
"White Bear","TOWNSHIP","Ramsey","D3AMM",7.10528891786556,"Multi-modal link density"
"White Bear","TOWNSHIP","Ramsey","D3APO",6.55345012093325,"Pedestrian-oriented link density"
"White Bear","TOWNSHIP","Ramsey","D3B",55.3337034879266,"Street intersection density (weighted, auto-oriented eliminated)"
"White Bear","TOWNSHIP","Ramsey","D3BAO",1.62918736221567,"Auto-oriented intersections per sq mi"
"White Bear","TOWNSHIP","Ramsey","D3BMM3",35.0741204656605,"Multi-modal 3-way intersections per sq mi"
"White Bear","TOWNSHIP","Ramsey","D3BMM4",7.49271526014624,"Multi-modal 4+ way intersections per sq mi"
"White Bear","TOWNSHIP","Ramsey","D3BPO3",19.7320878426644,"Pedestrian-oriented 3-way intersections per sq mi"
"White Bear","TOWNSHIP","Ramsey","D3BPO4",11.2852472861276,"Pedestrian-oriented 4+ way intersections per sq mi"
"White Bear Lake","CITY","Ramsey","D3A",17.2095657403276,"Total road network density (intersections/sq mi)"
"White Bear Lake","CITY","Ramsey","D3AAO",1.13774301515701,"Auto-oriented intersection density"
"White Bear Lake","CITY","Ramsey","D3AMM",3.3399920942006,"Multi-modal link density"
"White Bear Lake","CITY","Ramsey","D3APO",12.73183063097,"Pedestrian-oriented link density"
"White Bear Lake","CITY","Ramsey","D3B",73.4920632709954,"Street intersection density (weighted, auto-oriented eliminated)"
"White Bear Lake","CITY","Ramsey","D3BAO",0.996205774885121,"Auto-oriented intersections per sq mi"
"White Bear Lake","CITY","Ramsey","D3BMM3",12.584528289837,"Multi-modal 3-way intersections per sq mi"
"White Bear Lake","CITY","Ramsey","D3BMM4",7.36833978355859,"Multi-modal 4+ way intersections per sq mi"
"White Bear Lake","CITY","Ramsey","D3BPO3",61.2221178154464,"Pedestrian-oriented 3-way intersections per sq mi"
"White Bear Lake","CITY","Ramsey","D3BPO4",16.8946905352128,"Pedestrian-oriented 4+ way intersections per sq mi"
"White Bear Lake","CITY","Washington","D3A",22.207139989717,"Total road network density (intersections/sq mi)"
"White Bear Lake","CITY","Washington","D3AAO",0,"Auto-oriented intersection density"
"White Bear Lake","CITY","Washington","D3AMM",3.83136026933295,"Multi-modal link density"
"White Bear Lake","CITY","Washington","D3APO",18.375779720384,"Pedestrian-oriented link density"
"White Bear Lake","CITY","Washington","D3B",138.831028199342,"Street intersection density (weighted, auto-oriented eliminated)"
"White Bear Lake","CITY","Washington","D3BAO",0,"Auto-oriented intersections per sq mi"
"White Bear Lake","CITY","Washington","D3BMM3",32.5260708477244,"Multi-modal 3-way intersections per sq mi"
"White Bear Lake","CITY","Washington","D3BMM4",16.2630354238622,"Multi-modal 4+ way intersections per sq mi"
"White Bear Lake","CITY","Washington","D3BPO3",126.851676306125,"Pedestrian-oriented 3-way intersections per sq mi"
"White Bear Lake","CITY","Washington","D3BPO4",16.2630354238622,"Pedestrian-oriented 4+ way intersections per sq mi"
"Willernie","CITY","Washington","D3A",24.5106893390204,"Total road network density (intersections/sq mi)"
"Willernie","CITY","Washington","D3AAO",0.0896109308750994,"Auto-oriented intersection density"
"Willernie","CITY","Washington","D3AMM",0.849332906748451,"Multi-modal link density"
"Willernie","CITY","Washington","D3APO",23.5717455013968,"Pedestrian-oriented link density"
"Willernie","CITY","Washington","D3B",165.424031293407,"Street intersection density (weighted, auto-oriented eliminated)"
"Willernie","CITY","Washington","D3BAO",0.0107656817860245,"Auto-oriented intersections per sq mi"
"Willernie","CITY","Washington","D3BMM3",17.5002407688983,"Multi-modal 3-way intersections per sq mi"
"Willernie","CITY","Washington","D3BMM4",0.228896044747665,"Multi-modal 4+ way intersections per sq mi"
"Willernie","CITY","Washington","D3BPO3",152.972676890122,"Pedestrian-oriented 3-way intersections per sq mi"
"Willernie","CITY","Washington","D3BPO4",51.4896991700932,"Pedestrian-oriented 4+ way intersections per sq mi"
"Woodbury","CITY","Washington","D3A",16.3580074051132,"Total road network density (intersections/sq mi)"
"Woodbury","CITY","Washington","D3AAO",2.16929512400986,"Auto-oriented intersection density"
"Woodbury","CITY","Washington","D3AMM",1.68161104097911,"Multi-modal link density"
"Woodbury","CITY","Washington","D3APO",12.5071012401243,"Pedestrian-oriented link density"
"Woodbury","CITY","Washington","D3B",90.3297924882016,"Street intersection density (weighted, auto-oriented eliminated)"
"Woodbury","CITY","Washington","D3BAO",6.88421201537534,"Auto-oriented intersections per sq mi"
"Woodbury","CITY","Washington","D3BMM3",8.66805526979169,"Multi-modal 3-way intersections per sq mi"
"Woodbury","CITY","Washington","D3BMM4",4.01658957900872,"Multi-modal 4+ way intersections per sq mi"
"Woodbury","CITY","Washington","D3BPO3",95.0767893249543,"Pedestrian-oriented 3-way intersections per sq mi"
"Woodbury","CITY","Washington","D3BPO4",17.1153915644972,"Pedestrian-oriented 4+ way intersections per sq mi"
"Woodland","CITY","Hennepin","D3A",8.81773852457048,"Total road network density (intersections/sq mi)"
"Woodland","CITY","Hennepin","D3AAO",0,"Auto-oriented intersection density"
"Woodland","CITY","Hennepin","D3AMM",0.303706764724316,"Multi-modal link density"
"Woodland","CITY","Hennepin","D3APO",8.51403175984617,"Pedestrian-oriented link density"
"Woodland","CITY","Hennepin","D3B",28.1245010050025,"Street intersection density (weighted, auto-oriented eliminated)"
"Woodland","CITY","Hennepin","D3BAO",0,"Auto-oriented intersections per sq mi"
"Woodland","CITY","Hennepin","D3BMM3",3.46904661902804,"Multi-modal 3-way intersections per sq mi"
"Woodland","CITY","Hennepin","D3BMM4",0.0276271840476414,"Multi-modal 4+ way intersections per sq mi"
"Woodland","CITY","Hennepin","D3BPO3",33.6199128084343,"Pedestrian-oriented 3-way intersections per sq mi"
"Woodland","CITY","Hennepin","D3BPO4",3.35853788283747,"Pedestrian-oriented 4+ way intersections per sq mi"
"Young America","TOWNSHIP","Carver","D3A",3.08634897890385,"Total road network density (intersections/sq mi)"
"Young America","TOWNSHIP","Carver","D3AAO",1.11778791854026,"Auto-oriented intersection density"
"Young America","TOWNSHIP","Carver","D3AMM",0.19025367891537,"Multi-modal link density"
"Young America","TOWNSHIP","Carver","D3APO",1.77830738144823,"Pedestrian-oriented link density"
"Young America","TOWNSHIP","Carver","D3B",4.03092792878494,"Street intersection density (weighted, auto-oriented eliminated)"
"Young America","TOWNSHIP","Carver","D3BAO",2.15401879855071,"Auto-oriented intersections per sq mi"
"Young America","TOWNSHIP","Carver","D3BMM3",0.13788357676827,"Multi-modal 3-way intersections per sq mi"
"Young America","TOWNSHIP","Carver","D3BMM4",0.0896689288196181,"Multi-modal 4+ way intersections per sq mi"
"Young America","TOWNSHIP","Carver","D3BPO3",4.48052594814339,"Pedestrian-oriented 3-way intersections per sq mi"
"Young America","TOWNSHIP","Carver","D3BPO4",0.860779846849242,"Pedestrian-oriented 4+ way intersections per sq mi"
